account_id,bureau_pull_date,bureau_score,active_facilities,total_outstanding,worst_status_12m,enquiries_6m
A100000,2024-12-14,766,4,101966,0,0
A100001,2023-05-31,831,1,190933,0,1
A100002,2022-06-30,850,1,168790,3,0
A100003,2024-10-30,850,0,214030,1,0
A100004,2022-09-27,850,2,62190,0,0
A100005,2023-11-29,763,3,358583,0,0
A100005,2023-10-29,850,2,251423,0,0
A100006,2023-06-17,840,4,146536,0,0
A100007,2022-11-17,691,0,116302,0,0
A100008,2022-11-17,756,3,135079,2,0
A100009,2025-05-01,640,0,308186,3,0
A100010,2022-06-13,783,3,366027,0,0
A100012,2022-09-15,850,0,448568,2,0
A100014,2023-08-01,671,2,29932,0,1
A100016,2022-12-12,732,4,133429,1,0
A100016,2022-11-13,850,3,1150279,0,0
A100017,2022-09-09,850,1,160647,0,0
A100018,2024-05-31,688,4,381037,0,0
A100019,2022-03-02,732,0,1944977,0,0
A100020,2024-08-28,791,3,568107,0,0
A100021,2023-11-21,740,3,613402,0,0
A100021,2023-10-22,746,4,328198,0,0
A100023,2024-08-12,837,2,76017,2,0
A100024,2023-09-04,850,4,84620,2,0
A100025,2023-09-23,850,4,46176,1,0
A100026,2024-03-23,802,5,105298,1,0
A100027,2025-12-18,782,0,172881,0,0
A100028,2023-08-09,790,3,307820,1,0
A100029,2024-01-02,641,1,194041,0,0
A100030,2024-12-02,850,4,313904,0,0
A100031,2022-02-24,593,1,65889,1,0
A100032,2024-10-14,850,5,333028,0,0
A100033,2022-03-15,661,6,181108,0,0
A100034,2022-11-10,850,5,156718,0,0
A100035,2022-09-19,666,4,115112,0,0
A100036,2023-04-01,537,2,498546,0,1
A100037,2023-01-18,823,1,135516,1,1
A100038,2022-08-03,850,0,210788,0,0
A100039,2023-08-28,691,1,118297,1,0
A100040,2025-02-02,812,2,237696,0,0
A100041,2024-06-18,850,2,156361,0,0
A100043,2025-02-18,846,1,120171,2,0
A100044,2025-06-18,811,0,314393,0,0
A100045,2024-09-06,806,1,257812,1,0
A100045,2024-08-05,850,4,168192,1,0
A100046,2025-04-19,821,2,288873,0,0
A100047,2022-05-22,747,4,944072,0,0
A100047,2022-04-23,820,3,27193,3,0
A100048,2022-10-14,618,0,14743,0,2
A100049,2025-10-23,734,1,48729,0,0
A100050,2024-03-05,629,3,95917,0,0
A100051,2024-01-06,786,0,822876,0,0
A100052,2025-10-03,850,3,807923,0,0
A100053,2022-02-07,800,1,1370238,0,0
A100054,2022-11-27,850,4,11679,0,0
A100055,2023-11-16,848,3,256570,1,0
A100056,2024-01-22,757,5,371814,0,0
A100057,2022-01-05,850,3,50341,1,0
A100058,2022-11-28,850,0,98797,1,0
A100060,2022-02-10,651,3,339686,0,0
A100062,2023-04-25,831,3,92196,0,0
A100063,2024-11-26,757,4,62273,1,0
A100064,2024-03-21,757,1,44757,0,0
A100065,2024-03-17,703,1,130358,1,0
A100066,2025-11-14,830,3,61513,1,0
A100066,2025-10-17,795,2,42756,0,0
A100067,2024-06-03,850,3,315294,0,0
A100069,2025-12-02,850,0,68156,0,0
A100070,2024-07-25,850,3,331484,0,0
A100070,2024-06-26,697,4,299327,0,0
A100071,2024-02-08,790,4,69165,1,0
A100072,2024-08-05,638,1,141977,2,0
A100073,2023-05-18,850,3,1057517,0,0
A100074,2023-02-20,814,3,180746,1,0
A100075,2025-05-04,850,4,135153,0,0
A100076,2025-10-16,842,6,616241,0,0
A100077,2022-12-05,741,2,161728,0,0
A100078,2023-05-26,813,3,111516,0,0
A100079,2024-12-28,725,2,103931,0,0
A100080,2025-02-22,850,3,150264,1,0
A100081,2023-12-09,850,0,169276,0,0
A100082,2022-06-24,707,1,70501,0,0
A100084,2023-11-07,700,2,178936,0,0
A100085,2023-11-08,836,2,105174,0,0
A100086,2022-05-15,626,2,221531,1,0
A100087,2023-04-19,756,2,350184,0,0
A100088,2023-11-18,850,0,316113,0,0
A100089,2024-07-07,690,2,221735,1,0
A100090,2025-06-23,838,1,228822,0,0
A100091,2022-12-19,812,4,1007720,0,0
A100092,2023-01-20,840,2,173904,0,2
A100093,2024-08-08,850,4,144255,0,0
A100094,2024-03-26,546,2,416952,0,0
A100095,2025-11-01,850,6,102954,0,0
A100095,2025-10-02,826,2,274571,1,0
A100096,2022-02-28,832,0,65869,3,0
A100097,2023-04-27,835,1,176260,0,0
A100098,2023-10-07,850,2,159423,3,0
A100099,2023-02-24,721,3,75884,1,0
A100100,2022-05-26,753,2,325284,0,1
A100101,2022-10-21,850,4,72034,0,0
A100102,2025-12-01,611,3,243623,0,0
A100104,2025-06-22,744,4,1245332,0,0
A100105,2024-03-22,760,1,64731,1,0
A100106,2024-05-28,839,4,49165,0,0
A100107,2024-05-01,850,5,39388,0,0
A100108,2024-08-18,850,1,130097,0,0
A100109,2023-05-17,849,1,153759,0,0
A100110,2024-09-16,850,4,186534,0,0
A100111,2024-05-11,674,1,155448,0,0
A100111,2024-04-11,786,2,204204,0,0
A100112,2022-04-29,710,3,39380,0,0
A100113,2024-02-08,769,0,1015255,2,0
A100114,2024-05-18,850,2,182287,2,0
A100114,2024-04-18,819,1,227748,0,0
A100115,2025-07-18,666,3,619308,1,0
A100116,2023-02-22,850,1,196451,2,0
A100117,2023-03-06,749,4,232906,0,0
A100118,2023-11-05,775,0,818167,0,0
A100119,2022-06-14,726,5,115490,2,0
A100121,2022-02-20,727,3,152769,0,0
A100122,2024-05-11,805,0,227671,0,0
A100124,2024-04-08,695,1,138275,1,0
A100125,2022-05-05,850,2,2191436,0,0
A100126,2024-03-28,716,3,287447,2,0
A100127,2025-04-15,850,1,262706,0,0
A100128,2022-08-03,810,1,31259,0,0
A100129,2024-10-09,648,0,108207,1,0
A100130,2024-06-19,844,5,307274,0,0
A100131,2023-06-28,694,2,130581,0,0
A100132,2022-08-10,715,2,271289,0,0
A100132,2022-07-13,644,3,290888,0,0
A100134,2022-12-01,850,1,280706,0,0
A100135,2025-08-04,850,1,116212,0,0
A100136,2022-11-10,649,3,271667,0,0
A100137,2024-08-13,685,2,173762,0,0
A100138,2024-01-26,686,1,227504,0,0
A100139,2024-02-15,699,0,171224,0,0
A100141,2022-10-18,850,1,105595,0,0
A100142,2025-02-25,771,4,352569,1,0
A100143,2025-07-26,834,3,155751,0,0
A100144,2022-01-13,670,0,124118,0,0
A100146,2025-03-20,774,3,86564,0,0
A100148,2023-07-15,676,4,1052276,0,0
A100149,2024-08-25,815,0,402724,1,0
A100150,2025-09-20,850,0,34526,0,0
A100150,2025-08-21,791,2,74230,3,0
A100153,2023-09-22,850,4,366405,0,0
A100154,2025-12-30,727,3,72395,1,0
A100155,2025-12-20,800,0,51132,0,0
A100156,2025-09-07,750,0,231369,0,0
A100156,2025-08-08,709,4,123427,1,0
A100157,2025-10-14,678,1,350629,0,0
A100158,2024-12-30,850,1,61007,0,0
A100159,2024-07-18,719,0,448264,0,0
A100159,2024-06-20,849,3,289149,0,0
A100160,2024-01-14,799,2,96129,0,0
A100161,2024-04-14,747,2,2064603,0,0
A100162,2022-03-29,643,1,82044,0,3
A100163,2024-01-26,644,0,370010,0,0
A100164,2022-10-23,680,2,64179,1,0
A100165,2022-12-31,629,5,129560,0,0
A100166,2022-11-25,749,3,127150,0,0
A100167,2022-04-20,758,2,359798,0,0
A100168,2023-02-12,792,2,47617,1,0
A100169,2025-12-24,671,3,370708,0,0
A100170,2022-03-28,850,1,311427,0,0
A100171,2023-12-08,696,2,150958,0,0
A100172,2025-09-09,839,3,182034,0,0
A100174,2025-11-01,740,3,745901,0,0
A100175,2023-12-16,850,1,464176,1,0
A100176,2025-11-08,787,1,717885,0,0
A100177,2024-05-08,846,0,58669,0,0
A100178,2024-12-31,643,2,297377,0,0
A100179,2023-03-30,850,1,298232,0,0
A100180,2024-11-04,850,2,21266,0,0
A100181,2023-11-14,845,3,480190,1,0
A100182,2023-10-11,655,3,250368,0,0
A100183,2024-11-16,803,2,326231,0,0
A100184,2022-05-22,850,3,209775,0,0
A100185,2024-04-06,723,4,53504,0,0
A100186,2025-04-29,668,0,655647,0,0
A100187,2025-05-26,799,4,179552,0,0
A100188,2023-02-09,850,1,280130,0,0
A100189,2025-08-05,755,3,400904,3,0
A100190,2024-03-02,812,5,552744,0,0
A100191,2023-01-19,772,4,791088,0,0
A100192,2025-10-23,840,1,113748,1,0
A100193,2022-10-30,578,2,466199,1,0
A100194,2022-06-25,826,3,47339,0,0
A100195,2025-07-04,780,4,90401,2,0
A100196,2023-04-01,802,2,68973,0,0
A100197,2023-02-14,832,3,391425,0,0
A100198,2022-03-17,714,1,211886,0,0
A100199,2022-10-28,757,2,538468,1,0
A100200,2022-04-18,850,2,49761,2,0
A100202,2023-10-04,796,3,68552,0,0
A100203,2022-12-03,800,1,145828,0,0
A100204,2023-11-19,808,2,92328,0,0
A100205,2024-05-17,541,1,39849,0,0
A100206,2024-11-18,850,2,511890,0,0
A100207,2022-02-05,590,4,295069,0,0
A100208,2024-09-16,756,0,109273,0,0
A100209,2023-10-05,850,3,145653,1,0
A100210,2023-04-22,850,2,118921,1,0
A100211,2022-03-31,850,1,194377,0,0
A100212,2024-08-25,807,5,237432,0,0
A100213,2024-11-03,679,2,96866,0,0
A100214,2022-03-22,786,0,141633,0,0
A100215,2024-11-17,703,3,66616,0,0
A100216,2022-09-03,770,3,58231,0,0
A100217,2025-08-16,849,2,117713,2,0
A100218,2022-07-12,796,3,276848,0,0
A100219,2025-06-15,764,1,115074,0,0
A100219,2025-05-17,768,1,111838,0,0
A100220,2022-08-22,817,4,100738,0,0
A100221,2025-04-24,795,2,470679,0,0
A100222,2024-12-16,716,4,715662,0,0
A100223,2022-01-23,850,0,47544,0,0
A100225,2024-06-27,850,0,419468,3,0
A100226,2025-12-04,733,4,144616,1,0
A100228,2022-09-03,745,2,176659,0,0
A100229,2023-09-25,521,0,341114,0,0
A100230,2022-11-08,772,2,274242,0,0
A100231,2024-08-12,767,2,292126,2,0
A100232,2024-11-08,617,2,322052,0,0
A100233,2025-02-28,839,7,62908,1,0
A100234,2024-12-27,606,1,641741,0,0
A100235,2022-07-24,822,0,226655,0,0
A100236,2024-11-12,850,0,40837,0,0
A100237,2025-07-12,850,0,476312,0,0
A100238,2024-08-29,850,4,1018663,0,0
A100239,2024-05-05,758,1,1208988,0,0
A100240,2024-11-18,714,0,353495,0,0
A100241,2025-07-13,850,0,239526,0,0
A100242,2022-07-04,710,4,263070,1,0
A100244,2022-04-22,850,3,2717023,0,0
A100245,2025-08-01,846,5,271883,3,0
A100246,2022-05-20,819,3,61341,0,0
A100247,2024-09-12,733,1,381787,0,0
A100248,2025-10-08,676,1,813187,0,0
A100249,2022-08-03,810,0,417988,0,0
A100250,2025-05-07,798,0,42304,0,0
A100252,2022-02-01,622,2,643674,0,2
A100253,2024-03-03,850,1,1254698,1,0
A100254,2022-08-23,850,0,360321,1,0
A100255,2024-05-30,685,0,32339,0,0
A100256,2024-05-26,812,1,160326,3,0
A100257,2022-07-28,850,0,82813,0,0
A100258,2023-01-11,828,2,21829,0,0
A100259,2022-11-30,803,1,64338,0,0
A100260,2022-10-05,651,3,642621,0,0
A100261,2023-12-13,580,1,333017,3,0
A100262,2022-09-29,731,2,30668,0,0
A100262,2022-08-30,850,1,35214,1,0
A100263,2024-05-05,792,6,43192,0,0
A100264,2025-04-25,792,1,189344,0,0
A100265,2025-02-24,850,0,113960,0,0
A100266,2024-01-16,850,2,168499,0,0
A100267,2023-09-06,712,4,323208,0,0
A100268,2024-08-02,781,3,236218,0,0
A100269,2024-06-30,745,4,547129,3,0
A100269,2024-05-29,808,4,43533,0,0
A100270,2024-09-28,850,3,658573,0,0
A100270,2024-08-30,836,2,118893,1,0
A100271,2024-07-21,721,4,28388,0,0
A100272,2024-08-11,800,5,112888,0,0
A100273,2022-01-29,836,1,539407,0,0
A100274,2023-12-18,606,3,1204001,2,0
A100275,2023-11-09,734,4,356206,3,0
A100276,2023-02-15,850,2,373473,0,0
A100277,2025-10-28,850,1,425727,0,0
A100278,2022-09-10,850,1,274146,1,0
A100279,2024-10-16,781,2,105335,1,0
A100280,2022-02-09,761,2,652795,2,0
A100282,2023-12-23,585,4,182021,3,0
A100283,2022-09-17,745,2,155689,0,0
A100284,2023-08-18,637,1,327791,0,0
A100285,2024-12-13,850,2,342742,0,0
A100286,2023-07-04,850,3,143247,1,0
A100287,2022-03-28,850,1,157869,1,0
A100288,2025-01-30,690,1,85002,0,0
A100289,2024-01-29,850,6,105579,1,0
A100290,2024-02-18,780,1,217336,0,0
A100291,2022-03-13,850,3,70068,0,0
A100292,2023-11-01,741,1,41387,0,0
A100293,2024-12-18,781,2,97661,1,0
A100294,2022-06-17,811,4,141296,1,0
A100295,2023-07-27,850,1,158479,0,0
A100296,2025-06-18,836,1,469407,0,1
A100297,2023-10-22,835,2,1087633,0,0
A100298,2023-06-11,627,3,199009,2,0
A100299,2022-07-17,737,2,716427,0,0
A100300,2025-04-13,850,2,133321,0,0
A100301,2023-03-08,769,3,110118,1,0
A100302,2024-09-13,720,3,387562,0,0
A100303,2025-05-12,850,3,228916,2,1
A100304,2024-09-07,850,2,277117,0,1
A100305,2022-07-12,797,3,183117,0,0
A100306,2024-04-25,850,0,295220,0,0
A100307,2024-07-03,833,3,48058,2,0
A100308,2022-08-17,612,4,202976,0,0
A100309,2022-01-10,620,3,214154,2,0
A100310,2025-04-24,697,0,392019,0,0
A100311,2022-04-05,850,3,240863,0,0
A100312,2023-05-17,850,2,382877,1,0
A100313,2025-11-28,741,0,38512,2,0
A100314,2022-02-11,742,2,54486,0,0
A100316,2024-02-06,698,3,62376,0,0
A100318,2025-09-10,657,1,57874,0,0
A100320,2023-08-29,839,0,129640,0,0
A100321,2024-03-27,813,1,61077,2,0
A100322,2023-01-30,768,4,274082,1,0
A100323,2022-01-13,775,2,80493,0,0
A100324,2022-11-06,822,1,200387,3,0
A100326,2025-06-06,850,0,329930,0,0
A100328,2023-10-27,845,2,346408,1,0
A100329,2023-07-16,710,0,258430,2,0
A100330,2024-02-27,632,3,17431,0,0
A100332,2025-10-05,726,0,174588,2,0
A100333,2022-05-27,850,3,99380,1,0
A100334,2023-03-02,800,3,777175,0,0
A100336,2023-11-06,850,0,78042,0,0
A100337,2022-10-25,718,3,108465,0,0
A100338,2025-01-01,812,4,1311491,0,0
A100340,2024-01-09,730,3,63561,1,0
A100341,2023-01-07,820,0,343235,1,0
A100342,2024-05-09,670,4,313088,0,0
A100344,2025-04-29,750,3,104771,1,0
A100345,2023-02-08,784,1,709532,0,0
A100346,2022-07-19,850,1,73788,2,0
A100347,2023-08-03,833,3,106446,0,0
A100347,2023-07-02,797,2,352607,0,0
A100348,2022-01-03,781,0,53954,0,0
A100349,2022-05-06,850,1,155455,0,0
A100350,2025-01-14,819,2,120534,0,0
A100351,2022-04-10,644,4,223517,0,0
A100352,2023-09-29,823,3,413269,1,0
A100353,2022-05-15,814,5,723496,0,0
A100353,2022-04-14,800,0,457894,0,0
A100354,2022-12-19,650,2,316993,2,1
A100355,2023-10-06,727,1,326359,0,1
A100356,2023-04-17,732,3,38352,2,0
A100357,2023-09-28,719,1,194867,2,0
A100358,2022-05-07,612,3,478001,0,1
A100360,2022-05-12,850,3,1058784,0,0
A100361,2024-12-11,619,2,618916,0,0
A100362,2024-09-01,818,0,97056,3,0
A100363,2022-02-27,850,2,132274,0,0
A100364,2023-11-07,753,3,410132,0,1
A100365,2024-09-26,708,0,141474,2,0
A100366,2022-01-10,850,3,600002,0,0
A100367,2025-08-29,752,3,78331,0,0
A100368,2024-11-04,780,1,153315,0,0
A100369,2023-07-27,661,0,386692,0,0
A100370,2023-01-11,689,1,529243,0,0
A100371,2023-11-07,848,5,413317,0,0
A100373,2022-04-28,804,4,98489,2,0
A100374,2022-07-25,732,5,43823,0,0
A100375,2023-08-19,780,2,457648,0,0
A100376,2022-05-11,822,4,154947,0,0
A100377,2025-05-06,652,2,146218,0,2
A100378,2023-12-27,833,3,433546,0,0
A100379,2022-05-24,718,0,445187,0,0
A100380,2022-03-21,708,0,28638,0,0
A100381,2023-10-04,850,1,193691,0,0
A100382,2023-11-28,766,4,64784,0,0
A100383,2023-12-27,689,1,1099380,0,0
A100384,2023-11-07,850,4,84115,0,0
A100385,2023-08-14,719,0,60662,1,0
A100386,2024-05-29,692,0,167163,0,0
A100387,2024-10-13,850,4,128292,0,0
A100388,2024-03-14,707,3,494364,0,0
A100389,2022-08-20,850,0,892733,2,0
A100390,2025-04-09,830,1,190965,0,0
A100391,2025-04-28,850,4,125783,0,0
A100392,2025-08-13,775,2,90721,3,0
A100393,2025-04-18,819,2,588853,0,0
A100394,2025-07-23,727,3,198399,0,0
A100396,2025-03-16,768,3,128748,1,0
A100397,2022-10-14,848,0,28466,0,0
A100398,2025-02-08,780,2,322044,1,0
A100399,2022-09-15,653,1,128969,0,0
A100402,2023-04-30,780,5,596314,0,0
A100403,2022-09-10,752,3,72203,0,0
A100404,2025-04-20,842,1,371899,0,0
A100405,2025-02-02,850,0,284436,0,0
A100406,2023-05-13,753,1,637914,1,0
A100407,2023-07-18,720,0,336475,0,0
A100408,2025-01-02,739,1,290797,0,0
A100409,2023-05-03,742,5,68196,0,0
A100410,2025-06-30,651,0,687806,0,0
A100411,2023-09-23,758,1,107620,1,0
A100412,2023-12-27,732,3,453423,0,0
A100413,2024-08-27,850,4,42220,0,0
A100414,2025-06-08,489,5,133912,0,0
A100415,2022-05-02,812,1,222678,3,0
A100416,2025-08-11,768,2,64194,0,0
A100418,2022-08-27,850,5,176210,3,0
A100419,2025-11-07,850,2,772217,2,0
A100420,2022-01-23,600,1,176856,0,0
A100421,2024-12-10,822,3,373934,0,0
A100422,2025-03-25,850,6,244287,0,0
A100423,2025-12-02,782,4,61749,0,0
A100424,2022-02-14,850,1,731930,1,0
A100425,2022-01-14,724,0,251688,0,0
A100426,2024-07-07,697,0,196710,0,0
A100427,2023-05-19,850,5,44871,2,0
A100428,2022-10-01,762,6,97743,0,0
A100430,2022-01-12,733,1,467141,0,0
A100430,2021-12-12,822,3,155117,3,0
A100431,2022-02-02,666,4,143054,0,1
A100432,2022-05-05,695,1,116676,0,0
A100433,2022-05-20,798,2,139209,0,0
A100434,2023-03-07,742,3,82984,3,0
A100435,2023-12-09,850,3,995081,0,0
A100436,2025-10-09,850,4,83634,0,0
A100437,2024-08-20,850,3,177633,1,0
A100438,2024-02-25,686,7,421444,0,0
A100439,2025-10-27,850,3,316335,3,0
A100440,2025-02-10,850,1,90590,0,0
A100441,2025-09-11,850,3,144820,0,0
A100442,2023-05-08,850,0,214909,0,0
A100443,2025-05-11,719,3,353028,0,0
A100444,2023-10-08,733,2,219115,0,0
A100445,2022-08-30,823,1,164721,0,0
A100445,2022-08-02,806,0,86392,0,0
A100446,2024-03-28,813,2,169969,1,0
A100447,2022-05-14,755,2,52888,0,0
A100447,2022-04-15,849,2,184195,0,0
A100448,2024-05-09,850,1,365748,3,0
A100449,2023-06-10,680,2,691051,1,0
A100451,2023-03-16,788,1,318545,0,0
A100452,2024-04-22,841,4,160969,0,0
A100453,2025-11-27,752,4,45191,0,0
A100454,2024-06-17,850,2,111572,0,0
A100454,2024-05-19,850,4,740480,0,0
A100455,2025-08-29,850,2,67112,0,0
A100456,2025-02-22,670,1,214997,0,0
A100457,2023-05-14,850,2,153374,0,0
A100458,2024-05-24,629,0,459449,1,2
A100459,2022-01-17,680,3,179240,0,0
A100460,2023-09-16,642,1,292624,3,0
A100461,2024-09-10,850,2,40265,0,0
A100462,2022-08-03,850,0,463555,1,0
A100462,2022-07-05,816,2,623542,1,0
A100463,2022-08-29,850,2,577001,1,0
A100465,2025-04-12,850,0,187991,3,0
A100466,2024-12-12,792,2,112847,0,0
A100468,2025-08-11,813,3,904109,0,0
A100469,2024-02-02,806,0,177974,0,0
A100470,2022-08-20,696,1,116118,1,0
A100471,2023-06-22,732,3,54161,0,0
A100472,2025-03-05,713,1,505421,0,0
A100473,2025-08-08,734,0,220031,0,0
A100474,2022-12-21,751,2,136135,3,0
A100475,2024-09-27,850,1,42572,1,0
A100476,2025-08-09,850,2,45281,0,0
A100477,2022-10-31,850,3,368813,0,0
A100478,2024-04-08,850,5,168833,1,0
A100479,2023-04-29,850,0,1287836,0,0
A100479,2023-04-01,795,6,169375,0,0
A100480,2024-09-29,850,2,47996,2,0
A100481,2023-01-20,537,1,82186,1,0
A100482,2024-12-30,644,1,64250,0,0
A100484,2024-08-18,828,1,69763,0,0
A100485,2025-08-27,850,2,170277,0,0
A100487,2023-12-19,820,0,510836,2,0
A100487,2023-11-19,767,2,1021436,0,0
A100488,2023-06-17,721,2,263036,0,0
A100489,2022-09-23,660,2,135422,0,0
A100490,2022-05-10,850,0,517140,2,0
A100491,2024-07-08,850,4,210384,0,0
A100492,2022-12-15,763,4,75536,2,0
A100493,2022-09-07,781,4,266827,0,0
A100493,2022-08-06,813,4,268140,0,0
A100494,2025-10-04,850,2,117869,0,0
A100495,2024-01-12,808,2,53120,2,0
A100496,2025-05-30,776,3,173221,0,0
A100497,2022-06-07,585,5,99748,1,0
A100497,2022-05-07,809,2,87377,3,1
A100498,2025-09-20,850,2,91375,3,0
A100499,2025-06-07,773,3,283228,0,0
A100501,2025-04-27,850,2,80343,0,0
A100502,2024-03-29,592,2,372275,0,0
A100503,2023-01-02,681,3,253966,0,0
A100504,2025-08-27,767,3,105298,0,0
A100505,2024-10-02,841,9,191904,1,0
A100506,2025-03-07,658,1,58275,0,0
A100507,2022-05-09,799,5,305619,1,0
A100508,2025-04-29,709,2,87257,1,0
A100509,2025-09-11,850,2,290420,2,0
A100510,2023-10-21,821,3,673653,0,0
A100510,2023-09-20,559,1,165189,1,0
A100512,2025-05-14,850,2,144813,0,0
A100513,2022-12-05,820,2,143402,0,0
A100514,2024-09-07,784,2,90735,0,0
A100515,2023-04-20,828,0,91722,0,0
A100516,2023-05-30,688,2,227389,0,0
A100517,2025-03-07,839,1,49039,0,0
A100519,2022-11-16,796,5,1783458,0,0
A100520,2024-07-11,850,3,292866,1,0
A100521,2022-11-29,792,0,647278,0,0
A100522,2025-06-24,789,2,49011,0,0
A100522,2025-05-23,634,3,69409,0,0
A100523,2025-01-04,713,5,104639,0,0
A100524,2025-02-19,657,1,316860,0,0
A100525,2023-11-15,850,4,38402,0,0
A100526,2024-11-03,676,2,452795,0,0
A100528,2022-05-25,676,4,204047,0,0
A100529,2023-03-31,850,3,46356,0,0
A100529,2023-02-28,742,3,607224,2,0
A100530,2024-11-25,722,0,26510,0,1
A100531,2022-09-12,753,3,94805,0,0
A100532,2024-08-29,832,2,616104,0,0
A100533,2023-12-04,850,2,93938,0,0
A100535,2025-06-28,691,1,125457,0,0
A100536,2022-09-20,766,1,2270607,0,0
A100537,2022-05-29,753,3,105056,1,0
A100537,2022-04-29,682,1,239623,0,0
A100538,2024-02-01,688,3,369114,0,0
A100538,2023-12-31,830,4,105846,0,0
A100539,2023-01-05,803,0,56134,1,0
A100540,2024-12-26,655,4,61070,0,0
A100541,2024-05-14,760,5,140677,0,0
A100543,2022-01-17,850,0,106442,0,0
A100544,2025-09-16,705,0,473594,0,0
A100545,2024-01-29,804,5,161472,0,0
A100546,2025-08-22,845,1,345334,1,0
A100547,2022-09-05,850,2,194968,0,0
A100548,2025-10-07,729,0,255740,1,0
A100549,2024-09-13,658,3,810570,0,0
A100550,2025-09-23,850,3,38045,1,0
A100552,2024-03-21,850,2,475656,0,0
A100553,2022-04-16,850,4,363546,2,0
A100554,2023-11-09,772,1,216829,1,0
A100555,2022-01-04,665,4,396219,1,0
A100556,2024-08-21,729,3,72757,0,0
A100557,2025-03-10,615,3,422995,0,0
A100558,2025-04-22,850,0,488280,0,0
A100559,2023-01-19,799,2,106634,0,0
A100561,2025-01-27,798,4,114685,0,0
A100563,2023-10-08,850,1,119814,0,0
A100564,2025-10-27,809,0,106893,2,0
A100565,2025-03-14,662,3,22814,1,0
A100566,2023-05-03,850,4,40206,0,0
A100567,2023-08-02,710,5,19978,0,0
A100568,2023-06-09,664,7,190847,0,0
A100569,2022-12-04,774,0,96445,1,0
A100570,2024-05-24,850,0,123091,0,0
A100570,2024-04-23,805,0,166856,0,0
A100571,2025-09-05,617,2,100285,1,0
A100572,2024-01-07,792,6,57633,2,0
A100573,2022-01-11,604,2,80557,0,0
A100574,2025-06-24,787,1,480035,0,0
A100575,2022-09-05,607,5,127349,2,0
A100576,2025-06-20,831,4,429361,0,0
A100577,2022-06-19,722,0,82333,0,1
A100578,2025-04-07,560,7,545090,0,0
A100579,2023-12-12,850,0,172045,0,0
A100580,2024-05-23,832,0,277378,0,0
A100581,2023-08-15,850,2,523921,1,0
A100582,2022-02-11,654,2,175451,1,0
A100583,2025-07-08,639,5,66571,0,0
A100584,2023-04-12,850,3,290110,0,0
A100585,2025-01-07,658,0,155392,0,0
A100586,2022-02-21,666,4,155153,1,0
A100587,2023-10-31,850,3,257680,0,0
A100588,2022-01-20,714,0,443268,0,0
A100589,2023-06-14,844,3,350969,0,0
A100590,2022-03-15,850,2,196761,0,0
A100591,2024-04-17,781,1,765544,2,0
A100592,2022-06-09,756,1,93129,3,0
A100593,2025-11-23,849,0,160177,0,0
A100594,2023-06-19,792,2,332179,0,0
A100595,2025-09-19,850,0,502309,0,0
A100596,2022-09-10,746,4,127002,1,0
A100598,2023-01-22,850,4,90954,2,0
A100599,2023-03-20,566,1,108284,0,0
A100600,2023-09-02,850,1,507249,0,0
A100601,2023-01-09,788,0,493829,1,0
A100602,2025-08-29,619,1,190312,0,0
A100603,2023-04-15,850,2,219061,1,0
A100604,2022-04-15,835,2,591591,0,0
A100605,2025-08-10,823,3,169008,2,0
A100606,2023-11-28,711,1,215444,1,0
A100607,2025-09-26,850,1,132257,0,0
A100608,2024-10-06,595,4,82755,0,0
A100609,2024-10-19,533,0,27484,0,0
A100610,2023-07-04,850,3,47202,0,0
A100611,2024-10-13,747,0,224114,0,0
A100612,2022-03-05,751,2,60761,0,0
A100613,2024-03-05,850,1,105458,0,0
A100614,2022-06-12,731,0,91352,0,0
A100616,2024-11-15,667,2,33789,1,0
A100617,2024-11-18,769,2,346302,0,0
A100618,2023-02-24,653,1,161907,0,0
A100619,2023-05-30,825,4,95422,0,0
A100620,2023-03-15,760,4,27336,0,0
A100621,2024-04-26,850,1,322180,0,0
A100622,2023-02-22,722,3,869925,0,0
A100623,2025-05-05,827,2,161178,0,0
A100624,2022-11-17,693,0,857042,0,0
A100625,2024-07-18,821,2,753325,0,0
A100625,2024-06-16,712,7,452323,0,1
A100626,2025-06-03,642,1,169711,1,0
A100627,2024-11-07,787,3,29777,0,0
A100629,2023-10-22,814,0,201538,1,0
A100630,2025-02-19,850,2,91585,0,0
A100631,2024-08-21,670,6,217707,0,0
A100632,2025-01-27,824,2,175316,1,0
A100633,2022-04-28,658,0,94325,1,0
A100634,2024-03-01,846,3,119934,0,0
A100635,2024-11-26,503,0,82951,0,0
A100636,2025-02-27,821,0,345517,0,0
A100637,2025-07-20,715,1,185003,0,0
A100638,2022-03-07,572,1,570543,0,0
A100639,2022-07-09,748,3,27709,0,0
A100640,2024-08-02,768,4,269943,1,0
A100641,2025-08-02,723,2,217353,1,0
A100642,2023-07-25,741,1,266935,1,0
A100644,2022-12-01,824,0,112869,0,0
A100646,2024-08-20,798,4,189858,0,0
A100647,2023-08-04,706,0,184197,0,0
A100648,2023-04-13,729,1,110641,0,0
A100649,2025-07-27,642,3,110901,0,1
A100650,2022-12-13,649,0,332256,1,0
A100651,2023-12-31,820,3,519534,0,2
A100652,2022-10-27,850,0,212890,0,1
A100653,2024-03-20,805,3,89671,1,0
A100654,2025-11-07,850,0,158024,0,0
A100655,2025-03-01,743,2,221518,2,0
A100656,2022-06-25,732,5,21604,0,0
A100657,2022-09-09,839,0,205741,0,0
A100658,2023-10-12,698,0,260355,0,0
A100659,2023-10-30,767,3,148423,0,0
A100660,2024-06-12,850,0,150665,0,0
A100661,2022-01-10,753,3,172189,0,0
A100663,2022-03-27,809,2,331080,0,0
A100664,2023-01-07,701,0,187267,0,0
A100665,2024-04-10,850,5,382599,0,0
A100666,2025-11-25,850,2,942127,0,0
A100667,2025-07-10,687,4,155215,1,0
A100668,2025-02-28,642,3,94921,0,0
A100669,2025-12-03,688,1,107290,2,0
A100670,2025-06-20,786,1,391153,0,0
A100671,2022-06-13,783,5,974115,0,0
A100672,2023-04-19,708,2,256265,0,0
A100672,2023-03-19,850,1,83175,0,0
A100673,2024-05-19,712,2,149656,0,0
A100674,2025-12-12,850,3,105828,2,0
A100675,2025-04-13,825,1,86108,0,0
A100676,2022-09-01,728,4,129302,1,0
A100677,2024-08-30,787,3,192519,0,0
A100678,2022-03-10,804,4,1257971,1,0
A100679,2024-12-10,846,6,206328,0,0
A100679,2024-11-11,819,2,288132,0,0
A100680,2025-08-10,690,3,58085,0,0
A100681,2023-10-29,713,2,121347,0,0
A100682,2023-02-24,726,1,251108,2,0
A100683,2023-11-19,848,2,17788,0,0
A100684,2023-09-30,728,2,49864,0,0
A100685,2025-05-23,654,2,282240,0,0
A100686,2024-03-16,638,1,34209,0,0
A100688,2025-04-14,850,3,367632,0,0
A100690,2024-07-06,660,3,47928,0,0
A100691,2025-12-17,850,2,255043,0,0
A100692,2023-01-28,711,7,564026,0,0
A100693,2025-02-09,658,3,573289,0,0
A100694,2024-10-24,761,0,74212,1,0
A100695,2022-03-11,744,6,155242,0,0
A100696,2025-07-03,848,3,143301,0,0
A100697,2023-10-25,747,1,101891,0,0
A100698,2024-11-29,850,2,102822,0,0
A100699,2022-11-17,807,4,564502,0,0
A100700,2022-12-27,777,2,520196,0,0
A100701,2024-09-29,850,3,268547,1,0
A100702,2025-04-07,813,2,197298,0,0
A100703,2023-05-22,603,2,25631,0,0
A100704,2025-06-09,850,0,24657,0,0
A100705,2025-09-13,850,3,70406,0,0
A100706,2025-06-22,735,3,176164,3,0
A100707,2023-09-19,679,2,283248,0,0
A100708,2024-07-18,777,3,29150,1,0
A100710,2024-12-23,808,2,277051,0,0
A100711,2023-03-25,744,2,213811,0,0
A100712,2022-01-12,850,0,79817,1,0
A100713,2025-10-12,802,3,487767,3,0
A100714,2024-05-26,599,2,132488,0,0
A100715,2023-03-18,848,5,74901,0,0
A100717,2024-11-03,700,1,162614,0,0
A100718,2022-09-06,786,0,46070,0,0
A100719,2022-06-15,641,1,65349,2,0
A100720,2025-10-23,786,1,154416,0,0
A100721,2025-10-17,775,4,467248,3,0
A100722,2023-08-25,850,0,223163,0,0
A100723,2025-02-22,564,4,292723,0,0
A100725,2024-03-12,850,3,200366,1,0
A100726,2023-10-28,822,2,119150,1,0
A100727,2022-01-18,695,1,379884,1,0
A100728,2023-11-26,756,3,830031,0,0
A100729,2024-12-03,637,2,592928,1,0
A100730,2023-07-03,733,3,228974,1,2
A100731,2022-09-19,850,4,137244,0,0
A100732,2025-03-29,725,3,63238,0,0
A100733,2025-10-05,846,3,1778132,0,0
A100734,2025-10-05,694,3,54993,1,0
A100735,2025-12-04,594,1,475743,0,0
A100736,2025-09-16,763,2,306072,0,0
A100737,2023-04-17,614,1,197560,0,0
A100738,2023-11-04,850,3,365450,0,0
A100739,2025-11-14,481,4,326919,1,0
A100740,2025-01-02,693,1,101325,2,0
A100741,2023-04-18,850,2,67830,0,0
A100742,2025-10-09,811,2,340136,0,0
A100743,2025-01-14,719,3,296444,0,0
A100744,2025-07-12,843,5,87971,0,0
A100745,2022-08-03,582,1,269612,0,0
A100746,2023-11-09,737,4,174215,0,0
A100747,2023-03-06,707,2,261964,0,0
A100747,2023-02-05,850,0,67159,2,0
A100748,2022-03-04,850,4,85854,0,0
A100749,2025-07-05,747,2,294175,0,0
A100750,2025-08-30,795,0,177096,0,0
A100751,2025-10-08,599,4,179961,1,0
A100752,2024-05-07,812,5,35762,0,0
A100753,2023-08-17,707,2,290895,1,0
A100756,2022-07-12,822,2,249995,0,0
A100757,2022-08-05,809,1,40550,0,0
A100758,2024-01-16,763,3,216483,1,0
A100759,2024-04-21,806,2,101517,0,0
A100760,2024-09-27,850,1,58625,0,0
A100761,2022-05-19,850,0,87280,0,0
A100762,2024-10-15,711,3,142612,0,0
A100763,2024-07-06,611,2,305540,1,0
A100764,2024-08-22,850,5,71102,0,0
A100765,2024-04-16,850,3,158813,0,0
A100766,2024-03-03,828,3,68187,1,0
A100767,2023-12-17,850,2,308102,0,0
A100768,2022-12-05,762,2,217634,0,2
A100769,2022-05-25,570,1,262918,2,0
A100770,2024-07-11,850,5,80139,0,0
A100771,2025-08-28,830,2,468386,0,0
A100772,2023-04-26,807,2,264497,0,0
A100773,2024-07-10,793,0,255457,3,1
A100774,2024-12-02,755,3,24647,0,0
A100775,2024-08-24,813,2,117514,0,0
A100777,2022-02-17,814,2,295901,0,0
A100778,2024-08-21,680,3,1058704,0,0
A100779,2023-06-11,845,0,528039,0,0
A100781,2024-04-16,688,4,579376,0,0
A100782,2023-07-16,822,0,1114552,0,0
A100783,2022-05-23,850,2,46088,0,1
A100783,2022-04-26,636,2,138573,0,0
A100784,2025-10-22,788,2,1023824,0,0
A100785,2022-06-11,740,3,148191,0,0
A100786,2022-07-27,745,1,184864,0,0
A100786,2022-06-27,730,5,191491,0,0
A100787,2023-10-20,850,1,85520,0,0
A100790,2025-11-05,747,0,331804,1,0
A100791,2023-07-20,694,0,504661,3,0
A100792,2024-08-17,636,0,616516,1,0
A100792,2024-07-20,650,2,104471,0,0
A100793,2025-10-17,823,2,121285,1,0
A100794,2025-04-23,675,4,45323,0,0
A100797,2024-04-16,829,0,218793,0,0
A100798,2024-03-19,778,4,121800,0,0
A100799,2023-09-01,840,2,258460,0,0
A100800,2024-07-21,816,0,295722,1,0
A100801,2022-12-22,733,3,92368,0,0
A100802,2025-09-05,648,3,163037,3,0
A100803,2022-08-03,850,4,260416,0,0
A100804,2025-02-20,778,3,284159,0,0
A100805,2022-03-30,797,2,46767,0,0
A100806,2023-02-27,721,2,156684,0,0
A100807,2023-03-09,811,1,154072,0,0
A100808,2024-09-16,758,2,425146,2,0
A100809,2023-03-18,850,2,134416,0,0
A100810,2022-01-22,744,1,45505,0,0
A100811,2025-03-12,749,3,314229,0,0
A100812,2023-01-19,850,1,330695,0,0
A100813,2023-03-08,692,1,79767,2,0
A100814,2022-10-12,495,4,131532,0,0
A100815,2023-07-01,527,0,335439,0,0
A100816,2023-08-21,823,3,1056535,2,0
A100816,2023-07-21,816,0,226635,0,0
A100817,2023-04-23,762,3,473743,0,0
A100818,2023-04-17,813,2,248030,0,0
A100820,2024-08-30,686,3,211259,0,0
A100821,2025-06-19,850,0,294625,0,0
A100822,2025-11-15,760,4,330639,2,0
A100823,2025-12-23,748,3,368410,0,0
A100824,2024-01-04,646,2,317505,0,2
A100825,2024-03-09,850,1,86993,0,0
A100826,2024-09-19,841,1,211127,0,0
A100827,2022-06-16,838,1,227301,0,0
A100828,2022-11-08,798,0,241861,0,0
A100829,2024-02-13,680,2,253019,1,0
A100830,2022-06-28,850,3,152829,1,0
A100831,2022-10-07,850,2,785767,1,0
A100833,2022-01-22,751,2,74809,0,0
A100834,2022-06-12,701,0,140117,0,0
A100835,2022-03-19,728,5,23847,0,0
A100836,2023-06-24,774,5,49865,0,3
A100837,2025-01-23,850,2,118977,0,0
A100838,2022-03-28,781,2,93169,0,0
A100839,2024-11-12,792,3,130422,0,0
A100840,2025-11-02,850,2,116280,1,0
A100841,2023-07-24,609,1,381463,0,0
A100842,2024-12-17,850,2,89005,0,0
A100844,2022-04-11,663,2,445859,1,0
A100845,2024-06-29,835,3,216882,1,0
A100846,2022-04-27,850,2,233984,0,0
A100847,2025-06-19,755,4,349276,0,0
A100848,2023-01-27,821,2,574891,0,0
A100851,2022-10-25,831,0,77900,0,0
A100852,2024-02-15,848,1,231692,0,1
A100853,2022-12-11,850,3,213599,0,0
A100854,2025-02-09,763,4,34120,0,0
A100856,2022-11-12,797,3,302685,0,0
A100857,2022-10-02,758,6,534328,1,0
A100859,2024-01-06,719,6,152261,2,0
A100860,2022-12-08,727,4,229278,0,0
A100861,2023-09-29,803,2,65839,0,0
A100862,2024-03-22,748,6,36886,0,0
A100863,2023-09-06,850,0,283521,1,0
A100864,2025-06-11,704,1,434974,1,0
A100867,2023-11-24,850,2,102514,0,0
A100868,2024-07-10,709,2,107315,0,0
A100869,2022-08-21,850,1,39939,0,0
A100869,2022-07-21,841,0,128732,0,0
A100870,2024-06-29,790,1,169694,0,2
A100871,2022-10-27,803,1,743852,1,0
A100871,2022-09-28,850,1,129389,0,0
A100872,2025-12-06,726,0,194146,0,0
A100873,2024-01-21,850,4,93830,0,0
A100874,2025-11-14,813,1,969506,0,0
A100875,2023-08-28,800,3,491257,0,0
A100876,2025-02-14,583,2,1344953,0,0
A100877,2025-11-10,671,2,49035,1,0
A100877,2025-10-13,754,1,82471,0,0
A100878,2023-10-29,801,3,1275566,0,0
A100879,2024-05-22,850,3,42262,0,0
A100880,2024-11-27,752,6,53143,0,0
A100882,2023-08-17,796,3,97095,2,0
A100883,2022-12-30,799,2,2876506,0,0
A100884,2025-05-06,722,0,469685,0,0
A100885,2023-08-20,769,3,1198072,0,0
A100886,2022-05-20,702,4,372459,0,0
A100887,2022-06-14,850,2,377683,1,0
A100888,2023-11-11,808,0,509522,2,0
A100889,2025-03-01,850,3,159281,0,0
A100890,2023-07-07,781,2,242919,1,0
A100891,2024-01-08,832,0,129340,0,0
A100892,2025-06-30,850,4,1430187,0,0
A100893,2022-05-01,790,2,31323,0,0
A100894,2022-10-28,850,5,402167,1,0
A100895,2025-01-30,802,0,260387,2,0
A100896,2024-10-13,695,2,87266,1,0
A100897,2025-11-04,850,0,45590,0,0
A100898,2022-08-21,602,4,102753,0,2
A100899,2025-09-17,692,1,443362,0,0
A100900,2025-10-05,850,0,87361,0,0
A100901,2024-10-24,766,3,1680306,0,0
A100902,2022-08-17,666,5,56745,0,2
A100903,2023-03-09,850,2,158805,0,0
A100904,2025-11-24,813,2,190060,0,0
A100906,2024-06-16,739,2,458384,0,0
A100908,2024-11-22,828,0,29644,0,0
A100909,2022-07-23,802,3,409087,0,0
A100911,2024-02-20,821,4,664962,0,0
A100912,2022-12-21,776,2,440029,0,0
A100913,2024-08-07,746,2,55295,0,0
A100914,2022-12-21,810,3,325333,0,0
A100915,2023-11-15,837,2,235188,1,0
A100916,2025-03-16,734,2,181323,0,0
A100917,2025-03-09,822,1,252977,0,0
A100918,2025-07-20,828,5,56347,1,0
A100919,2025-03-07,676,4,106041,1,0
A100920,2023-02-01,633,0,576223,0,1
A100921,2024-07-28,831,4,871688,0,0
A100921,2024-06-29,748,4,238377,0,0
A100922,2025-06-08,850,3,157289,2,0
A100923,2023-10-03,801,2,230672,0,0
A100924,2024-08-13,850,2,362354,0,0
A100925,2022-04-07,791,2,227736,0,0
A100926,2022-01-09,751,1,46929,0,0
A100927,2025-12-24,661,3,94776,0,1
A100928,2023-07-12,836,3,111171,0,0
A100929,2024-04-22,774,3,35566,0,0
A100930,2025-12-22,850,2,682379,0,0
A100932,2022-03-30,744,1,266686,0,0
A100934,2025-08-13,850,5,1192994,0,0
A100935,2023-03-30,799,5,209755,0,0
A100936,2022-12-25,739,0,124365,1,0
A100937,2022-03-15,822,0,99950,0,0
A100938,2025-08-21,753,2,549372,0,0
A100939,2022-03-07,850,4,298619,1,0
A100940,2022-03-02,740,6,396457,0,0
A100940,2022-02-01,772,2,139029,0,0
A100941,2025-04-03,628,3,79255,0,1
A100942,2023-06-08,793,2,142763,0,0
A100943,2023-06-25,800,4,293569,2,0
A100944,2023-07-28,701,4,128088,0,0
A100946,2023-09-29,826,2,465506,0,0
A100946,2023-08-29,778,6,345338,0,0
A100947,2022-01-18,539,0,1017325,0,0
A100948,2022-06-12,848,3,218882,0,0
A100949,2024-11-03,741,1,469570,1,1
A100950,2025-10-02,727,3,223518,2,0
A100951,2023-02-04,733,2,399755,1,0
A100952,2022-04-29,688,3,298023,0,0
A100953,2024-06-28,850,4,1238503,0,0
A100954,2022-01-23,824,3,182662,0,0
A100956,2023-04-27,811,1,80437,0,0
A100957,2023-03-06,850,4,69097,1,0
A100958,2023-02-05,845,0,194401,2,0
A100959,2023-07-09,850,5,169898,0,0
A100960,2023-12-16,850,0,108645,2,0
A100961,2024-03-20,794,0,55067,0,0
A100962,2025-06-20,744,6,432240,0,0
A100964,2022-02-02,833,3,127505,3,0
A100965,2025-05-10,850,0,251723,1,0
A100967,2025-06-27,850,3,198279,0,0
A100968,2023-10-02,699,0,913787,0,0
A100969,2024-07-08,762,4,236554,1,0
A100970,2023-02-23,707,3,103265,2,0
A100971,2022-07-06,850,2,233569,0,0
A100973,2023-04-24,850,0,333123,2,0
A100974,2025-09-15,628,4,104423,0,0
A100974,2025-08-16,762,0,217552,1,0
A100975,2022-04-07,796,1,34921,1,0
A100976,2022-06-27,723,2,181484,1,0
A100977,2022-09-13,850,0,261009,3,0
A100978,2022-01-31,759,0,62583,2,0
A100979,2024-07-07,690,5,109262,0,3
A100980,2025-10-23,837,5,1424833,0,0
A100981,2022-07-19,842,1,197624,0,0
A100982,2022-11-14,743,2,129248,0,0
A100983,2022-04-06,841,3,144341,1,0
A100984,2023-03-15,754,2,309943,1,0
A100985,2023-09-23,690,4,902040,3,0
A100986,2024-12-24,755,3,105515,0,0
A100987,2024-09-11,599,3,672126,2,0
A100988,2022-05-05,777,0,352971,0,0
A100990,2025-02-09,694,1,214415,0,0
A100991,2022-01-01,808,4,47793,0,0
A100992,2023-07-17,708,5,305154,1,0
A100993,2022-09-20,603,1,126730,0,0
A100994,2024-06-16,731,2,749112,0,0
A100995,2025-03-27,586,3,527768,1,0
A100996,2022-10-31,771,3,1478800,0,0
A100998,2022-04-28,832,0,66566,0,0
A100999,2022-09-26,850,3,205932,0,0
A100999,2022-08-26,850,1,162834,0,0
A101000,2025-11-22,691,1,162366,0,0
A101001,2024-09-01,850,5,231401,0,0
A101002,2024-05-13,743,0,217035,0,0
A101003,2025-03-09,850,1,561025,0,0
A101004,2024-05-02,850,1,150429,0,0
A101004,2024-04-01,770,1,65882,2,0
A101006,2022-08-31,850,0,342474,0,0
A101007,2024-02-22,739,0,277958,0,0
A101008,2024-01-07,850,2,142589,0,0
A101009,2025-06-08,794,3,111030,0,0
A101010,2024-02-15,850,0,408332,0,0
A101011,2025-06-25,665,3,351690,1,0
A101012,2025-11-01,730,0,103138,0,0
A101013,2025-11-07,745,0,736878,0,0
A101014,2024-02-19,850,2,649646,0,0
A101016,2023-10-31,850,0,282762,0,0
A101017,2023-01-03,766,4,54273,1,0
A101018,2022-04-06,732,2,231257,0,0
A101019,2024-02-05,760,2,501729,2,0
A101020,2024-11-15,850,0,67702,0,0
A101021,2024-09-12,741,1,154621,0,0
A101022,2022-10-10,850,3,35170,0,0
A101022,2022-09-09,833,2,202230,1,0
A101023,2024-02-08,732,4,179729,0,0
A101024,2023-10-09,850,0,122127,0,0
A101025,2022-10-29,645,1,442246,0,0
A101026,2022-08-11,730,5,17410,3,0
A101028,2022-04-11,850,2,112963,0,0
A101029,2022-03-08,795,3,228450,1,0
A101030,2022-06-21,708,2,451333,1,0
A101032,2022-02-25,682,2,39761,0,0
A101033,2025-12-10,850,1,278631,2,0
A101034,2022-05-25,694,3,115148,0,0
A101034,2022-04-24,850,1,105306,0,0
A101035,2022-08-13,835,4,141365,0,0
A101036,2025-12-11,850,3,210522,0,0
A101037,2024-12-09,775,3,88167,2,0
A101038,2025-02-12,799,2,83677,0,0
A101039,2025-12-21,720,2,88104,0,0
A101040,2024-08-30,771,4,81399,1,0
A101041,2023-12-26,809,2,110978,0,0
A101042,2023-07-27,740,4,264323,2,0
A101043,2022-08-18,850,5,66077,1,0
A101044,2025-12-27,850,2,207867,0,0
A101045,2023-09-07,850,2,264252,0,0
A101046,2024-10-27,658,2,70819,0,1
A101047,2024-08-30,850,1,117037,1,0
A101048,2022-08-23,834,3,94069,0,0
A101050,2024-06-24,850,3,103374,0,0
A101051,2024-03-26,802,3,59992,0,0
A101051,2024-02-23,768,5,618003,0,0
A101052,2024-11-11,841,2,285796,1,0
A101053,2025-01-09,683,1,204119,0,0
A101054,2025-04-25,664,2,192785,0,0
A101055,2022-05-25,764,1,160611,1,0
A101056,2024-12-06,741,1,395172,0,0
A101057,2025-02-14,788,1,335676,0,0
A101058,2022-02-12,850,0,508420,2,0
A101059,2024-12-25,850,0,120838,0,0
A101060,2025-05-15,850,1,144072,1,0
A101062,2022-08-01,803,2,52474,2,0
A101063,2024-02-13,778,2,211017,0,0
A101065,2022-03-11,834,2,252692,1,0
A101066,2023-11-03,812,0,161879,0,0
A101067,2024-11-04,788,4,76225,0,0
A101068,2023-02-26,706,2,297751,1,0
A101069,2022-12-17,850,0,144654,0,0
A101070,2025-12-12,690,2,200855,0,0
A101071,2024-01-16,817,0,129629,0,0
A101071,2023-12-18,683,2,348241,0,0
A101072,2024-03-17,837,1,79661,0,0
A101074,2025-10-03,814,0,220089,0,0
A101074,2025-09-01,778,6,241097,0,0
A101075,2025-08-09,543,0,107695,0,0
A101076,2025-12-06,850,4,111707,0,0
A101077,2023-02-06,810,0,399411,0,0
A101078,2022-08-29,785,2,625953,1,0
A101079,2022-04-26,760,3,55354,0,0
A101080,2022-11-07,848,2,49531,0,0
A101081,2025-12-13,793,3,154940,0,0
A101082,2024-03-31,776,4,636265,0,0
A101083,2024-04-01,663,1,403729,0,0
A101084,2022-08-06,777,4,108720,0,0
A101087,2023-05-10,822,0,150238,0,0
A101088,2024-08-09,709,1,1719669,0,0
A101089,2022-05-19,757,2,141282,0,0
A101090,2022-05-06,850,1,36546,0,0
A101091,2022-09-12,850,0,286803,0,0
A101092,2023-05-29,850,1,203202,0,0
A101093,2025-03-13,833,0,96081,0,0
A101094,2023-10-05,850,0,350534,0,0
A101095,2022-12-11,592,3,231873,1,0
A101096,2024-11-04,761,3,198147,0,0
A101097,2022-08-11,835,2,267358,2,0
A101098,2023-07-10,850,4,42006,0,0
A101099,2023-10-19,832,3,560472,0,0
A101100,2022-04-16,742,3,253995,0,0
A101100,2022-03-16,650,6,1065978,0,2
A101101,2022-05-22,768,1,114455,0,0
A101102,2025-06-28,850,4,212987,2,0
A101102,2025-05-30,850,1,355599,1,0
A101103,2024-02-13,850,3,110315,0,0
A101104,2023-04-30,850,0,67291,1,0
A101105,2024-12-18,752,3,111871,0,0
A101106,2022-01-13,805,2,318502,2,0
A101107,2023-03-04,751,1,140344,0,0
A101108,2023-03-31,850,2,323112,0,0
A101108,2023-03-01,742,3,121070,3,0
A101109,2025-12-31,735,4,179373,0,0
A101110,2023-04-12,789,0,392581,0,0
A101111,2022-08-24,731,0,65533,0,0
A101112,2022-08-03,580,3,154591,0,0
A101113,2025-07-23,714,0,303077,0,0
A101114,2024-09-12,788,1,121021,3,0
A101115,2024-12-04,684,5,243290,0,0
A101116,2022-06-14,850,1,124982,0,0
A101117,2023-06-09,644,1,74672,0,2
A101118,2022-01-27,703,3,153710,0,0
A101119,2025-11-11,656,2,28669,0,0
A101120,2023-09-21,850,1,350592,0,0
A101121,2024-05-02,757,5,34504,0,0
A101123,2023-08-29,802,4,194881,3,0
A101124,2022-12-18,850,2,636750,0,0
A101124,2022-11-18,797,4,76839,0,0
A101125,2025-11-24,786,1,102863,0,0
A101126,2024-06-09,850,2,312506,0,0
A101127,2024-11-23,850,2,354589,0,0
A101128,2022-07-11,770,4,51349,1,0
A101129,2025-12-23,731,1,246803,2,0
A101130,2023-02-23,833,5,944103,0,0
A101131,2025-10-01,716,3,135834,0,0
A101132,2023-01-05,625,2,369784,0,0
A101133,2022-02-04,831,1,78800,0,0
A101134,2022-05-21,693,2,359747,0,0
A101135,2024-11-03,742,0,73055,0,0
A101137,2023-12-18,665,5,639183,1,0
A101137,2023-11-20,759,2,312154,0,0
A101138,2023-12-30,619,1,380275,1,0
A101139,2024-06-15,762,3,970363,1,0
A101140,2022-01-29,743,2,323003,1,0
A101141,2025-11-11,850,0,190966,1,0
A101142,2024-05-14,769,1,327872,0,0
A101143,2022-10-24,669,1,61885,0,0
A101144,2025-03-30,850,1,242876,0,0
A101145,2023-08-11,694,2,55681,0,0
A101146,2022-06-30,802,3,411286,1,0
A101147,2024-12-16,586,5,96281,0,0
A101148,2022-04-26,798,1,238373,0,0
A101148,2022-03-27,780,5,206289,0,0
A101149,2025-08-09,812,5,240347,0,0
A101150,2025-02-02,721,3,555439,0,0
A101151,2024-10-14,850,3,245758,0,0
A101152,2024-12-02,618,0,414598,1,0
A101153,2023-02-17,782,0,131157,0,0
A101153,2023-01-18,811,2,299282,0,0
A101154,2024-04-09,816,2,69206,0,0
A101155,2023-05-22,773,0,649379,0,0
A101156,2022-04-22,735,1,130212,1,0
A101157,2024-09-17,847,3,81592,0,0
A101158,2022-09-23,813,1,118160,0,0
A101159,2025-05-21,725,3,88713,0,0
A101160,2025-10-05,850,1,341568,1,0
A101162,2025-11-21,817,1,435614,0,0
A101164,2023-06-20,850,0,244570,3,0
A101165,2023-08-10,617,4,109866,0,0
A101166,2023-04-21,850,3,541022,0,0
A101168,2025-01-08,850,4,70533,0,0
A101169,2022-06-10,609,4,106164,0,0
A101170,2023-03-17,795,3,107609,0,0
A101171,2025-07-20,850,2,42556,0,0
A101172,2023-03-04,707,3,256223,1,0
A101174,2024-07-26,850,1,43806,0,0
A101175,2022-08-07,782,5,98924,0,0
A101177,2024-04-23,700,0,659293,0,0
A101178,2023-10-15,662,2,573902,0,0
A101180,2022-11-16,778,2,55684,0,0
A101181,2022-11-07,842,3,56258,0,0
A101182,2023-08-31,762,1,196610,1,0
A101183,2024-01-04,771,4,298577,0,0
A101184,2025-01-23,731,0,285848,0,0
A101185,2024-02-19,675,1,50393,0,0
A101186,2025-03-13,818,1,175335,2,0
A101187,2025-01-23,756,3,131245,0,0
A101189,2022-04-20,717,5,1186904,0,0
A101190,2023-05-22,797,3,208570,0,0
A101191,2024-07-30,763,4,288905,0,0
A101192,2025-10-02,850,0,168758,0,0
A101192,2025-09-03,800,4,124494,0,0
A101194,2023-07-25,829,4,748124,0,0
A101195,2025-07-29,613,1,534393,0,0
A101196,2022-10-15,850,6,1117259,2,0
A101197,2023-03-20,786,3,138749,0,0
A101198,2022-12-02,850,5,123934,0,0
A101199,2023-11-29,761,1,163422,0,0
A101200,2023-09-26,785,1,60211,0,0
A101202,2022-01-24,812,1,210172,0,0
A101203,2024-09-30,745,1,390147,3,0
A101204,2025-03-18,850,1,253116,0,0
A101205,2024-09-24,808,2,580812,2,0
A101206,2025-01-24,749,2,349644,0,0
A101207,2024-05-08,755,1,41950,0,0
A101208,2025-08-10,783,1,104820,1,0
A101209,2024-05-04,592,4,176257,0,1
A101210,2024-05-04,810,0,137668,0,0
A101211,2022-02-16,805,3,533944,0,0
A101212,2022-09-13,769,4,356643,0,0
A101213,2025-05-23,726,4,280911,0,1
A101214,2025-06-04,611,3,173727,0,0
A101215,2023-12-07,850,0,264324,0,0
A101216,2022-12-14,777,3,1077898,1,0
A101217,2025-06-24,739,1,203950,2,0
A101218,2022-11-27,850,4,219458,2,0
A101219,2023-11-12,754,1,233398,1,0
A101220,2023-11-18,743,2,324256,0,0
A101221,2024-07-26,850,4,104979,0,1
A101222,2023-01-11,755,3,77513,2,0
A101223,2022-03-22,850,2,120713,0,0
A101224,2023-09-04,737,3,300473,0,0
A101225,2024-09-07,711,3,195357,1,0
A101226,2025-01-24,644,0,488489,0,4
A101227,2023-05-04,787,3,134021,0,0
A101228,2022-06-13,745,0,583050,0,0
A101229,2023-02-10,605,3,212584,0,0
A101230,2022-01-09,850,3,1187742,0,0
A101231,2023-01-23,758,4,51368,0,0
A101232,2025-02-07,690,3,148911,0,0
A101233,2023-10-26,850,3,763923,0,0
A101234,2022-10-01,738,4,211491,0,0
A101235,2023-09-12,830,4,31210,2,0
A101236,2022-07-23,761,3,256204,0,0
A101237,2025-01-26,850,1,246671,1,0
A101238,2023-07-02,701,3,153584,2,0
A101239,2022-12-16,691,3,1409660,1,0
A101240,2025-06-08,744,5,76425,2,0
A101241,2024-10-30,753,3,74297,0,0
A101242,2022-08-11,740,1,736339,1,0
A101243,2024-12-09,638,2,439507,0,0
A101244,2023-03-10,850,3,97610,0,0
A101245,2023-04-04,827,2,175846,0,0
A101246,2024-11-29,805,6,333895,2,0
A101247,2025-05-20,633,5,533708,1,0
A101248,2024-11-04,659,0,211198,0,0
A101249,2025-05-11,611,2,76466,0,0
A101250,2022-05-26,770,2,994781,0,0
A101251,2022-10-13,834,1,229273,0,0
A101252,2022-08-22,850,2,58706,0,0
A101253,2022-11-24,744,2,618648,0,1
A101255,2024-02-10,751,2,176960,0,0
A101256,2023-12-21,850,1,137703,0,1
A101257,2022-02-01,762,3,93013,0,0
A101258,2023-10-19,614,2,21327,0,0
A101259,2025-02-05,634,3,215757,2,0
A101260,2023-08-21,850,2,107935,2,0
A101261,2024-06-23,821,4,17316,0,0
A101262,2022-04-18,675,4,731418,0,0
A101263,2022-11-28,694,3,307898,0,0
A101264,2024-10-29,641,1,231111,0,0
A101265,2022-03-25,850,1,252551,0,0
A101266,2023-07-05,717,2,479183,0,1
A101268,2024-03-05,741,1,212736,0,0
A101270,2025-02-20,809,1,119642,0,0
A101271,2022-03-25,850,3,267840,3,0
A101272,2022-06-01,609,3,480988,2,0
A101273,2024-06-07,749,2,83373,0,0
A101273,2024-05-09,615,4,28040,0,1
A101274,2024-07-29,850,3,589709,0,0
A101275,2023-09-22,772,0,288008,0,0
A101276,2022-11-13,836,1,307815,2,0
A101277,2022-07-10,850,2,196964,0,0
A101278,2023-09-17,720,4,267613,0,0
A101279,2024-07-29,675,5,104023,0,0
A101280,2024-05-14,850,1,93848,3,0
A101281,2024-01-10,793,0,194489,0,0
A101281,2023-12-11,794,1,304193,0,0
A101283,2025-05-05,740,5,382836,2,0
A101284,2024-12-12,758,1,131102,0,0
A101285,2024-07-05,753,3,1226940,0,0
A101286,2023-07-25,760,1,33610,0,0
A101287,2025-08-17,713,0,351414,2,0
A101288,2023-08-04,752,4,282558,1,0
A101289,2025-07-31,790,5,138190,1,0
A101290,2021-12-30,850,3,120547,1,0
A101291,2022-12-29,771,1,115279,2,0
A101292,2022-07-27,754,3,79812,0,0
A101293,2023-06-23,850,4,334518,0,0
A101294,2025-05-07,777,0,248476,0,0
A101295,2022-09-29,709,3,30295,0,0
A101295,2022-08-29,850,1,122582,0,0
A101296,2023-05-29,783,0,763733,0,0
A101297,2023-03-12,850,4,103230,1,1
A101298,2025-03-29,714,2,344623,0,0
A101299,2022-11-14,578,4,283447,0,0
A101302,2022-07-17,696,0,255812,0,0
A101303,2025-11-28,735,6,54726,0,1
A101303,2025-10-26,610,2,70949,1,0
A101304,2025-10-06,822,3,60210,0,0
A101305,2024-01-22,707,3,162639,0,0
A101306,2023-06-21,725,2,77057,0,0
A101307,2024-08-09,850,2,79405,0,0
A101308,2024-11-10,850,3,69267,0,0
A101309,2022-11-05,844,3,62889,0,0
A101310,2025-10-16,840,0,198700,0,1
A101312,2023-11-02,820,4,752502,1,0
A101313,2024-01-13,603,0,603610,0,0
A101314,2022-03-31,850,2,747511,1,0
A101316,2022-06-24,814,2,237426,1,0
A101317,2023-01-08,740,0,835391,0,0
A101318,2023-01-03,693,3,227521,2,0
A101320,2024-02-06,850,1,45170,0,0
A101321,2024-07-11,643,2,80183,0,0
A101322,2023-05-21,749,4,472607,0,0
A101323,2023-11-29,850,3,298376,0,0
A101324,2025-09-12,714,1,167298,0,0
A101325,2023-09-15,772,4,328026,0,0
A101326,2025-05-02,766,3,200731,0,0
A101326,2025-04-02,800,0,203048,0,0
A101327,2022-06-22,813,4,379921,0,0
A101328,2023-07-08,850,3,132294,1,0
A101329,2022-05-19,834,0,673809,2,0
A101330,2022-06-23,760,1,30049,1,0
A101331,2025-03-10,774,4,88414,2,1
A101332,2025-09-17,850,3,388440,1,0
A101333,2023-11-04,694,0,80481,0,0
A101335,2022-02-01,797,2,144271,0,0
A101336,2025-01-17,828,4,356569,0,0
A101337,2023-07-26,807,0,231325,0,0
A101338,2024-06-13,836,2,292318,0,0
A101339,2023-02-13,810,1,225713,0,2
A101340,2022-01-07,681,0,201159,0,0
A101341,2022-03-22,665,2,90276,1,0
A101342,2025-05-26,850,1,35020,0,0
A101343,2022-02-12,839,1,50457,0,0
A101344,2022-12-05,850,2,56598,2,0
A101346,2025-07-19,806,2,209860,0,0
A101347,2025-07-22,845,3,78696,1,0
A101348,2024-05-24,805,1,78175,0,0
A101350,2022-07-06,763,3,242558,0,0
A101351,2025-04-27,803,1,169372,1,0
A101352,2025-05-29,850,3,268932,0,0
A101353,2023-03-01,822,2,270482,0,0
A101354,2024-12-28,714,1,70821,0,0
A101355,2022-05-05,790,1,509554,0,0
A101356,2023-12-16,769,0,101278,0,0
A101357,2023-05-17,850,4,100966,0,0
A101358,2025-04-28,850,1,40923,0,0
A101360,2023-12-24,850,2,164778,1,0
A101361,2025-10-22,850,0,329637,0,0
A101362,2022-12-29,850,3,211020,0,0
A101362,2022-11-30,799,1,162073,0,0
A101363,2024-10-22,850,1,232387,0,0
A101364,2022-04-19,669,5,589251,0,0
A101366,2025-05-10,752,4,572830,0,0
A101367,2023-03-11,757,6,74451,0,0
A101368,2022-11-10,578,0,609462,2,0
A101369,2025-06-28,850,3,185117,0,1
A101370,2024-07-11,645,2,220370,0,0
A101371,2025-04-03,850,3,212419,1,0
A101372,2025-10-16,772,4,113465,2,0
A101373,2022-05-16,850,4,48028,0,0
A101374,2025-11-13,850,0,374295,0,0
A101375,2024-02-22,777,3,230899,0,0
A101376,2023-04-30,750,1,136000,0,1
A101377,2025-12-11,850,0,688956,0,0
A101378,2025-08-11,712,5,408279,0,0
A101379,2025-08-24,693,5,468933,0,0
A101380,2024-10-26,850,5,1612273,0,0
A101381,2025-05-24,693,4,440497,2,0
A101382,2023-01-08,793,3,329547,0,0
A101383,2023-07-15,850,4,713548,1,0
A101384,2022-07-23,850,2,126121,1,1
A101385,2023-05-28,798,0,251606,0,0
A101386,2022-02-27,706,2,188890,0,0
A101387,2024-08-22,784,1,55648,0,0
A101388,2024-10-19,846,4,189392,1,0
A101389,2023-04-21,834,1,58998,0,0
A101390,2023-10-31,759,2,107296,0,0
A101391,2022-03-14,814,3,45695,2,0
A101392,2023-03-15,850,1,56264,1,0
A101393,2024-04-25,756,3,415575,0,0
A101395,2025-07-02,850,1,215049,0,0
A101397,2022-11-07,850,3,391009,0,0
A101398,2025-12-06,692,2,68422,0,0
A101399,2025-09-12,850,2,378062,1,0
A101400,2025-07-19,760,4,204572,0,0
A101400,2025-06-20,850,3,37078,0,0
A101401,2023-03-24,777,1,136617,2,0
A101402,2024-11-26,740,2,84739,1,0
A101404,2025-10-30,728,0,73746,0,0
A101405,2025-03-14,759,1,327129,0,0
A101406,2023-01-08,813,4,72804,1,1
A101407,2024-04-14,825,6,535608,0,0
A101408,2023-02-26,830,2,305863,0,0
A101409,2023-06-10,714,1,484839,0,0
A101410,2024-05-22,850,4,111740,0,0
A101411,2025-12-11,553,0,742407,0,0
A101412,2023-12-23,850,1,170321,1,0
A101413,2023-06-13,790,3,125765,0,1
A101414,2025-01-07,675,0,111330,1,0
A101415,2023-01-11,591,3,436132,0,2
A101417,2023-08-23,657,0,132020,0,0
A101419,2025-05-03,850,2,68395,3,0
A101419,2025-04-02,795,3,107862,1,0
A101420,2024-09-14,771,0,268169,0,0
A101421,2024-05-08,810,6,162301,0,0
A101422,2025-11-15,806,1,210067,2,0
A101423,2023-12-30,719,1,552765,1,0
A101424,2024-05-02,769,1,66548,0,0
A101425,2024-07-04,739,2,98077,1,3
A101426,2023-08-04,604,2,16426,0,0
A101427,2023-11-03,645,3,170051,0,0
A101428,2024-11-21,821,4,308660,0,0
A101430,2024-12-12,829,0,458366,0,0
A101431,2022-02-10,768,4,209125,0,0
A101433,2022-12-01,741,1,139786,1,0
A101434,2023-06-24,744,2,228547,1,0
A101435,2024-10-04,739,3,82747,1,0
A101436,2022-12-30,783,2,346579,0,0
A101437,2025-10-31,736,2,714987,0,0
A101438,2022-01-25,850,0,293600,1,0
A101439,2025-07-23,850,6,488605,0,0
A101440,2024-12-22,850,3,48429,2,0
A101441,2024-08-21,777,3,137200,1,0
A101442,2022-01-10,850,3,4116069,0,0
A101443,2025-12-11,764,2,74405,1,0
A101444,2022-11-06,762,3,305005,0,0
A101445,2025-12-15,850,0,271258,0,0
A101446,2022-01-11,752,0,224927,0,0
A101447,2024-08-15,599,3,62284,0,0
A101448,2023-02-28,750,2,228702,0,0
A101450,2022-12-10,836,0,270215,0,0
A101451,2025-04-28,777,2,254569,0,0
A101452,2022-11-13,657,6,68762,3,0
A101453,2022-05-21,850,0,365309,3,0
A101454,2024-01-04,734,1,1420653,0,0
A101455,2024-10-05,847,4,46523,0,0
A101456,2022-10-03,822,2,190050,1,0
A101457,2023-09-22,823,1,215298,0,0
A101458,2024-04-14,850,2,80514,0,0
A101459,2024-03-19,742,2,41633,0,0
A101460,2025-09-16,850,3,207355,0,0
A101461,2022-09-27,803,0,273006,0,0
A101462,2022-05-06,760,2,271731,1,0
A101463,2025-01-09,612,0,397218,0,0
A101464,2023-08-07,669,1,31902,2,0
A101465,2023-02-22,662,3,123373,0,0
A101466,2022-10-18,705,2,177761,1,0
A101467,2022-09-10,850,3,21156,0,0
A101467,2022-08-13,850,3,138717,0,0
A101469,2023-04-04,578,3,616971,0,0
A101470,2025-08-29,788,3,376147,0,0
A101471,2023-01-05,631,1,84100,1,1
A101472,2024-04-08,668,1,1012468,0,0
A101473,2024-05-17,850,5,110466,0,0
A101474,2022-04-09,738,0,76751,0,0
A101475,2025-08-15,850,0,238322,1,0
A101476,2022-07-09,720,0,522298,2,0
A101478,2023-01-10,805,2,52336,3,0
A101479,2025-05-27,766,4,139089,0,0
A101480,2022-02-15,783,5,55597,0,0
A101481,2024-10-16,850,0,63710,1,0
A101482,2023-09-29,798,1,179200,0,0
A101483,2024-07-07,709,3,78269,1,0
A101484,2023-02-01,850,0,121968,0,0
A101485,2025-11-03,850,3,83015,1,0
A101486,2022-03-18,850,1,354908,1,0
A101487,2022-01-25,820,6,168788,0,0
A101488,2023-11-18,817,3,61508,0,0
A101489,2023-03-08,850,2,275168,0,0
A101490,2025-01-04,690,1,109787,3,0
A101491,2025-04-14,704,1,62199,1,0
A101492,2024-08-10,850,3,179169,0,0
A101493,2024-10-31,734,2,168949,2,0
A101494,2022-01-03,850,0,790674,1,0
A101495,2022-03-19,842,4,43409,0,0
A101496,2023-02-22,733,3,125832,0,0
A101497,2022-05-03,730,4,48729,0,0
A101501,2022-05-14,747,4,337027,0,0
A101502,2022-02-06,781,6,101059,1,0
A101503,2022-06-12,829,3,434240,0,0
A101504,2023-03-30,643,3,129896,0,0
A101505,2025-04-01,718,5,198752,0,0
A101506,2022-10-08,850,2,2644155,0,0
A101507,2023-09-05,693,1,127339,0,2
A101508,2024-03-23,659,1,675586,0,0
A101509,2023-09-12,850,0,732963,0,0
A101510,2025-07-04,850,4,172838,0,0
A101510,2025-06-06,777,2,477279,2,0
A101512,2022-05-16,743,0,182840,1,0
A101513,2022-08-27,667,2,59733,3,0
A101515,2023-02-27,672,1,83530,0,0
A101516,2024-03-24,850,0,691215,3,0
A101517,2024-12-28,666,2,237679,2,0
A101518,2024-07-12,845,1,729101,0,0
A101519,2022-08-06,850,0,409618,0,0
A101520,2023-06-08,827,4,264737,2,0
A101521,2023-08-29,667,2,170288,1,0
A101523,2024-09-04,737,2,101671,0,0
A101524,2022-08-10,850,1,129720,1,0
A101525,2022-10-23,835,5,243072,0,0
A101526,2025-11-19,777,0,218194,0,0
A101526,2025-10-21,648,1,201714,0,0
A101527,2024-10-06,759,4,568796,0,0
A101529,2024-08-24,830,0,273359,0,0
A101530,2023-12-21,850,0,149930,0,0
A101533,2023-09-16,721,2,307327,0,0
A101534,2022-03-27,804,0,40802,0,0
A101535,2024-04-13,773,4,296730,1,0
A101536,2022-05-19,833,0,232149,0,0
A101537,2024-01-11,801,0,112803,0,0
A101538,2024-10-23,850,3,42543,2,0
A101539,2024-01-24,798,1,757241,0,0
A101539,2023-12-24,723,3,66516,0,0
A101540,2025-12-22,724,1,456945,0,0
A101541,2023-09-25,825,4,113658,1,0
A101542,2022-01-25,767,4,205035,0,0
A101543,2022-05-12,850,2,913061,0,0
A101545,2023-11-20,648,2,70337,0,0
A101546,2025-04-30,634,2,509440,2,0
A101547,2024-06-04,774,2,403625,3,0
A101547,2024-05-04,820,1,143299,0,0
A101548,2023-12-14,499,0,236504,0,0
A101549,2025-07-31,660,3,181704,0,0
A101550,2024-10-01,835,0,80212,0,0
A101550,2024-09-01,702,4,253453,0,0
A101551,2023-12-07,843,4,816443,0,0
A101552,2025-01-05,750,4,383213,2,0
A101553,2024-06-17,704,1,2125349,0,0
A101554,2025-09-30,517,4,757125,0,0
A101555,2024-10-12,787,2,121778,0,0
A101556,2025-08-04,705,3,176421,1,1
A101557,2023-07-16,663,0,146034,0,0
A101558,2022-01-28,850,2,72931,0,0
A101559,2023-01-04,745,3,37489,0,1
A101560,2022-08-08,678,2,48894,0,0
A101561,2025-10-24,843,0,199505,0,0
A101562,2022-07-05,850,1,297583,0,0
A101564,2023-02-19,850,6,200985,2,0
A101565,2025-01-02,850,2,117934,0,0
A101566,2025-10-08,812,2,397134,0,0
A101567,2022-05-20,764,2,248952,0,0
A101569,2025-04-12,850,1,144316,0,0
A101570,2025-05-22,711,0,746266,0,0
A101571,2022-04-26,850,1,192021,0,0
A101572,2024-10-03,553,5,88464,0,0
A101573,2025-01-07,751,4,218821,0,0
A101574,2022-03-01,850,2,125641,1,0
A101575,2022-04-22,638,2,197329,1,0
A101576,2022-09-12,850,0,302838,1,0
A101578,2024-01-09,776,1,62243,0,0
A101579,2025-02-14,704,0,82313,1,0
A101580,2025-01-22,803,0,197631,0,0
A101581,2022-09-29,850,5,1733516,2,0
A101582,2025-05-13,850,3,209347,1,0
A101583,2024-08-25,769,0,331253,0,0
A101585,2024-02-25,756,3,256010,1,0
A101586,2024-10-03,766,2,2589001,0,0
A101587,2025-08-01,628,3,390790,0,0
A101588,2025-11-06,813,0,187815,0,0
A101589,2022-09-22,833,3,516733,0,0
A101590,2025-09-08,727,0,410524,0,0
A101591,2022-04-24,850,5,459891,0,0
A101592,2022-05-30,608,2,318732,3,0
A101593,2022-03-25,819,1,330236,0,0
A101594,2025-02-07,803,2,450517,1,0
A101594,2025-01-08,850,3,90123,0,0
A101595,2024-07-20,691,0,596719,0,0
A101596,2023-08-25,778,5,251764,1,0
A101597,2024-08-20,756,2,234803,0,0
A101598,2025-11-26,731,5,72820,0,0
A101599,2022-01-10,587,1,115403,0,0
A101600,2024-09-28,696,5,400879,0,0
A101601,2022-10-02,690,5,144863,1,0
A101602,2022-05-15,766,2,377965,0,0
A101603,2023-08-29,850,4,177051,0,0
A101604,2025-11-29,665,2,179355,0,0
A101606,2024-12-12,849,1,261573,1,0
A101607,2023-08-27,850,3,99454,1,0
A101608,2022-05-18,819,1,131162,0,0
A101609,2023-11-22,850,1,189157,1,0
A101610,2025-09-01,569,5,119790,1,0
A101611,2023-05-22,829,2,544567,1,0
A101612,2023-05-02,766,2,229674,1,0
A101613,2022-07-30,721,3,103393,0,0
A101614,2023-06-24,850,0,272957,0,0
A101615,2025-04-15,662,1,215782,0,0
A101616,2023-07-18,568,3,84177,0,0
A101618,2023-10-10,850,1,226217,0,0
A101619,2024-06-10,850,3,62638,0,0
A101619,2024-05-13,850,4,87196,0,0
A101620,2025-11-27,752,0,339969,0,0
A101621,2024-05-08,615,4,360417,0,0
A101622,2024-08-16,749,2,123560,0,0
A101623,2025-06-22,811,3,187130,1,0
A101624,2024-11-05,829,3,275356,0,0
A101625,2023-05-11,850,0,190612,0,0
A101626,2025-05-29,850,0,155757,0,0
A101627,2022-02-05,660,0,354091,0,0
A101628,2025-11-23,558,1,490750,1,0
A101630,2023-05-05,832,2,772245,0,0
A101631,2025-09-17,732,2,213449,1,2
A101632,2022-06-24,562,1,214640,0,1
A101632,2022-05-25,692,0,816962,0,3
A101634,2025-03-21,653,4,99055,0,0
A101635,2025-08-08,850,2,96562,1,0
A101636,2024-09-08,786,4,280944,0,0
A101637,2022-06-27,850,2,109521,0,0
A101638,2024-09-21,751,4,106358,0,0
A101639,2022-03-12,798,1,163158,0,0
A101640,2023-07-02,833,3,185745,0,0
A101641,2023-04-17,850,4,64307,0,0
A101642,2023-10-02,595,3,21775,1,0
A101643,2022-01-22,707,3,36609,2,0
A101644,2025-02-21,634,2,350219,1,0
A101645,2024-03-18,756,0,162859,0,0
A101646,2024-10-05,807,1,61421,0,0
A101647,2023-03-24,785,3,355952,0,0
A101648,2023-05-29,790,0,572678,0,0
A101650,2025-08-20,787,3,534553,1,0
A101651,2022-07-12,612,0,368654,1,0
A101652,2023-04-01,732,4,276773,0,0
A101654,2025-04-04,836,3,240866,0,0
A101655,2024-01-15,850,0,170749,0,0
A101656,2025-03-29,797,3,1139562,0,0
A101657,2024-08-01,797,0,171380,2,0
A101658,2025-03-06,728,3,73719,0,0
A101658,2025-02-03,731,3,227416,0,0
A101659,2023-11-28,743,4,172148,2,0
A101660,2023-03-08,809,1,16732,0,0
A101661,2023-10-27,779,2,159240,0,0
A101662,2022-02-27,435,2,275896,0,0
A101664,2023-01-18,817,4,152346,0,0
A101665,2024-01-03,744,2,449491,0,0
A101666,2023-12-16,695,0,383982,1,0
A101667,2024-05-24,800,4,274634,0,0
A101668,2023-06-29,850,0,75226,0,0
A101669,2024-10-02,850,4,34764,2,0
A101670,2023-04-27,779,2,461528,0,0
A101671,2024-09-15,834,4,75732,0,0
A101672,2022-05-09,850,2,386005,0,0
A101673,2024-01-03,611,3,211773,0,0
A101674,2023-08-24,846,2,109444,3,0
A101675,2024-12-05,850,2,334239,0,0
A101676,2022-03-28,850,3,82779,0,0
A101677,2024-01-22,798,0,232748,0,0
A101678,2022-01-21,730,2,245002,1,2
A101679,2023-12-06,743,1,107576,3,0
A101680,2025-09-13,850,3,139361,0,0
A101681,2025-02-10,769,5,57952,2,0
A101682,2024-12-30,732,2,45502,0,0
A101683,2022-10-23,850,0,105626,0,0
A101684,2025-07-20,772,2,191127,0,0
A101685,2022-01-31,719,1,150705,1,0
A101686,2023-02-20,629,3,73163,1,0
A101688,2023-06-21,768,3,118142,0,0
A101689,2022-02-07,713,4,246000,0,0
A101691,2022-06-21,780,2,369861,2,0
A101692,2022-10-28,850,4,199728,0,0
A101693,2023-01-26,762,1,107101,1,0
A101694,2023-08-11,727,5,282218,0,0
A101695,2024-11-16,833,4,58418,0,0
A101697,2025-09-15,850,3,189523,0,0
A101698,2024-10-25,757,0,323118,0,0
A101699,2025-08-04,813,0,259894,0,0
A101700,2023-05-01,850,1,1132582,0,0
A101701,2024-02-24,686,4,284253,0,0
A101702,2024-09-01,815,1,89704,0,0
A101704,2022-12-28,690,1,135148,2,0
A101705,2023-01-07,737,2,51363,0,0
A101706,2022-03-13,745,2,235636,0,0
A101706,2022-02-14,842,3,59386,0,0
A101707,2025-10-06,802,1,1270004,0,0
A101708,2023-12-27,767,0,384563,0,0
A101709,2024-09-23,821,4,313869,0,0
A101710,2024-01-02,643,2,84033,0,0
A101711,2024-03-09,740,4,169105,0,0
A101711,2024-02-05,711,0,468565,0,0
A101713,2023-03-08,697,4,83401,1,0
A101714,2024-09-16,850,0,51942,2,0
A101715,2024-06-18,756,0,203051,2,0
A101716,2024-09-11,850,5,212910,2,0
A101717,2025-03-24,695,0,82548,0,0
A101718,2022-08-31,850,7,320498,0,0
A101719,2024-12-10,678,1,618542,1,0
A101720,2022-02-15,850,4,72680,0,0
A101721,2022-05-03,717,0,187427,1,0
A101722,2025-10-21,740,3,229201,0,0
A101724,2023-10-20,768,2,361590,1,0
A101725,2023-04-28,833,0,155920,0,0
A101726,2024-02-05,799,3,51411,0,0
A101727,2025-05-07,850,3,87394,0,0
A101728,2022-06-12,688,1,129854,0,0
A101729,2024-11-27,641,5,41556,0,1
A101730,2022-08-08,850,1,75621,0,0
A101731,2025-12-26,542,2,306047,1,0
A101732,2024-02-08,822,3,186663,1,0
A101733,2025-07-19,783,2,264044,3,0
A101734,2023-06-27,850,3,51765,0,0
A101735,2023-09-04,588,1,565074,0,0
A101736,2024-12-05,814,2,118997,0,0
A101738,2023-10-22,708,3,178127,0,0
A101739,2023-07-11,819,3,380793,0,0
A101740,2024-01-23,836,3,86508,0,0
A101741,2023-04-25,850,3,306512,0,0
A101742,2023-03-23,843,3,149998,2,0
A101743,2024-03-17,625,2,77184,0,0
A101744,2025-10-16,607,0,307368,0,0
A101746,2022-07-07,811,7,371237,1,0
A101747,2024-12-07,665,1,218646,0,0
A101748,2023-07-26,695,2,1033611,0,0
A101749,2024-10-23,725,0,721463,1,0
A101750,2024-02-24,614,2,102513,0,0
A101751,2022-09-19,779,3,213234,0,2
A101752,2024-06-06,800,2,186603,0,0
A101753,2022-10-08,726,2,160324,0,0
A101754,2022-08-03,850,3,86447,1,0
A101755,2022-04-09,850,3,90789,1,0
A101756,2025-09-21,711,4,153761,0,0
A101757,2022-08-03,727,1,48689,2,0
A101758,2024-12-23,626,3,69743,0,0
A101759,2022-03-16,645,0,942504,2,1
A101760,2023-09-21,823,4,920727,0,0
A101761,2022-09-15,724,0,381774,0,0
A101762,2023-09-18,785,0,187489,0,0
A101763,2024-02-22,850,4,180551,0,0
A101764,2023-10-29,724,0,333245,1,0
A101765,2025-10-04,850,3,164049,0,0
A101766,2024-12-06,810,3,168828,3,0
A101767,2022-08-11,789,3,81690,0,0
A101768,2022-01-22,727,2,178964,0,0
A101768,2021-12-23,711,1,816415,0,0
A101769,2024-04-26,634,0,517196,0,0
A101770,2025-08-19,814,1,83754,1,0
A101771,2023-08-24,758,2,727067,2,0
A101773,2025-11-06,731,1,330975,2,0
A101774,2022-09-17,810,2,566888,1,1
A101775,2024-04-18,792,5,100367,0,0
A101776,2024-05-29,850,1,226892,0,0
A101777,2025-03-21,850,0,245171,2,0
A101778,2022-10-27,757,4,138325,0,0
A101779,2022-03-19,724,4,114455,0,0
A101781,2024-10-07,670,2,203183,0,0
A101782,2022-02-10,738,3,93523,1,0
A101783,2025-09-25,850,2,121220,0,0
A101784,2022-12-09,850,5,285054,0,0
A101784,2022-11-09,760,1,47480,0,0
A101785,2024-02-20,693,3,405289,1,0
A101786,2022-04-12,826,2,51988,0,0
A101787,2025-06-10,837,1,130184,0,0
A101788,2023-07-16,647,2,155207,0,0
A101789,2023-08-01,850,0,154892,1,0
A101790,2022-06-23,815,1,205711,2,0
A101791,2022-12-03,710,4,161019,1,0
A101792,2024-04-01,697,0,70622,0,0
A101793,2022-10-13,850,7,352533,3,0
A101794,2024-07-18,831,1,434615,0,2
A101794,2024-06-16,791,5,45818,0,0
A101795,2024-05-09,849,3,287071,0,0
A101796,2024-07-23,698,2,164717,0,0
A101797,2022-05-30,764,3,524370,0,0
A101798,2025-08-11,778,5,205368,3,0
A101799,2022-08-01,850,3,400486,2,0
A101800,2024-07-20,509,2,27816,3,0
A101803,2024-11-01,620,5,87006,0,0
A101805,2024-12-19,850,4,74657,0,0
A101806,2023-12-31,754,3,41700,3,0
A101806,2023-11-29,850,3,227732,0,0
A101807,2025-09-16,812,0,640420,2,2
A101808,2025-09-23,830,1,671740,0,0
A101810,2024-10-04,725,1,112501,0,0
A101811,2024-12-17,845,3,329144,0,0
A101812,2025-06-07,736,3,16415,0,0
A101813,2025-11-14,850,3,37006,0,0
A101814,2023-06-14,710,0,273822,0,0
A101815,2025-06-30,791,5,81382,0,0
A101816,2025-09-09,850,1,79190,3,0
A101817,2022-09-04,708,2,264009,0,0
A101817,2022-08-06,850,2,545483,0,0
A101818,2023-05-06,665,4,295815,0,0
A101819,2024-11-14,721,0,412237,0,0
A101820,2025-03-27,804,0,209565,0,0
A101821,2023-06-13,850,4,442014,1,0
A101822,2023-06-05,826,3,1112542,2,0
A101823,2025-10-18,850,3,140981,0,0
A101825,2022-10-17,782,2,151058,1,0
A101825,2022-09-19,686,4,90206,0,0
A101826,2025-01-31,850,4,125965,1,0
A101827,2025-08-04,850,2,307166,1,0
A101828,2025-07-15,850,3,101209,0,0
A101829,2024-12-31,698,0,73775,1,0
A101831,2022-10-07,568,2,661215,0,0
A101832,2023-04-06,776,5,1777814,0,0
A101834,2024-09-26,634,2,335350,0,0
A101835,2024-06-05,850,0,26675,3,0
A101836,2024-11-19,790,1,448938,0,0
A101837,2022-07-17,850,0,12195,1,1
A101838,2023-10-25,617,4,375346,0,0
A101839,2023-12-08,788,2,20127,0,0
A101840,2025-07-03,816,4,105015,1,0
A101841,2025-11-08,850,2,87686,2,0
A101842,2025-01-14,694,1,338019,0,0
A101843,2022-07-23,638,4,107330,0,0
A101844,2024-11-10,839,1,119747,0,0
A101846,2025-07-20,584,0,203964,0,0
A101847,2022-09-18,794,0,896039,2,0
A101850,2022-01-23,585,2,79017,1,0
A101851,2025-02-10,718,0,293664,3,0
A101852,2023-10-09,848,3,19328,1,0
A101854,2025-08-05,728,0,446917,0,0
A101855,2025-03-29,715,2,357507,0,0
A101856,2022-06-05,850,3,108456,1,0
A101857,2022-11-06,850,2,94713,1,0
A101858,2024-01-26,550,0,106406,2,2
A101859,2022-09-30,850,2,62632,0,0
A101860,2025-06-22,716,3,219427,0,0
A101860,2025-05-24,758,3,317659,0,0
A101861,2023-12-18,794,2,78640,0,0
A101862,2023-09-05,641,3,461419,0,0
A101863,2023-08-15,678,5,578260,0,0
A101864,2022-02-15,715,3,549601,0,0
A101865,2023-06-29,850,5,118415,3,0
A101866,2023-03-04,715,2,220920,0,0
A101867,2024-08-28,841,0,288186,0,0
A101868,2025-05-23,770,2,194469,0,0
A101869,2023-05-22,746,0,458117,0,0
A101870,2024-07-22,647,4,170404,0,0
A101871,2025-04-13,809,4,339315,1,0
A101871,2025-03-12,790,0,144405,1,0
A101872,2023-09-30,720,2,180653,0,0
A101872,2023-08-29,786,4,499904,0,0
A101873,2023-12-21,850,1,156583,1,0
A101874,2024-12-20,662,2,392259,0,0
A101875,2025-05-01,610,1,30328,0,0
A101876,2024-07-19,850,3,318688,0,0
A101877,2024-01-09,850,3,223183,3,0
A101878,2025-12-12,850,2,173522,0,0
A101878,2025-11-14,825,0,302437,1,0
A101879,2023-11-08,655,3,193639,0,0
A101880,2023-12-01,850,3,88554,0,0
A101882,2024-05-09,754,2,432531,0,0
A101883,2024-04-22,843,0,319364,0,0
A101883,2024-03-22,794,0,110456,0,0
A101884,2022-07-02,850,4,330396,0,0
A101885,2023-06-13,744,3,537591,0,0
A101886,2024-10-21,816,1,44418,0,0
A101887,2025-04-25,753,0,338131,0,0
A101888,2022-09-25,850,4,63645,0,0
A101889,2025-06-14,746,2,250072,0,0
A101890,2025-04-14,850,2,223764,0,0
A101891,2024-05-19,850,1,93297,0,0
A101893,2022-09-12,850,1,352457,1,0
A101893,2022-08-12,850,2,427383,3,0
A101894,2024-07-22,850,0,375609,0,0
A101896,2022-05-26,767,2,25576,0,0
A101897,2025-08-11,719,0,230217,0,0
A101898,2025-02-08,749,4,96040,1,0
A101899,2023-11-21,850,2,132798,0,0
A101900,2022-02-09,850,3,83385,0,0
A101901,2022-10-24,850,2,341745,0,0
A101903,2025-07-14,809,1,117928,1,0
A101904,2022-08-08,834,0,9673,0,0
A101905,2023-12-25,850,1,94093,0,0
A101906,2022-05-30,753,0,255053,1,0
A101907,2023-07-19,769,3,86895,0,0
A101908,2024-12-03,850,4,120719,0,0
A101909,2024-03-19,677,1,643771,0,0
A101910,2025-07-13,718,3,259591,0,0
A101911,2023-08-17,744,2,734894,0,0
A101912,2024-01-18,708,3,161494,0,0
A101914,2024-05-31,850,0,408243,1,0
A101915,2023-09-21,699,2,264341,0,0
A101916,2024-07-21,672,0,400849,0,0
A101917,2022-01-23,832,2,101608,0,0
A101918,2023-11-03,744,2,94599,0,0
A101919,2025-09-02,818,2,344822,3,0
A101920,2025-03-05,678,1,132477,2,2
A101921,2023-05-09,721,1,46318,0,0
A101922,2022-04-15,800,1,476751,0,0
A101923,2022-07-18,850,3,65694,1,0
A101925,2024-12-13,699,1,59545,0,0
A101926,2022-11-12,850,0,1516612,0,0
A101927,2022-07-30,668,3,157378,0,0
A101928,2024-01-26,849,3,310858,1,0
A101928,2023-12-25,641,2,144548,1,0
A101930,2024-06-06,820,0,35122,2,0
A101931,2023-12-03,801,4,599947,0,0
A101931,2023-11-05,821,0,114087,0,0
A101932,2022-03-04,609,2,142083,0,0
A101935,2024-06-19,834,6,2961287,0,0
A101936,2022-03-21,732,0,547306,0,0
A101937,2022-01-15,673,3,165517,0,0
A101938,2023-07-16,739,3,477390,0,0
A101939,2023-07-01,719,1,161898,2,0
A101940,2023-05-24,791,1,122691,0,1
A101941,2023-07-18,722,1,23841,0,0
A101942,2025-04-07,850,3,43886,0,0
A101943,2022-11-19,828,0,124241,1,0
A101944,2025-08-06,850,1,155618,0,0
A101944,2025-07-08,759,6,177612,0,0
A101945,2024-03-31,718,2,121965,0,0
A101946,2025-08-14,706,2,39906,0,0
A101947,2023-01-31,785,3,209319,0,0
A101948,2022-06-22,850,2,92226,0,0
A101949,2025-01-15,574,1,105008,1,0
A101950,2024-03-13,850,4,262617,0,0
A101952,2025-02-22,850,2,226283,0,0
A101953,2025-08-17,648,5,414677,0,0
A101954,2022-08-27,612,4,123303,0,0
A101955,2022-04-28,736,3,208089,0,0
A101956,2022-08-26,850,4,217769,1,0
A101957,2023-01-19,589,3,162389,0,0
A101958,2022-01-15,850,0,117056,3,0
A101959,2024-12-06,850,5,92163,0,0
A101960,2025-08-17,850,1,173424,0,0
A101961,2025-04-07,850,1,71697,0,0
A101963,2023-01-19,790,4,297262,0,0
A101964,2023-03-03,850,2,432542,0,0
A101965,2024-07-08,786,0,131548,0,0
A101966,2025-01-08,757,4,642618,0,0
A101967,2024-07-19,683,2,548290,0,0
A101968,2025-02-27,788,3,1322004,0,0
A101970,2025-03-11,850,0,53417,0,0
A101971,2024-02-19,743,1,221965,0,0
A101972,2022-01-14,722,1,213012,0,0
A101973,2022-02-21,760,1,52754,0,0
A101974,2022-08-04,810,1,123869,0,0
A101976,2024-04-06,829,0,859119,0,0
A101977,2024-02-17,850,0,128241,0,0
A101978,2025-06-12,850,3,276305,0,0
A101979,2022-09-13,658,1,737233,0,0
A101981,2024-10-31,850,4,505612,0,0
A101981,2024-10-02,535,1,116808,0,0
A101982,2022-12-09,850,4,404077,0,0
A101983,2025-08-28,764,3,74785,0,0
A101984,2025-10-07,831,3,471811,0,0
A101985,2025-11-16,730,0,218423,0,0
A101986,2024-06-07,764,0,968328,0,0
A101987,2022-05-30,695,4,105953,0,0
A101988,2022-05-19,685,3,90925,2,0
A101989,2022-12-02,734,3,117981,1,0
A101990,2025-02-15,658,3,68332,0,0
A101991,2025-01-26,622,3,488457,0,0
A101992,2024-09-25,850,0,1207566,2,0
A101992,2024-08-26,850,0,627742,0,0
A101993,2022-10-17,742,2,746372,0,0
A101995,2022-03-12,716,1,56511,0,0
A101996,2022-09-02,686,0,341089,0,0
A101997,2023-12-28,829,2,173407,2,0
A101999,2024-12-20,811,2,88376,1,0
A102000,2024-07-09,801,0,328149,0,0
A102001,2024-10-02,843,0,124886,0,0
A102002,2024-03-13,750,1,627101,3,0
A102003,2022-07-09,649,2,320362,1,0
A102004,2024-12-15,766,2,76617,0,0
A102005,2022-05-13,597,4,188535,0,0
A102006,2024-03-08,674,2,211284,0,0
A102007,2022-05-19,783,2,90720,1,0
A102007,2022-04-19,850,3,69618,0,0
A102008,2023-10-20,813,1,717758,0,0
A102009,2025-04-20,850,0,105091,0,0
A102010,2023-04-22,689,3,126297,2,0
A102012,2023-02-13,830,4,11257,1,0
A102013,2024-08-09,689,4,365215,0,0
A102014,2025-04-24,650,2,160872,0,0
A102016,2024-03-14,850,2,89389,3,0
A102017,2022-02-13,619,2,236472,0,0
A102018,2025-07-05,745,4,54016,0,0
A102018,2025-06-05,741,0,60693,0,0
A102019,2022-07-27,831,3,59887,1,0
A102020,2023-11-16,850,5,360105,0,0
A102021,2022-05-20,818,1,77801,0,0
A102022,2024-06-11,850,1,351853,0,0
A102023,2023-11-16,695,2,235117,3,0
A102024,2022-09-25,787,1,480939,0,0
A102025,2024-10-26,850,2,166362,0,0
A102026,2022-07-17,767,3,222486,1,0
A102027,2025-03-26,720,4,291290,1,0
A102028,2023-07-12,731,4,137306,0,1
A102028,2023-06-15,701,0,486137,0,0
A102029,2025-09-07,766,3,41813,0,0
A102030,2022-12-02,751,0,185128,2,0
A102031,2023-09-14,539,3,157946,0,0
A102032,2024-10-06,818,0,95202,0,0
A102033,2023-04-17,660,0,42674,1,0
A102034,2025-11-10,815,3,143335,0,0
A102034,2025-10-13,774,1,77284,3,0
A102036,2023-03-11,820,3,271963,0,0
A102038,2023-02-19,850,3,73166,0,0
A102039,2022-02-11,738,0,323302,0,0
A102040,2022-06-14,830,2,209645,0,0
A102041,2023-09-04,798,0,24746,0,0
A102042,2022-07-09,784,0,332591,3,0
A102043,2024-07-20,850,1,351469,2,0
A102044,2024-04-09,850,1,169166,0,0
A102045,2025-02-25,723,0,77991,0,0
A102046,2022-10-15,724,2,18083,0,0
A102047,2025-04-21,730,3,283594,0,0
A102050,2024-10-23,850,1,161458,0,0
A102051,2022-01-16,850,2,195881,0,0
A102051,2021-12-17,850,4,185929,2,0
A102052,2022-03-27,850,3,30040,0,0
A102053,2022-08-16,850,5,385417,0,0
A102054,2025-07-25,657,1,205529,3,1
A102056,2024-11-07,794,1,111660,0,0
A102057,2022-03-03,748,4,145638,0,0
A102058,2025-05-23,634,4,75039,1,0
A102059,2024-04-17,818,0,1692912,0,0
A102060,2022-09-04,850,2,274105,1,0
A102061,2024-03-23,740,0,178543,0,0
A102062,2023-09-11,809,3,244933,0,0
A102063,2022-07-12,776,2,216268,0,0
A102064,2022-07-06,688,2,93235,0,0
A102065,2023-07-21,827,5,755372,0,0
A102066,2022-05-15,703,1,104240,0,0
A102067,2024-11-24,825,3,189823,0,0
A102068,2022-04-02,809,4,100806,0,0
A102069,2022-02-22,737,2,491693,0,0
A102070,2023-02-28,850,1,624588,2,0
A102071,2025-01-14,850,1,309345,1,0
A102072,2022-05-16,662,0,422934,1,0
A102073,2024-04-04,784,0,131058,0,0
A102074,2025-02-13,789,6,88810,1,0
A102075,2025-04-11,817,4,338245,0,0
A102076,2025-01-13,850,1,299711,0,0
A102077,2023-04-14,850,2,435330,0,0
A102078,2023-03-18,804,2,474496,0,0
A102079,2025-09-30,721,2,9298,0,0
A102080,2022-09-17,682,4,112967,1,0
A102082,2023-12-18,821,1,172373,0,0
A102084,2024-12-08,719,3,219201,0,0
A102085,2022-12-18,850,1,55493,0,0
A102086,2023-06-03,850,2,123542,0,0
A102087,2025-04-12,804,1,904805,0,0
A102088,2024-11-20,792,1,392542,2,0
A102089,2023-09-24,793,3,418942,0,0
A102090,2024-12-26,780,0,380796,0,0
A102091,2025-10-30,678,4,190712,3,0
A102092,2022-04-05,850,5,185907,0,0
A102093,2022-05-13,760,0,658231,0,0
A102094,2022-12-25,841,3,139280,2,0
A102095,2025-01-08,805,1,56319,0,0
A102096,2025-10-19,618,5,228657,0,0
A102097,2022-12-29,756,3,134019,0,0
A102099,2022-02-05,850,2,384866,0,0
A102100,2025-07-25,636,3,183477,0,0
A102101,2022-12-19,756,6,171538,3,0
A102101,2022-11-16,850,1,77544,0,0
A102102,2022-07-24,850,0,35133,2,0
A102103,2024-08-02,604,0,277540,0,0
A102104,2022-11-13,666,1,86608,0,0
A102105,2023-04-16,774,3,482681,1,0
A102106,2022-11-06,805,1,100243,0,0
A102107,2022-12-01,770,3,556532,1,0
A102108,2023-09-18,831,3,218709,0,0
A102109,2023-04-04,818,4,133658,0,0
A102110,2023-01-19,836,4,273177,0,0
A102111,2023-11-22,850,4,600899,1,0
A102112,2023-07-24,844,2,31796,1,0
A102112,2023-06-22,825,0,209976,1,0
A102114,2024-04-12,759,0,262968,0,0
A102115,2023-04-09,647,0,154058,0,0
A102116,2023-02-06,820,0,199626,0,0
A102117,2024-04-06,850,3,475455,0,0
A102118,2025-02-16,684,0,65339,0,0
A102119,2022-08-11,785,1,395964,0,0
A102121,2023-12-19,729,0,127225,1,0
A102122,2022-04-08,781,3,221412,0,0
A102123,2024-12-04,850,0,82664,0,0
A102124,2024-11-16,850,1,112527,0,0
A102125,2025-02-22,794,0,123995,0,0
A102126,2024-09-05,817,4,229909,2,0
A102127,2023-03-01,850,5,442364,3,0
A102128,2022-12-17,685,1,147175,0,0
A102129,2023-02-10,829,3,128114,0,0
A102129,2023-01-11,826,0,376462,1,0
A102130,2024-12-15,850,1,93928,2,0
A102132,2023-04-30,850,2,396069,0,0
A102132,2023-03-29,831,4,543223,0,0
A102133,2025-08-23,850,0,430204,0,0
A102134,2025-01-28,850,3,162536,0,0
A102135,2024-10-09,780,0,141639,0,0
A102136,2025-09-05,850,2,348086,0,0
A102137,2024-08-29,735,3,390193,1,0
A102138,2024-09-25,850,5,226891,1,0
A102140,2022-07-07,794,2,169808,0,0
A102141,2022-09-29,663,1,628450,1,0
A102142,2023-08-23,826,2,91808,1,0
A102143,2022-12-07,790,2,489780,0,0
A102144,2025-08-16,695,5,265070,0,2
A102145,2024-12-03,717,2,195168,1,0
A102147,2023-10-01,680,2,312635,0,0
A102148,2025-05-10,850,2,353626,1,0
A102149,2022-08-04,708,3,71742,1,0
A102150,2025-02-19,850,0,183259,0,0
A102151,2022-03-06,848,0,513615,2,0
A102152,2025-02-25,716,4,324677,2,0
A102153,2022-04-29,714,5,766673,0,0
A102154,2023-04-26,677,2,117177,0,0
A102155,2024-07-17,593,3,41132,0,0
A102156,2025-02-22,850,5,124924,0,0
A102158,2023-12-16,811,4,45312,0,0
A102160,2022-09-02,777,0,282007,2,0
A102161,2024-02-04,651,2,208243,0,0
A102162,2022-07-29,830,2,92052,3,0
A102163,2025-07-31,767,2,331762,1,0
A102164,2024-10-20,850,5,74417,1,0
A102165,2024-12-16,718,4,131759,0,0
A102166,2024-06-06,821,5,182139,1,0
A102167,2024-12-26,686,3,147190,1,0
A102168,2025-09-08,815,4,249932,0,0
A102169,2023-02-03,802,3,58397,1,0
A102170,2023-11-24,707,4,322457,0,0
A102172,2022-11-01,850,6,128994,1,0
A102173,2024-07-31,781,5,132184,0,0
A102174,2025-10-08,768,2,199383,0,0
A102175,2024-01-14,744,3,164588,0,0
A102176,2023-02-01,746,1,189548,0,0
A102176,2023-01-03,850,1,251617,0,0
A102177,2022-04-27,677,5,130807,0,0
A102178,2022-03-28,701,1,103345,1,0
A102179,2025-02-01,850,6,63099,0,0
A102180,2025-07-14,775,0,227269,0,0
A102181,2025-08-07,805,3,114367,0,0
A102182,2022-07-21,845,3,384848,0,0
A102184,2024-09-25,668,0,421300,1,0
A102185,2023-12-26,653,0,345994,0,0
A102186,2024-07-07,747,2,62725,0,0
A102187,2023-02-02,595,1,81103,1,0
A102188,2024-07-16,611,2,114751,1,1
A102189,2025-10-18,760,0,277303,0,0
A102191,2022-02-27,703,1,251732,0,0
A102192,2023-11-05,850,4,90070,0,0
A102193,2025-04-18,679,2,437295,0,0
A102193,2025-03-21,817,4,101348,0,0
A102194,2024-07-31,850,1,63720,0,0
A102195,2024-01-21,730,2,97363,0,0
A102196,2024-01-07,776,2,266918,0,0
A102197,2022-12-06,850,4,117008,0,0
A102199,2022-05-02,589,4,121420,0,0
A102200,2025-11-05,837,3,52207,0,0
A102201,2022-07-05,850,0,987795,0,0
A102202,2022-08-21,850,1,578604,0,0
A102203,2024-10-24,850,3,278587,0,0
A102204,2023-05-12,850,0,265821,0,0
A102205,2022-12-17,850,0,203535,0,0
A102206,2022-03-30,791,4,111032,0,0
A102207,2022-12-31,673,1,192530,1,0
A102208,2023-05-27,850,3,227542,0,0
A102209,2022-12-27,591,3,73367,0,0
A102210,2024-03-08,777,3,315233,0,0
A102211,2023-04-27,772,1,165055,0,0
A102212,2024-10-11,850,0,178295,0,0
A102214,2024-09-30,631,3,1054190,0,0
A102215,2024-12-02,850,1,220257,0,0
A102216,2025-05-26,797,4,55384,1,0
A102217,2022-06-05,758,2,51638,0,0
A102218,2022-08-31,850,0,385119,0,0
A102219,2023-11-20,701,5,95188,0,0
A102220,2025-05-26,820,4,95727,3,0
A102221,2023-10-02,829,2,110837,1,0
A102222,2024-10-25,797,3,297581,0,0
A102223,2025-06-21,722,3,169784,1,0
A102223,2025-05-21,675,3,68058,0,0
A102224,2025-01-03,630,2,111820,0,0
A102225,2023-04-13,755,4,157041,2,0
A102226,2022-04-23,820,0,263899,0,0
A102227,2024-04-13,850,6,130356,0,0
A102228,2024-06-26,712,2,32587,1,0
A102229,2024-06-18,850,3,75133,0,0
A102230,2024-03-17,720,6,74714,0,0
A102230,2024-02-16,747,2,223021,0,0
A102231,2023-12-15,573,0,213594,0,0
A102232,2024-11-12,684,1,134346,0,0
A102233,2025-07-08,829,3,176899,0,1
A102234,2022-10-23,850,2,69447,0,0
A102236,2022-04-19,703,2,40793,1,0
A102237,2025-12-08,778,4,66051,2,0
A102238,2022-09-10,602,4,107190,0,0
A102239,2025-10-28,850,3,332919,0,0
A102240,2022-05-14,649,4,85779,0,0
A102240,2022-04-11,778,1,46652,1,0
A102241,2023-09-28,776,1,74910,0,0
A102241,2023-08-30,792,3,123779,0,0
A102242,2022-11-15,780,2,101578,0,0
A102243,2024-08-14,739,2,317306,0,0
A102244,2022-08-23,697,0,102498,0,0
A102245,2024-08-10,785,1,206444,0,0
A102246,2025-03-21,631,1,171274,0,0
A102247,2023-03-08,850,4,23421,2,0
A102248,2022-05-28,678,2,170975,0,0
A102249,2025-03-04,787,5,272975,1,0
A102250,2024-06-24,622,2,168684,0,2
A102251,2022-10-13,736,1,120762,3,0
A102252,2024-03-04,715,5,564657,0,0
A102253,2022-02-25,784,2,196107,0,0
A102254,2025-10-06,788,0,258250,0,0
A102255,2024-04-25,817,1,84629,0,0
A102256,2022-07-22,737,4,232014,0,0
A102257,2023-06-04,760,2,47914,0,0
A102258,2024-07-22,850,0,102999,3,0
A102259,2023-01-07,777,4,617664,0,0
A102260,2023-12-20,687,0,641567,0,0
A102261,2024-12-22,755,0,342685,1,0
A102262,2022-02-19,689,3,625527,0,2
A102263,2022-10-12,770,3,54086,0,0
A102265,2025-12-17,850,1,99515,0,0
A102267,2025-08-15,758,1,802173,0,0
A102268,2022-08-07,791,1,296151,0,0
A102269,2024-04-09,850,3,518967,0,0
A102271,2022-09-11,632,2,72510,0,0
A102272,2022-05-17,594,2,114236,1,1
A102273,2024-04-07,850,0,142684,0,0
A102274,2025-08-03,769,2,720165,0,0
A102275,2025-11-29,850,0,210718,0,0
A102276,2022-05-26,723,4,34717,0,0
A102277,2023-06-19,795,0,510093,0,0
A102278,2024-05-18,845,5,143289,0,0
A102279,2023-04-22,850,1,110626,0,0
A102280,2025-03-06,823,4,57530,0,0
A102281,2025-08-30,724,3,217716,0,0
A102282,2025-04-02,662,3,208459,0,0
A102283,2024-05-04,850,0,596882,0,0
A102284,2022-12-05,808,2,264726,1,0
A102285,2024-04-24,799,0,250996,0,0
A102286,2022-09-01,850,0,108651,0,0
A102287,2022-10-14,681,1,147383,1,0
A102288,2025-01-24,684,3,264855,2,0
A102290,2024-11-24,798,0,373929,0,1
A102291,2025-07-29,710,4,93373,0,0
A102292,2022-05-24,850,1,148193,1,1
A102293,2023-06-15,850,3,78029,0,0
A102294,2022-11-03,794,3,82069,0,0
A102296,2023-01-22,702,0,138410,1,0
A102297,2022-10-16,850,4,260067,0,0
A102298,2025-06-24,850,6,128815,0,0
A102299,2022-11-10,691,1,203705,0,0
A102300,2024-05-31,734,1,426979,1,0
A102301,2025-06-13,799,0,340980,1,0
A102302,2025-05-12,850,2,49981,0,0
A102304,2024-12-27,456,2,24481,0,0
A102305,2023-12-29,850,0,235957,0,0
A102306,2023-06-21,847,3,346222,0,0
A102307,2023-10-05,756,5,32507,0,0
A102308,2023-01-23,678,4,70396,0,0
A102309,2022-12-02,745,3,810914,0,0
A102310,2023-05-17,653,5,45544,0,0
A102311,2023-10-09,705,3,54368,0,0
A102312,2022-06-23,734,5,1117201,0,0
A102313,2022-08-03,850,1,541059,0,0
A102314,2022-04-25,850,1,149637,2,0
A102315,2024-05-24,760,1,106447,0,0
A102316,2023-05-18,844,3,611844,3,0
A102317,2024-06-28,754,0,39596,0,0
A102318,2025-10-16,826,2,302834,0,0
A102319,2025-09-28,850,2,1962425,0,0
A102321,2023-10-17,850,2,524760,0,0
A102323,2024-11-17,637,1,91132,0,0
A102324,2023-03-13,847,2,73492,1,0
A102325,2024-05-23,780,1,274747,0,0
A102326,2022-12-23,780,3,83823,0,1
A102327,2024-01-12,508,0,46786,0,0
A102328,2025-04-04,695,2,160761,0,0
A102329,2024-12-09,850,1,427300,2,0
A102330,2024-03-04,602,2,150687,1,0
A102331,2024-02-05,850,2,979234,0,0
A102332,2024-11-02,850,4,14890,0,1
A102333,2025-01-31,850,3,65629,0,0
A102334,2025-03-03,850,2,255689,0,0
A102335,2022-02-01,850,0,249820,1,0
A102336,2024-04-14,850,0,238382,0,0
A102337,2025-07-10,850,2,255389,0,0
A102338,2023-07-07,790,1,73539,0,0
A102339,2025-06-21,640,1,292079,3,0
A102340,2024-01-20,850,3,112650,0,0
A102341,2025-09-05,821,4,96285,0,0
A102343,2024-05-30,825,0,623601,1,0
A102344,2024-07-18,763,5,574302,0,0
A102345,2022-11-20,814,0,131537,0,0
A102346,2022-02-04,804,2,534641,0,0
A102347,2024-08-25,850,2,254277,0,0
A102348,2022-08-22,850,0,57820,0,0
A102349,2022-04-07,704,1,58595,2,0
A102350,2023-03-11,850,1,199892,3,0
A102352,2025-05-23,580,4,295811,1,0
A102353,2022-02-09,850,0,17973,1,0
A102354,2025-10-09,761,3,375441,1,0
A102354,2025-09-07,820,3,413527,0,0
A102355,2023-04-01,696,6,879818,1,0
A102356,2024-01-11,850,2,99754,0,0
A102357,2022-09-21,781,3,652687,0,0
A102357,2022-08-21,750,0,120737,1,0
A102358,2022-04-15,832,1,156443,0,0
A102359,2022-09-16,797,3,667221,3,0
A102360,2023-02-08,850,2,169815,0,0
A102361,2023-06-11,815,1,311175,0,0
A102362,2025-05-02,720,5,512741,1,0
A102363,2023-07-19,850,3,54262,0,0
A102364,2023-04-07,776,3,77608,0,0
A102364,2023-03-11,762,0,73194,3,0
A102366,2023-10-17,758,2,68005,1,0
A102367,2023-03-23,708,0,28983,1,0
A102369,2025-09-13,802,1,83757,0,0
A102370,2023-02-24,769,1,236218,0,0
A102372,2024-12-02,755,3,275969,0,0
A102373,2025-07-01,706,1,452206,0,0
A102374,2022-07-03,760,3,1037463,0,0
A102375,2024-11-05,775,2,143428,0,0
A102376,2025-07-05,674,2,159053,0,0
A102377,2023-11-28,850,1,10946,1,0
A102378,2023-10-06,850,2,362925,2,0
A102379,2025-09-05,734,2,23400,0,0
A102380,2024-11-14,650,5,51555,2,0
A102381,2023-01-02,790,5,774666,0,0
A102382,2024-05-22,806,5,228521,2,0
A102382,2024-04-23,702,2,89847,0,0
A102383,2023-05-08,666,1,309564,0,0
A102383,2023-04-09,850,1,130696,0,0
A102384,2023-02-23,850,2,78717,0,0
A102385,2022-07-13,740,1,548270,0,0
A102386,2024-08-25,837,3,100110,1,0
A102386,2024-07-28,780,1,239174,0,0
A102387,2025-06-14,791,2,258445,2,0
A102389,2024-08-30,635,4,162704,1,0
A102390,2023-01-12,850,0,27681,0,0
A102391,2023-12-24,836,3,47957,0,0
A102392,2024-03-28,714,4,118568,2,0
A102393,2023-09-10,664,4,747151,0,0
A102395,2025-01-15,820,3,586568,0,0
A102396,2025-07-21,723,4,306331,0,0
A102397,2022-07-03,765,0,114550,1,0
A102398,2025-08-28,850,3,60982,0,0
A102399,2025-10-26,760,0,387882,0,0
A102400,2025-05-13,694,5,138458,1,0
A102400,2025-04-13,775,1,139151,2,0
A102402,2023-09-18,674,0,1121249,0,0
A102403,2022-10-01,850,2,147623,0,0
A102404,2024-12-29,808,1,148232,0,0
A102405,2023-07-22,850,4,276218,0,0
A102406,2022-05-04,812,3,579134,1,0
A102407,2025-11-23,844,5,462337,2,0
A102408,2022-07-16,633,3,137669,0,0
A102409,2024-11-07,850,3,164938,0,0
A102410,2024-10-14,850,0,1258403,1,0
A102411,2025-07-30,744,1,48229,1,0
A102412,2023-08-14,791,3,201086,0,0
A102413,2024-07-23,850,2,651034,1,0
A102414,2024-01-09,796,0,197084,1,0
A102416,2024-12-28,751,4,1000756,0,0
A102417,2022-03-20,806,2,472203,2,0
A102418,2024-06-27,850,1,163260,0,0
A102419,2024-04-03,769,2,338728,1,0
A102420,2025-02-04,652,1,49564,0,0
A102421,2022-05-09,850,2,527965,0,0
A102422,2023-09-22,717,0,64233,1,0
A102424,2025-01-19,731,5,164884,0,0
A102425,2024-08-29,850,2,106485,0,0
A102426,2022-08-04,718,0,340627,0,0
A102427,2022-10-13,790,1,63103,1,0
A102428,2025-12-12,803,2,247234,0,0
A102429,2025-10-16,809,4,193956,0,0
A102430,2024-08-16,845,3,237687,0,0
A102431,2025-09-07,832,0,83475,1,0
A102432,2023-12-03,757,4,361458,2,0
A102433,2022-08-01,656,2,64806,0,0
A102434,2025-07-16,742,0,355621,1,0
A102435,2024-09-23,820,5,72393,1,0
A102436,2025-01-13,788,2,110994,0,0
A102437,2025-07-22,526,4,211239,1,0
A102438,2022-08-10,730,0,497067,0,0
A102439,2023-06-13,629,3,88067,0,0
A102440,2023-09-01,702,0,391020,1,0
A102441,2025-07-17,850,5,193982,0,0
A102442,2022-04-04,820,2,75329,0,0
A102443,2022-11-13,756,6,366866,0,0
A102444,2022-04-10,850,3,30128,0,0
A102445,2025-10-21,629,2,82143,0,0
A102446,2022-08-21,739,4,244306,0,0
A102447,2023-07-31,834,1,83294,0,0
A102448,2025-01-27,707,1,79010,0,0
A102449,2023-12-22,848,1,150971,0,0
A102450,2025-01-30,555,3,117385,0,0
A102450,2024-12-31,726,1,288897,0,0
A102451,2022-06-22,712,2,166662,0,0
A102452,2022-02-27,742,3,540226,0,0
A102453,2024-02-21,850,4,132508,0,0
A102454,2024-07-01,781,4,278237,0,0
A102455,2022-09-09,629,3,121274,1,0
A102456,2023-12-17,822,4,108261,0,0
A102457,2025-07-25,642,2,88253,2,0
A102458,2024-01-13,647,1,205160,0,0
A102460,2025-02-25,733,3,89770,0,0
A102461,2022-01-15,850,2,295064,0,0
A102462,2023-02-20,818,3,217072,0,0
A102463,2024-12-05,850,1,74519,1,0
A102464,2022-12-15,850,4,109845,0,0
A102465,2024-09-09,620,1,227681,0,1
A102466,2022-12-26,685,3,157219,0,0
A102467,2023-06-21,745,3,131742,1,0
A102468,2025-04-13,702,1,273232,0,0
A102468,2025-03-12,608,6,240420,0,0
A102469,2022-10-02,555,1,125074,3,0
A102470,2024-08-08,850,4,22009,1,0
A102471,2022-09-01,755,0,83392,0,0
A102472,2022-01-02,733,0,395627,0,0
A102473,2025-03-13,655,1,271244,0,0
A102474,2024-10-04,850,3,369293,0,0
A102476,2025-11-08,748,4,164694,0,0
A102477,2023-11-19,824,4,493720,1,0
A102477,2023-10-20,732,1,108738,1,0
A102478,2025-12-09,711,0,266670,0,0
A102479,2022-05-06,837,3,173281,0,0
A102480,2024-12-31,850,1,290291,0,0
A102481,2024-04-25,819,1,278703,0,0
A102482,2025-07-05,777,1,341857,0,0
A102483,2024-07-20,850,2,160631,0,0
A102484,2023-10-17,791,3,131084,0,0
A102485,2022-03-12,850,0,602429,0,0
A102486,2023-07-21,717,3,115344,0,0
A102487,2025-01-21,850,3,192004,2,0
A102488,2025-01-23,724,2,319014,0,0
A102489,2025-05-27,682,0,148214,1,0
A102490,2024-04-12,850,3,229109,0,0
A102491,2025-03-11,850,2,214374,1,0
A102492,2024-10-29,678,0,163722,0,0
A102493,2025-07-28,801,4,578832,0,0
A102494,2025-06-09,850,3,123128,1,0
A102495,2022-08-18,850,0,93333,0,0
A102496,2023-05-13,841,0,540270,0,0
A102497,2024-09-25,823,1,389903,3,0
A102498,2025-08-09,791,0,388645,0,0
A102499,2022-11-16,786,2,101458,0,0
A102500,2023-09-15,768,0,125599,0,0
A102501,2022-05-21,845,0,154735,1,0
A102502,2023-08-21,594,3,205764,1,0
A102503,2023-11-30,659,2,715834,2,0
A102503,2023-10-28,662,3,53585,0,0
A102504,2023-11-10,777,2,73796,0,0
A102505,2025-11-03,792,1,366504,0,0
A102506,2025-10-19,762,2,72580,1,0
A102507,2022-02-10,710,0,303009,0,0
A102508,2024-08-15,823,4,296275,2,0
A102509,2024-12-22,850,3,183774,1,0
A102510,2023-08-15,799,5,327035,1,0
A102511,2024-09-12,850,2,123131,0,0
A102511,2024-08-13,850,3,149891,1,0
A102512,2025-09-17,831,5,56667,0,0
A102513,2024-05-02,850,0,58641,2,0
A102514,2023-12-04,698,3,751473,0,0
A102515,2025-05-22,732,3,106872,1,0
A102516,2024-10-03,850,2,308622,0,0
A102517,2022-03-04,850,1,325979,3,0
A102518,2024-09-19,850,1,90376,0,0
A102518,2024-08-20,835,1,154078,1,0
A102520,2024-12-28,850,4,113285,0,0
A102521,2024-03-25,730,1,392332,1,0
A102522,2023-08-20,745,4,240175,1,0
A102523,2022-05-03,617,2,439548,0,2
A102524,2025-02-19,850,3,155291,0,0
A102524,2025-01-20,721,1,62456,0,0
A102525,2025-01-28,793,3,101057,0,0
A102526,2022-03-04,850,3,30787,0,0
A102527,2022-05-13,785,2,127588,0,0
A102528,2023-06-03,806,4,199998,0,0
A102529,2022-07-02,724,0,625090,0,0
A102530,2025-07-31,756,1,126283,3,0
A102531,2022-09-19,807,3,403988,2,0
A102532,2022-04-24,850,3,249344,3,0
A102533,2023-11-30,692,2,331352,0,0
A102534,2024-07-07,673,0,64106,0,0
A102535,2023-04-27,711,0,216023,0,0
A102536,2023-08-09,850,2,282463,0,0
A102537,2024-10-03,667,0,506208,0,1
A102539,2023-11-17,850,0,103196,0,0
A102540,2022-12-20,825,3,212613,1,0
A102542,2023-07-05,675,0,531295,1,0
A102543,2023-11-28,795,3,101191,0,0
A102544,2025-04-22,760,2,77111,0,0
A102546,2023-12-11,751,4,57779,0,0
A102547,2024-05-01,783,2,64531,0,0
A102548,2022-01-12,505,2,280029,0,1
A102550,2025-12-25,850,0,129988,1,0
A102551,2025-09-15,850,1,81143,0,0
A102552,2022-10-18,810,2,128497,0,1
A102553,2022-07-24,653,2,30471,0,0
A102554,2023-09-12,576,4,201659,0,1
A102555,2022-01-04,805,4,172673,0,0
A102555,2021-12-03,811,0,285553,0,0
A102556,2023-02-17,672,0,176525,1,0
A102556,2023-01-20,850,2,451851,0,0
A102557,2023-02-09,759,0,380000,0,0
A102558,2024-12-17,779,3,78228,0,0
A102560,2022-08-02,850,4,465645,3,0
A102561,2024-04-15,666,0,146585,0,0
A102562,2022-06-30,850,1,81183,0,0
A102563,2022-11-15,850,3,477126,1,0
A102564,2025-04-04,806,2,86211,0,0
A102565,2023-09-27,850,6,838202,0,0
A102566,2022-02-17,785,1,799762,0,0
A102567,2025-07-31,670,4,44048,0,0
A102568,2022-04-06,850,4,160126,0,0
A102571,2022-06-24,692,4,328040,0,0
A102573,2025-08-20,705,0,184581,0,0
A102574,2024-08-18,800,1,199821,0,0
A102575,2024-11-02,685,1,20712,0,1
A102576,2023-12-05,812,2,177734,1,0
A102577,2025-07-27,799,4,468424,0,0
A102578,2023-09-29,850,3,81272,3,0
A102579,2025-01-24,590,0,30831,1,0
A102580,2025-08-26,761,3,99716,0,0
A102581,2023-09-06,727,2,487400,0,0
A102582,2023-06-28,712,1,484772,0,1
A102583,2022-10-30,850,1,490423,0,0
A102584,2022-09-27,616,1,113729,0,0
A102585,2024-11-03,791,4,119408,0,1
A102586,2022-08-22,850,1,342277,1,0
A102586,2022-07-25,822,1,422313,0,0
A102587,2022-04-14,787,2,2305770,0,0
A102588,2023-12-11,746,3,99495,0,0
A102590,2023-03-06,850,2,488788,0,0
A102591,2025-09-20,795,0,241977,0,0
A102592,2025-11-07,785,4,118437,2,0
A102593,2024-06-20,837,3,1087801,2,0
A102594,2023-02-03,739,3,1128185,0,0
A102595,2022-06-08,850,1,59162,0,0
A102596,2022-10-07,728,2,322189,0,0
A102597,2025-07-20,804,0,116156,0,0
A102598,2025-01-15,781,2,213253,0,0
A102599,2025-05-19,775,0,239171,1,0
A102600,2024-06-23,823,0,142103,0,0
A102601,2023-04-16,850,3,119531,0,0
A102602,2022-02-14,717,4,33448,2,0
A102603,2025-12-24,727,2,153802,0,0
A102606,2023-10-12,796,2,416262,0,0
A102607,2025-12-14,631,3,132861,0,0
A102608,2025-02-14,738,1,221885,0,0
A102609,2025-03-31,755,2,350579,0,0
A102610,2022-09-08,704,4,425863,0,0
A102611,2025-06-25,782,2,70282,2,0
A102612,2022-05-01,663,1,179009,0,0
A102613,2023-07-06,850,0,293340,2,1
A102614,2025-11-17,850,0,66892,0,0
A102615,2024-10-06,753,6,69860,0,0
A102617,2024-06-17,838,1,88570,0,0
A102618,2022-06-08,734,2,71056,1,0
A102619,2025-08-22,850,0,96197,0,0
A102620,2025-04-22,799,3,49195,0,2
A102621,2025-12-19,761,0,317002,0,0
A102622,2022-10-30,803,3,429978,0,0
A102622,2022-10-01,744,3,224622,0,0
A102623,2025-04-16,697,4,112154,0,0
A102624,2025-08-21,846,2,372101,0,0
A102625,2022-10-12,719,5,142056,0,0
A102626,2023-09-17,835,2,142503,2,0
A102627,2025-03-23,653,2,65015,0,0
A102627,2025-02-20,705,3,391689,1,0
A102628,2024-02-12,850,4,63289,0,0
A102629,2023-03-27,760,3,96715,2,0
A102630,2024-06-21,603,1,602733,0,0
A102631,2023-08-29,763,3,173471,0,0
A102632,2023-02-28,732,2,240562,0,2
A102633,2025-03-29,850,1,77566,0,0
A102634,2023-08-27,850,6,433695,1,0
A102635,2023-05-21,850,1,82970,0,0
A102636,2025-10-19,707,0,195458,0,0
A102637,2025-03-21,826,3,105331,3,0
A102638,2023-02-24,777,1,250236,0,0
A102639,2024-03-14,776,5,179219,0,1
A102640,2022-03-09,800,5,366343,0,0
A102641,2024-09-16,642,1,466975,0,1
A102642,2023-10-29,823,3,176131,0,0
A102643,2025-06-14,712,3,219516,1,0
A102644,2025-07-09,850,6,146192,0,0
A102645,2023-11-14,684,3,80355,0,0
A102646,2022-03-15,850,1,857987,3,0
A102648,2023-09-24,832,2,142494,0,0
A102649,2022-05-21,755,0,312104,0,0
A102649,2022-04-22,813,3,869602,0,0
A102650,2024-11-08,768,2,459671,2,0
A102651,2022-10-19,642,3,72623,0,1
A102652,2023-09-05,850,2,877468,0,0
A102654,2022-06-23,653,2,17030,0,0
A102655,2023-12-01,850,4,136265,0,0
A102656,2025-11-08,778,2,198120,1,0
A102657,2022-08-31,791,3,111158,1,0
A102658,2024-08-20,850,4,73109,0,0
A102659,2025-05-03,850,2,388899,0,0
A102660,2022-05-11,746,2,85050,0,0
A102660,2022-04-13,762,2,96152,1,0
A102661,2025-02-16,798,5,154773,2,0
A102662,2025-01-23,812,1,53752,0,0
A102663,2022-09-10,792,5,95508,0,0
A102664,2025-03-25,824,1,631103,0,0
A102664,2025-02-26,850,4,98168,0,0
A102665,2023-09-08,805,2,37557,0,0
A102666,2024-07-09,713,4,709156,0,0
A102668,2025-04-16,834,2,53974,1,0
A102671,2025-01-20,779,1,172340,1,0
A102672,2023-09-28,850,2,58084,0,0
A102673,2023-09-17,650,4,304207,0,0
A102674,2023-03-13,609,3,161500,2,0
A102674,2023-02-11,726,5,20539,1,0
A102675,2025-01-30,823,3,138821,0,0
A102676,2025-07-15,850,4,82685,0,0
A102678,2025-01-12,798,5,346216,0,0
A102679,2022-11-27,771,1,94629,0,0
A102679,2022-10-25,838,2,126487,0,0
A102680,2022-10-31,803,2,103954,0,0
A102681,2023-09-23,687,0,442613,1,0
A102682,2022-06-21,850,1,48561,1,0
A102683,2023-01-15,570,3,117337,0,0
A102684,2025-07-09,635,1,54187,0,0
A102685,2024-08-21,766,0,219338,0,0
A102686,2023-11-19,616,5,81526,0,0
A102687,2024-06-30,760,1,643038,0,2
A102688,2024-05-21,821,3,132086,0,0
A102689,2023-08-17,752,2,499338,0,0
A102690,2023-07-19,850,3,124780,0,0
A102691,2024-11-20,743,2,131147,0,0
A102692,2023-08-05,802,2,342195,1,0
A102693,2024-07-07,738,5,71737,0,0
A102693,2024-06-06,686,0,409358,0,0
A102694,2024-07-18,818,0,113787,2,0
A102695,2023-09-10,791,3,16919,0,0
A102696,2024-02-27,794,2,270978,0,0
A102698,2024-04-24,850,2,184660,0,0
A102699,2023-03-29,850,1,60404,0,0
A102700,2023-05-14,850,6,42236,0,0
A102701,2025-04-04,772,3,179580,1,0
A102702,2025-07-31,822,1,74248,0,0
A102703,2024-06-22,754,1,294938,1,0
A102705,2023-11-04,850,1,72328,0,0
A102706,2022-10-24,850,3,497813,1,0
A102707,2023-06-28,820,0,743822,0,0
A102708,2023-01-29,657,3,474915,0,0
A102709,2024-03-02,597,1,208577,0,0
A102710,2024-12-27,668,3,261614,0,2
A102711,2023-05-20,850,1,138681,3,0
A102712,2025-01-02,850,0,84917,0,0
A102713,2022-09-04,760,2,56322,0,0
A102714,2023-01-13,763,0,916376,1,0
A102715,2024-02-25,612,4,246935,0,0
A102716,2025-11-28,850,1,110598,0,0
A102717,2023-02-14,820,1,552280,0,0
A102718,2024-08-05,710,2,219361,2,2
A102719,2024-12-10,848,3,317680,1,0
A102720,2023-06-27,808,4,303055,0,0
A102721,2023-11-03,850,2,98410,0,0
A102722,2024-12-02,832,1,300413,0,0
A102723,2022-11-20,613,2,75791,0,0
A102724,2023-10-30,758,5,388811,3,0
A102724,2023-09-27,762,4,1814352,0,0
A102726,2024-04-16,850,3,62337,0,0
A102727,2025-09-01,843,0,81863,0,0
A102728,2024-06-14,850,2,62480,0,0
A102729,2024-05-11,818,3,127143,0,0
A102730,2025-08-05,791,4,96134,0,0
A102731,2024-04-15,779,0,177567,1,0
A102731,2024-03-16,850,3,321304,0,0
A102732,2023-10-13,850,1,281337,0,0
A102733,2022-06-15,701,1,168879,0,0
A102734,2024-09-01,749,1,2154667,0,0
A102734,2024-08-01,784,0,648844,2,0
A102735,2024-05-02,727,2,202873,0,0
A102736,2023-02-27,808,1,235922,1,0
A102737,2023-03-09,850,3,89333,2,0
A102738,2022-03-04,779,2,126039,0,0
A102739,2022-08-16,850,2,442622,0,0
A102740,2023-07-21,723,2,239334,0,0
A102741,2025-06-22,662,0,34658,0,0
A102743,2023-04-23,850,0,97154,0,0
A102745,2023-09-05,850,1,175029,0,0
A102746,2022-07-03,649,5,53014,0,2
A102748,2024-10-16,847,0,349107,0,0
A102749,2023-08-03,850,1,91405,0,0
A102750,2023-05-29,812,3,149612,0,0
A102751,2025-03-12,695,5,209761,0,0
A102752,2022-08-29,850,4,73683,0,0
A102753,2023-05-14,759,1,287806,1,0
A102755,2025-01-13,850,4,92820,0,0
A102757,2024-10-21,850,4,36407,2,0
A102760,2022-03-15,652,2,419751,0,0
A102761,2025-05-30,793,4,44485,0,0
A102762,2025-02-03,724,3,283549,0,0
A102763,2023-10-30,810,0,164435,0,0
A102764,2025-03-16,850,2,374044,1,1
A102766,2023-12-24,647,0,233203,0,0
A102767,2024-10-31,850,3,43112,1,0
A102768,2024-11-06,850,2,477406,0,0
A102769,2024-09-21,850,4,218737,2,0
A102770,2024-03-03,617,0,413504,1,1
A102771,2024-06-12,850,2,315920,3,0
A102772,2024-01-22,774,1,629695,0,0
A102773,2023-12-30,701,0,90673,0,0
A102774,2025-10-07,850,1,40839,0,0
A102775,2025-04-27,739,3,92584,1,0
A102776,2025-03-11,691,2,32935,0,0
A102777,2023-01-22,844,2,63698,1,0
A102777,2022-12-22,727,1,46690,1,0
A102778,2022-11-17,734,3,127800,0,0
A102779,2024-09-23,775,1,173302,0,0
A102780,2023-05-06,832,0,390818,0,0
A102781,2023-01-18,849,2,138001,0,0
A102782,2025-05-09,804,9,240035,0,0
A102783,2022-03-02,616,3,911879,3,0
A102785,2022-01-29,850,1,317891,0,0
A102787,2025-12-13,769,1,198669,0,0
A102789,2022-07-26,850,3,784324,1,0
A102790,2022-04-16,720,5,303827,0,0
A102791,2022-03-12,663,3,53396,0,0
A102792,2024-03-01,788,2,33147,3,0
A102793,2024-11-15,692,3,626485,0,0
A102794,2024-03-07,750,1,191798,1,1
A102795,2025-01-16,695,2,838120,0,0
A102796,2025-08-27,685,4,75546,0,0
A102797,2025-06-17,796,4,86771,0,0
A102798,2025-03-20,735,1,249638,1,0
A102800,2025-01-23,422,2,93934,0,0
A102802,2022-02-15,651,1,137125,0,0
A102803,2025-10-11,790,3,891041,0,0
A102804,2022-05-10,775,2,70655,2,0
A102805,2023-12-05,850,1,102768,2,0
A102806,2024-09-01,670,3,277229,1,1
A102807,2022-01-10,829,1,124471,0,0
A102808,2024-04-25,730,1,809348,0,0
A102809,2022-01-04,651,3,234577,2,0
A102811,2022-12-24,850,2,274122,0,0
A102812,2025-02-15,850,1,1265681,0,0
A102813,2025-12-14,840,2,505419,0,0
A102814,2025-05-02,614,2,54576,2,0
A102815,2023-01-03,850,4,107234,0,0
A102816,2022-07-30,639,4,173996,0,0
A102817,2023-07-12,773,4,185391,0,0
A102818,2025-06-05,687,3,237811,0,0
A102819,2023-11-24,850,4,302123,2,0
A102820,2023-01-01,850,5,288798,1,0
A102821,2023-12-10,706,5,175889,0,0
A102822,2025-11-09,741,3,37157,0,0
A102823,2024-12-27,729,5,382976,0,0
A102824,2024-07-12,733,3,135004,2,0
A102825,2025-10-12,711,3,256056,0,0
A102826,2022-12-06,743,2,325674,0,0
A102826,2022-11-05,504,1,136408,0,0
A102827,2022-07-24,850,1,752931,0,0
A102828,2025-08-05,585,5,123106,0,0
A102829,2024-01-02,850,1,210469,0,0
A102830,2023-06-01,850,3,92231,3,0
A102831,2024-10-30,688,1,230344,3,0
A102832,2023-08-10,843,1,75781,2,0
A102833,2025-03-01,850,3,147402,0,0
A102834,2022-08-30,815,2,26657,0,0
A102835,2025-12-25,808,1,455733,0,0
A102837,2023-08-31,705,3,93374,0,0
A102838,2022-12-15,713,1,97684,0,0
A102839,2025-02-10,850,5,76801,0,0
A102840,2025-11-12,826,1,421518,0,0
A102841,2023-08-21,786,0,36640,0,0
A102842,2022-01-31,663,3,141310,0,1
A102843,2025-12-21,850,1,245532,1,0
A102844,2024-04-01,725,0,805562,0,0
A102845,2022-08-11,833,1,727676,0,0
A102846,2025-11-17,850,2,417471,0,0
A102847,2023-03-11,746,4,123894,1,0
A102849,2025-01-01,835,2,241932,0,0
A102850,2025-01-07,850,5,111806,0,0
A102851,2025-11-08,850,2,96751,0,0
A102852,2023-10-27,674,1,493512,3,0
A102853,2023-07-26,740,2,138880,0,0
A102854,2022-05-13,850,4,361024,0,1
A102855,2024-09-12,738,5,64531,0,0
A102856,2024-07-26,810,0,63957,0,0
A102857,2022-07-09,599,2,153418,0,0
A102858,2023-11-25,614,3,85119,0,0
A102859,2023-11-21,764,2,1092994,2,0
A102860,2023-08-18,844,2,85813,0,2
A102862,2025-07-17,824,3,137076,0,0
A102863,2022-12-27,850,3,240971,0,0
A102864,2024-08-18,846,2,191523,0,0
A102867,2022-03-10,850,3,70612,0,0
A102869,2025-12-07,766,0,91653,1,0
A102870,2022-08-10,732,3,191970,0,0
A102871,2024-10-20,850,2,99304,0,0
A102872,2023-04-29,729,2,362996,0,0
A102873,2024-04-15,850,2,822518,0,0
A102874,2023-03-12,658,0,165469,0,1
A102875,2024-01-22,850,2,412707,0,0
A102876,2025-06-22,818,0,198443,1,0
A102877,2022-08-01,850,6,235445,0,0
A102878,2025-05-18,850,0,131975,0,0
A102879,2025-06-12,776,2,179626,0,0
A102880,2022-02-05,838,3,130750,0,0
A102881,2025-09-22,773,3,585796,1,0
A102882,2025-04-21,751,1,34337,0,0
A102883,2025-12-20,552,2,29708,0,0
A102884,2023-08-03,846,3,221215,0,0
A102884,2023-07-02,767,3,194032,1,0
A102885,2022-09-18,850,3,535120,0,0
A102886,2024-06-12,850,2,33994,0,0
A102887,2022-12-04,808,4,220054,0,0
A102888,2025-11-21,602,2,200510,0,2
A102889,2023-02-27,850,2,155569,0,0
A102890,2022-10-03,821,2,122019,0,0
A102891,2023-03-14,770,5,584583,0,0
A102893,2022-04-01,850,2,88472,0,0
A102894,2022-12-30,832,0,657631,0,0
A102895,2024-03-20,850,0,165660,1,0
A102895,2024-02-19,850,3,239125,0,0
A102896,2025-02-13,664,2,74852,0,0
A102897,2024-11-21,785,3,38795,0,0
A102898,2024-07-06,680,0,180077,2,0
A102899,2023-03-01,740,2,137039,0,0
A102901,2025-09-24,850,3,216438,0,0
A102902,2023-04-26,850,2,20204,0,0
A102904,2023-05-02,820,1,130072,1,0
A102905,2024-10-16,828,2,82532,1,0
A102906,2025-10-05,803,3,295852,0,0
A102907,2024-12-15,850,3,34313,0,0
A102908,2024-06-07,850,3,147274,1,0
A102909,2024-07-22,850,1,84490,0,0
A102910,2024-11-11,734,4,386884,0,0
A102911,2023-07-07,669,3,436088,0,0
A102912,2023-11-24,689,0,1293034,0,0
A102913,2025-07-20,840,2,440062,2,0
A102914,2024-01-11,677,0,130576,3,0
A102915,2023-07-27,778,4,351043,0,1
A102916,2024-08-29,633,1,176727,2,0
A102917,2025-03-24,850,0,197599,0,0
A102918,2024-10-14,588,2,231090,0,0
A102919,2022-04-15,719,4,321643,0,0
A102920,2025-09-17,788,2,333822,1,0
A102921,2025-02-25,793,4,74306,0,3
A102922,2022-01-23,748,5,94994,0,0
A102923,2022-07-25,798,5,49602,0,0
A102924,2025-06-04,692,1,198301,0,0
A102926,2024-10-22,490,2,76666,0,0
A102927,2022-04-22,819,1,90185,0,0
A102928,2024-03-21,708,4,110330,0,0
A102929,2022-06-05,748,6,334200,0,0
A102930,2023-06-27,800,3,18020,0,0
A102931,2024-05-25,721,2,57788,2,0
A102932,2022-01-13,850,0,71906,2,0
A102933,2023-01-13,850,2,62015,1,0
A102934,2024-12-29,850,1,367074,1,0
A102935,2025-03-13,507,2,173482,3,0
A102936,2022-07-09,802,2,92653,0,0
A102937,2022-08-04,773,0,127279,0,0
A102938,2025-05-09,850,1,709712,0,0
A102938,2025-04-11,812,2,24037,0,0
A102939,2022-03-11,643,3,581343,3,0
A102939,2022-02-08,735,0,299377,0,0
A102940,2025-04-19,850,0,206332,0,0
A102941,2025-01-25,714,1,44878,0,0
A102943,2022-12-29,791,3,11895,0,0
A102944,2024-04-29,850,3,279381,0,0
A102945,2023-02-28,814,0,114518,0,0
A102946,2025-02-05,850,1,32404,0,0
A102947,2025-11-01,850,4,626952,0,1
A102948,2025-05-01,746,4,118580,0,0
A102952,2025-09-01,650,0,148821,0,0
A102953,2025-11-05,850,3,1038923,1,0
A102954,2025-02-12,784,2,348321,1,0
A102955,2024-05-21,501,2,68622,0,0
A102956,2024-07-08,850,2,464090,0,0
A102957,2024-10-19,850,4,186260,0,0
A102958,2022-01-06,808,1,1024648,0,0
A102959,2024-09-27,850,2,231831,1,0
A102960,2022-09-15,816,0,581447,1,0
A102961,2022-10-14,850,1,82678,0,0
A102962,2023-01-28,737,4,66650,2,0
A102964,2025-11-21,740,2,181633,1,0
A102965,2023-03-11,723,1,255642,0,0
A102966,2022-08-14,772,2,233230,0,0
A102967,2022-01-05,791,0,120476,0,0
A102969,2023-06-13,836,3,275594,1,0
A102970,2025-12-10,767,0,279389,0,0
A102971,2025-06-17,781,0,126693,0,0
A102973,2025-03-20,850,1,703807,0,0
A102974,2025-10-27,850,2,327011,1,0
A102975,2025-06-08,668,2,354637,2,0
A102976,2025-11-30,785,4,119171,2,0
A102977,2025-11-21,744,2,127840,0,0
A102978,2024-08-11,625,5,248021,3,0
A102979,2023-02-09,577,2,229630,1,0
A102979,2023-01-07,777,2,331574,0,0
A102980,2023-01-24,762,0,584487,0,0
A102980,2022-12-23,711,3,185068,1,0
A102981,2022-08-31,806,2,245359,0,0
A102982,2022-03-10,830,2,177867,2,1
A102984,2025-05-15,825,0,122468,0,0
A102985,2025-02-12,827,1,729010,1,0
A102987,2023-09-06,819,1,122536,0,0
A102988,2022-11-30,850,3,444170,1,0
A102989,2023-12-17,850,2,449645,0,0
A102990,2023-01-10,809,4,747452,2,0
A102991,2024-06-30,743,1,265470,0,0
A102992,2024-04-03,741,3,57227,0,0
A102993,2022-03-23,850,3,176811,1,0
A102993,2022-02-21,679,2,54904,1,0
A102994,2024-01-06,655,4,48562,0,0
A102995,2022-08-15,848,1,191856,0,0
A102996,2024-09-07,683,1,177211,0,0
A102997,2023-02-07,787,0,303637,0,0
A102998,2021-12-31,634,1,194930,0,0
A102999,2025-10-15,707,1,640246,0,0
A103001,2024-04-03,850,1,451133,0,0
A103002,2023-11-20,812,4,187837,0,0
A103003,2025-01-01,745,3,568490,1,0
A103004,2025-11-12,571,3,356457,0,0
A103005,2024-10-05,690,3,269671,3,0
A103006,2024-06-13,634,3,173607,0,2
A103007,2022-01-31,821,2,109045,0,0
A103008,2025-12-19,850,4,233905,0,0
A103009,2023-02-16,679,0,597466,1,0
A103010,2024-12-09,826,4,711668,1,0
A103011,2023-11-06,750,5,81329,1,0
A103011,2023-10-06,813,2,195515,1,0
A103013,2022-09-25,842,2,277151,0,0
A103014,2025-06-25,850,0,52277,0,0
A103015,2024-11-27,850,0,102707,1,0
A103017,2025-01-25,797,0,366058,0,0
A103019,2022-01-08,787,4,331339,0,0
A103020,2025-04-29,850,1,127774,2,0
A103021,2024-12-04,718,2,179905,0,0
A103022,2023-02-06,747,1,26749,0,0
A103023,2024-07-17,688,4,1264181,0,0
A103024,2022-04-28,727,4,439597,0,0
A103025,2022-06-17,715,2,1692820,1,0
A103025,2022-05-16,850,3,230999,0,0
A103026,2022-07-10,850,2,187888,1,1
A103027,2023-02-21,779,4,54124,1,1
A103028,2022-01-03,818,1,386091,0,0
A103029,2025-09-04,692,0,136202,0,0
A103030,2023-05-13,720,3,39504,0,0
A103031,2022-06-14,798,3,215982,2,0
A103032,2024-02-14,801,1,52810,0,0
A103033,2025-04-26,734,2,95865,0,0
A103034,2025-10-23,733,1,46620,2,0
A103035,2023-05-25,850,2,527218,0,0
A103036,2023-07-23,754,3,156625,1,0
A103037,2022-04-20,730,0,302304,1,0
A103038,2025-05-20,760,4,170830,1,0
A103039,2023-09-25,647,4,165935,0,0
A103040,2022-03-04,804,1,63005,0,0
A103041,2025-10-29,789,3,179931,0,0
A103042,2025-02-20,850,2,129646,1,0
A103043,2025-10-22,687,0,188741,0,0
A103044,2025-05-14,850,2,119116,0,0
A103045,2023-08-24,797,3,517588,1,0
A103046,2022-02-25,778,0,134633,0,0
A103047,2024-09-29,712,4,85298,0,0
A103048,2022-11-25,787,3,90290,0,0
A103049,2024-09-11,850,1,675848,0,0
A103050,2023-11-12,850,2,466078,0,0
A103051,2025-03-13,850,1,348303,0,0
A103052,2023-08-30,810,1,677297,0,0
A103053,2025-10-18,710,3,1892732,0,0
A103055,2025-07-29,762,1,617071,0,0
A103056,2023-02-15,619,3,86198,0,0
A103057,2025-10-14,850,8,158261,0,0
A103058,2023-08-29,829,2,60129,0,0
A103059,2025-03-31,783,3,156227,0,0
A103060,2023-07-04,723,5,813111,0,0
A103061,2023-01-27,659,0,131764,2,0
A103062,2025-02-16,850,0,135805,0,1
A103063,2022-08-02,777,1,359808,0,0
A103065,2025-05-19,600,0,74769,0,0
A103066,2023-04-24,698,2,123473,2,0
A103067,2025-12-10,850,3,363248,1,0
A103068,2023-10-04,661,2,470064,0,1
A103071,2022-08-17,808,7,205319,2,0
A103073,2024-11-05,765,2,203199,0,0
A103074,2025-02-16,676,3,256728,2,0
A103075,2025-04-24,480,0,1023440,0,0
A103076,2025-05-15,850,1,257320,2,0
A103077,2024-11-21,850,1,120268,0,0
A103078,2023-05-08,778,1,316975,1,0
A103079,2024-06-02,683,2,111795,0,0
A103080,2025-08-25,703,2,309435,0,0
A103081,2025-01-29,754,0,261543,1,0
A103083,2024-10-20,850,0,901867,3,0
A103083,2024-09-22,635,5,512654,0,0
A103084,2022-11-17,668,2,349679,0,0
A103085,2023-01-29,779,2,66021,0,0
A103086,2025-01-02,812,2,42284,0,0
A103087,2023-03-09,850,0,247919,0,0
A103087,2023-02-10,850,3,38694,0,0
A103088,2024-05-09,830,3,232960,3,0
A103089,2022-03-21,850,3,127036,0,0
A103090,2022-08-11,695,3,56110,0,0
A103091,2025-10-29,594,2,296201,0,0
A103092,2024-03-05,850,4,265310,0,0
A103093,2023-09-13,850,3,46074,0,0
A103094,2023-09-28,730,3,185826,2,0
A103095,2022-03-12,850,2,243345,0,0
A103096,2022-10-02,850,0,304206,0,0
A103097,2025-06-13,773,0,134720,1,0
A103099,2022-10-05,724,4,143152,0,0
A103100,2022-02-06,804,1,347029,0,0
A103102,2024-06-18,819,1,204091,0,0
A103103,2024-07-13,728,2,500102,1,0
A103104,2024-09-18,850,1,134038,1,0
A103105,2024-08-05,613,1,356891,0,0
A103106,2025-05-12,690,4,137909,2,0
A103107,2024-01-31,728,3,80777,0,0
A103108,2022-07-02,831,3,130176,0,0
A103110,2023-10-06,698,3,43505,0,0
A103111,2025-06-30,591,3,821657,0,0
A103112,2023-11-04,850,0,127760,2,0
A103114,2025-05-13,612,4,207953,0,0
A103116,2023-09-28,782,0,241743,0,1
A103117,2025-06-24,659,2,220940,3,0
A103118,2025-05-30,737,1,56553,0,0
A103119,2024-01-25,831,3,55080,3,0
A103120,2024-06-08,639,6,97389,0,0
A103121,2025-10-03,728,2,36228,0,0
A103122,2024-04-17,850,4,60737,0,0
A103123,2024-05-01,814,5,201473,0,0
A103124,2025-09-17,808,3,26474,0,0
A103124,2025-08-18,779,2,97850,0,0
A103125,2024-01-27,809,3,66373,0,0
A103126,2024-07-02,719,2,197441,0,0
A103127,2023-03-27,790,1,190542,0,0
A103128,2023-01-24,850,3,94605,0,0
A103129,2021-12-30,850,3,688330,1,0
A103130,2024-12-27,631,1,343694,0,0
A103131,2023-05-11,726,4,48471,0,0
A103132,2025-12-13,740,2,558387,1,0
A103133,2025-03-11,850,2,61203,0,0
A103134,2022-11-26,571,2,66445,0,0
A103135,2025-03-18,796,3,75639,3,0
A103136,2022-07-27,850,2,70644,0,0
A103137,2022-07-06,644,4,342580,1,0
A103138,2023-10-31,850,0,217644,0,0
A103139,2025-06-21,769,3,244113,1,0
A103141,2022-06-06,811,2,199747,0,0
A103142,2024-08-01,644,0,90582,0,0
A103143,2022-02-17,771,1,44559,0,0
A103144,2022-06-21,779,6,211697,1,0
A103145,2022-01-12,777,0,127438,0,1
A103146,2022-01-21,850,2,189140,0,0
A103147,2025-06-03,732,5,99948,0,0
A103148,2023-02-20,830,0,133954,0,0
A103150,2022-07-07,712,1,110592,2,0
A103151,2024-05-15,756,2,113350,0,0
A103152,2022-03-08,720,2,150793,0,0
A103154,2023-07-14,810,0,180487,0,0
A103155,2024-03-04,730,3,32187,0,0
A103156,2023-03-29,611,1,690610,0,0
A103157,2024-11-09,832,3,262698,1,0
A103158,2023-03-03,850,4,98279,1,0
A103159,2024-02-25,735,0,566215,0,2
A103160,2025-12-08,681,0,178438,0,0
A103161,2023-01-13,810,1,210214,0,1
A103162,2024-02-01,785,2,134731,0,0
A103162,2024-01-01,850,1,147642,0,0
A103163,2025-11-09,843,3,190851,1,0
A103164,2022-03-16,630,0,173495,0,2
A103165,2024-12-19,748,2,877595,0,0
A103166,2023-01-08,696,1,242103,2,0
A103167,2024-12-29,677,1,127998,0,0
A103168,2025-12-27,850,3,192367,0,0
A103169,2022-12-30,850,2,301018,2,0
A103170,2024-04-28,653,3,46739,0,0
A103171,2023-04-16,611,1,424794,1,0
A103172,2022-04-28,850,1,115639,0,0
A103173,2023-12-30,761,4,22605,0,0
A103174,2022-07-19,690,4,97571,1,0
A103174,2022-06-17,646,1,58753,0,2
A103175,2023-07-01,519,1,64419,0,0
A103176,2024-09-30,652,1,201860,0,0
A103177,2023-07-02,830,4,133250,1,0
A103178,2024-07-30,850,4,123872,0,0
A103180,2025-07-03,553,0,186531,0,0
A103181,2022-11-19,799,4,218951,0,0
A103182,2022-09-13,694,1,57548,1,0
A103182,2022-08-14,655,3,88159,0,0
A103183,2022-01-06,802,2,10649,0,0
A103184,2024-06-09,850,1,217904,0,0
A103185,2024-05-20,792,0,320724,0,0
A103186,2022-04-21,722,4,186516,2,1
A103186,2022-03-22,850,4,478072,0,0
A103187,2023-07-28,702,0,176792,0,0
A103188,2025-01-27,706,3,359809,0,0
A103189,2025-03-02,850,4,24383,0,0
A103190,2025-01-13,850,5,85609,0,0
A103191,2024-09-13,811,3,195382,1,0
A103192,2023-05-10,750,1,156362,0,0
A103193,2022-08-25,850,4,98819,0,0
A103194,2024-05-26,838,2,107654,0,0
A103195,2024-10-28,694,4,226225,2,0
A103196,2024-12-21,777,0,272692,0,0
A103197,2025-03-05,722,5,137445,1,0
A103198,2024-06-12,850,3,260076,0,0
A103198,2024-05-13,850,2,1044604,0,0
A103199,2024-09-09,850,3,75739,1,0
A103200,2022-06-23,828,3,170531,3,0
A103201,2022-12-25,561,4,61404,0,0
A103202,2025-10-15,714,4,164568,0,1
A103203,2024-04-03,765,0,546154,0,0
A103204,2025-07-07,806,4,102346,0,0
A103205,2025-01-30,767,4,80807,0,0
A103206,2024-10-14,816,0,29411,0,0
A103207,2023-04-19,850,0,130136,0,0
A103208,2022-04-12,850,4,105705,0,0
A103209,2023-03-13,850,5,489351,1,0
A103210,2025-10-25,725,5,1918781,0,0
A103211,2024-05-21,850,0,255962,0,0
A103212,2024-08-05,826,6,709258,1,0
A103213,2025-04-01,723,1,32527,0,0
A103214,2023-10-13,657,5,397928,0,0
A103215,2023-10-29,826,1,477453,3,0
A103217,2023-11-01,850,0,654708,0,0
A103218,2025-05-26,831,5,104861,0,0
A103219,2025-05-11,846,2,134895,0,0
A103220,2025-01-31,749,0,65155,0,0
A103221,2024-06-06,798,0,739982,0,0
A103222,2024-10-18,687,3,408482,0,0
A103223,2023-04-12,748,4,124573,1,0
A103224,2023-04-30,850,2,140172,0,0
A103225,2023-08-29,665,5,66409,1,1
A103226,2025-04-11,757,4,40928,0,0
A103227,2024-04-01,811,5,41460,1,0
A103228,2023-02-03,850,2,193513,0,0
A103229,2025-04-05,850,3,236544,0,0
A103229,2025-03-09,636,2,38204,1,1
A103230,2023-08-29,710,1,178563,0,0
A103231,2025-05-13,792,1,26957,0,0
A103232,2022-01-08,778,2,125307,1,0
A103232,2021-12-10,849,0,94034,0,0
A103233,2022-04-21,802,2,646312,0,0
A103234,2023-09-21,774,1,188326,0,0
A103234,2023-08-24,807,1,305641,2,0
A103235,2023-01-13,765,2,60146,0,0
A103236,2024-02-28,668,5,261744,0,1
A103237,2023-03-27,747,1,539742,2,0
A103239,2022-09-06,775,3,841914,0,0
A103240,2023-06-07,697,1,737088,3,0
A103241,2024-03-04,750,4,94280,2,0
A103242,2025-02-10,850,0,215029,3,0
A103243,2025-02-18,738,0,212705,0,0
A103244,2023-05-31,710,3,119975,0,0
A103245,2025-09-08,618,4,515545,0,0
A103246,2025-05-12,786,4,187214,2,0
A103247,2022-03-08,850,2,59444,0,0
A103248,2022-08-05,771,0,228471,0,0
A103249,2024-08-31,850,3,100860,0,0
A103250,2025-07-28,785,1,240759,1,0
A103251,2023-11-09,841,3,81007,0,0
A103252,2025-04-18,850,3,355923,0,0
A103253,2023-06-23,641,2,77488,1,0
A103254,2024-11-07,850,3,35541,0,0
A103256,2025-11-15,692,0,296603,1,0
A103256,2025-10-14,850,5,53163,0,0
A103257,2023-09-20,850,2,248846,0,0
A103258,2023-09-29,850,4,104750,0,0
A103259,2025-06-22,786,0,47003,1,0
A103260,2025-03-04,850,2,269917,1,0
A103261,2025-06-21,847,2,1154109,2,0
A103262,2025-07-19,850,4,295457,0,0
A103263,2024-05-09,589,2,161508,1,0
A103263,2024-04-08,499,2,126580,2,0
A103264,2022-11-17,850,3,137145,0,0
A103265,2025-07-14,779,2,266968,0,0
A103266,2023-08-12,793,0,317433,0,0
A103267,2022-08-17,797,1,1021055,0,0
A103268,2023-09-23,694,1,1163598,0,0
A103269,2024-04-10,800,1,155164,0,0
A103270,2023-11-04,756,1,342738,0,0
A103271,2023-12-19,731,0,311886,1,0
A103273,2024-09-28,678,0,225827,2,0
A103274,2022-09-24,693,8,109958,0,0
A103274,2022-08-26,745,0,492740,1,0
A103275,2025-05-18,850,2,389620,0,0
A103276,2022-09-04,718,2,183642,0,0
A103277,2022-03-04,750,4,234148,1,0
A103278,2025-11-13,701,1,54899,0,0
A103279,2023-01-20,825,1,80930,0,0
A103279,2022-12-23,850,5,338229,1,0
A103280,2025-06-22,850,2,163543,3,0
A103281,2024-10-11,850,5,82615,0,0
A103282,2024-10-21,777,3,39882,1,3
A103284,2022-08-10,850,2,107923,0,0
A103285,2024-04-06,774,1,153042,0,0
A103286,2024-12-08,834,2,133580,1,0
A103288,2024-10-06,850,2,51290,0,0
A103289,2024-03-07,631,2,175014,0,0
A103290,2024-11-09,764,5,192156,0,0
A103292,2023-07-05,647,1,369009,1,0
A103293,2025-04-23,844,0,108076,0,0
A103294,2023-01-28,689,1,66662,0,1
A103295,2023-06-22,819,2,396986,0,0
A103295,2023-05-24,822,1,203020,0,0
A103296,2024-07-16,850,3,337241,1,0
A103297,2025-09-25,850,0,266564,0,0
A103298,2023-09-25,666,1,63192,2,0
A103299,2024-08-07,807,4,474250,0,0
A103300,2025-02-19,820,2,808274,1,0
A103301,2022-05-08,762,3,36227,0,0
A103302,2025-10-16,553,4,193144,1,0
A103303,2025-12-10,819,1,88567,0,0
A103304,2022-02-14,604,2,353009,0,0
A103306,2023-02-14,850,5,158672,0,0
A103307,2023-11-24,646,4,1999761,0,0
A103308,2025-12-14,850,3,146049,0,0
A103309,2024-03-16,779,3,576820,2,0
A103310,2022-10-30,842,3,292431,1,0
A103311,2025-10-15,850,3,69995,2,0
A103312,2025-05-16,850,5,172281,0,0
A103313,2022-08-23,784,1,435460,1,0
A103314,2024-09-13,755,4,741194,0,0
A103315,2024-12-14,850,0,370317,2,0
A103316,2023-08-24,808,0,229156,0,1
A103317,2023-12-03,712,3,69109,0,0
A103318,2022-04-09,721,2,576943,2,0
A103319,2024-07-14,850,2,98188,0,0
A103320,2024-03-16,734,3,364296,0,0
A103321,2025-11-14,812,3,303632,0,0
A103322,2023-02-18,850,4,225288,0,0
A103323,2022-02-02,850,1,310780,0,0
A103325,2024-05-30,809,1,98456,0,0
A103326,2024-06-14,850,2,38557,0,0
A103327,2025-11-23,800,3,70309,0,1
A103328,2025-08-18,755,4,762653,1,0
A103330,2022-05-19,690,0,481719,0,0
A103331,2025-11-21,850,2,165062,3,0
A103332,2022-02-02,850,1,175432,0,0
A103334,2022-02-15,575,0,164834,1,0
A103335,2023-01-19,651,4,479799,1,3
A103336,2025-12-29,796,2,394504,0,0
A103337,2025-10-12,664,1,357881,1,0
A103338,2024-10-29,847,5,243176,0,0
A103339,2023-10-04,743,1,57704,0,0
A103340,2022-01-03,850,0,110672,1,0
A103342,2025-07-29,850,3,132200,2,0
A103343,2025-04-01,847,4,174194,0,0
A103344,2024-07-11,842,2,30588,0,0
A103345,2022-06-26,792,1,589583,0,0
A103346,2022-02-20,820,1,22892,3,0
A103347,2023-05-27,784,2,433957,0,0
A103349,2022-09-16,812,1,752750,0,0
A103349,2022-08-19,850,0,131370,0,0
A103350,2025-09-01,601,3,211641,0,0
A103351,2025-09-13,736,3,118261,0,0
A103352,2023-02-25,847,0,48069,0,0
A103353,2023-07-31,696,3,86471,0,0
A103354,2022-12-09,798,1,274254,2,0
A103355,2023-01-29,832,0,103086,0,0
A103356,2022-05-28,707,1,67258,0,0
A103357,2023-04-27,850,2,49413,0,2
A103359,2023-02-17,739,6,230823,0,0
A103360,2023-11-07,850,3,56298,1,0
A103361,2025-02-18,814,3,1310030,0,0
A103362,2025-12-16,716,4,991826,0,0
A103363,2022-10-04,820,0,162472,0,0
A103365,2023-05-21,636,2,45853,1,0
A103366,2023-11-09,850,3,229854,0,0
A103367,2023-05-04,781,1,129339,0,1
A103367,2023-04-03,789,3,176569,0,0
A103368,2024-03-16,725,1,1861893,1,2
A103368,2024-02-15,656,4,1585766,3,0
A103369,2023-04-29,850,6,227990,1,0
A103370,2023-01-10,663,0,425415,0,0
A103371,2022-01-02,671,1,162694,0,0
A103371,2021-12-03,809,5,202136,0,0
A103372,2023-12-09,713,1,55302,0,0
A103373,2023-03-09,582,3,1276468,0,0
A103373,2023-02-08,675,3,68289,0,2
A103374,2024-12-02,777,0,28492,1,0
A103375,2024-10-10,608,2,225032,0,0
A103376,2024-12-10,850,2,17748,0,0
A103377,2022-09-01,620,1,1312799,0,0
A103378,2024-09-05,820,0,84826,0,0
A103379,2025-07-17,638,2,62790,0,0
A103380,2023-11-14,776,1,470975,0,0
A103381,2023-03-07,706,2,140763,0,0
A103381,2023-02-07,622,2,281623,0,0
A103382,2025-10-28,769,3,34697,0,0
A103383,2022-01-24,850,0,123632,0,0
A103384,2023-01-06,834,1,236921,3,0
A103385,2023-08-16,793,2,531214,0,0
A103386,2022-05-02,542,0,226883,0,0
A103387,2022-06-29,782,3,561049,0,0
A103388,2022-01-20,702,1,204739,0,0
A103389,2022-09-25,699,1,97837,0,0
A103390,2024-12-08,623,2,338894,1,1
A103391,2025-03-31,778,0,127558,0,0
A103392,2024-04-06,772,0,272182,0,0
A103394,2025-10-26,723,2,90129,0,0
A103395,2022-12-12,792,1,338671,0,0
A103396,2025-10-25,679,3,159361,0,0
A103399,2024-11-10,850,3,742893,1,1
A103400,2024-02-10,717,2,150341,0,0
A103401,2025-10-04,708,4,231452,0,0
A103402,2025-04-30,785,3,123760,0,0
A103403,2024-06-02,789,2,163828,0,0
A103404,2024-10-15,850,4,134582,0,0
A103405,2022-05-25,672,0,1000517,0,0
A103406,2023-09-04,790,4,158617,0,0
A103407,2023-01-19,727,1,241862,1,0
A103408,2025-11-27,850,3,147074,0,0
A103409,2023-09-09,737,2,107150,0,2
A103410,2023-10-09,550,2,474088,1,0
A103411,2024-02-18,850,2,158837,0,0
A103412,2024-05-26,850,2,251057,2,0
A103413,2023-03-21,850,2,311005,0,0
A103414,2025-05-24,724,4,223391,0,1
A103414,2025-04-25,802,5,155616,0,0
A103415,2024-04-30,688,2,119498,0,0
A103417,2024-01-12,737,4,571113,3,0
A103419,2025-07-02,712,1,139062,0,0
A103420,2023-02-25,621,2,71259,0,2
A103420,2023-01-26,796,0,322859,0,0
A103421,2023-10-26,754,2,1619410,0,0
A103421,2023-09-26,791,1,582216,3,0
A103422,2022-09-16,787,3,25114,0,0
A103423,2022-07-14,841,1,2768629,0,0
A103424,2022-12-09,850,2,40029,0,0
A103425,2024-05-15,760,3,61204,1,0
A103426,2023-09-16,757,4,1249862,1,0
A103427,2025-03-09,707,1,45106,0,0
A103428,2023-05-11,850,2,135838,0,0
A103429,2025-01-21,766,6,133404,0,0
A103430,2025-01-28,789,2,296798,0,0
A103430,2024-12-29,838,1,92125,0,0
A103431,2023-11-25,704,1,437753,0,0
A103432,2022-05-09,850,3,172078,0,0
A103433,2023-11-15,664,3,129192,2,0
A103434,2024-05-21,805,1,194105,1,0
A103435,2024-04-27,774,1,57922,0,0
A103436,2022-07-07,850,1,377933,0,0
A103437,2023-11-29,637,1,110183,1,3
A103438,2025-03-31,814,2,756227,2,0
A103439,2022-12-06,850,2,411970,0,0
A103440,2022-10-25,850,1,329830,2,0
A103441,2025-05-06,657,4,135177,0,0
A103442,2023-01-24,688,0,379938,1,0
A103443,2022-06-08,850,0,54523,0,0
A103443,2022-05-10,662,0,169662,2,0
A103444,2022-03-28,755,2,516206,0,0
A103445,2025-01-30,850,0,1485330,0,0
A103446,2023-02-06,815,4,277056,0,0
A103447,2025-06-21,582,0,540768,0,0
A103448,2024-10-14,850,3,426063,0,0
A103449,2023-12-31,850,1,77146,1,0
A103450,2023-07-06,850,2,129766,0,0
A103451,2023-06-12,850,5,160174,2,0
A103452,2023-09-08,638,1,304477,0,0
A103453,2025-09-20,722,1,156752,1,0
A103454,2023-12-15,751,0,140643,0,0
A103456,2024-05-28,850,2,31567,0,0
A103457,2023-07-16,779,3,48731,1,0
A103458,2024-04-14,755,2,1067348,1,0
A103459,2024-12-16,850,1,163593,0,0
A103459,2024-11-16,850,3,252691,0,0
A103460,2024-03-18,773,3,227703,0,0
A103461,2024-09-14,775,3,995114,0,0
A103462,2025-09-04,700,3,404310,1,0
A103462,2025-08-07,760,1,20525,0,0
A103463,2023-12-20,760,1,878153,0,0
A103465,2025-04-09,786,2,65239,1,0
A103466,2022-12-29,738,1,153611,3,0
A103467,2022-04-28,850,1,549336,0,0
A103468,2024-07-17,749,1,445311,0,0
A103469,2022-03-07,831,1,95617,0,0
A103470,2024-09-21,769,0,81349,0,0
A103471,2023-02-28,850,2,616000,1,0
A103472,2023-07-27,764,0,454053,0,0
A103473,2025-03-07,850,2,324048,1,0
A103474,2022-05-27,850,1,62443,0,0
A103475,2024-03-02,727,3,60629,2,0
A103476,2025-07-18,565,1,145289,2,0
A103477,2025-08-09,754,1,93285,0,0
A103479,2022-01-27,767,2,284808,0,0
A103480,2024-02-23,850,4,739539,0,0
A103480,2024-01-24,836,3,909043,0,0
A103481,2024-01-18,789,3,162940,0,0
A103482,2022-01-20,630,1,100740,0,0
A103483,2022-05-24,850,3,764792,0,0
A103484,2025-08-30,509,0,378040,2,0
A103485,2022-03-29,730,1,212196,0,0
A103486,2024-07-02,806,2,42595,1,0
A103487,2023-02-15,647,0,158605,0,1
A103488,2022-10-25,752,0,150866,0,0
A103489,2024-04-02,850,0,176841,0,0
A103490,2025-12-01,850,1,149743,0,0
A103491,2022-08-05,850,1,74974,0,0
A103493,2023-05-02,834,3,129406,0,0
A103494,2024-12-07,630,3,84198,0,0
A103495,2023-08-14,684,5,226631,2,0
A103496,2023-07-12,758,2,211651,1,0
A103497,2024-01-04,850,4,70172,0,0
A103498,2024-01-22,811,2,74784,0,0
A103500,2022-07-20,647,1,242895,0,0
A103501,2024-06-27,818,1,1199548,0,0
A103502,2023-03-06,850,1,57684,0,0
A103503,2023-05-29,850,3,55508,0,0
A103504,2023-08-25,701,3,302238,0,0
A103505,2023-09-25,850,6,287527,2,0
A103505,2023-08-28,735,1,49853,0,0
A103506,2025-08-02,765,1,146243,0,0
A103507,2023-09-30,760,1,86429,0,0
A103508,2024-01-22,826,4,200475,0,0
A103509,2024-10-22,616,2,139772,1,0
A103510,2025-06-11,850,3,450836,3,0
A103511,2024-02-25,699,0,46451,0,0
A103512,2022-10-03,850,4,139173,1,0
A103513,2023-12-15,690,0,110909,0,0
A103514,2022-12-18,796,0,509105,0,0
A103515,2022-08-10,797,3,46610,1,0
A103515,2022-07-10,742,0,372639,0,0
A103516,2022-06-23,846,4,612486,0,0
A103517,2023-08-19,850,3,106484,0,0
A103518,2023-04-21,651,6,211225,3,0
A103519,2024-07-26,850,0,298756,0,0
A103520,2022-10-30,819,2,257415,3,0
A103521,2022-03-31,761,3,430417,2,0
A103522,2022-05-25,785,3,70660,0,0
A103523,2025-04-07,786,0,139772,0,0
A103524,2022-03-11,834,1,83249,3,0
A103525,2023-10-10,756,2,152870,3,1
A103526,2022-06-19,850,6,197837,0,0
A103527,2024-03-28,742,2,323345,0,0
A103528,2025-09-21,722,1,90327,3,0
A103529,2024-12-01,829,3,192809,3,0
A103530,2022-02-11,797,1,133254,0,0
A103531,2024-05-29,721,4,81734,0,0
A103532,2023-04-02,850,1,81596,0,1
A103533,2025-02-12,757,4,77332,0,0
A103534,2022-04-27,695,1,248061,0,0
A103535,2024-12-22,827,3,131030,1,0
A103536,2025-05-02,850,5,45700,0,0
A103537,2025-06-29,850,2,132368,0,0
A103538,2025-01-19,821,1,84082,0,0
A103539,2023-12-28,636,3,287131,1,4
A103539,2023-11-25,764,2,313802,0,0
A103540,2024-01-16,776,2,451683,0,0
A103541,2024-10-06,814,1,347832,0,0
A103542,2022-12-04,741,1,231011,0,0
A103543,2023-01-20,819,3,112434,1,0
A103544,2025-12-20,629,4,283404,0,0
A103544,2025-11-18,693,1,713215,1,0
A103545,2025-05-29,850,3,268142,0,0
A103545,2025-04-30,714,1,371988,0,0
A103546,2025-10-05,770,0,121835,0,0
A103547,2024-01-03,742,3,826260,1,0
A103548,2024-11-24,784,1,105914,0,0
A103549,2022-07-29,819,2,65019,0,0
A103550,2024-06-16,840,2,119370,0,0
A103551,2022-04-27,757,2,25441,0,0
A103552,2025-10-29,690,1,101379,0,0
A103553,2025-11-01,731,3,85337,0,0
A103554,2023-05-04,647,6,305041,1,0
A103555,2022-05-18,850,4,214040,0,0
A103556,2022-03-15,713,0,222825,0,0
A103557,2022-03-18,850,4,155814,0,0
A103558,2024-05-24,763,3,92815,0,0
A103559,2023-05-09,708,3,93627,0,0
A103560,2022-09-06,693,2,656641,0,0
A103561,2024-12-03,850,0,286925,0,0
A103562,2023-09-19,729,0,86265,0,0
A103563,2025-11-05,850,2,415666,0,0
A103564,2023-09-01,815,5,62915,0,0
A103565,2024-01-18,687,0,112318,0,0
A103566,2022-02-02,758,4,338633,0,0
A103567,2023-06-16,850,1,19595,3,0
A103568,2024-10-11,520,1,35344,0,0
A103569,2025-10-11,646,2,79841,0,0
A103570,2022-05-25,753,0,124149,1,0
A103571,2022-07-02,676,0,427073,0,0
A103572,2023-07-03,778,0,286742,1,0
A103573,2022-03-20,597,7,65328,0,0
A103574,2024-03-05,671,3,151534,0,0
A103575,2023-03-23,846,6,137702,2,0
A103576,2023-03-31,801,1,209369,0,0
A103577,2023-11-29,671,0,724688,0,0
A103579,2022-09-26,850,0,682353,1,0
A103580,2022-03-17,811,0,1582687,0,0
A103581,2024-08-22,749,1,27106,1,0
A103582,2024-04-07,777,2,209714,0,0
A103584,2023-04-24,794,0,8839,0,1
A103585,2022-06-04,772,0,156010,0,0
A103586,2022-05-22,850,2,63351,2,0
A103587,2022-03-20,580,2,553813,1,0
A103588,2025-06-24,778,3,149487,0,0
A103589,2025-04-01,704,1,114969,0,0
A103590,2024-05-05,755,2,60545,2,0
A103591,2024-06-01,850,5,203855,0,0
A103591,2024-05-03,850,3,169523,1,0
A103592,2023-02-16,850,0,33268,0,0
A103593,2022-05-24,756,3,60624,0,0
A103594,2024-02-28,666,3,305502,0,0
A103595,2025-02-16,850,1,130519,0,0
A103597,2024-01-30,831,1,79750,0,0
A103598,2022-10-06,740,2,149136,0,0
A103599,2022-10-01,850,3,24101,1,0
A103600,2023-09-13,805,1,120038,0,0
A103601,2023-04-07,668,3,27592,0,0
A103602,2022-04-15,828,2,239209,0,0
A103603,2022-02-08,741,2,128150,0,0
A103604,2022-09-05,732,3,74927,1,0
A103605,2022-02-08,770,2,329234,0,0
A103607,2025-08-13,757,2,300992,0,0
A103608,2022-07-06,850,7,135691,0,0
A103609,2024-02-18,685,4,537525,0,0
A103609,2024-01-22,850,5,640189,0,0
A103610,2023-07-11,785,2,102762,0,0
A103611,2025-03-18,823,2,244773,0,0
A103612,2025-12-24,806,2,132046,0,0
A103613,2022-07-21,657,5,133567,0,0
A103614,2024-05-18,836,1,547602,0,0
A103615,2024-10-19,775,2,214831,2,0
A103616,2023-08-11,775,3,448781,1,0
A103617,2025-12-16,830,3,103482,2,0
A103618,2025-01-30,801,5,329073,2,0
A103619,2022-08-11,691,4,445058,1,0
A103620,2024-02-20,802,1,268726,0,0
A103621,2022-12-31,685,1,338084,0,0
A103622,2022-06-10,754,2,333771,0,0
A103624,2022-06-30,850,1,173003,0,0
A103625,2023-03-29,850,1,210898,0,0
A103627,2024-05-08,850,2,227598,3,0
A103627,2024-04-08,792,3,245054,2,0
A103628,2024-09-09,749,0,323319,0,0
A103628,2024-08-12,744,2,256534,1,0
A103630,2025-04-08,663,0,261711,0,0
A103631,2022-06-16,721,1,102394,1,1
A103632,2022-05-23,850,4,66226,0,0
A103632,2022-04-26,817,3,548939,0,0
A103634,2024-04-23,709,4,266374,0,0
A103635,2024-06-14,798,1,10645,0,0
A103636,2022-05-26,819,3,441654,1,0
A103637,2025-03-05,850,0,72301,0,0
A103637,2025-02-02,804,0,63776,0,0
A103638,2023-10-17,850,0,80136,0,0
A103639,2023-08-24,850,2,33457,0,0
A103640,2022-03-05,722,2,106796,1,0
A103641,2023-02-13,755,0,334646,0,0
A103642,2022-01-18,817,2,140103,0,0
A103643,2023-03-15,850,2,112245,0,0
A103644,2024-01-20,850,1,22293,0,0
A103645,2022-07-05,850,3,245986,0,0
A103646,2025-10-26,686,1,105261,1,0
A103647,2023-12-14,763,0,514226,0,0
A103648,2022-02-24,695,0,123407,1,0
A103649,2023-04-06,850,1,137545,3,0
A103650,2022-02-14,850,0,144253,2,0
A103651,2022-04-26,649,0,29778,0,0
A103652,2022-02-15,692,0,161029,0,0
A103653,2022-06-21,784,2,100489,0,0
A103653,2022-05-23,730,3,91672,0,0
A103654,2025-09-26,781,1,70824,1,0
A103655,2023-03-21,819,0,173381,0,0
A103656,2025-07-09,741,3,360608,1,0
A103657,2023-08-29,850,0,273915,0,0
A103658,2023-01-07,653,3,306873,0,2
A103659,2025-09-03,679,0,339077,0,0
A103660,2023-03-17,794,0,76099,1,0
A103661,2024-02-13,850,2,194261,0,0
A103662,2024-07-17,829,0,820301,0,0
A103664,2023-08-20,850,5,279879,1,0
A103665,2024-01-15,850,1,35811,0,0
A103667,2024-11-05,803,1,172911,3,0
A103668,2024-03-10,729,1,75231,0,0
A103669,2023-02-10,821,3,1036625,0,0
A103670,2024-03-30,850,1,176057,0,0
A103671,2024-04-20,742,1,75171,0,0
A103672,2025-11-13,824,3,243942,0,0
A103673,2024-01-27,749,1,45172,0,0
A103674,2024-10-13,795,3,115774,0,0
A103675,2025-02-11,850,1,104349,0,0
A103676,2022-03-23,816,3,1118829,0,0
A103677,2022-03-14,806,0,76742,0,0
A103679,2025-04-07,707,1,14727,0,0
A103680,2022-05-12,678,2,72072,0,1
A103681,2025-03-17,780,4,309269,1,0
A103682,2024-11-20,842,0,283928,2,0
A103683,2024-10-18,825,1,602576,1,0
A103684,2022-08-01,802,1,162209,0,0
A103685,2022-07-23,741,0,167767,1,0
A103686,2023-04-15,761,4,1656208,1,0
A103687,2023-02-10,850,6,479440,0,0
A103688,2022-03-29,766,5,88490,2,0
A103689,2022-02-26,734,4,193006,0,0
A103690,2023-11-20,740,5,179450,0,0
A103691,2023-05-13,850,2,271645,1,0
A103692,2022-10-10,771,1,216429,0,0
A103693,2025-07-10,814,3,319256,0,0
A103694,2024-11-02,850,4,311839,0,0
A103695,2024-11-17,802,2,100175,0,0
A103696,2024-09-06,850,0,152469,0,1
A103697,2022-09-22,845,1,194952,0,0
A103698,2023-12-25,823,4,27062,0,0
A103698,2023-11-24,840,1,362530,0,0
A103699,2022-11-10,841,4,56639,0,0
A103700,2025-04-07,850,0,1002620,0,0
A103701,2023-02-02,850,3,284732,0,0
A103702,2022-04-27,720,2,187220,0,0
A103703,2024-11-10,850,0,213651,1,0
A103704,2024-04-09,850,2,153736,0,0
A103705,2022-05-30,720,1,284424,0,0
A103706,2022-01-07,618,0,158780,0,0
A103707,2022-08-04,850,3,242399,0,0
A103708,2025-02-20,701,0,94275,0,0
A103709,2025-12-20,850,2,50689,0,0
A103709,2025-11-17,850,4,30367,2,0
A103710,2024-05-20,728,3,350287,0,0
A103712,2024-05-25,697,0,17389,0,0
A103714,2022-02-01,762,1,128969,0,0
A103715,2024-06-20,791,1,125352,3,0
A103716,2022-11-15,671,0,567689,3,0
A103717,2024-04-12,721,2,257308,0,0
A103718,2024-12-13,782,4,526428,0,0
A103719,2024-01-17,638,3,133389,1,0
A103720,2024-08-19,605,3,413416,1,0
A103721,2023-09-18,722,0,104364,1,0
A103722,2022-04-14,617,0,499464,1,0
A103723,2023-10-22,850,4,353716,0,0
A103725,2023-11-01,740,2,291453,0,0
A103726,2022-04-03,642,2,1012642,0,0
A103727,2024-04-28,796,3,475926,0,0
A103727,2024-03-29,850,4,145936,0,0
A103728,2023-11-01,664,0,94515,0,1
A103729,2022-07-13,738,2,179765,0,0
A103730,2024-09-11,797,1,84037,0,2
A103731,2024-03-23,718,2,88196,0,0
A103732,2023-11-29,850,6,1081082,0,0
A103733,2024-03-23,850,2,81281,0,0
A103734,2025-07-16,734,2,101795,2,0
A103736,2023-05-28,825,2,100209,0,0
A103737,2022-09-03,821,2,541167,3,0
A103738,2023-09-09,817,2,601546,2,0
A103739,2023-10-30,753,6,474459,0,0
A103740,2022-03-10,811,3,787128,3,0
A103741,2025-05-18,805,0,649987,0,0
A103742,2025-05-26,706,4,264285,1,0
A103743,2024-10-05,565,1,429200,0,0
A103746,2022-08-31,850,1,413418,1,0
A103747,2023-09-13,718,2,154682,0,2
A103748,2022-04-11,432,0,152710,0,4
A103749,2022-06-26,652,6,91686,0,0
A103750,2024-03-28,779,2,563399,2,0
A103751,2024-01-29,767,1,666599,0,0
A103752,2022-03-20,795,1,461833,0,0
A103752,2022-02-18,801,2,66546,0,0
A103753,2023-05-12,768,0,151972,2,0
A103755,2023-10-29,631,3,373527,0,0
A103756,2023-12-25,773,2,145677,3,0
A103757,2022-10-22,709,2,452018,0,0
A103758,2024-12-26,850,0,3537942,0,0
A103759,2022-02-25,730,3,80269,0,0
A103760,2022-02-10,850,0,332688,0,0
A103760,2022-01-11,707,2,339501,1,0
A103761,2024-09-11,850,2,178685,0,0
A103763,2023-04-11,752,1,229203,0,0
A103764,2024-07-20,850,4,582531,2,0
A103765,2022-08-27,690,2,82670,0,0
A103766,2023-08-06,687,1,58827,3,0
A103767,2022-08-07,674,5,113577,3,0
A103767,2022-07-08,795,0,191205,0,0
A103768,2025-10-15,850,2,34766,0,0
A103769,2022-08-18,838,1,190962,0,0
A103769,2022-07-18,830,2,128192,0,0
A103770,2025-10-16,850,3,265176,0,0
A103771,2023-03-17,773,0,245349,0,0
A103772,2022-11-06,630,1,175601,0,0
A103773,2023-12-25,720,0,249585,0,0
A103776,2022-01-17,850,1,104991,1,0
A103777,2022-09-16,826,3,694105,2,0
A103778,2022-08-14,814,3,117816,0,0
A103779,2023-12-13,763,0,71143,0,0
A103780,2024-02-29,850,0,502792,1,0
A103781,2025-09-15,850,3,243565,0,0
A103782,2025-03-09,741,6,559779,0,0
A103783,2025-11-11,783,0,78642,0,0
A103784,2025-11-30,684,3,954240,0,3
A103785,2024-10-19,751,6,209467,0,0
A103786,2025-09-11,730,2,213457,0,0
A103787,2022-08-04,709,2,717165,2,0
A103787,2022-07-05,831,0,173913,2,0
A103788,2023-04-17,697,2,140797,0,0
A103789,2024-03-26,850,3,147755,0,0
A103790,2024-12-09,787,3,268545,0,0
A103791,2023-10-14,822,5,62559,0,0
A103792,2023-11-30,850,4,126256,0,0
A103793,2024-08-23,850,1,652578,3,0
A103794,2022-10-11,660,0,288408,1,0
A103795,2022-11-20,850,5,173498,0,0
A103797,2025-04-22,729,1,127983,1,0
A103798,2022-06-10,644,1,61261,0,0
A103799,2025-05-18,637,4,179658,0,0
A103800,2024-08-01,591,2,208712,0,0
A103801,2025-12-17,752,3,208876,0,0
A103801,2025-11-15,616,4,97191,0,0
A103802,2025-08-18,850,0,96766,1,0
A103803,2023-01-01,829,5,127345,0,0
A103804,2024-05-16,850,5,438122,0,0
A103805,2023-09-02,741,2,100920,0,0
A103806,2022-03-18,850,1,107554,0,0
A103807,2024-07-02,850,0,100715,2,0
A103808,2024-03-09,728,4,114752,3,0
A103809,2024-04-16,714,3,55148,2,0
A103811,2023-07-23,756,3,106218,0,0
A103812,2023-10-11,725,2,138125,1,0
A103813,2022-01-09,710,6,287635,0,0
A103814,2024-07-07,850,0,65329,3,0
A103816,2025-10-07,721,4,103128,0,0
A103817,2022-01-17,760,5,290758,0,0
A103818,2023-06-14,691,3,46901,0,0
A103819,2023-02-23,840,4,82925,0,0
A103820,2025-06-26,838,3,81369,0,0
A103821,2024-10-31,728,3,172951,0,0
A103823,2023-04-04,756,2,230555,1,0
A103824,2025-02-09,850,2,376549,2,0
A103825,2025-03-03,850,2,596350,0,0
A103826,2024-02-12,721,3,73497,0,0
A103827,2022-06-18,765,3,27794,0,0
A103828,2025-11-30,567,3,283912,0,0
A103829,2022-01-21,850,2,1262993,0,0
A103831,2023-05-08,738,1,550628,0,0
A103832,2022-06-03,850,4,186625,0,0
A103833,2024-09-27,673,2,466279,0,0
A103834,2022-08-23,846,4,176625,0,0
A103836,2024-01-13,627,0,110334,2,0
A103837,2025-04-24,751,1,519787,1,0
A103838,2023-12-23,687,4,186661,0,0
A103839,2022-11-23,850,1,78650,0,0
A103840,2022-10-23,721,1,108628,0,0
A103841,2024-03-12,669,2,26472,0,3
A103842,2023-01-04,608,3,30071,2,0
A103844,2023-11-07,850,3,298327,0,0
A103845,2025-05-01,850,1,249298,0,0
A103845,2025-04-03,714,4,113842,0,0
A103846,2024-09-23,850,0,225874,1,0
A103848,2025-09-10,740,0,113977,1,0
A103849,2024-05-03,850,3,136498,0,0
A103850,2025-10-12,627,1,151695,2,0
A103851,2022-11-19,850,3,86165,0,0
A103852,2024-11-08,733,1,162889,1,0
A103853,2024-01-12,827,3,66366,0,0
A103854,2023-08-12,803,5,116615,3,0
A103855,2024-07-20,721,1,157802,0,0
A103856,2025-09-22,532,2,29272,0,0
A103857,2024-05-19,850,3,328160,1,0
A103858,2023-11-15,738,1,73773,0,0
A103860,2025-09-14,820,2,36676,1,0
A103861,2025-01-19,850,1,195033,0,0
A103862,2023-05-07,677,0,167290,0,0
A103863,2022-05-14,706,0,59112,1,0
A103864,2023-01-16,850,1,90723,0,0
A103866,2025-07-25,740,4,43788,0,0
A103867,2025-12-14,850,1,264988,0,0
A103868,2024-06-23,850,3,199719,0,0
A103869,2024-05-21,696,3,56089,0,0
A103870,2024-06-26,850,1,145551,0,0
A103871,2022-02-11,764,3,882982,0,0
A103871,2022-01-12,783,1,136141,0,0
A103872,2023-10-24,769,0,305427,0,0
A103874,2022-10-09,751,2,60627,0,1
A103874,2022-09-11,680,2,54332,0,0
A103875,2022-05-15,671,1,122782,0,0
A103876,2023-05-12,672,3,151895,1,0
A103876,2023-04-12,687,1,178969,0,0
A103877,2023-05-24,850,2,18731,0,0
A103878,2022-10-27,699,0,317648,0,0
A103879,2025-05-07,781,2,241581,2,0
A103880,2023-09-01,850,1,141209,0,0
A103881,2024-08-12,793,2,427063,0,0
A103882,2025-12-16,744,2,21964,2,0
A103883,2022-02-05,850,5,118525,0,0
A103884,2025-05-29,796,2,224898,0,0
A103885,2025-10-10,756,1,49508,0,0
A103887,2025-07-24,850,2,151532,0,0
A103888,2024-11-04,685,0,106885,0,0
A103889,2022-06-14,712,0,178033,0,0
A103891,2025-05-15,850,5,113810,1,0
A103892,2022-07-12,699,1,212885,1,0
A103893,2022-12-11,719,3,38083,0,0
A103895,2022-09-12,850,1,86576,1,0
A103896,2022-09-02,850,0,57436,2,0
A103897,2023-08-08,779,4,1825010,0,0
A103898,2024-02-10,693,0,324866,0,0
A103899,2023-01-06,762,0,472912,0,0
A103900,2023-03-31,725,2,366586,0,0
A103901,2022-11-29,796,1,271482,0,0
A103902,2022-01-12,850,1,239594,0,0
A103903,2024-07-09,850,3,561257,0,0
A103904,2024-08-25,658,4,1414323,0,0
A103905,2023-11-02,796,6,58087,0,0
A103906,2025-04-08,850,4,52467,0,0
A103908,2025-11-30,790,4,493579,0,0
A103909,2024-12-03,792,2,1305320,1,0
A103910,2025-12-14,771,4,59423,0,0
A103911,2025-03-20,850,2,337662,0,0
A103912,2022-03-09,816,0,1138458,3,0
A103913,2024-12-05,806,1,71854,0,0
A103914,2023-02-13,655,3,243682,0,0
A103915,2025-02-25,597,5,355922,0,0
A103915,2025-01-27,673,3,177176,0,0
A103916,2022-10-12,647,3,48608,0,0
A103917,2025-04-29,826,2,561749,0,0
A103918,2025-10-31,766,3,44026,0,2
A103918,2025-10-03,680,5,193854,0,0
A103919,2022-12-18,850,3,279184,1,0
A103920,2025-02-02,727,1,68228,2,0
A103922,2023-11-28,637,0,1347046,3,0
A103923,2023-10-18,850,4,190653,0,0
A103924,2024-03-25,732,6,212621,0,0
A103925,2023-07-28,767,3,29676,0,0
A103926,2023-11-20,694,1,256622,0,0
A103928,2024-04-30,716,0,124898,0,0
A103929,2025-01-02,850,4,60232,0,0
A103930,2025-08-16,850,2,80199,0,0
A103932,2022-01-21,702,2,33627,0,0
A103933,2022-05-29,842,2,31013,3,0
A103934,2023-11-13,672,4,826842,0,0
A103935,2024-02-27,719,1,84550,0,0
A103936,2023-10-07,714,4,296028,3,0
A103937,2024-05-24,826,1,130839,0,0
A103938,2022-02-15,850,2,1623166,0,0
A103939,2024-04-02,761,3,190265,0,0
A103940,2023-04-08,556,4,98637,0,0
A103941,2023-12-06,764,4,61704,0,0
A103942,2023-03-17,654,0,173361,0,0
A103943,2023-09-26,659,1,197714,1,0
A103945,2024-09-23,722,1,261995,0,0
A103946,2022-07-08,761,0,322681,0,0
A103947,2022-12-19,850,5,155929,0,0
A103948,2023-02-11,811,0,85630,1,0
A103949,2024-08-19,728,5,776052,0,0
A103950,2023-02-20,791,4,99078,0,0
A103951,2025-04-14,807,3,231154,0,0
A103952,2023-09-24,850,3,31087,0,0
A103953,2024-11-09,850,0,69882,0,0
A103954,2024-05-10,850,3,115784,0,0
A103955,2023-04-14,838,1,102037,0,1
A103956,2023-04-14,699,2,127239,1,0
A103957,2024-05-12,738,3,189206,0,0
A103958,2024-02-19,604,2,145039,0,0
A103959,2022-02-26,689,1,170509,1,0
A103960,2025-03-12,757,3,161383,0,0
A103961,2023-11-19,757,0,66793,0,0
A103962,2023-07-30,823,2,64769,0,0
A103963,2025-09-03,762,4,1293472,0,0
A103964,2025-05-02,838,3,287303,3,0
A103964,2025-04-01,684,0,33713,0,0
A103966,2022-03-12,687,4,98720,0,0
A103967,2023-08-21,850,3,66473,0,0
A103968,2023-03-29,794,2,443509,0,0
A103969,2024-04-18,850,4,120360,0,0
A103971,2023-11-17,661,1,307359,0,0
A103972,2025-07-11,755,5,53348,1,0
A103973,2024-02-14,850,0,64103,0,0
A103974,2025-06-15,850,2,137291,2,0
A103975,2025-06-04,722,2,97811,0,0
A103976,2023-12-09,675,2,111049,1,0
A103976,2023-11-12,724,3,161791,0,0
A103977,2025-03-26,810,0,374491,2,0
A103978,2025-12-03,686,3,333287,0,0
A103979,2022-10-23,754,2,565645,0,0
A103980,2023-01-24,744,2,140472,0,0
A103981,2022-06-20,850,4,65193,0,0
A103982,2023-09-12,657,2,66688,1,0
A103983,2023-08-07,731,3,76760,0,0
A103983,2023-07-10,686,2,418475,2,0
A103984,2023-08-06,806,4,76689,0,0
A103985,2024-07-08,734,1,148564,1,0
A103986,2025-10-03,846,6,237450,0,0
A103988,2023-02-02,772,0,284996,0,0
A103989,2023-10-31,754,4,342593,0,0
A103991,2025-08-24,731,0,250428,0,0
A103991,2025-07-24,641,2,308520,0,0
A103992,2024-03-20,794,3,1708782,0,0
A103993,2025-11-29,679,1,68026,0,0
A103993,2025-11-01,598,0,133487,3,0
A103994,2023-01-06,850,1,1099055,0,0
A103995,2025-09-17,620,0,171014,0,0
A103996,2022-01-23,833,0,142430,1,0
A103997,2025-04-08,847,1,247310,0,0
A103998,2025-08-31,739,3,24217,0,0
A103999,2025-08-31,842,3,400651,0,0
A103999,2025-08-01,850,1,42842,0,0
A104000,2024-10-24,725,0,79461,0,0
A104001,2022-07-07,787,5,44290,1,0
A104002,2022-05-18,710,2,411833,0,0
A104003,2024-01-13,819,5,176135,0,0
A104003,2023-12-16,762,1,201374,0,0
A104004,2025-10-21,850,3,258893,0,0
A104005,2022-11-29,850,5,33069,0,0
A104006,2023-11-08,850,0,59918,0,0
A104007,2024-10-27,850,3,117619,0,0
A104008,2023-02-08,688,1,231170,0,0
A104009,2025-12-18,751,3,234423,1,0
A104009,2025-11-18,551,2,410798,0,0
A104010,2024-09-29,760,1,614604,0,0
A104011,2022-03-04,779,2,61949,1,0
A104012,2023-07-10,850,2,585522,0,0
A104013,2023-12-07,850,0,58189,0,0
A104014,2025-09-12,801,2,53029,1,0
A104015,2025-01-21,849,3,287258,0,0
A104016,2023-12-10,850,0,483798,2,0
A104017,2025-09-27,819,4,140684,0,0
A104018,2024-10-08,727,0,148118,0,0
A104019,2025-05-10,850,3,720202,0,0
A104020,2025-06-14,686,0,115067,1,0
A104021,2022-11-22,850,3,720915,0,0
A104022,2022-09-15,786,1,413521,0,0
A104023,2023-12-29,845,4,563965,1,0
A104024,2024-08-30,842,2,179326,0,0
A104025,2025-08-06,795,3,333769,0,0
A104026,2023-12-30,638,4,170808,0,0
A104027,2025-03-09,752,3,98205,0,0
A104028,2024-09-07,839,1,604158,2,0
A104029,2025-08-19,482,3,110875,0,1
A104030,2022-09-16,570,3,142720,0,1
A104031,2023-01-13,675,2,199931,1,0
A104032,2023-12-27,850,1,71413,0,0
A104033,2022-01-20,712,1,252245,0,0
A104034,2022-07-20,850,4,76209,0,0
A104035,2023-11-13,777,0,47427,2,0
A104036,2024-12-30,850,4,575649,0,0
A104038,2025-02-06,742,0,392817,0,0
A104039,2022-12-19,597,3,74077,0,0
A104039,2022-11-22,769,3,799006,0,0
A104041,2022-11-17,784,7,175942,0,0
A104042,2025-08-09,821,0,747279,1,0
A104043,2025-07-28,850,0,530058,0,0
A104044,2025-10-31,669,4,177176,0,0
A104046,2024-09-14,850,3,172697,2,0
A104047,2023-07-22,596,3,911412,2,0
A104048,2022-10-01,850,6,215508,0,0
A104049,2025-12-15,850,4,634199,0,0
A104050,2022-12-26,722,0,233646,0,0
A104051,2023-09-03,638,3,402954,0,0
A104052,2025-10-27,622,2,250429,0,0
A104053,2022-04-21,834,2,75520,0,0
A104054,2024-12-03,850,4,29531,2,0
A104055,2022-03-25,769,1,215455,3,0
A104056,2024-06-19,782,2,454206,1,0
A104057,2022-02-07,714,0,160666,0,0
A104059,2024-09-07,767,2,91716,2,0
A104060,2022-02-26,850,1,60868,1,0
A104061,2023-01-15,536,4,233402,0,0
A104061,2022-12-14,715,3,1145978,0,0
A104062,2025-04-12,756,4,107576,2,0
A104063,2024-06-10,670,7,607482,0,1
A104064,2022-09-19,829,4,37631,0,0
A104065,2025-11-14,785,3,336090,0,0
A104066,2022-07-25,537,1,64641,0,0
A104066,2022-06-28,843,2,57836,0,0
A104067,2025-04-27,722,6,775589,0,0
A104068,2022-03-09,850,1,1556447,0,0
A104069,2025-06-07,767,0,1397301,0,0
A104070,2024-11-01,706,1,175361,0,0
A104071,2022-01-24,798,4,35702,0,0
A104072,2023-10-13,841,1,717879,0,0
A104073,2025-06-23,789,3,132040,0,0
A104074,2024-12-30,697,1,157979,2,0
A104075,2022-06-28,831,3,229356,0,0
A104075,2022-05-30,850,0,225407,0,0
A104076,2023-11-01,696,4,240873,0,0
A104077,2024-09-01,746,3,89732,0,0
A104078,2024-08-01,850,0,86325,0,0
A104079,2025-10-27,850,3,408554,0,0
A104080,2022-12-24,644,0,519218,0,0
A104081,2022-08-25,850,0,169160,0,0
A104082,2022-03-13,711,3,92131,1,0
A104083,2024-02-25,850,3,56975,1,1
A104084,2024-05-14,850,2,15423,0,0
A104086,2022-08-19,850,3,1084594,1,0
A104086,2022-07-23,850,2,185772,0,0
A104087,2024-10-24,801,1,140786,1,0
A104088,2024-04-04,784,1,455592,2,0
A104088,2024-03-08,698,4,22261,2,0
A104089,2025-01-16,848,0,207575,2,0
A104090,2023-10-04,850,4,257412,0,0
A104092,2023-08-07,590,3,168278,0,0
A104093,2022-12-18,745,0,376514,0,0
A104094,2022-11-06,691,0,201379,0,0
A104095,2025-05-21,754,7,89410,0,0
A104095,2025-04-19,850,3,260323,0,0
A104096,2025-10-01,642,2,276724,0,0
A104097,2023-03-05,850,3,249546,0,0
A104098,2025-11-08,704,2,435374,2,0
A104099,2022-04-14,790,2,190803,0,0
A104100,2025-09-26,804,1,161091,1,0
A104102,2024-03-08,661,2,932898,0,0
A104103,2025-09-27,850,1,89259,0,0
A104104,2023-09-12,810,0,454831,1,0
A104105,2023-02-16,850,3,569364,0,0
A104106,2023-02-05,726,5,115287,3,0
A104107,2024-06-05,829,3,205782,0,0
A104108,2022-04-20,850,2,273744,3,0
A104110,2023-06-23,824,4,543837,0,0
A104112,2025-07-15,737,2,399655,2,1
A104113,2022-06-01,809,3,83950,0,0
A104114,2023-08-24,839,1,1169007,0,0
A104116,2023-04-28,850,3,623146,0,0
A104117,2023-10-29,684,1,373381,0,0
A104118,2023-11-21,787,1,358850,0,0
A104119,2025-11-15,580,1,321984,0,0
A104120,2022-03-15,850,3,96396,0,0
A104121,2023-06-28,770,5,433620,0,0
A104122,2024-11-17,834,1,374225,1,0
A104123,2023-07-08,695,5,50058,2,1
A104124,2022-12-05,818,1,1300149,0,0
A104125,2024-09-27,850,3,65590,0,0
A104126,2023-02-10,700,2,759485,0,0
A104127,2024-07-26,819,2,350500,0,0
A104128,2025-04-19,583,0,286015,1,0
A104129,2024-05-30,696,0,722195,0,0
A104130,2023-11-02,768,1,68642,0,0
A104131,2022-05-29,661,3,341506,3,0
A104132,2023-02-14,805,2,201996,0,0
A104133,2024-04-07,815,2,624747,1,0
A104134,2025-10-21,645,0,162272,3,0
A104135,2022-10-10,669,4,454436,0,0
A104136,2025-10-24,809,3,86697,0,0
A104137,2025-07-09,834,2,226429,0,0
A104138,2023-01-03,679,5,293626,0,0
A104139,2022-11-23,850,5,130818,0,0
A104139,2022-10-24,596,4,114064,0,0
A104140,2022-03-03,850,2,360605,1,0
A104141,2024-09-24,738,1,148416,1,0
A104142,2022-10-04,818,0,138331,0,0
A104146,2023-05-19,779,1,272465,0,0
A104147,2024-03-28,713,2,283804,2,0
A104148,2023-05-23,750,2,114276,2,0
A104149,2023-07-07,797,1,410508,0,0
A104150,2025-08-09,394,3,53241,0,0
A104151,2023-10-02,757,2,304110,0,1
A104152,2023-06-22,787,0,1290776,0,0
A104153,2023-05-20,850,0,227841,3,0
A104154,2025-07-22,685,2,87995,0,0
A104155,2023-01-09,850,1,210665,0,0
A104156,2022-09-23,850,1,69519,0,0
A104157,2023-10-21,546,4,343094,0,0
A104158,2024-11-16,850,3,73418,0,0
A104159,2023-06-02,823,5,377787,0,0
A104160,2023-04-16,700,3,476039,0,0
A104162,2024-06-01,695,4,187663,0,0
A104163,2023-12-01,850,0,238612,1,0
A104164,2023-11-26,850,5,101968,2,0
A104165,2023-07-17,670,0,387804,0,0
A104166,2025-02-25,850,3,484170,0,0
A104167,2025-01-20,798,3,356518,0,0
A104168,2023-08-24,768,0,25475,0,0
A104169,2022-09-18,772,4,16388,0,0
A104170,2025-04-13,700,4,597068,1,3
A104171,2024-05-22,842,0,307718,0,0
A104172,2024-06-25,850,2,356752,0,0
A104173,2025-06-09,722,2,105796,0,0
A104175,2024-08-15,779,2,634590,0,0
A104176,2023-06-27,664,1,101788,0,0
A104177,2025-07-01,784,0,95256,0,0
A104178,2022-12-24,659,3,47608,0,0
A104179,2025-08-31,690,4,43055,2,0
A104180,2024-12-12,850,1,158669,0,0
A104181,2023-03-07,792,2,149445,0,0
A104182,2024-10-23,850,0,157473,2,0
A104182,2024-09-25,850,1,119823,1,0
A104183,2024-02-11,837,2,139052,0,0
A104184,2023-07-01,850,0,474664,0,0
A104185,2023-11-13,850,2,123935,0,0
A104186,2022-08-20,754,4,66910,0,0
A104188,2023-10-18,742,4,129386,0,0
A104189,2025-05-24,667,3,131581,1,0
A104190,2022-08-31,754,2,137926,0,0
A104191,2022-08-31,826,2,438756,1,0
A104192,2022-04-08,761,2,1246787,0,0
A104193,2025-10-26,850,1,95470,0,0
A104194,2022-11-16,669,2,76145,0,0
A104195,2025-05-03,803,0,118959,3,0
A104196,2022-01-03,850,5,825700,2,0
A104197,2023-11-22,784,2,516272,0,0
A104198,2025-03-31,850,2,286229,0,0
A104200,2023-03-18,673,2,253892,1,1
A104201,2022-06-09,850,3,431680,0,0
A104202,2023-09-11,850,2,504614,0,0
A104203,2023-01-02,583,2,636178,0,0
A104204,2022-08-20,615,3,27785,1,0
A104205,2024-03-07,774,3,92144,0,0
A104206,2022-07-07,759,1,252795,0,0
A104207,2023-08-10,576,0,40374,2,0
A104208,2023-03-29,845,3,313547,0,0
A104209,2022-07-03,706,4,303933,0,0
A104210,2024-02-11,833,3,304937,0,0
A104211,2023-04-10,850,2,233021,0,0
A104213,2025-02-21,850,2,502845,0,0
A104215,2025-09-10,773,0,123765,1,0
A104216,2022-03-05,850,2,98971,1,0
A104217,2024-11-02,705,4,80149,0,0
A104218,2024-09-09,790,4,62730,0,0
A104219,2022-01-19,805,4,109930,0,0
A104220,2022-11-26,720,0,174687,2,0
A104221,2024-02-27,653,2,112618,0,0
A104222,2025-10-03,763,0,83439,0,0
A104223,2025-11-24,672,1,146949,0,0
A104224,2024-06-22,850,3,189643,1,0
A104225,2025-12-02,832,2,344694,0,0
A104226,2024-07-25,689,0,284983,0,0
A104227,2024-07-29,823,1,602827,0,0
A104228,2025-01-03,844,1,579305,1,0
A104229,2023-01-14,726,4,841186,0,0
A104230,2023-09-02,506,4,91283,3,0
A104232,2022-03-06,742,2,207842,1,0
A104233,2022-09-26,686,2,234334,0,0
A104234,2024-09-21,838,4,159240,0,0
A104235,2023-11-23,709,2,160515,1,0
A104236,2025-03-04,850,5,262314,0,0
A104237,2025-12-06,772,1,284266,0,0
A104239,2024-08-20,678,2,1081643,1,0
A104240,2022-09-17,711,0,128622,3,0
A104241,2024-09-14,850,2,208298,0,0
A104242,2024-12-19,709,1,58275,1,2
A104243,2024-05-11,722,3,115951,1,0
A104244,2024-11-17,850,7,169745,0,0
A104245,2025-06-06,822,2,98667,0,0
A104246,2025-12-02,850,0,555155,0,0
A104247,2022-05-05,606,1,237061,1,0
A104248,2024-12-23,820,2,291550,0,0
A104250,2023-07-20,753,1,1118268,0,0
A104251,2022-11-08,850,2,259289,1,0
A104252,2022-02-17,691,2,148707,0,0
A104253,2025-01-13,689,2,36080,0,0
A104254,2024-12-17,850,0,814967,0,0
A104255,2024-10-17,728,2,249908,0,0
A104258,2024-06-27,546,3,202542,0,0
A104259,2025-05-28,840,2,52461,0,0
A104260,2023-05-03,767,4,17622,0,0
A104261,2022-08-02,600,2,35345,0,0
A104262,2024-01-12,553,2,143481,0,0
A104263,2022-12-25,555,1,262310,0,0
A104264,2025-06-23,700,2,119000,0,0
A104265,2024-01-21,675,0,1002426,1,0
A104266,2025-12-23,850,2,165245,0,0
A104267,2024-01-23,850,0,930883,0,0
A104268,2024-01-17,605,2,301237,0,0
A104269,2023-03-04,736,3,280018,1,0
A104270,2022-01-25,749,0,210390,0,0
A104271,2023-08-06,777,1,396606,1,0
A104272,2023-09-04,790,2,186904,0,0
A104273,2023-10-09,850,5,48422,0,0
A104274,2023-12-28,806,2,78756,1,0
A104275,2022-02-13,850,2,78813,1,0
A104275,2022-01-14,698,2,1578349,1,0
A104276,2024-09-15,819,5,511239,0,0
A104277,2024-02-21,850,2,70583,1,0
A104280,2022-03-06,729,3,112158,0,0
A104282,2022-11-18,850,2,504691,0,0
A104283,2024-11-15,782,1,116813,0,0
A104284,2025-10-07,760,4,121863,0,0
A104285,2023-05-13,804,1,334936,0,0
A104286,2023-10-04,713,1,162427,3,0
A104287,2023-10-11,809,0,232111,2,0
A104288,2025-12-27,790,0,425663,3,1
A104289,2024-05-18,736,2,246177,2,0
A104290,2024-01-16,758,2,234987,1,0
A104291,2024-12-30,850,3,512988,0,0
A104292,2023-06-12,700,2,177216,3,0
A104293,2023-02-20,683,2,276012,0,2
A104294,2024-06-18,811,1,779055,0,0
A104295,2025-02-21,850,3,502185,0,0
A104296,2023-12-25,785,5,111056,0,0
A104297,2022-02-22,718,2,56307,2,0
A104298,2022-09-24,787,0,361655,0,0
A104299,2025-06-13,800,2,93157,0,0
A104300,2024-06-13,788,6,216608,0,0
A104301,2025-09-27,681,3,105879,0,1
A104302,2023-05-27,597,0,380444,0,0
A104303,2023-01-24,772,1,257301,0,0
A104304,2025-04-30,848,0,563142,0,0
A104305,2023-10-24,850,0,223299,0,0
A104306,2024-10-25,824,1,195181,0,0
A104307,2023-08-10,773,5,152947,0,0
A104308,2022-07-31,731,3,166900,0,0
A104309,2025-04-12,804,1,368465,0,0
A104310,2022-11-22,790,0,310070,0,0
A104311,2024-11-05,789,3,14503,0,0
A104312,2022-09-22,677,0,1622054,0,0
A104313,2025-07-01,837,5,946961,0,0
A104314,2022-04-07,708,4,219277,1,0
A104315,2023-11-16,719,3,498932,1,0
A104316,2024-08-22,805,0,137195,1,0
A104317,2025-09-02,804,1,108713,0,0
A104318,2024-03-01,811,4,271441,3,0
A104319,2023-10-23,826,2,93828,1,0
A104320,2022-01-11,638,1,203864,0,0
A104320,2021-12-15,825,0,185887,0,0
A104321,2023-10-22,850,5,1007708,0,0
A104322,2023-01-26,616,3,1576186,0,0
A104323,2023-07-06,850,2,149825,0,0
A104324,2025-12-10,728,2,60166,0,0
A104325,2024-11-21,814,1,262427,2,0
A104326,2024-06-29,686,1,18404,0,0
A104326,2024-05-30,850,2,304848,1,0
A104327,2022-06-19,626,4,257224,1,0
A104328,2025-09-13,724,3,257607,1,0
A104329,2024-11-24,727,6,183873,1,0
A104330,2025-12-20,809,1,323323,0,0
A104331,2025-06-30,793,5,409875,0,0
A104332,2022-06-08,850,2,62202,0,0
A104333,2022-07-22,665,0,622345,0,2
A104334,2023-07-27,618,0,102486,1,0
A104335,2025-11-01,850,2,564112,0,0
A104336,2023-07-07,641,0,355234,0,0
A104337,2024-10-09,850,0,67173,1,0
A104338,2024-07-26,665,1,274013,0,0
A104339,2025-04-23,653,3,82376,0,0
A104340,2024-01-27,661,1,128916,0,0
A104341,2023-08-28,739,3,257452,0,0
A104342,2023-06-25,703,1,23874,0,0
A104343,2025-03-13,850,0,71175,2,0
A104343,2025-02-11,731,2,226756,0,0
A104344,2022-09-21,793,2,62260,0,0
A104345,2024-07-11,850,0,645031,0,0
A104346,2024-08-10,850,3,92864,1,0
A104346,2024-07-13,782,4,218392,0,0
A104347,2023-06-17,848,4,93753,0,0
A104348,2024-02-29,782,3,177053,0,0
A104349,2025-12-13,689,0,105776,3,0
A104350,2024-03-21,850,3,88852,0,0
A104351,2025-01-01,844,4,286897,0,0
A104353,2023-09-01,817,2,93874,2,0
A104353,2023-07-31,799,3,1348549,0,0
A104354,2024-01-17,739,3,138296,1,0
A104355,2022-07-07,813,3,221720,0,0
A104356,2024-10-12,798,2,74970,0,0
A104357,2022-12-17,850,0,112652,0,0
A104358,2025-08-01,850,2,181703,1,0
A104359,2025-05-24,822,3,50512,2,0
A104360,2024-02-10,584,1,105691,0,0
A104363,2025-03-27,782,5,42992,2,0
A104364,2024-01-23,705,0,153284,0,1
A104365,2025-08-11,850,6,59728,2,0
A104366,2025-02-28,775,3,210137,0,0
A104367,2024-09-14,820,0,35566,1,0
A104368,2022-01-11,850,5,1344242,0,0
A104369,2024-06-06,674,0,73794,0,0
A104370,2023-06-19,850,1,886754,0,0
A104371,2022-08-18,671,0,225876,3,0
A104372,2023-05-11,720,4,160416,3,0
A104373,2022-06-27,674,0,20526,0,0
A104373,2022-05-29,702,4,109984,0,0
A104374,2023-02-14,768,5,99058,1,0
A104375,2025-02-09,850,3,188371,0,0
A104376,2022-04-25,850,3,587437,0,0
A104377,2022-08-04,650,6,528814,1,0
A104378,2022-03-24,850,4,218352,0,0
A104380,2024-03-10,816,5,31764,0,0
A104381,2025-09-21,706,1,867785,0,1
A104382,2024-11-26,568,2,903625,0,0
A104383,2024-12-25,769,0,20142,0,0
A104384,2022-02-14,690,2,432329,0,0
A104387,2025-09-27,850,3,37579,0,0
A104388,2023-07-19,850,2,53591,0,0
A104389,2023-09-02,737,1,172417,0,0
A104389,2023-08-05,850,6,107439,0,0
A104390,2023-11-04,681,4,105544,0,0
A104391,2022-03-01,794,0,37057,2,0
A104392,2023-03-14,850,5,270966,0,0
A104393,2025-05-21,850,1,41316,3,0
A104394,2022-02-24,776,1,108641,2,0
A104395,2023-11-03,850,5,226601,0,0
A104397,2025-02-26,706,3,834669,0,0
A104398,2024-10-12,790,0,220938,1,0
A104398,2024-09-11,850,3,37611,2,0
A104399,2023-05-16,850,0,96831,0,0
A104400,2025-06-18,850,1,957570,0,0
A104401,2024-04-20,662,5,88256,2,0
A104402,2025-07-17,614,4,72613,0,0
A104403,2024-06-29,850,0,261339,1,0
A104404,2024-06-06,846,6,29841,0,0
A104404,2024-05-07,850,4,182578,2,0
A104405,2022-07-08,577,0,280398,1,0
A104406,2022-09-07,808,2,719597,0,0
A104407,2022-06-21,675,3,124696,1,0
A104408,2022-05-18,775,1,732218,2,0
A104409,2025-03-19,777,3,309661,0,0
A104409,2025-02-16,850,2,535230,3,0
A104411,2023-12-10,816,2,25455,0,0
A104412,2024-10-15,850,1,425189,3,0
A104413,2024-11-04,850,4,193984,0,0
A104414,2024-01-15,771,3,169835,0,0
A104415,2024-01-19,787,4,261672,0,0
A104415,2023-12-21,848,5,68243,0,0
A104416,2022-09-30,850,0,105163,2,0
A104417,2022-10-30,707,2,4185937,0,0
A104419,2024-10-02,771,0,644138,0,0
A104420,2023-12-13,829,4,161922,2,0
A104421,2023-01-08,850,1,59319,0,0
A104422,2023-12-02,850,3,215961,0,0
A104423,2025-03-05,802,2,178807,0,0
A104424,2025-11-02,552,2,196864,0,0
A104425,2022-07-15,710,0,736538,0,0
A104426,2025-10-13,815,3,159747,0,0
A104427,2023-01-11,795,1,430509,0,0
A104429,2024-11-09,796,0,130715,0,0
A104430,2022-10-08,850,3,28418,3,0
A104431,2024-09-20,699,2,178784,0,0
A104432,2024-12-26,835,2,100880,0,0
A104433,2023-05-02,766,5,114832,0,0
A104434,2024-05-21,761,1,22745,0,0
A104435,2024-11-21,668,2,21206,0,0
A104437,2023-11-09,832,3,71565,0,0
A104438,2025-05-27,803,4,35904,0,0
A104439,2024-04-28,751,1,155498,0,0
A104440,2024-08-25,776,2,178632,1,0
A104441,2022-06-24,720,0,78583,1,0
A104442,2022-04-11,823,4,33867,1,0
A104443,2022-06-07,778,3,339272,0,0
A104444,2024-04-25,568,1,66850,2,0
A104445,2022-02-03,850,1,568366,0,0
A104446,2024-11-09,844,1,94614,0,0
A104447,2023-06-28,765,3,44896,1,0
A104448,2025-01-08,574,3,98096,0,0
A104449,2022-08-06,748,0,86142,0,0
A104451,2024-10-06,749,3,146161,0,0
A104452,2025-04-17,850,2,229265,1,0
A104453,2023-11-02,812,0,186141,2,0
A104453,2023-10-02,731,6,497168,0,0
A104455,2025-11-22,821,3,253464,0,0
A104456,2022-02-15,850,4,61015,0,0
A104457,2023-12-06,788,4,161507,1,0
A104458,2022-03-23,806,2,217031,0,2
A104459,2021-12-31,810,3,98879,0,0
A104460,2023-03-25,722,3,384348,1,0
A104461,2025-09-03,746,2,230278,2,0
A104462,2025-09-21,764,1,78945,0,0
A104463,2022-04-18,726,4,208684,0,0
A104464,2022-03-07,758,3,188310,0,0
A104465,2025-11-15,766,2,836341,0,0
A104466,2022-05-31,735,2,526339,0,0
A104467,2025-10-21,691,3,269410,0,0
A104469,2025-09-10,850,3,329194,0,0
A104470,2022-12-31,572,0,70491,0,0
A104471,2023-04-04,696,1,24711,0,0
A104472,2025-02-19,850,2,232772,0,0
A104473,2025-01-28,821,1,1022895,0,0
A104474,2022-05-06,774,3,375960,3,0
A104475,2022-01-26,609,0,589182,0,2
A104475,2021-12-27,734,1,93131,0,0
A104476,2023-06-11,752,2,183231,3,0
A104477,2023-01-19,769,2,60298,0,0
A104478,2025-06-10,773,3,250654,0,0
A104479,2022-03-13,718,3,635733,0,0
A104480,2025-10-04,711,2,417504,0,0
A104481,2023-01-09,691,6,369057,0,0
A104482,2025-06-09,850,1,305014,0,0
A104484,2023-01-11,754,3,78442,0,0
A104485,2023-11-05,850,1,1156353,0,0
A104486,2024-03-17,613,3,807775,0,0
A104486,2024-02-15,850,1,135032,0,0
A104487,2022-10-19,674,2,89575,0,0
A104488,2023-11-17,743,0,68746,0,0
A104489,2024-01-24,646,2,93845,0,0
A104489,2023-12-24,741,4,498767,0,0
A104490,2024-05-16,805,0,463269,0,0
A104491,2022-01-20,816,1,136606,0,0
A104492,2022-05-08,814,2,301204,0,0
A104493,2025-12-03,831,2,155458,0,0
A104494,2023-01-31,850,2,492444,1,0
A104495,2024-02-10,850,3,147816,0,0
A104496,2025-07-02,775,1,82113,2,0
A104497,2023-08-06,724,5,225697,0,0
A104498,2025-06-14,822,4,1096904,0,0
A104499,2023-04-02,820,2,102911,0,0
A104500,2023-03-07,721,3,637904,0,0
A104501,2022-09-03,777,0,178640,0,0
A104502,2023-09-05,835,0,207380,0,0
A104503,2023-10-21,817,4,97566,0,0
A104504,2025-09-03,677,2,735237,0,0
A104505,2023-08-03,850,4,255155,0,0
A104507,2024-10-01,673,3,1455466,0,2
A104508,2024-05-11,758,2,203090,0,0
A104509,2023-03-14,774,1,194078,1,0
A104510,2022-09-24,839,3,1121201,0,0
A104511,2023-01-02,850,4,869853,3,0
A104512,2024-08-27,850,1,452479,0,0
A104513,2022-06-21,840,1,506340,0,0
A104514,2024-08-05,757,2,218739,0,0
A104515,2022-08-18,736,2,38246,0,0
A104516,2022-09-14,850,0,126816,0,0
A104517,2022-03-28,765,1,88675,0,0
A104518,2024-05-03,850,0,52461,0,0
A104519,2022-04-17,755,1,438591,0,0
A104520,2022-09-12,835,4,151231,2,0
A104521,2023-06-04,850,0,1887168,1,0
A104522,2022-10-20,850,3,197903,0,0
A104523,2025-08-15,820,1,214018,0,0
A104524,2022-05-27,827,0,590636,0,0
A104525,2025-11-28,801,2,296783,0,0
A104526,2022-11-03,706,2,158644,2,0
A104527,2023-05-06,708,4,229086,1,0
A104529,2022-08-25,689,1,63292,0,0
A104530,2025-03-20,850,4,149786,1,0
A104531,2024-01-06,850,3,639690,0,0
A104533,2023-05-08,850,0,185246,0,0
A104534,2023-03-27,841,2,238099,1,0
A104535,2022-01-18,830,2,231240,0,0
A104536,2022-06-05,636,2,526777,0,0
A104537,2025-10-25,770,1,160125,0,0
A104538,2023-05-30,850,0,53460,0,0
A104539,2022-09-30,799,3,46099,0,0
A104540,2024-04-30,800,0,337094,0,0
A104541,2024-10-11,750,0,520234,0,0
A104542,2025-06-13,680,1,1032315,0,0
A104543,2024-02-07,730,3,122518,0,0
A104544,2024-04-26,735,1,182715,1,0
A104545,2022-02-23,850,1,38119,0,0
A104545,2022-01-26,778,4,157430,1,0
A104546,2022-12-04,850,5,142570,0,0
A104547,2025-12-24,777,3,65905,0,0
A104549,2025-12-28,672,2,1802531,0,0
A104550,2024-04-09,850,2,158359,1,0
A104552,2023-01-12,850,5,110542,0,0
A104553,2025-12-24,713,2,91921,0,0
A104554,2023-05-10,773,6,235190,1,0
A104555,2022-08-23,799,0,61936,0,0
A104556,2023-02-14,533,0,26578,0,0
A104557,2025-08-10,814,5,95640,0,0
A104557,2025-07-13,830,2,87669,0,0
A104558,2025-05-28,850,0,224470,0,0
A104559,2023-06-12,626,0,364682,0,0
A104560,2023-03-23,791,3,86273,0,0
A104561,2022-05-08,794,3,54882,0,0
A104562,2024-06-24,850,1,23619,1,0
A104563,2025-04-26,836,3,240063,1,0
A104564,2024-08-22,676,1,770503,2,0
A104565,2022-01-05,630,2,87692,0,0
A104566,2024-05-20,850,3,219770,0,0
A104567,2022-11-03,639,1,60214,1,0
A104568,2023-05-04,662,7,163955,1,0
A104569,2023-01-04,794,2,114364,3,0
A104570,2023-06-25,643,3,27984,0,0
A104571,2025-09-27,746,4,218584,0,0
A104572,2023-12-06,850,2,244962,0,0
A104573,2022-08-31,825,1,91290,0,0
A104574,2024-05-10,711,0,141403,0,0
A104575,2025-12-02,850,2,84385,0,0
A104576,2023-08-01,747,3,49543,3,0
A104577,2025-01-02,797,3,127578,0,0
A104578,2024-05-21,793,0,521424,2,0
A104579,2024-06-19,830,3,146354,0,0
A104580,2024-06-29,697,3,502853,1,0
A104580,2024-05-31,683,1,115249,0,0
A104581,2025-06-25,819,5,231781,0,1
A104582,2023-04-26,663,0,117193,1,0
A104583,2024-04-24,850,3,84557,1,0
A104584,2022-12-15,850,5,764192,0,0
A104584,2022-11-14,798,0,203060,2,0
A104585,2023-09-09,850,5,153973,0,0
A104586,2025-07-02,752,0,489145,0,0
A104587,2023-05-24,850,2,87380,0,0
A104588,2022-04-23,850,3,130940,0,0
A104589,2023-04-17,703,3,154632,0,0
A104589,2023-03-18,635,1,40445,0,0
A104590,2024-09-15,832,2,349057,0,0
A104591,2022-03-24,735,2,59129,1,0
A104592,2025-05-08,850,2,466068,0,0
A104593,2023-02-09,850,4,87820,0,0
A104594,2023-01-25,839,1,98994,0,0
A104595,2022-06-28,850,0,53676,2,0
A104596,2025-11-30,657,0,109573,0,0
A104597,2025-10-06,842,0,376294,0,0
A104598,2025-11-10,783,2,118283,0,0
A104599,2022-08-17,782,1,118248,1,0
A104600,2024-05-18,756,0,261684,0,1
A104600,2024-04-18,709,1,454560,0,0
A104602,2022-09-26,639,3,86641,1,0
A104603,2022-09-08,648,0,79996,0,0
A104604,2025-03-07,850,0,129782,0,0
A104604,2025-02-06,850,3,427493,0,0
A104605,2024-10-17,829,0,60348,0,0
A104606,2022-02-28,850,2,235458,1,0
A104607,2022-06-18,753,2,384837,0,0
A104608,2023-05-06,734,0,102679,1,0
A104609,2022-12-27,639,3,254877,0,0
A104610,2024-11-14,653,0,253723,0,1
A104611,2022-10-18,726,1,205710,1,0
A104612,2022-11-20,836,2,139949,0,0
A104613,2022-11-22,724,1,228734,1,0
A104614,2022-06-27,717,4,296620,2,0
A104615,2024-02-17,633,2,153890,1,0
A104616,2022-12-26,743,1,94718,0,0
A104617,2022-12-26,850,2,121753,0,0
A104618,2025-08-30,804,2,645741,1,0
A104619,2025-04-22,809,1,177228,0,0
A104620,2023-02-01,850,3,79016,0,0
A104621,2024-11-27,727,2,302009,1,0
A104622,2023-07-10,749,0,1355292,0,0
A104623,2024-11-07,850,2,42315,0,0
A104624,2025-01-25,811,1,79073,1,0
A104625,2024-02-07,850,5,76580,0,0
A104626,2025-06-08,786,3,489740,0,0
A104627,2024-03-15,798,4,183493,0,0
A104628,2023-05-20,850,4,138116,0,0
A104629,2022-03-25,730,2,114753,2,0
A104630,2024-09-24,850,5,107775,0,0
A104631,2025-08-01,850,3,90873,0,0
A104632,2023-10-02,704,5,177859,0,0
A104633,2022-05-24,705,4,860145,1,0
A104634,2022-11-19,739,1,181108,0,0
A104635,2022-01-07,752,0,98375,0,0
A104636,2023-01-03,694,3,496072,1,0
A104637,2025-07-25,735,0,1042519,0,0
A104638,2022-11-08,663,2,15250,0,0
A104639,2025-01-12,596,5,56041,3,0
A104640,2023-11-18,701,1,188483,0,0
A104641,2025-02-26,670,1,261992,0,0
A104642,2024-02-23,678,0,82093,0,0
A104643,2024-05-17,850,3,282174,0,2
A104644,2024-08-20,702,4,192446,0,0
A104645,2025-05-30,850,2,573690,1,0
A104646,2022-01-30,754,2,578467,0,0
A104647,2023-11-28,850,3,592468,0,0
A104648,2022-10-09,550,1,64728,1,0
A104649,2022-04-30,761,2,190026,0,0
A104650,2023-11-02,847,0,230475,0,0
A104651,2022-08-11,826,3,63330,0,0
A104652,2025-07-31,850,2,174387,1,0
A104653,2022-07-24,759,1,386157,0,0
A104654,2024-12-14,746,3,84568,1,0
A104655,2022-02-15,818,2,147567,0,0
A104656,2023-03-24,773,2,301725,1,0
A104657,2022-07-13,600,4,118482,1,1
A104658,2023-11-05,742,3,274336,2,0
A104659,2024-01-27,850,3,181813,0,0
A104660,2024-02-11,850,0,201290,0,0
A104661,2023-08-03,673,2,93912,1,0
A104662,2023-01-05,850,2,45961,0,0
A104663,2022-05-09,850,2,516954,0,0
A104664,2023-01-26,648,0,227371,1,0
A104665,2022-03-31,850,4,216983,2,0
A104666,2022-05-17,676,5,99397,0,0
A104667,2024-12-20,850,1,464181,0,1
A104668,2022-10-31,738,3,887889,0,0
A104669,2025-07-01,850,4,408141,1,0
A104670,2024-02-20,805,3,239437,0,0
A104670,2024-01-21,760,4,485928,0,0
A104671,2022-12-01,829,4,27901,1,0
A104672,2025-06-30,740,1,100088,1,0
A104674,2023-11-17,777,1,97241,1,0
A104675,2025-07-05,849,2,170240,0,0
A104676,2024-11-30,828,2,453847,1,0
A104677,2025-05-14,595,3,530550,0,0
A104678,2022-08-17,804,3,259755,0,1
A104679,2025-04-08,796,2,194919,0,0
A104680,2024-02-07,632,2,125440,0,0
A104681,2025-05-10,824,1,462665,0,0
A104682,2023-01-26,829,5,164834,0,0
A104683,2025-09-20,850,5,560282,0,0
A104684,2022-09-14,847,1,203905,0,0
A104685,2024-06-01,729,1,286839,1,0
A104686,2023-05-08,804,1,680630,0,0
A104687,2023-12-12,850,2,68789,1,0
A104688,2023-09-06,818,2,148126,0,0
A104689,2022-07-30,820,3,143306,0,0
A104690,2025-10-29,850,1,359504,0,0
A104691,2022-04-09,691,3,824077,1,0
A104693,2024-12-16,655,3,156312,0,0
A104694,2025-06-15,850,3,461890,0,0
A104695,2024-06-08,759,0,75448,0,0
A104697,2024-04-02,850,2,110278,0,1
A104698,2025-09-21,703,3,93534,0,0
A104699,2024-04-29,807,3,36987,0,0
A104700,2024-03-09,613,3,162407,0,0
A104702,2024-04-23,769,5,116828,0,0
A104702,2024-03-24,698,2,97163,1,0
A104703,2024-04-09,850,4,144965,2,0
A104705,2025-06-26,850,1,782548,2,0
A104706,2023-06-15,787,4,74337,0,0
A104708,2025-02-25,752,2,138055,1,0
A104709,2023-12-04,741,4,416252,1,0
A104710,2025-04-12,836,2,124197,3,0
A104712,2024-01-31,850,0,534819,0,0
A104713,2024-05-29,587,3,78861,0,0
A104714,2023-10-25,741,4,511343,0,0
A104715,2025-04-23,805,3,84140,2,0
A104717,2025-09-18,806,0,302169,0,0
A104719,2023-05-15,831,0,155167,0,0
A104720,2023-10-29,830,0,142798,3,0
A104721,2022-05-12,696,4,314740,1,0
A104723,2022-04-22,547,2,335420,1,0
A104724,2023-01-26,816,2,217576,0,0
A104725,2024-06-23,833,3,492669,1,0
A104726,2023-08-31,850,3,55188,0,0
A104728,2022-05-22,850,3,404487,3,0
A104729,2023-05-08,850,1,144686,2,0
A104731,2025-07-14,850,4,300954,1,0
A104732,2025-03-24,736,0,29487,0,0
A104733,2025-02-24,850,2,170782,0,0
A104734,2024-03-04,749,1,66956,0,0
A104735,2024-11-16,753,3,548802,1,0
A104735,2024-10-15,696,3,239418,3,0
A104736,2025-03-15,837,4,461923,0,0
A104737,2024-07-19,687,0,129186,1,0
A104738,2025-04-07,823,1,52870,0,0
A104739,2023-11-09,567,4,120316,0,0
A104740,2025-03-27,757,0,133357,0,0
A104741,2024-11-29,646,1,173564,0,0
A104742,2025-08-23,749,0,333422,1,0
A104743,2023-09-12,658,3,44813,0,0
A104744,2024-03-08,850,2,370022,1,0
A104745,2022-03-27,725,4,52227,0,0
A104746,2024-02-26,790,2,24693,2,0
A104747,2023-06-05,601,4,254535,0,0
A104748,2025-03-28,701,1,194117,1,0
A104749,2025-09-07,705,3,354035,0,0
A104750,2023-07-18,736,5,27620,0,0
A104751,2023-12-31,733,4,142470,0,0
A104752,2025-03-30,850,2,178878,0,0
A104753,2022-12-26,850,0,50586,1,0
A104754,2022-03-13,850,3,79658,2,0
A104755,2023-03-18,746,0,201893,0,0
A104756,2025-02-18,660,5,360176,0,0
A104757,2022-11-20,804,1,178470,0,0
A104758,2023-09-14,848,1,135113,3,0
A104759,2025-10-09,829,2,89736,0,0
A104760,2025-09-02,800,0,1376611,0,0
A104761,2022-06-08,850,1,197841,0,0
A104762,2023-12-26,850,3,308305,0,0
A104763,2022-02-26,759,3,723641,0,0
A104764,2023-10-25,842,2,214532,0,0
A104765,2024-08-20,850,3,436157,0,0
A104766,2022-12-19,794,4,61747,0,0
A104767,2024-03-27,850,3,98067,1,0
A104769,2022-05-22,737,2,150584,1,0
A104770,2025-05-03,789,0,62891,0,0
A104771,2022-07-07,850,2,158410,0,0
A104772,2025-03-13,632,3,756321,2,0
A104773,2025-02-28,796,6,2034121,0,0
A104774,2025-02-18,757,4,12509,0,0
A104775,2024-05-21,722,0,76535,1,0
A104776,2024-05-14,850,5,616977,0,0
A104777,2022-03-24,659,2,465139,0,0
A104778,2023-04-06,765,2,62590,0,0
A104779,2025-04-03,759,1,705004,2,0
A104780,2025-05-12,850,6,442563,1,0
A104780,2025-04-11,752,1,476706,3,0
A104782,2022-09-24,701,4,1015376,0,0
A104783,2022-11-27,850,0,171802,0,0
A104784,2023-06-17,694,3,191963,2,0
A104785,2022-08-30,669,5,47061,1,0
A104787,2025-11-13,670,2,523584,0,0
A104788,2024-10-21,764,1,63294,0,0
A104789,2025-04-07,679,0,302341,0,0
A104790,2025-07-07,740,3,350193,1,0
A104791,2024-07-22,850,1,60485,0,0
A104792,2023-01-28,843,1,207929,0,0
A104793,2023-08-16,814,1,89859,0,0
A104794,2025-09-02,757,0,158522,0,0
A104795,2024-10-07,850,0,470672,0,0
A104796,2024-02-24,785,5,508689,0,0
A104796,2024-01-27,850,0,114564,3,0
A104797,2024-01-31,768,1,206906,0,0
A104798,2024-03-18,702,1,192076,1,0
A104799,2025-05-28,590,5,220204,1,0
A104799,2025-04-28,759,1,301155,0,0
A104800,2025-09-26,598,4,393540,0,0
A104801,2023-03-03,569,3,872577,3,0
A104802,2024-03-11,817,0,124196,1,0
A104803,2024-10-09,774,1,99283,0,0
A104804,2022-07-10,722,0,150166,0,0
A104805,2024-06-10,823,2,186722,0,0
A104806,2023-06-28,768,4,133377,0,0
A104807,2023-11-26,850,4,1222909,0,0
A104808,2022-10-30,850,4,356015,0,0
A104810,2025-08-27,776,3,84873,1,1
A104811,2023-12-02,850,2,500359,0,0
A104812,2025-11-14,787,4,985765,2,0
A104813,2025-10-20,750,4,646982,0,0
A104814,2024-09-17,750,1,246565,1,0
A104814,2024-08-20,777,1,113574,0,0
A104815,2024-11-27,583,2,469678,0,0
A104816,2023-12-30,806,0,75567,0,0
A104817,2022-08-14,751,1,137946,2,0
A104818,2025-06-25,574,1,170141,0,1
A104818,2025-05-27,735,1,126100,1,0
A104819,2025-05-12,850,3,351032,1,1
A104820,2023-09-28,850,3,223788,1,0
A104821,2024-08-12,776,4,616997,0,0
A104822,2023-03-21,774,1,98930,0,0
A104823,2022-05-31,825,3,477357,0,0
A104824,2022-03-09,722,3,499940,0,0
A104824,2022-02-05,744,1,845667,0,0
A104825,2025-05-26,676,4,654305,0,0
A104826,2024-07-20,711,1,120248,0,0
A104827,2022-07-11,788,0,162371,0,0
A104828,2024-02-16,850,5,109808,2,0
A104830,2024-05-13,513,2,94579,0,0
A104831,2025-03-31,833,2,909420,0,0
A104832,2024-12-18,688,4,509467,0,0
A104833,2023-10-27,744,1,139316,0,0
A104834,2023-08-12,743,2,33904,1,0
A104835,2022-06-23,619,2,706776,0,0
A104836,2023-12-08,766,1,133886,3,0
A104837,2024-05-31,710,1,78728,0,0
A104838,2024-06-01,613,2,102768,0,1
A104839,2023-05-23,796,4,37245,0,0
A104840,2025-05-19,633,3,311426,0,0
A104841,2023-09-09,754,0,270592,2,0
A104842,2023-04-15,850,0,155038,0,0
A104843,2024-09-10,709,0,64435,0,0
A104844,2024-11-23,850,0,149513,0,0
A104845,2022-05-25,800,2,183293,0,0
A104846,2022-09-02,743,2,160524,0,0
A104847,2022-10-28,850,5,202148,0,0
A104849,2024-05-23,804,3,94977,0,0
A104850,2022-12-13,841,0,328537,0,0
A104851,2024-01-03,710,1,360176,1,0
A104852,2022-05-28,850,3,94119,1,0
A104853,2024-10-31,728,2,408756,0,0
A104855,2024-11-16,806,2,442837,0,0
A104856,2024-05-13,831,0,921671,0,0
A104857,2024-11-12,803,1,221374,0,0
A104858,2023-03-04,850,3,118633,0,0
A104859,2025-06-06,634,1,226568,0,0
A104860,2025-12-20,660,3,71536,0,0
A104861,2023-07-25,791,3,193014,1,0
A104862,2024-02-28,733,4,70519,0,0
A104863,2022-11-04,762,1,101022,0,0
A104864,2025-12-10,837,4,428581,0,0
A104865,2025-10-21,682,1,250272,0,0
A104866,2023-06-01,778,2,88712,0,0
A104867,2023-10-15,850,5,87695,0,0
A104868,2025-06-05,763,4,997791,0,0
A104869,2022-11-18,682,2,133929,1,0
A104870,2025-05-19,850,0,152982,0,0
A104871,2025-08-09,850,0,309979,0,0
A104872,2024-08-17,850,1,168821,0,0
A104873,2023-02-27,775,4,700278,0,0
A104874,2025-02-26,841,1,283337,2,0
A104875,2024-08-05,762,2,361969,0,0
A104876,2022-02-24,841,5,254883,0,0
A104877,2023-06-11,803,3,543411,0,0
A104878,2024-07-24,787,0,206824,3,0
A104879,2024-12-24,796,5,51058,0,0
A104880,2023-10-09,649,4,109509,0,0
A104881,2022-02-15,841,1,461334,0,0
A104882,2025-10-01,725,0,80315,2,0
A104882,2025-08-31,788,2,148938,3,0
A104883,2022-12-09,812,4,89964,1,0
A104884,2025-02-23,804,1,93748,1,0
A104885,2022-12-08,764,2,662704,0,0
A104886,2023-10-14,644,0,66667,0,0
A104887,2022-10-30,805,0,358823,0,0
A104888,2024-05-11,589,1,35185,0,0
A104889,2023-10-25,756,2,160492,0,0
A104890,2023-06-17,822,2,216007,0,0
A104891,2024-07-01,719,2,239977,0,0
A104892,2022-12-03,764,2,156046,0,0
A104893,2023-12-18,850,1,19847,0,0
A104894,2023-08-03,813,2,56430,1,0
A104895,2025-03-02,742,4,340792,0,0
A104896,2022-12-10,850,1,259300,0,0
A104897,2023-02-27,850,4,1167648,0,0
A104898,2024-06-29,815,2,26978,0,0
A104899,2023-01-06,707,2,116104,1,0
A104900,2024-06-11,790,0,442332,0,0
A104901,2025-08-31,719,3,1029726,0,0
A104901,2025-07-31,820,0,181020,0,0
A104902,2023-11-26,850,1,591478,3,0
A104903,2025-11-29,850,3,77661,0,0
A104904,2024-04-08,715,0,128766,0,0
A104905,2022-09-16,639,3,865381,0,0
A104906,2023-04-24,847,0,305080,0,0
A104907,2025-05-27,564,0,243801,1,0
A104908,2023-05-21,850,0,234442,0,0
A104908,2023-04-23,850,1,94407,0,0
A104909,2023-04-12,831,0,200622,2,1
A104910,2022-08-05,784,1,544410,0,0
A104911,2025-12-03,790,3,585208,0,0
A104912,2025-11-19,775,1,236560,3,0
A104914,2022-10-12,850,1,233974,0,0
A104916,2024-12-10,698,0,150851,0,0
A104917,2025-11-15,850,2,30911,1,0
A104918,2025-01-10,843,0,34559,0,0
A104919,2025-10-10,783,1,123020,2,1
A104920,2025-04-28,763,1,81399,0,0
A104921,2025-01-14,850,2,93386,0,0
A104922,2022-11-23,784,0,42706,0,0
A104923,2022-06-28,764,2,1050630,0,0
A104924,2023-09-22,780,1,601337,2,0
A104925,2024-09-13,637,2,68995,0,0
A104926,2025-02-08,836,3,26599,0,0
A104927,2023-11-11,836,0,176867,0,0
A104928,2023-09-13,722,0,108657,0,0
A104929,2022-10-24,760,2,63465,3,0
A104930,2022-11-07,789,1,153535,0,0
A104931,2022-09-15,839,1,653324,2,0
A104932,2023-02-26,850,6,389569,2,0
A104933,2024-02-12,850,2,77513,0,0
A104934,2024-06-21,843,3,289149,0,0
A104935,2025-12-10,782,0,27614,0,0
A104936,2022-01-26,728,1,433699,0,0
A104937,2024-12-08,757,2,483303,0,0
A104938,2022-02-06,631,1,221935,0,0
A104939,2024-10-22,690,2,147911,1,0
A104940,2022-11-03,850,4,185731,1,0
A104941,2025-05-18,850,0,132299,1,0
A104943,2022-09-09,850,0,262648,0,0
A104944,2025-07-29,850,2,130660,1,1
A104945,2025-06-20,653,4,213663,0,0
A104946,2024-08-10,792,2,914313,0,0
A104946,2024-07-12,850,5,864287,0,0
A104947,2023-02-09,763,1,60932,1,0
A104948,2025-11-09,773,2,627190,0,0
A104949,2022-03-09,771,2,332554,0,0
A104950,2024-07-06,785,0,462099,0,0
A104951,2023-09-03,755,1,163971,0,0
A104952,2025-01-09,746,1,363495,0,0
A104953,2022-10-30,790,1,47013,0,0
A104955,2023-08-29,690,4,292016,0,0
A104956,2025-03-05,815,1,145976,1,0
A104959,2025-10-10,813,3,136145,0,0
A104961,2025-04-30,850,4,425874,0,0
A104962,2024-03-11,758,3,145117,0,0
A104962,2024-02-08,787,5,201476,0,0
A104963,2025-03-27,850,1,173337,1,0
A104964,2025-11-25,766,3,302384,0,0
A104965,2025-04-24,833,3,108580,0,0
A104966,2023-06-23,850,2,143726,0,0
A104967,2022-11-30,696,2,227267,0,0
A104968,2022-09-26,841,2,229686,0,0
A104969,2024-06-15,850,3,853432,2,0
A104970,2022-03-04,804,3,429353,0,0
A104971,2023-08-03,850,2,152879,1,0
A104972,2025-07-31,798,2,77371,1,0
A104973,2024-08-28,850,5,101594,0,0
A104974,2024-09-27,850,3,450638,0,0
A104975,2022-03-17,850,5,128363,0,0
A104976,2023-05-15,850,4,801220,0,0
A104977,2025-04-13,788,1,23944,0,0
A104978,2022-05-26,850,0,1113156,0,0
A104979,2024-07-31,770,2,16057,0,0
A104980,2025-02-04,741,1,64495,0,0
A104981,2023-09-14,819,1,298662,2,0
A104982,2022-04-28,680,2,245709,0,0
A104982,2022-03-29,843,3,201614,0,0
A104983,2023-02-25,837,2,173333,0,1
A104984,2023-01-11,850,2,410557,0,0
A104985,2024-10-26,724,1,30987,0,0
A104986,2024-10-10,850,1,840552,0,0
A104987,2025-02-27,621,4,446771,0,0
A104989,2023-01-05,703,3,219002,0,0
A104990,2025-08-09,850,1,40168,0,0
A104991,2024-02-05,691,5,298030,0,0
A104992,2023-11-07,694,3,67868,2,0
A104993,2025-07-02,850,4,366970,0,0
A104994,2024-01-17,787,4,234692,0,0
A104996,2024-08-28,769,3,449381,0,0
A104997,2023-07-07,628,0,167971,0,0
A104998,2024-12-30,815,1,220703,0,0
A104999,2022-04-23,850,2,187151,3,0
A105000,2022-03-16,850,0,260908,0,0
A105001,2023-07-27,821,2,495098,0,0
A105002,2022-07-30,788,0,208357,0,0
A105003,2024-10-01,791,2,65020,0,0
A105004,2022-09-30,850,4,179033,0,0
A105005,2025-03-31,717,2,276291,0,0
A105006,2024-11-27,704,2,690670,0,0
A105007,2025-12-23,818,1,56937,0,0
A105008,2025-08-14,756,1,66320,0,0
A105009,2024-09-22,850,2,67220,0,0
A105011,2023-06-03,767,5,713042,0,0
A105012,2023-10-07,850,2,229152,0,0
A105015,2024-05-15,740,2,224408,1,0
A105016,2022-07-07,726,2,415223,3,0
A105017,2024-02-19,844,0,700527,0,0
A105018,2024-04-28,783,1,109295,0,0
A105019,2023-10-23,746,0,76453,1,0
A105020,2024-06-02,823,3,80221,1,0
A105021,2025-10-02,520,3,209508,1,0
A105021,2025-09-02,747,2,39699,0,0
A105022,2024-04-22,675,4,565025,1,2
A105023,2023-08-19,585,6,259326,0,0
A105024,2024-10-07,707,6,41915,0,0
A105025,2023-07-03,800,2,34207,0,0
A105026,2022-08-20,690,2,20172,0,0
A105027,2025-05-28,731,5,73499,1,0
A105028,2024-12-26,700,3,220851,0,0
A105029,2025-04-06,756,0,380509,2,0
A105030,2023-09-01,850,3,271304,2,0
A105032,2023-05-25,850,1,234028,0,0
A105033,2024-02-17,727,0,176503,0,0
A105034,2023-01-25,850,4,81591,0,0
A105035,2022-02-24,758,2,224704,0,0
A105036,2024-03-27,787,5,110249,0,0
A105037,2025-05-05,809,3,142932,0,0
A105038,2023-11-24,850,2,180868,0,0
A105039,2024-03-19,850,2,138880,0,0
A105040,2025-03-29,850,3,94541,0,0
A105041,2023-07-11,598,4,405895,0,1
A105042,2024-01-20,696,2,83750,0,0
A105043,2022-10-14,823,2,485995,2,0
A105045,2024-07-05,850,4,55251,0,0
A105046,2023-09-20,850,0,621875,0,0
A105047,2023-03-02,816,3,73207,0,0
A105048,2022-10-24,739,4,84690,0,0
A105049,2023-05-29,820,0,64019,0,0
A105050,2025-07-25,746,3,68660,0,0
A105052,2023-06-15,850,2,435304,1,0
A105053,2025-11-24,775,2,408606,0,0
A105054,2023-05-27,745,5,1352894,0,1
A105055,2025-10-31,711,2,170117,0,1
A105056,2024-08-31,717,5,172410,0,0
A105057,2022-06-06,734,1,308675,0,0
A105058,2025-07-06,701,2,193933,0,0
A105059,2022-07-14,826,4,761791,2,0
A105059,2022-06-14,841,4,311655,2,0
A105060,2025-05-25,831,2,281731,0,0
A105061,2024-02-05,677,0,578385,0,0
A105063,2023-01-06,850,5,98339,0,0
A105064,2023-12-24,850,2,175622,1,0
A105065,2022-05-16,624,3,539044,0,0
A105066,2024-07-29,701,0,328855,0,0
A105067,2024-01-21,764,1,435326,0,0
A105068,2022-08-02,792,6,390621,1,0
A105069,2022-09-17,708,5,224095,3,0
A105070,2022-09-12,841,4,84959,2,0
A105071,2022-08-14,747,2,272496,0,0
A105072,2023-09-18,848,3,114586,3,0
A105073,2022-04-01,713,4,116114,0,0
A105074,2025-06-10,850,2,123019,0,0
A105075,2025-09-12,749,5,132697,0,0
A105076,2024-04-02,745,0,111142,0,0
A105077,2022-02-28,691,3,146368,3,0
A105078,2025-08-24,840,1,54514,0,0
A105079,2025-05-28,850,0,140793,0,0
A105080,2022-10-01,810,2,513966,3,0
A105081,2024-07-22,711,2,74261,0,0
A105082,2025-05-02,721,0,62501,0,0
A105083,2025-03-18,850,1,320922,0,0
A105084,2024-09-20,850,4,84687,0,0
A105085,2022-02-14,837,5,77192,1,0
A105086,2024-08-03,850,4,46527,0,0
A105087,2024-10-22,850,0,92713,1,0
A105088,2025-06-20,573,2,22681,0,0
A105089,2022-03-24,652,7,88632,0,0
A105090,2022-02-24,850,2,60309,2,0
A105093,2024-05-04,758,3,1277446,0,0
A105094,2025-01-08,716,2,366756,0,0
A105095,2022-01-20,633,0,329476,1,0
A105096,2022-06-10,694,5,69141,0,0
A105097,2025-10-18,850,0,261028,1,0
A105097,2025-09-18,598,4,136353,0,0
A105098,2024-08-18,682,2,174230,0,0
A105099,2024-06-01,677,4,91290,0,0
A105100,2025-04-18,711,0,225367,2,2
A105101,2025-03-17,850,6,349951,0,0
A105102,2024-12-24,807,6,184836,0,0
A105102,2024-11-26,726,4,104120,0,0
A105103,2025-06-03,850,4,67054,0,0
A105104,2022-07-19,663,2,45052,0,0
A105105,2022-06-21,850,2,41468,0,0
A105106,2024-08-10,661,4,371470,0,0
A105107,2022-01-31,850,1,81179,1,0
A105109,2023-04-19,723,3,1004756,1,0
A105110,2023-09-02,785,2,20536,0,0
A105110,2023-08-03,850,0,178715,0,0
A105111,2024-10-27,832,5,774006,0,0
A105112,2023-07-09,850,1,165985,0,0
A105113,2024-01-12,708,2,315910,0,0
A105113,2023-12-15,675,2,266824,2,0
A105114,2024-07-10,850,1,361854,0,0
A105116,2025-12-08,687,4,141798,0,0
A105117,2022-04-14,633,0,1212741,0,0
A105118,2023-07-26,840,0,911215,0,0
A105120,2025-03-29,850,2,94314,0,0
A105121,2023-08-04,597,3,130714,0,0
A105121,2023-07-02,760,3,106397,0,0
A105122,2023-10-22,850,3,155364,1,0
A105123,2022-05-24,850,2,184122,0,0
A105124,2023-09-07,561,1,290623,0,0
A105125,2022-01-14,753,0,77560,0,0
A105125,2021-12-15,750,1,942975,0,0
A105126,2025-03-23,592,0,8908,0,0
A105127,2023-12-03,850,0,527003,1,0
A105128,2024-03-22,850,2,1889359,0,0
A105129,2023-07-19,797,3,1077790,0,0
A105130,2022-04-12,850,3,220735,0,0
A105131,2025-05-07,849,2,102688,0,0
A105132,2024-01-26,695,2,199613,0,0
A105132,2023-12-28,850,1,194299,0,0
A105133,2024-09-24,850,5,141778,1,0
A105135,2023-05-12,850,1,118027,0,0
A105136,2023-11-15,553,4,576597,0,0
A105137,2022-09-27,764,3,165664,0,0
A105139,2025-02-22,836,4,33045,0,0
A105140,2022-07-01,850,0,1228615,0,0
A105142,2023-01-11,669,0,267165,1,0
A105143,2024-05-03,850,4,176589,0,0
A105144,2022-08-21,840,2,42162,0,0
A105145,2024-03-03,820,5,87128,0,0
A105146,2022-08-05,806,0,413185,0,0
A105147,2025-05-15,850,1,203725,1,0
A105148,2022-12-09,764,3,277573,0,0
A105149,2023-08-18,779,1,52792,0,0
A105150,2023-12-17,843,2,124035,0,0
A105151,2022-07-05,772,0,269182,1,0
A105151,2022-06-03,773,4,63150,0,0
A105152,2023-07-25,766,5,70194,0,0
A105153,2023-02-28,850,1,487012,2,0
A105154,2023-05-05,850,1,108614,1,0
A105155,2025-08-26,835,4,384765,2,0
A105156,2024-08-30,719,0,191791,1,0
A105157,2022-08-16,850,4,174837,0,0
A105158,2023-12-04,789,2,48423,0,0
A105158,2023-11-01,722,2,228307,0,0
A105159,2024-07-12,544,3,293232,0,0
A105161,2024-01-10,850,2,855156,1,0
A105162,2022-05-07,630,4,175153,0,3
A105163,2025-08-06,803,1,797772,0,0
A105164,2022-07-16,850,0,111918,1,0
A105165,2022-03-09,781,4,143903,1,0
A105166,2023-01-03,850,2,136265,1,0
A105167,2024-11-19,827,1,372637,2,0
A105168,2024-12-29,785,2,296821,0,0
A105169,2025-03-27,689,0,221741,0,0
A105170,2024-05-09,752,4,282255,1,0
A105171,2022-11-29,740,2,215155,0,0
A105172,2025-03-11,821,3,955473,1,0
A105173,2022-05-25,649,5,110924,0,0
A105174,2022-07-14,746,2,303735,0,0
A105175,2025-09-22,820,1,82322,0,0
A105176,2023-04-08,717,3,435944,0,0
A105177,2022-03-03,850,2,423901,0,0
A105179,2022-11-25,826,5,116695,0,0
A105180,2023-08-13,735,3,443237,0,0
A105181,2022-06-01,717,0,926716,1,0
A105183,2022-05-25,794,3,81155,0,1
A105184,2023-10-11,713,1,218645,0,0
A105185,2025-01-01,850,2,32429,0,0
A105186,2023-06-04,850,4,95855,0,0
A105187,2022-10-27,850,4,55465,1,0
A105188,2023-12-29,680,2,437202,2,0
A105190,2025-01-17,685,2,207511,0,0
A105191,2023-12-18,850,4,275255,0,0
A105192,2024-08-10,747,1,186576,0,0
A105193,2023-09-10,787,2,19332,0,0
A105194,2025-08-16,785,2,220880,0,0
A105195,2022-07-08,516,2,397233,0,0
A105196,2022-03-01,850,1,184699,0,0
A105198,2023-01-02,795,1,539070,0,0
A105199,2024-02-23,850,2,180251,0,0
A105200,2022-04-18,815,3,1122304,0,0
A105201,2024-07-26,771,4,42463,0,0
A105202,2022-04-27,850,4,85502,0,0
A105203,2025-04-29,733,2,178845,0,0
A105204,2022-11-09,752,3,163198,0,0
A105205,2022-01-21,691,4,223351,0,0
A105206,2025-11-30,801,4,228664,3,0
A105207,2025-08-10,764,6,162614,0,0
A105208,2022-09-23,850,1,477897,1,0
A105209,2025-07-20,794,3,140181,2,0
A105210,2025-01-11,607,2,275670,0,0
A105211,2023-02-13,621,2,29935,0,0
A105212,2022-01-21,720,1,68699,1,2
A105213,2022-04-10,524,1,263726,0,0
A105214,2024-03-19,850,2,46783,0,0
A105215,2022-09-13,850,4,772605,0,0
A105216,2024-07-13,728,3,230710,1,0
A105217,2024-04-07,850,2,184733,1,0
A105219,2025-03-08,692,2,500866,0,0
A105220,2024-12-08,656,3,781651,0,0
A105221,2025-10-25,760,2,137635,2,0
A105222,2022-11-02,631,1,52892,0,0
A105223,2024-04-02,623,3,591526,0,0
A105224,2022-06-05,850,0,131361,0,0
A105225,2025-09-28,815,3,200757,0,0
A105226,2023-06-02,619,2,64271,2,0
A105227,2023-10-22,850,0,377562,1,0
A105229,2023-06-08,820,3,218394,0,0
A105230,2024-11-14,590,4,18741,0,0
A105231,2025-07-03,816,1,131171,0,0
A105232,2024-12-07,691,2,26969,1,0
A105233,2023-04-02,579,1,183837,0,0
A105234,2024-03-07,850,4,256725,0,0
A105235,2025-11-04,786,4,109654,0,0
A105236,2023-07-18,737,1,51547,1,0
A105237,2023-02-25,820,2,98323,0,0
A105238,2022-03-15,757,0,204807,2,0
A105239,2022-12-15,725,3,242274,0,0
A105239,2022-11-15,743,3,111727,2,0
A105240,2024-11-08,758,2,209388,1,0
A105243,2022-10-02,762,2,207313,0,0
A105244,2022-05-19,585,2,64220,1,0
A105245,2022-07-04,784,0,69910,1,0
A105246,2022-09-28,604,3,224276,0,0
A105247,2022-01-27,730,2,177445,1,0
A105248,2023-10-07,591,1,138984,1,0
A105249,2023-02-03,760,2,138078,1,0
A105250,2022-02-12,643,2,516450,0,0
A105251,2022-11-20,702,2,79337,0,0
A105252,2024-09-26,850,5,147070,0,0
A105253,2022-12-30,814,3,131760,0,0
A105254,2023-12-31,762,5,212317,0,0
A105255,2023-06-21,687,2,350947,0,0
A105256,2025-11-10,844,3,96133,0,0
A105257,2023-04-27,761,2,82283,3,0
A105258,2025-02-08,850,0,30051,1,0
A105259,2025-02-03,708,4,383677,2,3
A105260,2025-02-20,794,1,58333,0,0
A105261,2023-03-17,693,6,360254,0,0
A105262,2022-04-23,722,2,161059,0,0
A105264,2022-05-25,850,3,224942,0,0
A105265,2025-04-19,728,3,373826,0,0
A105266,2022-04-26,797,4,337849,0,0
A105267,2022-10-12,830,0,351664,1,0
A105268,2023-07-22,836,4,971927,0,0
A105269,2024-03-25,756,2,330049,1,0
A105270,2024-02-05,748,6,227282,0,0
A105271,2025-07-06,812,2,52827,0,0
A105272,2022-01-15,850,0,730316,0,0
A105273,2024-10-15,739,3,159987,2,0
A105274,2024-10-15,728,1,154506,0,0
A105275,2023-07-02,826,1,122153,0,0
A105276,2025-08-13,817,0,246113,2,0
A105277,2024-12-22,774,1,264088,1,0
A105278,2025-01-20,766,2,289500,3,0
A105279,2025-07-22,850,2,169763,0,0
A105280,2025-11-13,515,1,48344,0,0
A105281,2025-07-13,761,3,220644,0,0
A105282,2023-05-17,850,2,70131,3,0
A105283,2022-06-05,850,3,78577,0,0
A105284,2024-06-27,811,2,118728,0,0
A105286,2022-11-24,713,1,425150,3,0
A105286,2022-10-26,752,3,126304,0,0
A105287,2022-02-14,850,1,148011,0,0
A105289,2023-09-02,850,0,151142,1,0
A105290,2023-07-26,679,1,48379,0,0
A105291,2022-01-22,782,3,130454,0,0
A105292,2025-06-19,798,0,174818,0,0
A105293,2022-10-26,808,3,78473,0,0
A105294,2023-01-16,850,4,146741,2,0
A105295,2025-04-04,740,2,757523,1,0
A105296,2022-05-10,539,0,429796,0,0
A105298,2022-04-15,552,7,399033,0,0
A105299,2022-11-28,779,2,2565615,0,0
A105301,2024-08-14,783,2,288558,0,0
A105302,2023-10-08,791,3,61836,0,0
A105303,2023-10-02,850,2,471206,0,0
A105304,2022-04-13,739,2,1119479,2,0
A105305,2023-12-27,850,3,34805,1,0
A105306,2024-07-27,730,4,153839,0,0
A105307,2022-03-23,756,2,269326,0,0
A105308,2025-04-02,850,0,152979,0,0
A105309,2024-08-27,735,4,228384,0,0
A105310,2025-08-03,850,2,234773,0,0
A105311,2024-05-25,760,0,79356,0,0
A105312,2025-05-29,540,3,85073,0,0
A105313,2024-02-25,719,2,478093,3,0
A105314,2022-11-05,775,2,74295,1,0
A105315,2024-07-30,850,3,678239,2,0
A105316,2025-08-22,623,1,581770,0,0
A105317,2023-06-19,796,4,145330,2,0
A105318,2023-07-01,686,2,224112,0,0
A105319,2024-06-25,629,3,206112,0,0
A105320,2023-09-07,841,1,120888,0,0
A105321,2025-09-06,634,5,217105,0,0
A105322,2024-02-16,850,1,450544,0,0
A105323,2025-04-14,787,0,105625,0,0
A105324,2024-04-08,774,2,88762,0,0
A105325,2022-07-21,812,3,36977,0,0
A105326,2025-03-21,850,3,265904,0,0
A105327,2023-01-11,820,3,272178,0,0
A105328,2022-11-18,850,3,74861,0,0
A105329,2024-04-30,850,0,423220,0,0
A105330,2025-03-20,729,1,459219,0,0
A105331,2023-04-19,807,0,545026,0,0
A105332,2024-09-18,850,5,89843,0,0
A105333,2024-12-30,694,2,223492,0,0
A105334,2023-04-27,816,2,541385,0,0
A105336,2023-01-20,796,1,72390,0,0
A105337,2023-03-17,850,1,344814,0,0
A105339,2023-05-21,619,3,282879,0,0
A105340,2023-02-17,749,3,316150,0,0
A105341,2023-06-29,850,2,265863,1,0
A105342,2025-07-25,509,0,788881,1,1
A105343,2024-04-16,756,1,420330,0,0
A105344,2024-07-25,765,4,229806,0,0
A105345,2022-01-15,829,1,335038,0,0
A105346,2022-04-27,771,3,200358,0,0
A105347,2022-12-12,788,3,907339,1,0
A105348,2024-07-31,801,2,404013,0,0
A105349,2025-05-07,798,2,261756,2,0
A105350,2024-02-18,775,3,184663,1,0
A105351,2024-04-15,683,0,898717,0,2
A105352,2022-01-07,674,2,60202,0,0
A105353,2024-11-12,850,1,23064,0,0
A105354,2025-08-08,762,2,225474,1,0
A105355,2024-07-09,778,3,74316,1,0
A105356,2025-04-07,850,0,81632,0,0
A105357,2023-06-19,773,0,180337,0,0
A105358,2022-02-27,759,2,81844,0,0
A105360,2023-12-21,850,1,700865,1,0
A105360,2023-11-22,806,2,65138,0,2
A105361,2025-01-04,689,0,66409,1,0
A105362,2025-10-03,838,2,204154,0,0
A105362,2025-09-03,765,1,181133,1,0
A105363,2022-01-28,732,3,74725,1,0
A105364,2024-12-13,658,0,83172,1,0
A105365,2022-12-11,817,2,267858,0,0
A105366,2024-07-04,605,2,258364,0,0
A105367,2023-05-07,708,1,265310,0,0
A105368,2025-11-22,658,5,274692,0,0
A105369,2024-02-25,785,1,177260,0,0
A105370,2023-10-10,660,0,693009,0,0
A105371,2024-08-16,850,2,400929,1,0
A105373,2023-09-10,850,3,13495,0,0
A105374,2023-08-15,665,0,28799,0,0
A105375,2022-08-15,850,4,595782,0,0
A105375,2022-07-19,782,6,172896,0,0
A105376,2025-02-03,725,3,554422,1,0
A105377,2023-07-17,572,2,755346,0,0
A105378,2025-03-14,787,0,326615,0,0
A105379,2025-08-11,722,1,604555,0,0
A105380,2023-05-05,795,3,111391,0,0
A105381,2023-11-13,729,0,352226,1,0
A105382,2025-07-08,850,2,126524,0,0
A105382,2025-06-09,802,2,609683,0,0
A105383,2023-05-04,850,2,40788,2,0
A105384,2024-09-17,711,1,616607,0,0
A105385,2024-09-12,762,3,55439,2,0
A105386,2025-07-20,789,3,328723,0,0
A105387,2025-07-20,652,4,169263,1,0
A105388,2024-12-01,850,5,128581,0,0
A105389,2025-04-05,747,3,44062,0,0
A105390,2024-05-18,778,1,343673,0,0
A105391,2022-01-24,607,4,265498,1,0
A105392,2025-05-29,828,3,64761,1,0
A105392,2025-04-28,850,3,138169,0,0
A105394,2024-01-09,850,1,211091,0,0
A105395,2022-01-05,762,2,231351,0,0
A105397,2022-09-20,819,4,555031,0,0
A105397,2022-08-22,786,0,282328,0,0
A105398,2022-03-31,654,1,123435,0,0
A105400,2022-12-31,693,2,307355,0,0
A105401,2024-04-25,647,5,198827,0,0
A105402,2025-04-09,748,0,386277,0,0
A105403,2025-05-24,778,2,69461,0,0
A105404,2025-03-18,766,4,541706,0,0
A105404,2025-02-18,850,1,185622,3,0
A105405,2023-10-21,746,3,117587,2,0
A105406,2022-07-14,850,1,319236,0,0
A105407,2025-03-31,792,2,208301,0,0
A105408,2025-07-05,682,1,166891,0,2
A105408,2025-06-04,727,2,1249992,0,0
A105409,2025-06-19,781,3,366290,0,0
A105410,2023-11-15,686,5,326154,0,0
A105411,2024-10-16,825,3,216675,1,0
A105412,2022-09-16,744,4,180379,0,0
A105413,2025-05-27,691,2,459581,0,0
A105415,2022-01-28,726,0,110944,2,0
A105416,2024-09-02,822,3,103161,3,0
A105417,2025-05-12,780,2,472089,0,0
A105418,2024-06-11,683,2,158166,0,1
A105419,2023-10-10,850,3,234678,1,0
A105420,2024-03-22,738,2,115026,0,0
A105422,2025-12-02,788,0,185948,0,0
A105423,2023-07-10,850,4,1390751,0,0
A105423,2023-06-08,850,2,31987,0,0
A105424,2023-03-10,765,2,20925,0,0
A105425,2023-03-22,758,2,125506,0,0
A105426,2024-01-22,850,3,47636,1,0
A105427,2023-02-10,803,2,140545,0,0
A105428,2024-01-11,794,2,171236,0,0
A105429,2024-04-15,663,0,31719,2,0
A105430,2025-12-02,850,3,193402,0,0
A105431,2024-07-05,749,4,146562,0,0
A105432,2023-08-11,809,2,224007,0,0
A105433,2024-06-10,850,2,539804,0,0
A105434,2022-07-19,831,3,281207,1,0
A105435,2024-10-28,850,0,194860,0,0
A105436,2022-09-01,770,1,184174,0,0
A105437,2022-02-15,848,4,96691,0,1
A105438,2024-03-31,690,0,1186861,0,0
A105439,2025-09-27,850,3,195749,0,0
A105440,2023-08-30,719,3,833789,0,0
A105441,2025-11-13,768,2,156019,0,0
A105442,2023-03-22,665,0,150490,0,0
A105443,2024-03-13,751,1,507156,0,0
A105444,2025-12-25,750,0,59252,0,0
A105446,2023-05-30,745,1,99591,0,0
A105447,2024-04-23,757,0,66010,1,0
A105448,2021-12-30,789,1,1006227,0,0
A105449,2024-06-12,774,1,346932,0,0
A105450,2023-11-13,848,0,493073,1,0
A105451,2023-07-28,752,2,151870,0,1
A105452,2024-03-14,804,3,918216,3,0
A105453,2022-08-13,809,1,598699,1,0
A105454,2023-10-31,662,1,1114068,0,0
A105455,2023-08-21,821,3,238751,0,0
A105456,2025-08-02,645,1,73374,1,1
A105457,2025-08-28,850,6,257042,0,0
A105458,2023-03-06,666,5,118847,0,0
A105458,2023-02-05,604,2,96415,1,1
A105459,2022-06-08,850,2,105778,0,0
A105460,2025-08-05,632,1,571713,0,0
A105461,2024-04-30,850,3,151189,0,0
A105462,2025-04-02,850,3,68402,0,0
A105463,2023-08-12,525,3,313603,3,0
A105464,2025-09-13,810,1,431253,0,0
A105465,2023-07-26,850,1,64381,0,0
A105465,2023-06-26,742,3,922022,0,0
A105466,2023-02-12,796,1,92914,3,0
A105468,2024-01-08,740,1,53094,0,0
A105469,2022-05-10,850,1,161862,0,0
A105470,2023-05-23,837,3,44982,2,0
A105471,2024-12-24,817,3,328850,0,0
A105472,2024-05-05,642,3,104391,0,0
A105473,2023-09-12,850,1,240383,0,0
A105474,2023-11-23,850,3,36281,0,0
A105475,2025-09-29,730,3,93290,0,0
A105476,2025-01-26,758,0,67675,0,0
A105477,2023-08-14,478,4,202611,0,3
A105478,2023-02-24,849,3,77054,1,0
A105479,2025-10-28,742,1,185448,0,0
A105480,2024-10-04,691,2,701647,0,0
A105482,2023-01-25,850,3,46506,1,0
A105483,2023-11-27,850,3,292611,3,0
A105484,2022-06-02,719,3,66043,0,0
A105486,2025-07-18,603,2,101152,2,0
A105487,2023-06-08,736,3,71509,0,0
A105488,2023-04-17,850,5,120723,0,0
A105489,2025-05-23,733,1,910227,2,0
A105490,2025-05-05,795,1,265758,0,0
A105491,2025-07-28,850,1,357200,3,0
A105491,2025-06-26,725,3,253984,0,0
A105492,2025-11-18,672,4,95482,2,0
A105493,2023-11-05,794,3,158894,0,0
A105494,2023-11-01,850,3,26740,0,0
A105495,2022-03-26,682,3,645891,0,0
A105496,2022-07-27,694,2,138062,0,0
A105497,2024-04-12,576,3,98783,2,0
A105498,2023-07-06,826,2,138602,0,0
A105500,2025-10-08,850,4,113308,1,0
A105501,2024-02-27,850,1,207370,0,0
A105502,2023-03-13,617,0,229510,0,0
A105503,2025-05-18,797,1,117841,0,0
A105504,2024-12-04,779,3,39902,0,0
A105505,2025-07-17,850,3,163495,3,0
A105507,2022-03-25,801,2,74316,0,1
A105508,2022-11-18,777,3,354158,0,0
A105509,2022-09-02,700,2,215741,0,0
A105512,2023-11-19,798,4,62599,0,0
A105513,2024-02-12,753,0,589347,0,0
A105514,2024-12-31,850,2,253978,2,0
A105515,2023-12-15,850,3,255817,1,0
A105516,2025-10-29,731,3,37422,0,0
A105517,2023-11-30,718,3,142977,0,0
A105517,2023-10-30,801,4,229040,1,0
A105518,2022-09-08,722,0,351494,0,0
A105519,2025-11-12,724,2,537585,0,0
A105520,2022-09-18,608,1,242380,1,0
A105521,2023-02-11,850,2,420697,3,0
A105522,2022-11-25,850,3,424816,3,0
A105523,2023-09-12,850,4,287648,0,0
A105524,2024-02-02,727,0,450450,3,0
A105525,2025-03-22,840,1,473015,1,0
A105526,2022-05-27,784,2,320098,0,1
A105527,2024-08-13,800,3,156107,1,0
A105528,2022-02-10,685,0,148891,1,0
A105529,2022-02-13,850,3,70338,0,0
A105529,2022-01-14,745,3,107178,0,0
A105531,2022-04-13,850,3,277066,2,0
A105532,2023-05-08,838,1,161441,0,0
A105533,2023-02-27,850,4,252422,0,0
A105534,2022-08-01,850,3,53612,0,0
A105535,2022-05-15,751,2,862217,1,0
A105536,2025-02-17,850,0,1071943,0,0
A105537,2022-11-07,784,0,246730,0,0
A105538,2025-07-22,767,3,366544,0,0
A105539,2023-04-03,686,5,134309,0,0
A105540,2022-05-27,850,2,460495,0,0
A105541,2025-04-12,809,2,80610,2,0
A105542,2023-09-24,850,2,192654,0,0
A105543,2024-04-22,850,4,140253,0,1
A105544,2025-06-21,768,2,74232,2,0
A105545,2022-01-03,850,2,92553,0,0
A105546,2023-06-08,850,7,100723,0,0
A105548,2022-11-28,626,4,129756,0,0
A105549,2023-07-28,850,0,91281,0,0
A105550,2024-08-27,773,1,24857,0,0
A105551,2025-06-05,850,0,91252,0,0
A105552,2022-12-07,752,4,245610,0,0
A105553,2023-11-12,850,3,159093,0,0
A105554,2023-12-02,850,3,91694,0,0
A105555,2025-01-24,775,3,797483,0,0
A105556,2023-11-26,692,1,83896,2,0
A105557,2024-12-27,707,2,73933,1,0
A105559,2022-11-18,850,2,155328,0,0
A105560,2023-04-19,802,1,858568,1,2
A105561,2024-09-23,785,1,150930,0,0
A105562,2022-08-26,824,4,410903,0,0
A105564,2022-02-23,788,6,208450,0,0
A105565,2023-01-03,850,2,79763,1,0
A105566,2022-09-14,836,1,459520,0,0
A105567,2022-03-02,784,2,137196,0,0
A105568,2023-09-14,738,3,252908,2,0
A105569,2023-03-31,702,4,279236,0,0
A105570,2023-11-19,756,4,452391,0,0
A105571,2025-05-06,818,1,125366,3,0
A105571,2025-04-08,722,2,693708,0,0
A105572,2025-04-02,680,0,284285,0,0
A105573,2025-04-08,850,3,74924,1,0
A105574,2022-11-22,833,3,593484,0,0
A105575,2023-07-15,828,1,209336,2,0
A105576,2024-09-10,689,0,336667,0,0
A105577,2022-10-06,794,0,573619,1,0
A105578,2024-02-08,850,3,153704,0,0
A105579,2022-05-03,723,0,303175,0,0
A105580,2025-05-12,789,1,149391,3,0
A105581,2025-12-18,591,1,184729,0,0
A105584,2023-03-14,714,0,54932,0,0
A105586,2024-08-10,769,2,86322,0,0
A105587,2022-05-31,699,3,160992,0,0
A105588,2023-11-25,672,5,155804,0,0
A105589,2024-12-23,604,0,254346,0,0
A105590,2025-12-01,763,1,290873,0,0
A105591,2024-05-08,686,3,139667,0,0
A105592,2024-04-07,850,0,277495,0,0
A105593,2023-02-17,705,2,657961,0,0
A105594,2022-11-22,850,2,68757,0,0
A105595,2022-02-27,812,3,238205,0,0
A105596,2024-03-11,808,3,177780,1,0
A105598,2024-08-31,850,0,176210,1,0
A105598,2024-08-03,589,1,217275,0,0
A105599,2023-08-11,793,1,199396,0,0
A105600,2025-11-01,831,5,151400,0,0
A105601,2022-02-10,850,3,273575,0,0
A105602,2023-06-04,734,2,231355,0,0
A105603,2024-11-22,789,3,495656,0,0
A105604,2022-12-22,686,2,346463,1,0
A105605,2022-10-22,716,2,161542,0,0
A105606,2023-09-23,664,0,140305,0,0
A105607,2023-12-21,834,2,152876,0,0
A105608,2024-01-20,730,1,207130,0,0
A105609,2023-05-09,809,5,82777,1,0
A105609,2023-04-10,734,0,231060,0,0
A105610,2024-03-03,767,1,169744,1,0
A105611,2023-08-16,755,2,54527,0,0
A105612,2025-10-11,719,0,125397,0,1
A105613,2022-02-02,836,4,157014,2,0
A105614,2025-01-25,850,3,1224446,0,0
A105615,2022-03-02,730,2,74222,3,0
A105617,2023-11-15,838,1,36065,0,0
A105618,2023-11-19,721,2,420990,1,0
A105619,2024-04-28,850,4,19172,0,0
A105620,2023-10-24,824,2,85599,0,0
A105622,2022-05-01,714,3,511327,0,0
A105623,2023-10-21,850,3,444676,3,0
A105624,2024-01-18,787,1,351203,0,0
A105625,2022-05-23,804,3,34916,0,0
A105626,2022-08-26,729,1,104315,0,0
A105627,2023-10-29,850,4,136483,0,0
A105628,2025-10-26,850,0,136077,0,0
A105631,2024-04-07,739,4,410802,0,0
A105632,2025-05-12,804,2,21780,0,0
A105633,2024-10-07,825,3,110902,1,0
A105634,2022-07-16,825,0,120390,0,0
A105634,2022-06-16,750,1,161288,0,0
A105635,2022-03-14,810,3,414156,0,2
A105636,2024-06-08,716,0,37761,1,0
A105637,2024-10-15,850,4,237670,0,0
A105639,2025-11-26,850,3,179611,0,0
A105640,2022-08-16,586,5,283196,0,0
A105641,2023-07-19,812,3,105046,0,0
A105641,2023-06-19,789,3,247484,0,0
A105642,2023-06-07,621,2,162205,0,0
A105643,2023-09-20,850,2,134816,1,0
A105644,2025-06-19,850,4,48203,0,0
A105645,2024-10-17,722,3,170423,0,0
A105646,2025-03-23,750,0,238602,0,0
A105647,2024-03-10,805,0,361430,0,0
A105648,2022-07-11,679,1,274811,0,0
A105649,2023-06-08,838,3,101103,0,0
A105650,2025-03-15,797,0,497910,0,0
A105651,2022-06-11,772,0,95004,1,0
A105652,2022-03-02,831,3,141102,3,0
A105652,2022-01-31,748,4,87585,1,0
A105653,2022-04-29,767,2,177985,2,0
A105654,2024-01-27,819,2,138586,1,0
A105655,2025-12-08,779,3,34033,0,0
A105656,2022-05-26,737,1,973013,0,0
A105658,2024-10-02,850,1,114423,1,0
A105659,2025-11-22,850,4,228771,1,0
A105660,2022-06-02,744,6,190757,3,0
A105661,2024-06-14,850,2,539549,0,0
A105662,2025-07-26,850,3,1215038,0,0
A105663,2024-09-04,769,4,121536,0,0
A105663,2024-08-06,802,0,228761,0,0
A105664,2024-07-17,747,2,573833,1,0
A105665,2025-11-26,700,4,162386,0,0
A105666,2023-10-19,819,3,604365,0,0
A105667,2022-01-07,786,0,108559,0,0
A105668,2025-10-10,770,4,120475,0,0
A105669,2024-07-28,669,1,69535,1,0
A105670,2025-01-28,850,1,409195,0,0
A105671,2025-08-02,850,2,83979,2,0
A105672,2022-08-14,843,2,147260,1,0
A105675,2025-01-30,850,4,60475,0,0
A105676,2023-12-27,798,2,51161,0,0
A105677,2022-11-11,799,2,106036,0,0
A105678,2023-09-07,850,1,194486,0,0
A105679,2023-06-18,850,6,322645,0,0
A105680,2024-10-18,815,5,218710,2,0
A105681,2023-01-13,677,4,161767,2,0
A105683,2022-02-10,850,5,35591,0,0
A105684,2025-05-21,737,2,577169,0,0
A105685,2022-06-24,730,3,119136,0,0
A105686,2022-03-19,850,1,135392,0,0
A105687,2025-09-24,846,0,179430,2,0
A105688,2022-04-03,549,5,156121,2,1
A105689,2024-08-13,667,2,92180,0,0
A105690,2022-11-19,781,6,96091,1,0
A105691,2023-10-16,819,0,184569,0,1
A105692,2022-01-02,850,2,111374,0,0
A105693,2023-08-21,719,3,566603,0,0
A105694,2025-04-27,815,0,274320,0,0
A105695,2023-09-03,813,2,84968,1,0
A105696,2025-03-31,779,0,44663,0,0
A105697,2023-10-23,697,3,191929,2,0
A105698,2024-08-10,719,2,188612,0,0
A105699,2023-03-09,850,2,70386,0,0
A105700,2024-10-29,818,3,163504,2,0
A105701,2022-08-07,650,3,299118,0,0
A105702,2025-03-25,610,4,426834,0,0
A105703,2022-12-10,780,3,257532,0,0
A105704,2023-11-26,850,1,131944,0,0
A105705,2022-01-15,716,1,201551,0,0
A105706,2025-09-06,775,1,190233,0,0
A105707,2022-12-26,835,3,321748,0,0
A105708,2022-09-02,850,2,66139,1,0
A105709,2025-05-29,676,1,158529,1,0
A105710,2023-02-21,796,0,669009,0,0
A105712,2023-12-14,850,3,171348,2,0
A105713,2023-01-21,804,1,52164,0,0
A105714,2022-11-13,671,1,88279,0,0
A105715,2023-06-11,850,4,549021,0,0
A105716,2022-11-05,637,7,62167,0,0
A105717,2024-07-25,637,0,134607,0,0
A105718,2025-01-30,653,3,549917,0,0
A105719,2023-03-20,689,5,221446,2,0
A105720,2023-02-10,821,1,69926,0,0
A105721,2025-04-11,828,1,118842,3,0
A105722,2025-12-01,712,3,72072,0,0
A105723,2022-03-20,844,2,52964,0,0
A105724,2022-11-15,702,1,389665,0,0
A105725,2023-06-07,826,4,279001,0,0
A105726,2022-09-26,656,2,177875,0,0
A105727,2023-02-25,549,2,731042,0,0
A105728,2024-04-26,776,3,285975,0,0
A105729,2022-02-25,850,0,311906,0,0
A105730,2022-09-14,850,4,388199,1,0
A105731,2023-12-22,795,1,78408,1,0
A105732,2024-08-16,456,2,304331,0,0
A105733,2023-03-07,691,1,148277,0,0
A105734,2024-02-03,850,3,101731,0,0
A105734,2024-01-05,850,2,794166,0,0
A105735,2023-08-23,747,3,154000,1,1
A105736,2023-07-24,777,3,279043,0,0
A105737,2025-11-06,798,2,261276,0,0
A105738,2023-02-05,722,4,925484,0,0
A105739,2023-10-04,694,5,208106,0,0
A105740,2025-01-18,779,2,384379,1,0
A105741,2024-09-02,649,2,942489,0,0
A105742,2023-06-04,850,2,85838,0,0
A105743,2023-08-20,850,6,63776,2,0
A105744,2024-03-31,829,3,314872,0,0
A105745,2025-05-03,850,1,94926,0,0
A105747,2025-11-14,791,0,60833,0,0
A105748,2023-11-17,681,1,26400,0,0
A105749,2023-01-24,835,5,258002,1,0
A105751,2024-11-05,850,1,101978,0,0
A105752,2024-06-11,850,0,92013,0,0
A105753,2023-06-06,712,5,323901,1,0
A105753,2023-05-07,850,2,1047514,1,0
A105754,2025-10-23,765,0,863475,0,0
A105755,2023-12-29,688,2,180798,0,0
A105756,2025-09-06,665,1,361402,0,0
A105757,2025-08-30,832,3,138651,3,1
A105758,2025-10-30,795,1,78991,0,0
A105759,2022-01-15,832,2,248850,0,0
A105760,2022-01-18,716,4,178566,1,0
A105761,2024-11-25,731,1,149132,0,1
A105762,2024-09-05,706,4,252335,1,0
A105763,2025-06-13,812,0,536247,0,0
A105764,2025-11-21,634,4,159874,0,1
A105765,2025-08-10,779,1,87641,0,0
A105766,2023-09-06,718,4,211792,2,0
A105767,2022-09-19,850,3,645348,0,0
A105768,2024-02-26,837,2,208782,0,0
A105768,2024-01-27,850,3,114569,1,0
A105769,2025-02-09,662,3,42676,0,0
A105770,2023-05-03,806,2,48210,1,0
A105771,2022-04-04,739,3,95593,0,0
A105772,2024-08-18,850,6,57664,0,0
A105773,2023-01-18,832,3,637581,0,0
A105774,2024-06-22,808,7,105543,0,0
A105775,2022-03-13,848,3,115784,1,0
A105776,2024-06-07,726,2,242463,0,0
A105777,2023-04-04,700,3,152167,0,0
A105778,2022-04-28,707,2,125376,0,0
A105779,2025-01-12,794,0,954025,0,0
A105780,2022-07-19,787,3,349142,0,0
A105781,2025-04-03,568,2,26758,0,0
A105783,2022-04-10,726,3,306278,0,0
A105784,2025-07-06,619,1,52606,0,0
A105785,2025-07-20,848,2,248983,0,0
A105786,2022-12-09,728,4,298987,0,0
A105787,2022-12-12,702,3,35365,0,0
A105788,2025-08-06,850,4,34941,0,0
A105788,2025-07-07,751,1,446613,2,0
A105789,2024-11-29,604,1,205787,0,0
A105790,2022-04-29,729,4,132570,1,0
A105791,2024-03-18,850,0,176981,1,0
A105792,2025-04-15,632,0,129934,0,0
A105793,2025-07-14,679,6,173834,0,0
A105794,2023-10-03,850,2,322155,0,0
A105795,2024-05-06,741,3,234679,0,0
A105796,2025-03-24,692,0,451658,0,1
A105797,2025-05-12,739,1,100856,0,0
A105798,2021-12-31,774,0,105314,0,0
A105799,2025-02-03,800,0,310783,1,0
A105800,2023-10-23,517,5,728857,0,0
A105801,2025-11-17,742,0,413235,0,0
A105802,2023-02-09,850,6,563782,0,0
A105803,2025-09-23,677,3,46325,2,0
A105805,2022-10-15,850,3,169416,0,0
A105806,2023-01-20,633,0,636665,0,1
A105807,2023-04-07,799,4,37181,0,0
A105808,2024-07-24,850,4,132997,0,0
A105809,2025-01-21,714,4,45851,0,0
A105810,2025-04-02,805,2,112076,1,0
A105811,2024-02-21,850,1,129440,0,0
A105812,2024-10-16,759,2,152867,0,0
A105813,2025-10-08,802,4,121779,0,0
A105814,2024-01-31,675,0,146606,1,0
A105815,2025-06-20,797,1,677388,3,0
A105816,2024-05-08,818,3,166005,0,0
A105817,2025-01-24,823,7,94835,0,0
A105818,2023-01-05,753,3,70498,0,3
A105819,2023-03-19,839,2,68064,0,0
A105820,2022-12-22,850,3,84191,0,0
A105821,2024-08-20,850,2,47420,1,0
A105822,2022-02-09,752,3,86696,2,0
A105823,2025-06-26,850,1,161266,0,0
A105824,2023-11-21,776,2,161634,0,0
A105825,2022-01-03,850,1,84808,0,0
A105826,2025-10-26,767,3,52752,3,0
A105827,2022-08-19,708,3,26750,0,0
A105828,2023-01-04,686,4,116758,0,0
A105830,2022-08-27,850,4,357820,0,0
A105831,2025-11-29,696,0,122553,1,0
A105832,2025-04-29,730,4,259014,3,3
A105833,2024-07-19,728,0,110083,0,0
A105834,2023-09-29,612,0,102394,0,0
A105835,2023-09-22,765,4,374708,1,0
A105836,2023-05-30,850,3,47318,0,0
A105837,2022-05-19,716,1,178211,1,0
A105839,2024-02-21,850,2,11953,0,0
A105840,2024-07-07,850,0,30732,0,0
A105841,2022-12-06,682,2,175423,0,0
A105843,2022-07-22,732,1,268832,1,0
A105844,2023-07-22,783,5,46493,0,0
A105845,2022-11-30,812,0,270423,1,0
A105847,2022-11-03,650,1,490081,0,0
A105848,2022-10-14,792,4,250568,0,0
A105849,2024-03-15,527,0,120571,0,0
A105849,2024-02-14,803,2,83798,0,0
A105850,2025-09-06,849,2,234707,0,0
A105850,2025-08-08,850,3,3437811,0,0
A105851,2024-08-24,735,2,84516,1,0
A105852,2025-09-16,687,0,230872,0,0
A105853,2024-01-11,717,2,54766,1,0
A105854,2025-01-05,816,2,257920,0,0
A105856,2024-12-28,732,3,518601,1,0
A105857,2024-08-07,705,2,102075,3,0
A105858,2024-07-27,850,1,93720,0,0
A105859,2022-06-14,648,2,127126,0,0
A105860,2022-01-22,629,0,255051,0,0
A105861,2025-11-09,716,3,561913,1,0
A105861,2025-10-08,843,2,187311,0,0
A105862,2023-12-28,850,0,68846,1,0
A105864,2025-12-19,618,0,191504,0,0
A105865,2024-04-29,850,4,197887,0,0
A105866,2022-04-07,677,4,148953,0,0
A105868,2022-10-10,738,2,317763,1,0
A105869,2025-08-27,850,7,71562,2,0
A105870,2023-02-20,818,2,371341,0,0
A105871,2024-01-22,759,0,141329,1,0
A105872,2024-10-10,736,2,298576,0,0
A105873,2022-10-23,825,4,177977,1,0
A105874,2022-12-24,606,1,276128,2,0
A105875,2024-02-22,850,0,89655,0,0
A105876,2025-02-04,797,2,93287,0,0
A105877,2024-09-08,850,1,282044,0,0
A105878,2022-09-21,808,6,140085,0,0
A105879,2023-01-12,850,1,732812,0,0
A105879,2022-12-14,785,2,103788,1,0
A105880,2022-09-15,762,2,1669764,0,0
A105882,2023-10-17,835,2,241564,0,0
A105883,2024-12-17,850,5,965260,0,0
A105884,2022-11-04,768,4,634085,0,0
A105885,2024-03-10,825,2,290972,0,0
A105886,2023-03-05,756,1,629539,0,0
A105887,2023-08-17,667,2,207317,1,2
A105888,2024-02-07,850,3,62287,0,0
A105890,2022-03-19,826,2,166208,0,0
A105891,2022-03-23,847,3,187704,1,0
A105892,2024-09-14,729,0,28982,0,0
A105893,2023-04-27,679,0,324830,1,0
A105894,2023-04-06,808,2,260719,0,0
A105895,2025-09-12,824,3,105265,0,0
A105896,2023-06-26,768,2,142729,1,0
A105897,2022-05-18,832,5,100803,0,0
A105898,2023-12-08,722,0,49893,0,0
A105899,2022-01-04,784,3,96116,2,2
A105899,2021-12-08,670,2,964878,0,0
A105900,2022-01-14,675,2,117691,0,0
A105901,2023-08-31,765,1,140652,0,0
A105901,2023-07-30,714,0,372850,0,0
A105902,2022-06-02,717,0,108509,0,0
A105903,2023-09-18,847,2,145640,0,0
A105904,2023-02-15,753,3,198161,0,0
A105905,2023-08-06,850,1,297440,0,0
A105906,2022-06-19,679,2,112778,0,3
A105907,2022-11-06,850,0,23647,0,0
A105908,2024-10-31,850,4,1102566,0,0
A105909,2022-12-04,775,1,114185,0,0
A105910,2022-06-05,657,2,95861,0,0
A105911,2024-03-31,769,2,110895,0,0
A105912,2025-06-14,722,0,114431,0,0
A105913,2022-02-01,850,2,41958,2,0
A105914,2024-04-07,797,4,1115988,0,0
A105915,2022-06-03,850,3,51506,0,0
A105916,2022-06-11,785,2,145497,3,0
A105917,2023-04-15,836,2,139284,0,0
A105918,2022-04-14,850,5,242392,1,0
A105919,2022-04-18,630,0,164363,0,0
A105920,2024-07-04,741,2,1141576,0,0
A105921,2023-02-17,839,3,224774,0,0
A105922,2024-12-03,850,3,142731,0,0
A105923,2024-07-11,637,4,231139,0,0
A105924,2022-03-29,637,4,124079,0,0
A105925,2025-01-11,742,2,298470,0,0
A105926,2022-05-17,778,3,180559,0,0
A105927,2025-01-20,742,3,210739,0,0
A105928,2022-02-24,766,1,136675,0,0
A105929,2025-05-31,836,3,67330,0,0
A105930,2024-01-17,836,1,87253,0,0
A105931,2022-01-09,727,5,207621,0,0
A105932,2025-09-01,775,0,195908,1,0
A105933,2025-12-08,818,0,117821,0,0
A105934,2024-08-18,789,2,123119,0,0
A105935,2023-05-14,530,3,113782,1,0
A105936,2022-12-16,693,1,88148,0,0
A105937,2022-04-06,826,5,235788,0,0
A105938,2025-05-09,850,4,274534,3,0
A105939,2024-03-08,721,2,317995,0,0
A105940,2023-04-13,824,2,270789,0,0
A105941,2022-05-01,835,3,85279,0,0
A105942,2025-06-15,745,1,140029,0,0
A105943,2024-11-25,707,1,360324,0,0
A105943,2024-10-29,783,1,112722,0,0
A105944,2024-12-09,850,3,56586,0,0
A105945,2022-02-24,755,3,111130,0,0
A105946,2022-02-04,654,0,194306,2,0
A105947,2024-04-26,762,0,256809,0,0
A105948,2023-07-18,759,4,1180070,0,0
A105949,2024-07-09,850,5,122917,0,0
A105950,2023-03-28,816,0,296702,0,0
A105951,2022-07-31,768,1,384003,0,0
A105953,2022-10-27,744,1,207052,0,0
A105954,2024-03-22,843,5,385215,0,0
A105955,2024-01-31,682,0,156762,1,0
A105956,2022-01-26,718,1,246008,1,0
A105957,2025-03-17,850,1,319157,2,0
A105958,2025-08-14,850,4,170333,1,0
A105959,2023-04-09,715,5,99882,0,0
A105962,2025-06-23,817,1,211948,0,0
A105963,2022-06-05,672,3,759373,0,0
A105965,2025-05-04,850,6,390511,0,0
A105966,2024-02-05,650,4,65046,0,0
A105967,2023-11-29,679,2,190258,0,0
A105968,2022-11-28,745,2,112136,0,0
A105969,2025-07-20,850,3,118194,0,0
A105970,2024-02-09,850,3,263923,0,0
A105971,2024-11-08,761,0,668622,0,0
A105971,2024-10-07,850,3,617914,0,0
A105972,2025-10-22,792,2,30857,0,0
A105973,2024-06-17,621,0,147039,2,1
A105974,2022-08-29,747,3,598378,1,1
A105975,2025-04-03,702,4,268776,2,0
A105977,2024-03-05,723,2,138463,0,0
A105979,2022-03-05,850,0,228485,0,0
A105980,2023-06-18,850,3,171608,2,0
A105981,2023-01-18,770,3,489507,1,0
A105982,2025-06-23,850,4,151411,0,0
A105983,2025-08-07,735,1,49533,0,0
A105984,2023-10-01,651,0,202906,0,0
A105985,2023-06-30,841,2,138779,0,1
A105986,2023-03-28,850,4,146292,0,0
A105987,2024-01-07,850,0,272325,1,0
A105988,2025-09-12,819,2,1073643,2,0
A105989,2024-01-28,693,2,140750,0,0
A105990,2025-01-28,841,1,40785,0,0
A105992,2025-03-02,786,1,106609,0,0
A105993,2025-01-28,814,3,78321,2,0
A105994,2025-09-15,711,3,414435,0,0
A105995,2022-08-05,623,1,253852,0,0
A105996,2024-12-28,808,3,46836,0,0
A105997,2024-10-11,790,1,437632,0,0
A105998,2023-02-11,850,2,70016,0,0
A105999,2025-03-04,850,2,176555,0,0
A106000,2024-08-18,664,4,520988,0,0
A106001,2023-11-11,755,3,274787,1,0
A106002,2023-04-11,776,4,68179,0,0
A106003,2024-11-25,775,3,179734,0,0
A106004,2025-06-07,731,3,175420,1,1
A106005,2024-02-08,850,4,323633,0,0
A106006,2022-06-22,759,0,143343,0,0
A106007,2024-08-16,843,3,138203,0,0
A106008,2023-11-09,599,0,72930,0,1
A106012,2022-01-30,823,2,860569,2,0
A106013,2023-02-19,827,2,83862,0,0
A106014,2022-04-26,725,2,243735,0,0
A106015,2025-05-09,719,3,159182,0,0
A106017,2024-10-12,720,1,96720,0,0
A106018,2023-11-21,813,2,713775,0,0
A106019,2025-05-10,850,0,297629,0,0
A106020,2022-06-22,850,1,28131,0,0
A106021,2022-01-18,725,5,57304,0,0
A106022,2024-10-14,571,1,109519,1,1
A106023,2023-02-11,813,1,76532,1,0
A106024,2023-12-21,769,4,128094,0,0
A106026,2024-05-18,850,4,73221,0,0
A106027,2024-09-24,680,1,215424,1,0
A106028,2023-02-12,850,3,189587,1,0
A106029,2024-04-23,850,2,553166,0,0
A106030,2022-07-07,765,3,482858,0,0
A106031,2023-07-07,850,2,168654,0,0
A106032,2022-07-30,850,5,71502,2,0
A106033,2022-06-28,780,0,159696,0,0
A106034,2024-10-20,805,5,221293,1,0
A106036,2024-02-14,603,2,195143,0,0
A106037,2024-09-27,583,1,61279,0,1
A106038,2023-07-20,770,0,93415,0,0
A106038,2023-06-22,788,1,595024,0,0
A106039,2024-07-04,675,6,46272,0,0
A106040,2025-07-09,690,0,142099,2,0
A106041,2024-03-22,716,0,211599,0,0
A106042,2024-03-09,850,3,14131,0,0
A106043,2024-05-19,839,3,102806,0,0
A106044,2023-09-27,826,2,244184,0,0
A106046,2025-09-04,713,3,473011,1,0
A106047,2025-09-08,730,3,85086,0,0
A106048,2023-01-04,781,1,139352,2,0
A106050,2025-04-09,733,0,199512,0,0
A106051,2025-02-13,657,3,164133,0,0
A106052,2022-09-05,850,4,214760,0,0
A106053,2024-11-15,850,1,597514,0,0
A106054,2023-09-06,837,4,154124,1,0
A106055,2022-01-03,735,1,235649,1,0
A106056,2023-01-08,702,3,176268,1,0
A106057,2025-10-15,803,3,278470,0,0
A106058,2022-05-14,556,3,48399,0,0
A106059,2022-10-22,850,3,131026,1,0
A106060,2022-09-02,850,0,77085,0,0
A106061,2025-11-09,850,1,261844,0,0
A106062,2025-05-06,750,5,278482,0,0
A106063,2025-08-01,757,0,476509,0,0
A106064,2025-09-29,697,2,673578,0,1
A106065,2022-03-24,601,2,292258,0,0
A106066,2025-01-27,715,3,419095,0,0
A106067,2022-11-14,850,3,53492,0,0
A106068,2023-01-14,850,2,150258,2,0
A106068,2022-12-12,729,3,163969,1,0
A106069,2022-04-03,846,3,193489,0,0
A106070,2022-01-22,792,2,686980,0,0
A106071,2024-11-19,696,2,143838,1,0
A106072,2022-03-22,848,4,372129,0,0
A106073,2023-08-18,769,1,403595,0,0
A106074,2024-09-08,769,1,353702,1,0
A106075,2022-04-28,657,2,222180,1,1
A106076,2023-05-29,754,2,94711,0,0
A106077,2023-07-20,720,5,115671,0,0
A106078,2023-05-08,746,0,26299,0,0
A106079,2025-05-28,850,0,155001,0,0
A106081,2023-10-29,769,2,133583,1,0
A106082,2024-06-06,676,4,507680,2,0
A106083,2024-01-16,696,4,115162,0,0
A106084,2023-07-16,850,5,164398,1,0
A106085,2023-01-04,850,4,35501,0,0
A106086,2024-01-16,838,3,91732,1,0
A106087,2024-05-20,775,3,338612,0,0
A106088,2022-05-23,776,3,129779,0,0
A106089,2022-04-11,748,2,18303,0,0
A106090,2023-08-01,772,1,112515,0,1
A106091,2022-11-09,847,0,28786,0,0
A106092,2022-09-28,698,0,35625,3,0
A106093,2023-03-14,850,6,77890,0,0
A106093,2023-02-15,711,0,448503,0,0
A106094,2024-06-22,522,2,68376,0,0
A106095,2023-01-25,739,0,133376,0,0
A106096,2024-07-14,728,0,82680,0,0
A106098,2023-04-24,792,3,477398,1,0
A106099,2022-07-12,761,4,1123519,0,0
A106100,2024-04-09,746,5,455614,0,0
A106101,2025-07-03,850,4,1047137,0,0
A106101,2025-06-03,841,0,738017,1,0
A106102,2025-04-29,831,1,329228,1,0
A106103,2024-03-22,850,4,49842,0,0
A106104,2024-01-21,826,5,193011,1,0
A106105,2025-08-27,708,1,30141,0,0
A106106,2023-06-23,717,4,289150,1,0
A106107,2023-06-13,653,2,86301,0,0
A106108,2025-05-16,850,0,35665,2,0
A106109,2025-11-18,744,0,129003,0,0
A106110,2023-12-24,686,2,70010,0,0
A106112,2024-03-22,850,4,90219,1,0
A106113,2022-07-08,808,2,146107,0,0
A106114,2025-02-16,779,1,316550,1,0
A106115,2023-10-24,850,3,208840,3,2
A106116,2022-08-01,850,0,213648,0,0
A106117,2022-12-20,696,2,479977,0,0
A106118,2023-12-01,773,0,390538,1,0
A106119,2022-02-13,820,2,237854,0,0
A106120,2023-03-29,766,3,444609,0,0
A106121,2022-12-22,692,4,104230,0,0
A106122,2024-08-09,786,0,208495,0,0
A106123,2022-07-02,709,1,161375,3,0
A106124,2022-07-27,820,2,159488,0,0
A106125,2022-04-07,850,3,252346,0,0
A106126,2025-11-29,850,3,156725,0,0
A106128,2024-11-12,641,0,81711,0,0
A106129,2024-07-28,627,2,167092,1,0
A106130,2025-02-02,850,3,100668,0,0
A106131,2022-07-08,805,3,103031,0,0
A106132,2023-12-11,702,2,670379,0,0
A106134,2023-12-19,785,1,284767,2,0
A106135,2025-11-24,715,4,179194,1,0
A106136,2024-07-11,737,1,197109,0,0
A106137,2022-09-27,723,5,72113,0,0
A106138,2024-09-03,726,0,131154,0,1
A106139,2023-02-13,850,2,113907,0,0
A106140,2023-06-12,707,4,189819,0,0
A106141,2024-12-15,850,3,86717,0,0
A106142,2022-05-14,834,2,146717,0,0
A106143,2023-03-09,850,2,19703,1,0
A106144,2023-04-04,850,1,388927,0,0
A106145,2022-12-25,753,4,646636,0,0
A106146,2025-09-24,791,6,231177,0,0
A106147,2023-04-30,800,0,597693,0,0
A106148,2024-04-22,850,1,126574,0,0
A106148,2024-03-23,849,2,127377,0,0
A106149,2025-07-22,738,0,295414,2,0
A106150,2022-04-12,839,2,290488,0,0
A106151,2024-10-26,815,3,41261,0,0
A106152,2023-05-12,673,1,111420,1,0
A106154,2025-04-21,725,5,71524,0,0
A106155,2022-03-30,850,3,159610,0,0
A106156,2024-11-21,850,0,64718,0,0
A106157,2024-09-20,749,3,58021,0,0
A106158,2023-02-05,773,2,428488,0,0
A106159,2023-05-29,771,4,88540,0,0
A106160,2022-05-06,850,1,53853,0,0
A106161,2023-09-07,850,3,345298,0,0
A106162,2022-10-18,850,4,113768,1,0
A106163,2022-08-03,850,4,69002,0,0
A106164,2024-12-23,767,0,143326,0,0
A106165,2023-06-28,672,2,496382,1,0
A106166,2023-06-28,661,0,373602,0,0
A106167,2025-08-08,850,4,78281,3,0
A106168,2025-08-24,823,2,81853,1,0
A106169,2024-10-16,850,0,45739,0,0
A106170,2023-12-02,680,0,64423,1,0
A106171,2025-03-28,779,1,159819,0,0
A106172,2025-11-04,850,4,516116,0,0
A106173,2024-06-21,722,3,61533,0,0
A106174,2025-12-23,498,3,160468,1,0
A106175,2024-11-26,707,3,223204,0,0
A106176,2025-06-07,794,3,49140,0,0
A106177,2025-06-26,792,2,200098,2,0
A106178,2023-04-04,822,5,193114,0,0
A106179,2024-08-16,739,4,85808,0,0
A106180,2024-12-08,838,2,121654,0,0
A106181,2025-03-09,642,0,49752,0,0
A106181,2025-02-06,807,2,129837,0,0
A106182,2022-04-07,653,4,60967,0,0
A106183,2023-09-05,792,2,138397,0,1
A106184,2025-05-01,674,3,234654,0,0
A106185,2023-03-25,776,0,107883,0,0
A106186,2024-04-08,850,3,248084,0,0
A106188,2024-10-31,850,2,62261,0,0
A106189,2025-01-18,834,1,495611,0,0
A106190,2023-09-13,824,4,39556,0,0
A106191,2022-03-03,844,5,150600,0,0
A106192,2024-11-24,850,1,554330,0,0
A106194,2025-04-04,663,2,108006,0,0
A106195,2022-02-27,658,1,70478,1,0
A106196,2025-12-27,850,0,576922,0,0
A106197,2022-11-19,702,0,584708,1,0
A106198,2023-06-28,627,2,60722,0,0
A106200,2024-01-20,653,1,218570,0,0
A106201,2022-02-03,704,0,138720,0,0
A106202,2022-04-22,804,0,244767,0,0
A106203,2025-12-02,786,4,417275,0,0
A106205,2024-07-19,850,1,203801,0,0
A106206,2025-10-23,836,1,163335,0,0
A106207,2023-11-14,730,2,183070,0,0
A106208,2022-07-01,850,4,1781446,0,0
A106209,2024-07-18,850,0,75616,0,0
A106210,2025-07-11,691,3,233994,0,0
A106212,2022-10-11,770,1,72825,0,0
A106213,2024-03-04,696,2,179325,0,0
A106214,2025-04-19,706,0,107686,0,0
A106215,2024-07-11,815,3,168952,3,0
A106216,2023-12-09,837,3,1002286,0,0
A106216,2023-11-11,850,0,90268,0,0
A106217,2024-03-29,850,3,68427,0,0
A106218,2024-02-04,787,4,124251,0,0
A106219,2023-11-10,796,1,94535,2,0
A106220,2024-03-15,834,0,38816,0,0
A106221,2025-02-28,569,4,137844,0,0
A106222,2024-04-02,850,0,169175,0,0
A106223,2024-05-30,816,3,681651,0,1
A106224,2022-03-10,850,1,72538,2,0
A106225,2024-09-12,612,2,406177,0,0
A106226,2025-08-09,746,2,260388,0,0
A106227,2025-02-23,850,1,222233,1,0
A106228,2023-06-24,721,2,155830,0,0
A106229,2023-02-24,676,1,230105,0,1
A106230,2024-03-28,734,2,356804,0,0
A106231,2025-01-09,518,2,67684,0,0
A106232,2025-11-20,733,3,187032,0,0
A106233,2025-06-18,850,1,182976,1,0
A106234,2025-12-27,850,5,215499,2,0
A106235,2025-03-18,808,3,297064,0,0
A106236,2022-02-25,735,6,335081,2,0
A106237,2023-07-24,538,3,56357,0,0
A106238,2022-03-29,722,0,115384,0,0
A106239,2025-08-10,658,2,532697,0,0
A106240,2023-01-01,643,1,58390,2,0
A106241,2023-07-08,753,3,230247,0,1
A106242,2024-07-13,558,0,255823,0,0
A106243,2022-03-03,754,1,1007102,0,0
A106244,2025-11-08,850,1,336259,0,0
A106245,2024-11-24,838,0,259127,0,0
A106246,2025-07-23,688,1,12729,0,1
A106247,2025-12-14,850,0,58822,0,0
A106248,2025-04-09,638,5,90571,0,0
A106249,2025-11-11,802,1,176635,0,0
A106250,2025-03-25,709,2,349037,0,0
A106251,2022-10-30,802,3,67879,0,0
A106252,2024-12-02,825,2,46110,0,0
A106253,2023-03-14,623,4,227083,0,0
A106254,2023-10-01,706,1,546395,0,0
A106255,2025-09-19,714,4,130511,1,0
A106256,2023-06-28,825,3,600195,0,0
A106257,2023-04-05,850,2,498665,0,0
A106258,2023-05-04,850,0,250510,0,0
A106259,2024-04-18,850,2,373585,0,0
A106260,2022-05-13,850,3,52772,0,0
A106260,2022-04-14,672,0,1564203,0,0
A106261,2023-11-19,715,0,91210,0,0
A106262,2023-06-16,850,4,93571,0,0
A106263,2022-09-21,660,3,50326,0,0
A106264,2024-08-28,822,2,372325,0,0
A106265,2025-04-29,850,3,693739,1,0
A106266,2023-12-08,768,2,97324,0,0
A106267,2022-09-08,850,0,144391,0,0
A106268,2023-10-03,850,1,112312,0,0
A106268,2023-09-01,850,4,142620,0,0
A106269,2023-09-28,850,0,271463,1,0
A106270,2025-03-02,759,1,297772,0,0
A106272,2025-03-03,850,3,145684,1,0
A106273,2025-07-23,740,2,116042,1,0
A106274,2022-09-16,798,3,198287,0,0
A106276,2023-08-07,839,0,636137,1,0
A106277,2024-12-28,850,2,481039,3,0
A106278,2022-04-07,774,0,221178,1,0
A106280,2022-05-15,704,4,97090,3,0
A106282,2024-08-31,850,2,254169,1,0
A106283,2024-12-05,850,0,150962,0,0
A106285,2022-06-23,830,1,683991,0,0
A106286,2022-07-13,776,2,1764788,3,0
A106287,2025-04-20,633,4,73365,0,0
A106288,2024-10-09,708,6,282392,0,0
A106289,2025-08-25,850,0,327644,0,0
A106290,2024-01-18,647,1,39820,0,0
A106290,2023-12-21,850,0,158742,0,0
A106291,2025-07-22,712,3,66372,0,0
A106292,2023-04-07,840,0,138546,0,0
A106293,2024-04-24,714,4,90348,1,0
A106295,2024-10-25,672,4,134372,1,1
A106296,2025-03-22,769,0,415112,0,1
A106297,2023-12-01,828,3,458555,0,0
A106298,2022-12-26,685,3,78530,1,0
A106299,2022-07-10,850,3,153467,0,0
A106300,2024-02-08,850,0,69387,0,0
A106301,2023-02-21,592,3,121214,0,0
A106303,2025-08-17,850,3,154529,0,0
A106304,2025-06-18,776,2,102033,0,0
A106305,2023-04-14,850,1,446605,3,0
A106306,2022-04-04,850,2,705271,0,0
A106307,2023-05-07,850,2,178665,0,0
A106308,2025-03-27,683,3,148832,2,0
A106309,2022-08-28,850,3,91407,0,0
A106309,2022-07-27,552,1,371426,0,1
A106310,2024-04-28,768,1,64001,0,0
A106311,2022-11-26,850,1,303270,0,0
A106312,2025-09-10,812,3,348313,0,0
A106313,2022-07-30,850,1,98030,0,0
A106314,2025-05-10,849,1,169495,1,0
A106315,2024-05-03,727,0,854583,1,0
A106316,2023-06-30,850,0,72900,1,0
A106317,2024-08-23,829,3,783707,0,0
A106320,2025-02-15,779,1,36645,0,0
A106321,2025-01-25,849,3,430361,0,0
A106323,2025-03-15,845,7,122661,0,0
A106324,2023-05-09,674,2,135324,1,0
A106325,2023-01-06,605,4,74877,0,0
A106326,2022-11-15,822,2,369637,0,0
A106327,2023-09-27,662,4,33565,0,0
A106329,2022-11-11,736,1,35571,2,0
A106330,2024-07-08,844,5,33208,0,0
A106331,2023-11-19,719,0,157825,1,0
A106332,2024-05-16,817,4,171303,2,1
A106333,2025-02-09,811,4,193246,1,0
A106334,2025-02-10,818,3,288748,0,0
A106335,2025-01-01,553,4,58723,0,0
A106335,2024-12-03,792,2,510437,0,0
A106336,2022-12-10,813,1,51051,0,0
A106337,2024-09-07,833,4,461286,0,0
A106338,2022-09-02,772,0,440715,3,0
A106339,2023-02-20,786,0,71987,0,0
A106340,2025-04-27,691,1,1408559,0,0
A106341,2025-04-09,812,1,136815,0,0
A106342,2024-10-31,714,4,197183,0,0
A106343,2023-07-21,802,1,329649,0,0
A106344,2025-01-01,708,3,340697,0,0
A106344,2024-11-30,837,3,129119,0,0
A106346,2025-03-27,820,0,152198,1,0
A106347,2024-04-09,850,2,156019,0,0
A106348,2022-06-12,812,3,424298,0,0
A106349,2022-01-01,781,1,134098,0,0
A106351,2022-08-17,832,0,206317,0,0
A106352,2024-04-11,741,2,531620,0,0
A106354,2022-10-22,694,4,122067,1,0
A106357,2023-10-13,850,1,94269,0,0
A106358,2025-01-09,629,5,345763,0,0
A106359,2022-02-07,850,1,342274,0,0
A106360,2023-11-15,711,2,252267,0,0
A106361,2023-03-27,819,1,135299,2,0
A106362,2025-06-18,832,2,1282977,0,0
A106364,2023-08-27,814,2,365728,0,0
A106365,2024-09-03,850,2,127197,0,0
A106366,2023-08-13,839,2,568595,0,1
A106367,2022-06-25,829,5,115080,0,0
A106367,2022-05-26,617,4,204276,3,0
A106368,2023-01-29,769,4,641516,0,0
A106370,2022-01-20,850,0,530837,0,0
A106371,2024-12-26,787,1,791683,1,0
A106372,2023-06-09,850,2,95252,0,0
A106373,2025-01-13,815,0,146463,0,0
A106374,2024-11-26,678,1,273307,0,0
A106375,2024-07-03,850,3,150974,2,0
A106376,2023-07-09,593,2,191661,3,0
A106377,2025-07-25,587,2,416882,0,0
A106378,2025-12-29,740,2,447522,0,0
A106379,2024-03-11,765,1,136610,1,0
A106381,2023-06-14,625,1,78096,1,1
A106384,2022-07-30,850,1,331189,0,0
A106385,2025-05-18,756,4,263878,0,0
A106386,2022-12-05,650,1,1097174,0,0
A106387,2025-03-22,699,4,456094,0,0
A106387,2025-02-20,850,4,66812,0,0
A106388,2024-01-30,724,1,386005,0,0
A106389,2024-03-06,850,4,133743,0,0
A106390,2022-06-26,699,2,45851,2,0
A106391,2023-12-09,794,3,185014,1,0
A106392,2023-06-24,640,2,753348,0,0
A106393,2023-05-14,729,0,409702,0,0
A106393,2023-04-14,719,2,56841,2,0
A106394,2022-10-28,803,1,372144,0,0
A106395,2024-02-11,850,2,87251,0,0
A106396,2022-05-28,750,3,189652,0,0
A106398,2025-05-12,850,0,158348,0,0
A106399,2024-08-20,684,1,191775,1,0
A106400,2022-12-11,850,2,405921,1,0
A106402,2023-03-03,850,2,364011,0,0
A106403,2023-01-02,727,0,173570,1,0
A106404,2024-11-01,850,2,680875,0,0
A106405,2022-11-10,798,3,127918,0,0
A106406,2024-02-20,764,3,166748,0,0
A106407,2022-03-19,841,0,422416,0,0
A106408,2024-01-31,808,1,278404,0,0
A106408,2024-01-01,850,2,118091,0,0
A106409,2024-09-05,850,3,60326,0,0
A106411,2025-09-24,753,3,643352,0,0
A106412,2023-12-15,656,0,154145,0,1
A106413,2022-06-16,763,1,244749,2,0
A106414,2024-05-09,850,3,306606,0,0
A106415,2023-03-18,777,0,313290,1,0
A106417,2022-09-03,838,1,430467,0,0
A106418,2025-11-19,774,1,297246,0,0
A106419,2025-04-27,772,4,261795,1,0
A106421,2022-06-18,850,1,411716,0,0
A106422,2023-02-05,819,0,95724,0,0
A106423,2024-03-20,811,3,240403,3,0
A106424,2023-08-29,764,2,108931,0,0
A106425,2025-06-24,798,2,186121,0,0
A106425,2025-05-23,742,2,242059,0,0
A106426,2024-01-26,850,5,397540,0,0
A106427,2025-06-01,754,2,152123,0,0
A106428,2023-12-24,634,2,20385,0,0
A106429,2025-07-28,850,3,343346,2,0
A106429,2025-06-25,812,0,460265,1,0
A106430,2023-08-21,747,5,157054,3,0
A106430,2023-07-21,850,2,247556,0,0
A106431,2022-08-23,778,2,281295,1,0
A106432,2023-11-14,734,6,101039,2,0
A106433,2023-08-13,710,0,99995,0,0
A106434,2025-08-14,850,4,73805,0,0
A106435,2022-06-28,625,1,102780,0,0
A106436,2025-07-16,826,1,182635,0,2
A106437,2024-05-23,772,4,406503,0,0
A106438,2022-07-08,835,2,155349,1,0
A106439,2024-02-26,569,0,169441,0,0
A106440,2022-05-01,764,3,178246,0,0
A106441,2025-10-26,693,2,38229,1,0
A106442,2023-06-11,826,3,586294,0,0
A106443,2022-01-17,658,0,132017,1,1
A106444,2023-01-18,850,1,168908,0,0
A106445,2025-11-30,724,0,246412,1,0
A106446,2024-04-14,778,3,98200,0,0
A106447,2025-04-09,850,0,242771,0,0
A106448,2024-03-09,850,1,87527,0,0
A106450,2024-09-06,850,4,515770,0,0
A106451,2024-02-01,761,1,114178,0,0
A106452,2023-01-24,697,3,138777,0,0
A106454,2025-08-23,844,4,143843,1,0
A106455,2022-05-03,751,5,205937,2,0
A106456,2022-11-09,734,5,22481,0,0
A106457,2022-06-01,726,1,202119,0,0
A106458,2025-06-27,813,1,220672,0,0
A106459,2025-11-14,800,5,389605,0,0
A106460,2024-07-14,850,0,17434,1,0
A106461,2025-09-21,850,1,287224,0,0
A106463,2024-07-10,779,0,104208,2,0
A106464,2024-04-10,850,2,100648,0,1
A106465,2024-06-06,785,2,160249,0,0
A106466,2024-09-21,680,0,239970,0,0
A106467,2025-09-17,721,2,430983,1,0
A106468,2022-08-27,695,4,612931,1,0
A106469,2025-03-01,804,5,89118,0,0
A106470,2022-03-28,733,6,144458,0,0
A106471,2024-01-15,821,0,342625,1,0
A106472,2023-08-01,645,3,311152,0,0
A106473,2023-06-29,575,3,93999,1,1
A106474,2023-04-04,668,4,136198,0,0
A106474,2023-03-04,784,0,64462,0,0
A106475,2022-11-07,747,3,226315,0,1
A106476,2024-03-08,669,0,145343,0,0
A106477,2022-05-06,755,2,156639,0,0
A106478,2023-09-28,696,5,107803,0,0
A106479,2025-10-18,754,3,94297,0,0
A106479,2025-09-17,808,2,110131,0,0
A106480,2023-06-12,850,4,249412,1,0
A106481,2022-12-30,811,1,219400,0,0
A106483,2025-07-09,825,1,14426,0,0
A106484,2024-03-14,850,2,439183,0,0
A106485,2024-09-26,850,5,61482,2,0
A106486,2023-03-31,724,2,219463,2,0
A106487,2025-09-21,635,1,105028,0,0
A106488,2022-01-22,546,2,106351,1,0
A106489,2022-12-13,850,6,129961,0,0
A106490,2022-12-22,850,2,144903,0,0
A106491,2022-12-08,850,2,508283,1,0
A106492,2025-03-02,772,3,384443,0,0
A106493,2025-08-22,750,4,57647,0,0
A106494,2024-11-05,841,4,44278,1,0
A106495,2023-12-31,742,1,843410,1,1
A106496,2022-03-08,850,4,587203,0,0
A106497,2024-05-06,693,3,118830,0,0
A106498,2023-07-18,850,1,63833,3,0
A106499,2022-12-08,680,2,243224,1,0
A106500,2022-06-17,655,5,714630,1,0
A106500,2022-05-18,714,2,161955,0,0
A106501,2024-05-25,815,3,76431,0,0
A106502,2022-04-01,615,2,788033,0,0
A106503,2023-01-08,823,5,79803,1,0
A106506,2024-04-14,810,1,51157,1,0
A106507,2023-12-27,818,0,947947,0,0
A106508,2023-09-14,671,0,144422,0,0
A106510,2022-02-02,817,0,120329,0,0
A106511,2023-11-06,850,0,982641,0,0
A106512,2022-05-13,850,3,126867,1,0
A106513,2025-09-21,805,2,344605,0,0
A106513,2025-08-19,780,4,352187,0,0
A106514,2022-07-18,843,1,39962,0,0
A106515,2024-04-04,669,0,50883,2,0
A106516,2022-05-12,819,2,99009,0,1
A106517,2023-04-16,850,4,247645,0,0
A106518,2022-07-27,849,1,203534,0,0
A106519,2025-08-22,611,0,346692,0,0
A106520,2022-08-08,842,2,186895,0,0
A106521,2023-11-15,850,2,273992,0,0
A106522,2025-11-23,711,3,66801,1,0
A106524,2022-02-13,698,3,39202,0,0
A106525,2023-08-14,697,3,674829,0,0
A106526,2022-12-18,686,3,89341,0,0
A106527,2025-02-14,769,0,98923,0,0
A106528,2022-09-29,850,0,212321,1,0
A106529,2023-12-17,832,3,674280,0,0
A106530,2024-05-14,850,2,139547,0,0
A106531,2023-12-09,730,1,195405,0,0
A106532,2024-11-16,847,1,194117,1,1
A106533,2023-06-14,850,4,133236,0,0
A106533,2023-05-15,691,1,517836,0,0
A106534,2022-05-28,798,4,212457,1,0
A106535,2023-03-11,805,2,211125,1,1
A106536,2025-03-07,848,4,515456,0,0
A106537,2025-09-06,667,2,216276,0,2
A106538,2024-07-25,798,1,50443,0,0
A106539,2022-02-05,729,3,242653,0,0
A106540,2025-04-26,803,1,675425,2,0
A106541,2023-07-29,850,2,50072,1,0
A106542,2022-06-30,809,0,316720,1,0
A106543,2025-10-31,764,4,489692,0,0
A106544,2025-05-04,754,2,208466,3,0
A106545,2024-03-29,725,1,488875,0,0
A106547,2022-02-01,850,4,405357,0,0
A106548,2025-03-22,850,0,295490,0,0
A106549,2022-02-10,740,1,808704,0,0
A106550,2022-01-25,836,3,101855,0,0
A106551,2024-09-22,850,0,35753,0,0
A106553,2023-02-10,829,0,273337,0,0
A106555,2025-09-15,654,5,70016,0,0
A106556,2022-08-20,767,4,15378,1,0
A106557,2022-08-10,668,0,431728,0,0
A106558,2023-05-18,850,0,344600,0,0
A106559,2025-11-07,850,3,111498,1,0
A106560,2024-03-08,645,1,108065,0,0
A106561,2023-02-27,850,5,304452,0,0
A106562,2023-12-27,715,6,540923,1,0
A106563,2022-12-13,846,4,110593,1,0
A106564,2022-04-05,850,2,77215,2,0
A106565,2024-01-04,850,3,114220,0,0
A106566,2022-06-20,748,0,179030,0,0
A106567,2024-10-29,850,4,624615,0,0
A106568,2024-02-04,820,3,271533,0,0
A106569,2022-12-21,728,4,220253,0,0
A106571,2025-02-24,649,2,251641,0,0
A106572,2023-06-04,850,2,374954,1,0
A106573,2023-01-04,715,1,170203,0,1
A106574,2025-08-12,644,2,248428,0,0
A106575,2022-12-08,731,4,61656,0,0
A106576,2022-09-02,848,0,91592,2,0
A106577,2023-04-08,827,0,336183,0,0
A106578,2023-11-29,635,1,320938,1,0
A106579,2023-02-19,768,3,312227,0,0
A106580,2023-10-14,702,3,158602,0,0
A106581,2023-04-19,746,5,128255,0,0
A106582,2025-12-07,679,2,126074,3,1
A106583,2023-11-09,849,4,178276,1,0
A106584,2024-04-15,766,2,184343,1,0
A106585,2023-05-04,784,2,409402,2,0
A106586,2024-06-03,660,3,35337,0,0
A106587,2023-03-29,656,9,305227,0,0
A106588,2025-05-31,830,1,227104,0,0
A106589,2022-07-24,850,2,39904,0,0
A106590,2025-01-31,786,4,392567,0,0
A106591,2023-09-29,850,2,130767,0,0
A106591,2023-08-29,692,2,133552,0,0
A106592,2022-07-30,569,4,451669,0,1
A106593,2025-01-28,704,0,121746,0,0
A106594,2022-12-31,850,3,59021,2,0
A106595,2022-09-28,639,2,30684,0,1
A106596,2025-02-21,574,2,924689,0,0
A106597,2022-09-22,768,3,325822,0,0
A106597,2022-08-25,850,2,276047,0,0
A106599,2025-10-05,807,3,64575,1,0
A106600,2024-08-06,810,2,506390,2,0
A106601,2025-04-17,850,1,71151,0,0
A106602,2024-05-22,850,0,521451,0,0
A106603,2025-08-16,850,2,105953,0,0
A106604,2025-10-06,816,2,68726,1,0
A106605,2024-07-18,609,2,126798,0,0
A106606,2022-08-15,850,1,291289,0,0
A106607,2025-04-19,831,4,100939,0,0
A106608,2024-05-26,806,0,85783,0,0
A106609,2025-02-19,850,4,207500,1,0
A106610,2022-11-04,844,3,373194,0,0
A106611,2022-10-12,658,0,59907,0,1
A106612,2022-04-25,850,2,68656,0,0
A106613,2022-09-29,761,2,117853,1,1
A106614,2023-07-16,713,0,180481,0,0
A106615,2023-01-06,830,0,60835,1,0
A106616,2025-07-17,850,3,140495,0,1
A106617,2025-10-18,810,3,65273,0,0
A106618,2025-05-06,696,2,40616,0,0
A106619,2025-04-11,850,1,70673,1,0
A106620,2023-01-05,704,4,213732,0,0
A106621,2024-05-21,850,3,86205,0,0
A106622,2023-10-10,850,1,190416,0,0
A106623,2023-11-22,850,5,123945,0,0
A106624,2024-03-29,817,3,61976,0,0
A106624,2024-02-28,746,2,519670,0,0
A106625,2023-03-02,721,2,36950,2,0
A106627,2023-03-20,737,2,476982,0,0
A106628,2023-03-19,767,3,247830,0,0
A106629,2022-12-13,806,1,251814,0,0
A106630,2025-04-01,808,2,367439,0,0
A106631,2025-04-15,663,0,208629,0,0
A106633,2024-03-23,792,3,192078,0,0
A106634,2023-09-11,585,2,149408,0,0
A106635,2024-06-08,850,0,315420,0,0
A106635,2024-05-09,850,2,62404,0,0
A106636,2022-05-24,748,0,328954,0,0
A106636,2022-04-25,783,2,235052,0,0
A106637,2025-12-26,663,3,54098,0,0
A106638,2024-01-02,850,2,134839,0,0
A106639,2023-05-04,709,3,222778,0,0
A106640,2024-12-13,700,2,174929,0,0
A106642,2023-08-03,822,1,21861,0,0
A106643,2023-05-04,850,1,104048,0,0
A106644,2023-03-14,811,0,142566,2,0
A106645,2024-01-29,850,0,35201,1,0
A106646,2023-02-01,727,3,668584,0,0
A106647,2024-10-23,730,0,111226,0,0
A106648,2025-09-17,850,1,73883,0,0
A106649,2022-09-06,829,1,44455,0,0
A106650,2023-02-25,713,2,133994,0,0
A106652,2023-08-04,850,3,27903,3,0
A106653,2022-05-18,850,2,35031,1,0
A106654,2025-10-04,850,1,26170,0,0
A106656,2023-09-11,689,2,348821,1,0
A106657,2023-05-20,850,5,1720399,0,0
A106658,2025-04-21,771,3,491708,2,0
A106659,2024-12-09,740,2,190403,2,3
A106660,2023-02-25,775,3,238028,0,0
A106661,2025-09-04,759,3,718922,0,0
A106662,2024-04-09,770,0,348432,0,0
A106663,2024-03-26,722,6,646251,0,0
A106664,2022-12-17,547,1,98600,3,0
A106666,2025-09-23,724,6,122756,0,0
A106667,2022-09-16,621,1,385151,0,0
A106668,2024-09-07,639,4,110989,0,0
A106669,2022-08-05,850,2,227705,0,0
A106670,2025-08-08,843,0,349548,0,0
A106670,2025-07-08,535,3,154935,0,0
A106671,2023-04-28,845,1,289776,0,0
A106672,2025-09-29,804,4,123228,1,0
A106673,2025-04-29,850,2,379073,0,0
A106673,2025-03-30,790,5,286046,2,0
A106674,2022-10-07,734,2,365311,1,0
A106675,2023-10-18,850,4,206263,1,0
A106677,2025-10-18,850,2,493474,0,0
A106678,2022-07-07,632,2,154213,0,0
A106679,2024-02-13,850,3,267433,1,0
A106680,2023-01-11,850,1,109783,0,0
A106680,2022-12-12,850,2,303224,1,0
A106681,2023-07-02,644,3,105272,0,0
A106682,2025-08-29,850,4,300325,0,0
A106683,2024-02-25,747,0,70340,0,0
A106684,2025-11-13,850,3,22087,1,0
A106685,2025-09-16,664,2,180522,0,0
A106686,2025-12-16,843,0,47318,0,0
A106687,2022-08-22,790,6,255792,0,0
A106688,2022-02-12,850,2,2163274,0,0
A106689,2024-09-11,850,2,21480,2,0
A106690,2024-10-14,658,1,855967,0,0
A106691,2022-06-04,836,2,87961,0,0
A106693,2023-10-26,809,5,305535,0,0
A106694,2024-04-14,828,4,116934,0,0
A106695,2024-09-30,795,5,27603,1,0
A106696,2025-09-19,496,4,223452,1,0
A106697,2023-02-27,755,5,555147,0,0
A106698,2023-01-09,755,0,112579,0,0
A106699,2024-02-13,607,1,220415,1,0
A106700,2023-05-07,685,1,663816,0,0
A106701,2023-05-15,844,1,465372,0,0
A106702,2022-11-30,740,1,224558,0,0
A106703,2022-05-02,843,1,398234,0,0
A106704,2023-03-01,779,0,223283,3,0
A106705,2024-07-24,668,2,234864,0,0
A106706,2022-07-27,711,6,488588,1,0
A106707,2025-01-23,639,0,89202,0,0
A106708,2024-09-21,711,4,118416,0,0
A106709,2024-04-01,582,0,418687,0,0
A106710,2022-07-16,826,3,245310,0,0
A106712,2024-09-07,796,1,508030,1,0
A106713,2025-05-27,850,1,777648,0,0
A106715,2022-05-18,706,4,83292,1,0
A106716,2023-11-03,850,3,115759,0,0
A106718,2024-03-21,781,2,22689,0,1
A106719,2025-08-27,761,4,133954,0,0
A106720,2025-08-22,850,4,381188,0,0
A106722,2022-12-14,838,3,205065,0,0
A106723,2023-05-16,761,2,132403,0,0
A106724,2025-11-07,764,3,204495,0,0
A106725,2024-06-14,626,0,338050,0,1
A106725,2024-05-12,723,3,504582,1,0
A106726,2025-01-30,850,4,90171,1,0
A106727,2023-02-01,850,2,191762,0,0
A106728,2025-01-13,850,4,193128,1,0
A106729,2025-03-16,850,0,204584,0,0
A106730,2022-11-22,791,2,341492,0,0
A106731,2022-04-02,798,5,205907,0,0
A106733,2025-11-10,846,5,435897,0,0
A106734,2022-04-21,814,1,241013,0,0
A106735,2022-08-04,788,0,168975,1,0
A106736,2022-08-24,764,2,23430,0,0
A106738,2023-04-09,758,5,197113,3,0
A106739,2023-04-17,789,3,148637,0,0
A106740,2025-10-25,584,5,37040,1,0
A106741,2023-07-16,800,3,102005,0,0
A106742,2022-10-26,850,2,200185,1,0
A106743,2024-05-01,799,1,45678,0,0
A106744,2024-11-01,722,3,136466,0,0
A106745,2025-05-08,850,1,185726,0,0
A106746,2024-01-13,850,5,268777,1,0
A106747,2024-04-09,644,5,289238,0,0
A106748,2022-07-17,810,1,123262,0,0
A106749,2022-06-14,824,1,472716,0,0
A106750,2022-07-08,850,0,127167,0,0
A106751,2023-04-08,739,1,288878,0,0
A106752,2023-10-24,850,5,77107,0,0
A106753,2022-01-31,642,3,161075,1,3
A106754,2024-04-02,850,3,299701,0,0
A106755,2025-03-20,768,0,55503,0,0
A106756,2025-06-03,850,4,269205,1,0
A106758,2024-10-29,850,3,132031,0,0
A106759,2024-12-02,648,1,283056,0,0
A106760,2025-07-22,850,4,186662,0,0
A106761,2023-02-03,761,0,331215,1,0
A106762,2023-05-27,632,5,614825,1,0
A106763,2025-08-15,850,0,256130,0,0
A106764,2022-02-07,688,2,164058,1,0
A106765,2025-04-27,760,2,109372,0,0
A106766,2024-11-17,831,2,80904,0,0
A106767,2023-11-04,843,3,112503,2,0
A106768,2022-04-01,750,1,216141,0,0
A106769,2023-04-14,709,3,53650,0,0
A106770,2023-02-07,759,3,168386,2,0
A106771,2024-12-04,850,0,29534,0,0
A106772,2024-08-07,792,2,181088,0,0
A106773,2022-12-06,835,3,163476,0,0
A106774,2024-03-26,850,0,88853,0,0
A106776,2024-09-28,850,3,150539,0,0
A106777,2024-03-19,850,4,221255,1,0
A106778,2022-11-20,850,2,255333,3,0
A106779,2025-03-15,741,3,174626,1,0
A106780,2023-10-29,801,3,430823,0,0
A106781,2025-08-22,803,4,267509,0,0
A106782,2025-07-06,850,0,62007,0,0
A106783,2024-05-19,641,4,152922,0,0
A106784,2025-12-18,730,2,108428,0,0
A106785,2024-11-08,720,1,4445593,0,0
A106786,2022-11-08,684,4,141842,0,0
A106787,2023-02-27,778,3,20369,0,0
A106788,2024-10-19,850,3,133070,0,0
A106789,2023-08-27,849,5,332478,2,0
A106790,2023-06-09,817,0,147228,0,0
A106791,2024-04-05,794,2,56615,1,0
A106792,2024-09-08,639,1,66697,1,0
A106793,2024-11-16,761,3,377906,0,0
A106794,2023-09-13,676,4,117760,0,1
A106795,2022-01-17,850,4,144523,0,0
A106796,2025-07-13,850,3,42224,0,0
A106797,2022-06-08,778,1,162736,0,0
A106798,2023-12-04,724,3,78923,1,0
A106799,2025-09-11,757,0,679048,0,0
A106800,2022-08-12,850,4,154149,2,0
A106801,2023-10-21,762,2,285459,0,0
A106802,2022-01-27,829,0,223077,3,0
A106803,2023-03-01,850,3,734154,0,0
A106804,2023-01-02,771,1,65179,0,0
A106805,2024-01-20,750,2,38528,0,0
A106806,2023-08-31,757,2,179116,1,0
A106807,2022-11-10,772,4,39662,1,0
A106808,2024-07-21,703,0,768814,0,0
A106809,2024-09-24,603,1,197883,0,0
A106809,2024-08-25,739,0,123428,0,0
A106810,2022-10-18,819,1,249722,0,0
A106811,2025-06-26,756,2,920401,1,0
A106813,2025-07-05,611,1,193155,1,0
A106815,2025-10-31,850,0,512214,0,0
A106816,2025-08-17,674,3,263603,2,0
A106817,2025-12-02,850,1,671880,0,0
A106820,2023-04-17,843,1,146321,0,0
A106821,2022-12-31,835,2,173612,0,0
A106822,2023-05-11,850,1,86242,3,0
A106823,2025-10-30,707,0,84755,0,0
A106824,2022-02-21,747,2,51663,1,0
A106825,2023-01-31,717,2,198275,0,0
A106826,2024-08-11,704,4,230870,1,0
A106828,2022-10-04,758,1,94365,0,0
A106830,2024-05-12,850,2,200601,0,0
A106831,2025-12-22,717,1,110731,0,0
A106832,2023-07-18,785,1,182947,0,0
A106833,2025-10-13,814,0,153625,3,0
A106834,2022-06-29,850,1,47824,0,0
A106836,2024-03-16,731,3,58394,0,0
A106837,2022-05-30,760,1,160164,0,0
A106838,2025-01-05,757,3,395369,0,0
A106840,2024-03-16,850,1,115973,0,0
A106841,2024-07-17,850,0,83975,1,0
A106842,2022-10-20,769,4,71693,0,0
A106842,2022-09-20,697,5,120059,0,0
A106843,2025-03-27,766,0,192121,0,0
A106844,2024-11-19,850,0,62049,1,0
A106845,2025-10-16,711,5,459743,2,0
A106846,2025-01-11,810,1,560219,1,0
A106847,2025-09-09,727,1,162153,0,0
A106847,2025-08-11,773,2,237443,0,0
A106849,2024-04-28,750,5,122109,0,1
A106850,2024-09-18,618,1,60602,0,0
A106851,2024-01-11,663,4,332096,3,0
A106852,2023-01-14,850,0,88977,0,0
A106853,2024-08-30,687,3,17242,2,0
A106854,2025-08-04,695,2,97214,0,0
A106855,2023-12-17,566,4,388450,0,0
A106856,2022-03-16,840,0,508122,0,0
A106856,2022-02-13,850,4,31032,0,0
A106858,2023-09-27,850,2,273120,0,0
A106859,2024-10-03,809,0,376586,0,0
A106860,2025-03-01,689,1,148078,0,0
A106861,2023-06-21,781,2,92434,0,0
A106862,2025-10-18,775,1,404519,0,0
A106863,2022-07-25,675,3,87052,0,0
A106864,2025-07-02,693,3,232176,0,0
A106865,2023-08-07,750,2,304686,1,0
A106866,2022-10-30,750,3,165991,0,0
A106867,2024-08-02,707,1,104916,0,0
A106868,2025-04-10,850,4,295315,2,0
A106869,2024-06-15,745,0,151708,1,2
A106870,2023-10-05,850,0,360764,0,0
A106871,2025-03-10,710,3,115815,1,0
A106873,2022-03-27,850,1,317058,0,0
A106874,2023-02-19,686,5,69854,0,0
A106875,2022-03-30,850,4,64316,1,0
A106876,2024-10-20,736,1,1030700,0,0
A106877,2025-12-18,850,4,989587,0,0
A106878,2025-11-24,850,1,192646,2,0
A106879,2023-05-13,850,5,261645,0,0
A106880,2022-11-18,763,4,552740,0,1
A106881,2022-02-01,850,2,985966,0,0
A106882,2024-08-01,846,0,114924,0,0
A106882,2024-07-03,830,0,219332,0,0
A106883,2025-09-23,731,0,379412,0,0
A106884,2024-12-30,701,1,172593,0,0
A106885,2021-12-29,744,1,349290,0,0
A106886,2023-03-30,768,0,333140,0,0
A106887,2025-01-03,850,1,197697,0,0
A106888,2023-12-03,795,0,226259,0,0
A106889,2023-10-17,838,3,132814,1,1
A106890,2023-06-21,553,3,903588,0,0
A106891,2025-02-28,850,1,119179,0,0
A106892,2022-01-30,721,4,299684,0,0
A106893,2023-03-19,680,5,144027,0,0
A106894,2022-11-14,805,3,45905,0,0
A106895,2023-01-09,850,2,452078,0,0
A106896,2023-04-12,786,4,49794,1,0
A106897,2022-01-21,688,0,313582,0,0
A106898,2024-05-14,782,3,613532,3,0
A106899,2022-06-27,778,3,220813,1,0
A106900,2023-10-31,729,1,202642,1,0
A106901,2025-01-29,850,4,85731,0,0
A106902,2023-04-05,850,2,25430,0,0
A106903,2024-06-15,850,2,88476,1,0
A106904,2025-09-10,729,0,762736,1,0
A106905,2022-03-10,606,5,111167,0,0
A106906,2023-04-05,703,2,75440,0,0
A106907,2025-08-21,711,6,726846,0,0
A106910,2022-04-01,662,3,134586,1,0
A106910,2022-03-02,758,2,171185,0,0
A106911,2024-08-15,798,0,546512,0,0
A106912,2025-11-22,767,1,343124,0,0
A106913,2023-12-29,850,1,154389,1,0
A106914,2023-04-02,850,2,286420,0,0
A106915,2025-05-14,801,1,228348,0,0
A106916,2022-05-31,850,4,92676,0,0
A106917,2024-08-27,645,0,630853,0,2
A106917,2024-07-30,666,2,140525,2,4
A106919,2025-11-18,752,1,49077,1,0
A106920,2024-08-05,731,0,1164926,1,0
A106921,2025-07-06,850,1,489160,0,0
A106922,2025-04-01,752,3,183105,0,0
A106923,2022-08-15,420,3,369799,0,3
A106923,2022-07-15,639,2,323690,0,0
A106925,2025-12-09,820,1,31910,0,0
A106926,2023-08-13,706,4,32950,0,0
A106927,2023-05-30,810,3,142184,0,0
A106929,2022-11-26,763,4,49466,1,0
A106930,2023-09-30,749,2,79108,0,0
A106931,2022-10-06,850,3,299944,0,0
A106932,2025-08-30,850,4,387583,0,0
A106932,2025-08-02,850,2,775288,0,0
A106933,2024-11-10,782,0,551853,0,2
A106933,2024-10-11,721,2,505584,0,1
A106934,2025-05-27,850,2,306765,1,0
A106935,2025-07-15,486,1,442405,0,0
A106936,2023-07-11,615,4,198303,0,1
A106937,2024-11-01,616,4,997228,1,0
A106938,2025-11-04,685,0,37444,0,0
A106939,2023-02-26,761,2,806213,1,0
A106940,2022-02-27,850,4,963364,0,0
A106941,2025-02-10,734,3,222743,0,0
A106942,2025-11-12,850,3,68418,0,0
A106943,2022-06-01,805,4,352594,0,0
A106944,2022-08-10,574,1,264994,0,0
A106945,2022-04-06,703,3,89245,3,0
A106946,2025-05-21,713,1,244252,0,0
A106947,2025-10-02,648,0,249097,0,0
A106948,2022-03-29,774,6,140923,0,0
A106949,2025-05-18,850,6,203591,0,0
A106950,2023-05-05,850,4,373466,0,0
A106951,2024-09-22,751,1,88647,0,0
A106952,2024-06-02,620,2,399880,0,0
A106953,2025-08-21,817,3,1805684,2,0
A106954,2024-04-06,799,2,104561,0,0
A106956,2023-10-04,828,4,55621,1,0
A106958,2024-11-11,760,2,44332,0,0
A106959,2022-01-28,749,2,352193,0,0
A106960,2025-04-28,850,2,23676,0,0
A106961,2022-10-27,698,1,36254,0,0
A106962,2024-05-04,692,0,148863,0,0
A106963,2025-06-26,850,1,116177,0,0
A106965,2024-08-21,659,4,183539,0,0
A106966,2022-07-03,603,4,64779,0,0
A106966,2022-06-01,646,2,222931,1,0
A106967,2023-05-21,850,2,312925,0,0
A106968,2023-08-23,782,1,68849,0,0
A106969,2024-11-16,691,1,476241,0,0
A106969,2024-10-19,670,0,124557,0,2
A106970,2023-06-04,737,3,314800,1,0
A106972,2023-06-21,625,2,99568,0,0
A106973,2022-12-21,771,1,117365,0,2
A106974,2023-11-14,780,2,133705,0,0
A106975,2024-05-16,667,4,96783,0,0
A106976,2023-03-03,675,2,93432,0,0
A106977,2023-04-30,735,0,60134,0,0
A106978,2024-07-04,790,2,195589,0,0
A106979,2023-09-09,728,2,114898,0,0
A106980,2022-09-27,712,0,135730,0,0
A106981,2025-05-21,850,2,154835,1,0
A106982,2024-02-09,756,0,215917,1,0
A106983,2024-06-20,744,2,379797,0,0
A106984,2023-10-11,832,2,80401,1,0
A106985,2022-11-21,767,2,163561,0,0
A106986,2024-07-23,734,1,82779,0,0
A106987,2024-01-21,649,1,81637,0,0
A106988,2023-01-25,813,2,66228,0,0
A106988,2022-12-25,850,2,189901,0,0
A106989,2022-09-14,850,0,39340,0,0
A106989,2022-08-17,850,4,205800,0,0
A106990,2025-04-06,669,2,92737,1,0
A106990,2025-03-04,798,2,236233,0,0
A106991,2024-02-10,688,1,1407639,2,0
A106992,2023-11-22,831,0,354937,0,0
A106993,2024-01-23,823,2,129710,0,0
A106994,2024-10-18,673,2,283245,0,0
A106995,2023-10-14,850,0,334656,1,0
A106996,2025-08-17,703,1,91082,1,0
A106997,2024-11-24,850,4,547622,1,0
A106998,2025-04-12,710,0,45478,1,0
A106999,2022-01-24,697,4,82459,0,0
A107000,2025-05-20,755,4,123843,1,0
A107001,2022-07-10,698,3,53736,0,0
A107002,2024-06-07,764,0,813275,0,0
A107003,2025-08-18,811,2,379203,0,0
A107004,2022-04-27,574,3,173741,1,0
A107006,2023-09-19,764,1,102351,0,0
A107007,2024-10-11,810,1,42048,1,0
A107007,2024-09-11,748,1,157448,0,0
A107008,2023-05-26,850,2,103385,0,0
A107009,2025-10-08,692,0,107884,0,0
A107010,2025-12-29,847,3,73838,1,0
A107011,2024-10-21,840,2,551532,0,0
A107012,2023-11-08,850,3,418032,2,0
A107013,2025-06-23,709,2,264301,0,0
A107014,2025-03-13,846,3,255331,2,0
A107015,2023-04-30,850,2,63273,0,0
A107016,2023-04-15,774,4,101645,0,0
A107017,2022-11-10,771,3,40953,1,0
A107018,2024-11-12,778,1,49125,0,0
A107018,2024-10-11,850,4,817449,1,2
A107019,2023-02-06,850,4,541963,0,0
A107020,2024-09-17,672,2,211859,0,0
A107021,2022-06-08,735,3,68937,3,0
A107022,2023-04-24,735,4,276724,3,0
A107023,2025-10-08,799,0,225746,1,0
A107024,2024-10-24,824,1,25927,0,0
A107025,2022-09-16,771,3,331151,0,0
A107026,2022-01-12,683,1,66535,0,0
A107027,2025-03-23,548,1,284725,0,0
A107030,2023-09-27,850,3,236523,0,0
A107033,2024-10-13,850,2,67850,2,0
A107034,2024-11-29,804,3,182477,3,0
A107035,2022-01-19,742,1,125198,0,0
A107036,2023-09-21,836,3,232883,1,0
A107037,2022-03-29,850,3,195164,1,0
A107038,2022-04-15,850,4,91457,0,0
A107039,2023-07-04,807,1,173913,0,0
A107040,2023-09-06,793,2,331061,0,0
A107041,2024-11-23,670,4,522295,1,0
A107041,2024-10-27,766,2,45880,0,0
A107042,2022-12-04,850,2,289109,0,0
A107043,2023-01-12,850,1,109422,2,0
A107044,2024-07-24,850,2,235176,2,0
A107045,2022-04-05,743,4,478162,0,0
A107046,2023-12-13,643,3,896921,0,0
A107047,2023-12-01,798,3,42386,0,0
A107048,2025-03-19,702,2,387995,0,0
A107050,2023-02-27,712,4,194761,2,0
A107051,2023-03-07,600,2,263534,0,0
A107052,2024-12-22,676,3,45442,0,0
A107052,2024-11-20,656,2,79276,0,0
A107053,2025-06-09,727,1,365300,0,0
A107053,2025-05-08,743,1,92799,2,0
A107054,2022-07-30,850,3,226806,0,0
A107055,2024-05-31,850,0,91760,0,0
A107056,2022-04-09,674,3,244923,0,0
A107057,2025-09-03,728,4,1407975,0,0
A107058,2023-05-09,814,4,20256,0,0
A107059,2022-08-10,656,2,97571,0,0
A107060,2024-01-11,850,3,210147,3,0
A107062,2024-10-14,649,3,97652,0,0
A107063,2022-02-24,850,3,170945,3,0
A107063,2022-01-24,850,0,20578,1,0
A107064,2025-01-16,819,2,14672,1,0
A107065,2024-02-13,619,5,74568,0,0
A107066,2024-01-06,850,2,115444,0,0
A107067,2022-07-18,831,2,96969,0,0
A107068,2023-09-15,754,4,101414,0,1
A107069,2025-04-24,850,1,312602,0,0
A107070,2024-01-20,850,3,343426,0,0
A107071,2024-02-23,850,3,545457,0,0
A107072,2023-11-16,731,1,130905,3,0
A107072,2023-10-15,701,4,105255,0,0
A107073,2024-04-24,850,3,150340,1,0
A107075,2022-06-23,850,2,221219,0,0
A107076,2024-09-27,850,0,70879,3,0
A107077,2025-07-30,757,3,104479,1,0
A107078,2023-10-11,775,0,61332,0,0
A107079,2024-12-20,723,1,141962,0,0
A107080,2024-05-06,701,0,112127,0,1
A107081,2022-12-29,850,4,69458,3,0
A107082,2023-12-13,842,3,433825,3,0
A107082,2023-11-14,850,4,197873,0,0
A107083,2023-03-20,850,1,21008,0,0
A107086,2024-01-20,688,5,117979,0,0
A107087,2022-08-26,831,3,111046,0,0
A107088,2022-12-03,721,1,186439,1,0
A107089,2025-12-12,848,2,75321,0,0
A107090,2022-07-19,850,1,223313,0,0
A107091,2024-06-14,738,3,279495,0,0
A107092,2024-07-06,750,5,314290,0,0
A107093,2024-03-29,850,7,331110,1,0
A107094,2023-02-15,850,2,163106,0,0
A107095,2022-08-07,850,2,108997,0,0
A107096,2022-04-15,850,2,464420,0,0
A107097,2024-12-12,808,1,77519,0,0
A107098,2025-04-23,788,1,300822,0,0
A107099,2023-01-09,850,2,69941,0,0
A107100,2025-06-12,500,0,927019,0,0
A107101,2025-07-29,824,1,149874,0,0
A107102,2025-04-01,701,2,153150,0,0
A107103,2023-07-02,639,3,96593,1,0
A107104,2024-03-02,765,2,307404,2,0
A107104,2024-02-04,788,1,107994,0,0
A107105,2024-10-25,618,0,126075,0,0
A107106,2025-10-23,798,4,208463,0,0
A107107,2022-03-22,703,0,543017,0,0
A107108,2025-12-04,710,1,129466,1,0
A107109,2025-06-08,850,4,80002,0,0
A107110,2024-12-29,645,1,245146,0,0
A107111,2023-09-22,850,0,363973,1,0
A107112,2022-01-10,816,5,235617,0,0
A107113,2025-02-05,850,3,279823,2,0
A107114,2024-01-29,850,1,248611,0,0
A107115,2024-01-20,673,1,77942,0,0
A107118,2025-02-12,664,2,578848,0,0
A107119,2023-02-02,732,2,197182,0,1
A107120,2024-06-09,850,1,47066,0,0
A107121,2023-07-02,833,5,67919,0,0
A107122,2022-11-10,749,0,542811,0,0
A107124,2024-02-14,738,0,168636,1,0
A107125,2022-03-28,612,0,328451,0,0
A107126,2023-08-04,850,2,220207,0,0
A107127,2023-07-16,842,5,78968,0,0
A107128,2022-04-10,808,1,482877,0,0
A107128,2022-03-10,850,0,545455,0,0
A107130,2024-05-03,792,2,194744,1,0
A107131,2025-04-10,738,0,435024,0,0
A107132,2023-04-14,850,0,204989,1,1
A107133,2023-12-25,721,2,140300,0,0
A107134,2023-04-05,676,1,155406,0,0
A107135,2022-11-11,618,2,459178,0,1
A107136,2025-02-15,850,2,98832,0,0
A107137,2024-07-29,746,0,628644,0,0
A107140,2022-07-31,574,0,436006,0,0
A107141,2025-03-19,643,3,218299,0,0
A107142,2023-09-16,830,4,168342,2,0
A107143,2024-11-11,724,0,43271,3,0
A107144,2023-04-03,834,1,54730,0,0
A107145,2024-07-20,812,3,213995,0,0
A107145,2024-06-21,831,0,640174,0,0
A107146,2024-09-01,850,4,193980,2,0
A107147,2023-08-01,708,3,146169,0,0
A107148,2023-08-20,828,2,427806,0,0
A107149,2024-09-15,711,1,397190,2,0
A107150,2022-02-19,850,6,303938,0,0
A107151,2023-04-29,701,2,43741,0,0
A107152,2024-03-03,736,1,115481,0,1
A107153,2025-01-12,779,4,183178,0,0
A107154,2022-01-22,673,3,273326,0,0
A107155,2024-10-15,850,0,211269,0,0
A107156,2024-01-26,763,2,113297,1,0
A107157,2022-02-02,692,2,38166,0,0
A107158,2024-06-04,783,0,342801,0,0
A107159,2024-02-27,706,3,538634,2,0
A107160,2025-05-18,754,1,209065,0,1
A107161,2022-10-26,798,2,231866,0,0
A107162,2024-12-26,850,2,492062,1,0
A107163,2025-01-24,719,0,57602,1,0
A107164,2022-02-09,561,1,219600,1,0
A107165,2023-10-26,828,1,299030,1,0
A107166,2024-10-16,850,5,364753,0,0
A107168,2022-12-30,839,3,61316,0,0
A107169,2022-01-19,823,3,99235,0,0
A107171,2023-01-07,737,4,50021,1,0
A107172,2024-01-07,649,1,62382,3,0
A107173,2023-08-24,850,1,345642,0,0
A107174,2024-03-28,850,2,108402,0,0
A107175,2024-08-21,592,4,471789,0,0
A107176,2023-09-10,796,4,172969,0,0
A107177,2022-05-10,588,0,533639,0,0
A107178,2025-12-28,715,2,66621,0,0
A107179,2025-10-01,850,1,211597,0,0
A107181,2025-12-24,734,1,230035,0,0
A107182,2025-04-01,596,1,69125,0,0
A107183,2023-11-13,850,1,124801,0,0
A107184,2025-01-15,665,4,123502,1,0
A107185,2023-12-23,850,2,80398,2,0
A107186,2022-12-19,655,3,1251567,0,0
A107187,2023-05-07,850,0,191513,0,0
A107188,2025-05-19,817,4,707206,0,0
A107189,2025-06-27,850,0,409150,1,0
A107190,2025-09-01,694,3,1140502,1,1
A107191,2024-10-15,837,0,198408,3,0
A107192,2022-01-07,735,2,133956,0,1
A107193,2022-10-25,735,4,161403,0,0
A107193,2022-09-24,836,0,352771,0,0
A107194,2024-11-14,676,1,104156,0,1
A107195,2022-01-21,709,4,35902,0,0
A107197,2025-07-03,756,2,102483,1,0
A107197,2025-05-31,850,2,84182,0,0
A107198,2023-12-24,850,5,44247,0,0
A107199,2022-11-02,834,2,196230,0,0
A107200,2025-12-25,850,2,35003,0,0
A107201,2025-08-23,660,2,48604,0,0
A107202,2022-05-27,850,3,491310,1,0
A107203,2023-07-18,811,2,576924,0,0
A107204,2023-03-24,850,0,240995,0,0
A107205,2022-04-04,768,3,183457,1,0
A107206,2025-10-14,681,1,38312,0,0
A107207,2022-04-08,801,5,74338,0,0
A107210,2024-04-20,709,4,117404,3,0
A107211,2024-08-06,666,3,534503,0,0
A107212,2023-10-20,830,0,682386,0,0
A107213,2024-11-18,635,4,298687,0,0
A107213,2024-10-20,653,0,36699,0,0
A107214,2023-01-16,803,2,116563,1,0
A107216,2023-09-11,672,3,108400,0,1
A107217,2023-03-31,850,4,1280923,0,0
A107218,2023-09-03,712,1,115096,1,0
A107219,2022-03-06,850,1,202420,3,0
A107221,2024-12-23,810,3,282046,2,0
A107222,2025-01-18,802,3,126920,1,0
A107223,2025-03-25,660,2,451310,0,0
A107224,2023-04-14,707,2,95976,1,0
A107225,2023-04-22,813,4,408792,2,0
A107226,2025-07-13,850,6,73623,1,0
A107227,2025-01-16,800,6,366860,0,0
A107228,2022-03-14,828,1,370405,1,0
A107229,2023-03-31,770,0,63168,3,0
A107230,2023-08-18,743,3,42009,0,0
A107231,2022-12-02,820,0,140384,0,0
A107232,2024-12-15,686,0,253719,0,0
A107233,2022-04-05,815,3,238442,0,0
A107235,2024-06-02,845,0,256504,0,0
A107236,2025-09-23,740,6,38038,1,0
A107237,2022-09-05,850,1,1241204,1,0
A107239,2025-02-27,850,3,74245,1,0
A107240,2024-07-07,784,1,445207,2,0
A107243,2024-04-28,738,0,347515,2,0
A107244,2023-05-02,850,3,321260,0,0
A107245,2022-07-12,850,1,116608,1,0
A107246,2025-12-22,710,3,577795,1,0
A107247,2024-01-16,785,4,162367,0,0
A107248,2024-08-31,763,2,1134943,0,0
A107249,2023-02-19,610,1,131306,0,0
A107250,2025-07-07,681,2,184510,0,0
A107251,2022-09-08,719,2,73921,0,0
A107252,2024-05-22,716,1,616211,0,0
A107252,2024-04-25,658,4,153316,0,0
A107253,2024-10-27,850,1,157192,1,0
A107254,2023-11-28,850,1,219812,0,0
A107255,2023-12-06,774,5,2041531,0,0
A107257,2022-04-07,761,6,114015,2,0
A107258,2024-06-17,850,0,148186,1,0
A107259,2024-09-04,796,0,382806,2,0
A107260,2024-05-17,762,0,373821,0,0
A107261,2022-11-12,849,2,77068,0,0
A107263,2024-07-30,850,1,937940,0,0
A107264,2022-08-08,818,2,335665,3,0
A107265,2022-03-07,669,5,328715,0,0
A107266,2025-05-26,520,1,88456,0,0
A107266,2025-04-27,667,2,32171,3,0
A107267,2024-08-22,818,5,88198,0,0
A107267,2024-07-26,747,4,274385,0,0
A107268,2023-07-22,767,2,1216974,0,0
A107269,2022-03-03,755,2,260988,0,0
A107270,2023-06-05,804,2,39013,0,0
A107271,2025-01-07,790,0,90057,0,0
A107272,2024-09-26,850,3,740321,0,0
A107273,2022-10-09,825,3,548377,1,1
A107274,2023-01-15,663,2,77341,0,0
A107275,2022-04-05,850,5,132499,0,0
A107276,2023-06-08,839,1,100845,0,0
A107277,2024-01-29,712,5,261704,1,0
A107278,2025-04-11,753,1,194246,0,0
A107279,2023-08-06,705,0,373839,0,0
A107280,2023-06-22,819,2,161737,1,0
A107281,2023-10-09,850,4,383958,0,0
A107282,2022-02-11,850,4,86532,2,0
A107283,2022-11-12,679,0,272936,2,0
A107284,2022-06-18,850,2,448663,0,0
A107285,2022-09-04,776,1,211067,0,0
A107286,2024-10-15,850,2,368198,0,0
A107287,2024-09-21,735,3,220933,1,0
A107288,2022-12-27,850,5,157802,1,0
A107289,2025-03-20,794,1,556278,0,0
A107290,2022-12-15,811,4,348613,0,0
A107291,2025-03-13,766,4,189546,0,0
A107293,2023-01-07,698,1,306472,0,0
A107294,2024-12-20,708,1,255549,0,0
A107295,2022-04-12,583,2,297775,0,0
A107296,2024-06-10,850,0,157331,3,0
A107297,2025-11-24,819,1,49704,0,0
A107298,2024-10-04,664,2,81899,0,1
A107300,2025-09-09,675,2,2567583,0,0
A107301,2024-08-17,599,3,184043,1,0
A107302,2025-03-21,723,2,330463,1,0
A107303,2024-06-21,787,4,286161,1,0
A107304,2023-05-04,694,2,370803,3,0
A107305,2023-02-11,850,2,81884,2,0
A107305,2023-01-13,850,2,529519,0,0
A107306,2022-12-17,744,2,114060,0,0
A107307,2022-05-09,821,4,248821,0,0
A107309,2022-03-13,717,2,854781,2,0
A107310,2023-03-28,779,2,75120,2,0
A107311,2025-01-01,699,2,126329,1,0
A107313,2025-05-23,681,1,797222,1,0
A107314,2023-10-22,706,4,180229,2,0
A107315,2022-06-01,789,2,1167276,1,0
A107316,2025-02-10,845,4,85996,0,0
A107318,2024-06-17,777,2,859549,0,2
A107319,2022-07-28,642,4,466876,0,1
A107320,2022-04-01,711,1,234829,2,0
A107321,2022-01-10,794,1,657565,1,0
A107322,2025-10-30,838,2,240304,0,0
A107323,2024-07-24,848,2,294138,0,0
A107324,2022-05-21,850,2,170640,0,0
A107325,2022-03-01,850,5,156142,0,0
A107326,2025-02-18,684,2,216397,0,0
A107327,2024-02-09,742,2,216960,1,0
A107328,2023-12-22,715,2,65775,2,0
A107329,2023-01-22,850,4,246934,1,0
A107330,2025-06-14,786,5,52343,0,0
A107331,2025-12-26,457,3,18868,0,0
A107332,2024-10-01,718,2,95688,0,0
A107333,2023-04-04,767,4,386699,3,1
A107334,2023-06-03,762,2,169948,1,0
A107335,2025-07-31,660,2,50798,0,0
A107336,2024-12-26,728,2,63105,0,0
A107338,2024-07-31,850,2,489746,0,0
A107340,2025-06-03,826,2,261051,0,0
A107342,2024-05-15,730,3,59039,0,0
A107343,2025-07-11,702,4,28827,0,0
A107344,2024-08-05,781,0,182574,2,0
A107344,2024-07-07,850,5,654587,0,0
A107345,2025-04-20,643,3,202892,2,0
A107346,2025-12-06,733,3,92601,0,0
A107348,2023-07-09,831,5,311249,0,0
A107349,2022-10-22,850,2,417771,0,0
A107350,2022-04-10,618,3,185778,1,0
A107351,2024-10-02,616,2,353146,0,0
A107352,2025-09-22,850,3,239012,3,0
A107354,2025-06-19,757,1,122748,0,0
A107355,2024-11-26,831,1,62447,3,0
A107356,2025-10-19,778,3,137969,0,0
A107357,2024-07-06,850,2,342237,0,0
A107358,2023-09-08,825,2,103272,0,0
A107359,2023-08-13,755,0,105706,0,0
A107359,2023-07-12,850,4,213994,0,0
A107360,2025-07-29,796,3,232980,0,0
A107361,2022-08-28,850,4,483788,0,0
A107362,2023-04-27,783,2,195896,3,0
A107363,2022-07-15,725,4,666064,0,0
A107363,2022-06-16,678,4,398571,0,0
A107364,2023-05-21,850,4,680015,0,0
A107365,2023-03-08,720,1,118593,0,0
A107367,2023-11-11,774,3,135425,0,0
A107368,2022-10-04,769,3,100895,2,0
A107369,2022-03-26,448,1,238047,0,0
A107370,2025-04-03,632,2,256020,1,0
A107371,2023-06-04,850,3,24664,1,0
A107372,2023-02-09,657,0,73198,0,0
A107374,2022-03-04,600,5,450315,1,0
A107374,2022-02-04,828,4,110495,0,0
A107375,2024-01-13,773,4,265661,0,0
A107376,2024-03-22,850,2,114885,0,0
A107377,2024-03-28,850,2,126545,0,0
A107378,2022-07-08,850,4,408913,0,0
A107379,2022-07-24,750,2,91148,0,0
A107380,2025-02-27,850,1,66264,0,0
A107381,2025-09-11,791,1,609176,1,0
A107382,2025-04-30,850,5,71589,0,0
A107383,2022-01-13,850,3,129586,0,0
A107384,2023-12-21,775,3,22127,0,0
A107385,2023-08-05,850,1,304615,0,0
A107386,2025-06-23,753,6,593707,0,1
A107387,2023-02-28,649,1,456323,0,0
A107388,2023-05-14,680,0,108667,0,0
A107389,2022-08-20,850,3,114798,0,0
A107390,2024-09-29,850,1,436955,0,0
A107391,2023-04-06,657,3,183959,0,0
A107392,2023-08-23,729,4,405618,0,0
A107393,2023-03-16,753,3,166432,0,0
A107394,2022-05-14,775,0,464420,0,0
A107395,2025-02-24,771,3,178027,3,0
A107397,2023-11-09,589,1,100440,0,0
A107398,2025-09-10,743,1,129245,0,0
A107399,2025-07-19,642,3,528748,1,0
A107400,2022-03-03,802,2,35161,2,0
A107401,2025-01-11,846,3,149927,0,0
A107402,2024-06-26,821,3,418523,0,0
A107403,2024-11-22,850,2,275115,0,0
A107405,2023-03-08,850,2,242697,0,0
A107406,2025-07-04,677,0,567884,0,0
A107408,2024-11-15,792,3,300041,0,0
A107409,2025-11-27,830,5,84253,0,0
A107410,2024-05-22,850,1,289002,0,0
A107411,2025-12-10,850,3,211620,0,0
A107412,2024-08-22,719,2,20546,2,0
A107414,2025-12-06,850,3,199510,0,0
A107415,2024-08-25,683,2,485194,1,0
A107416,2025-12-30,734,3,372622,2,0
A107417,2025-03-04,850,0,345784,1,0
A107418,2024-09-05,850,1,102008,0,0
A107419,2024-09-26,764,2,228629,0,0
A107420,2023-11-24,752,2,49438,2,0
A107421,2024-10-03,741,3,77458,0,0
A107421,2024-09-02,725,2,219776,1,0
A107422,2022-01-09,793,4,115259,2,0
A107424,2023-10-27,712,2,87248,0,0
A107425,2024-11-15,828,2,723527,2,0
A107426,2024-06-15,850,5,319280,0,0
A107427,2023-10-19,774,1,241582,0,0
A107428,2024-10-24,773,3,107698,1,0
A107428,2024-09-24,742,5,155039,0,0
A107429,2024-11-28,800,2,463787,0,0
A107430,2025-01-31,710,1,255552,0,0
A107431,2023-04-20,725,1,111607,0,0
A107432,2022-07-20,582,1,196879,0,0
A107433,2022-02-19,751,2,128166,0,0
A107434,2025-10-18,713,2,261986,0,0
A107435,2022-09-18,850,3,89446,0,0
A107436,2023-08-14,773,0,149529,1,0
A107438,2025-06-30,784,4,160766,0,0
A107439,2023-05-24,666,2,31285,0,0
A107440,2022-11-17,850,3,132587,0,0
A107441,2025-08-27,818,4,371149,2,0
A107442,2022-05-24,850,0,139633,3,0
A107443,2023-11-18,850,2,684696,1,0
A107444,2022-04-20,842,3,77002,3,0
A107445,2022-07-07,772,2,55273,0,0
A107446,2025-02-15,784,3,203373,1,0
A107447,2024-06-17,724,2,773126,0,0
A107448,2023-10-14,810,2,32428,1,0
A107448,2023-09-13,829,0,450231,1,0
A107449,2023-10-22,850,0,990036,0,0
A107450,2025-02-11,828,1,346692,0,0
A107451,2022-11-16,850,2,141093,0,0
A107453,2025-08-20,733,0,150691,1,0
A107454,2024-09-05,797,1,82533,0,0
A107455,2024-03-04,850,2,626639,0,0
A107456,2024-12-25,726,2,105423,0,0
A107457,2024-07-30,689,0,273843,0,0
A107459,2025-07-17,818,0,120284,0,0
A107460,2022-12-20,850,0,187355,1,0
A107461,2024-03-10,850,2,507097,0,0
A107462,2025-04-17,760,1,264489,3,0
A107463,2025-07-05,699,3,284897,0,0
A107464,2023-11-07,601,1,179650,0,0
A107465,2023-01-19,850,1,439571,0,0
A107466,2022-07-10,739,0,48170,1,0
A107467,2024-01-23,787,0,66724,0,0
A107468,2022-08-29,707,3,44791,0,0
A107469,2024-08-31,737,4,341662,0,0
A107470,2023-12-02,704,1,20264,0,0
A107471,2025-02-15,625,1,317148,0,0
A107472,2024-10-06,850,4,84148,0,0
A107473,2022-06-06,721,1,68384,0,0
A107474,2025-07-11,724,0,442882,0,0
A107475,2025-08-18,850,3,617948,0,0
A107477,2025-11-21,744,3,111367,0,0
A107478,2025-10-14,788,2,687034,0,0
A107479,2025-12-01,850,2,26909,1,0
A107480,2025-10-18,681,2,162805,1,0
A107481,2025-11-15,762,3,283978,2,0
A107482,2022-08-11,771,4,30313,1,0
A107483,2023-03-14,820,3,155177,1,0
A107485,2023-01-06,717,0,652058,0,0
A107486,2024-05-15,728,1,308717,0,0
A107487,2022-10-08,666,3,168763,0,0
A107488,2025-03-16,781,1,84064,0,0
A107489,2025-04-09,731,3,30614,0,1
A107489,2025-03-11,648,0,316614,0,0
A107490,2022-04-01,787,2,184655,0,0
A107491,2025-06-04,762,5,71101,1,0
A107492,2022-10-13,666,4,371317,0,0
A107493,2023-03-13,850,4,398654,0,0
A107495,2025-02-27,850,2,37421,0,0
A107495,2025-01-29,850,3,292225,0,0
A107496,2024-03-22,725,0,304587,2,0
A107496,2024-02-20,809,4,233658,0,0
A107497,2023-11-13,718,3,253804,0,0
A107498,2025-08-21,711,2,171379,0,0
A107499,2023-07-20,655,0,131894,0,0
A107500,2022-10-27,680,1,106489,2,0
A107501,2023-07-01,822,1,298872,0,0
A107502,2022-06-25,850,4,114458,2,0
A107502,2022-05-26,808,2,376850,0,0
A107503,2025-10-29,850,6,152849,0,0
A107504,2023-04-29,732,3,56960,0,0
A107505,2023-01-31,817,1,231389,0,0
A107506,2024-11-04,850,2,1786827,0,0
A107507,2024-04-08,755,2,114902,0,0
A107508,2025-02-05,787,1,589501,0,0
A107508,2025-01-06,850,1,134214,1,0
A107509,2024-12-19,691,3,83111,2,0
A107510,2022-01-30,785,6,366193,0,0
A107511,2025-02-28,828,0,42226,1,0
A107512,2025-02-03,793,3,210554,1,0
A107514,2025-05-19,711,0,225265,0,0
A107515,2022-01-19,805,4,73889,2,0
A107516,2025-09-17,759,4,242058,3,0
A107518,2023-02-09,671,1,152382,0,0
A107519,2023-07-26,790,1,136095,0,0
A107520,2025-04-03,850,3,31126,0,0
A107521,2022-09-26,729,2,179933,0,0
A107522,2022-09-30,801,3,175840,2,0
A107523,2025-06-18,725,5,578958,0,0
A107524,2025-06-19,814,3,502973,0,0
A107525,2022-10-03,796,0,181736,2,0
A107525,2022-09-01,684,2,328665,0,0
A107526,2023-04-20,850,0,169877,0,0
A107527,2022-01-31,850,3,403717,0,0
A107528,2023-07-03,671,1,115141,3,0
A107529,2022-09-13,635,2,81389,0,0
A107530,2025-01-23,850,1,564633,0,0
A107531,2023-08-05,832,2,140141,0,0
A107532,2025-12-16,838,1,225909,0,0
A107534,2022-01-18,850,0,137675,0,0
A107535,2024-10-31,753,2,368502,0,0
A107536,2023-02-26,826,2,304368,2,0
A107538,2024-05-02,797,0,115028,1,0
A107539,2025-03-02,780,3,259147,0,0
A107540,2023-12-20,696,0,82088,3,0
A107541,2024-10-15,663,3,243563,0,0
A107542,2022-06-13,734,0,245391,0,0
A107543,2023-11-05,742,2,240519,0,0
A107544,2025-10-24,628,0,63937,0,0
A107545,2025-09-22,571,2,169654,0,2
A107546,2022-07-22,733,2,513680,0,0
A107547,2025-02-02,677,3,740578,0,0
A107548,2022-07-21,850,1,203927,0,0
A107549,2022-08-28,822,1,294591,0,0
A107550,2022-11-18,723,1,63099,0,0
A107551,2023-05-07,809,3,269035,0,0
A107552,2022-09-30,810,1,68647,0,0
A107553,2025-03-20,820,2,576102,0,0
A107553,2025-02-18,777,3,264827,0,0
A107554,2024-04-16,607,1,193882,0,0
A107555,2024-10-06,703,3,255374,0,0
A107556,2025-08-20,850,4,45696,0,0
A107557,2023-08-15,850,2,191187,0,0
A107559,2022-11-19,762,4,78145,3,1
A107560,2025-10-31,716,0,36440,1,0
A107561,2023-10-09,850,1,546864,2,0
A107561,2023-09-09,850,1,43887,0,0
A107562,2024-08-07,709,1,344014,0,0
A107563,2024-08-30,763,3,114382,0,0
A107564,2022-12-22,805,4,40928,2,0
A107565,2022-01-13,850,3,222406,0,0
A107566,2023-10-12,812,2,79586,0,0
A107567,2023-06-20,785,3,71398,0,0
A107568,2022-07-11,827,1,128058,0,0
A107570,2022-04-08,850,1,168639,1,0
A107571,2022-06-25,850,3,662975,0,0
A107572,2023-07-10,716,0,281929,0,0
A107573,2024-12-31,677,2,78399,0,0
A107575,2024-10-14,668,1,50518,1,0
A107576,2024-12-29,772,3,653613,0,0
A107577,2025-08-15,729,2,397908,0,0
A107578,2025-02-20,770,0,214962,0,0
A107579,2025-12-14,774,1,118110,0,0
A107579,2025-11-15,740,2,84299,0,0
A107580,2022-01-31,770,3,183191,0,0
A107582,2025-05-13,626,1,192377,0,0
A107583,2024-01-26,850,2,125520,0,0
A107584,2022-03-14,785,2,126571,0,0
A107584,2022-02-11,709,0,212590,0,0
A107585,2025-01-18,793,1,112839,0,0
A107586,2024-01-05,802,3,129840,0,0
A107587,2023-03-29,850,0,134117,0,0
A107588,2022-09-22,822,3,128136,0,0
A107589,2022-06-18,698,1,382908,0,0
A107591,2022-07-20,672,4,191745,0,0
A107592,2024-03-04,576,0,135964,2,0
A107593,2023-06-13,645,3,247606,0,0
A107594,2025-09-02,755,6,815840,0,0
A107595,2025-01-03,773,3,182966,1,0
A107596,2022-03-07,850,0,226586,1,0
A107597,2022-02-14,618,2,107315,0,0
A107598,2023-08-10,598,2,158818,0,0
A107599,2024-12-04,850,2,47735,0,0
A107600,2025-04-12,721,3,73798,1,0
A107601,2023-08-07,653,4,188208,0,0
A107602,2023-06-19,850,5,383451,0,0
A107603,2024-08-20,779,3,199492,0,0
A107604,2024-09-10,690,1,80213,3,0
A107606,2024-06-23,676,2,261025,2,0
A107607,2025-09-09,768,1,339028,0,0
A107608,2023-02-24,722,3,192964,3,0
A107610,2024-12-21,850,4,502636,3,0
A107611,2025-06-12,725,3,332421,3,0
A107611,2025-05-11,850,2,533849,0,0
A107612,2022-04-12,850,2,422401,2,0
A107613,2024-10-29,761,3,194401,0,0
A107615,2022-05-13,658,1,237821,0,0
A107616,2023-08-14,617,1,55640,2,0
A107617,2025-06-25,719,1,1274606,0,0
A107618,2023-12-29,720,3,89869,0,0
A107619,2025-01-28,728,1,246832,0,0
A107621,2022-12-02,590,6,248240,0,0
A107622,2024-04-22,850,5,65781,1,0
A107623,2024-08-16,850,0,229050,0,0
A107624,2023-07-20,752,3,51136,1,0
A107625,2023-04-08,665,4,288752,0,0
A107626,2025-06-01,833,2,365153,1,0
A107627,2025-11-08,850,3,333970,0,0
A107629,2022-04-23,739,2,651060,0,0
A107630,2023-10-31,659,3,107105,3,2
A107631,2023-07-09,745,4,252691,0,0
A107632,2022-05-04,850,4,659746,0,0
A107633,2025-03-20,850,3,339904,2,0
A107634,2023-02-17,841,0,395947,1,0
A107634,2023-01-17,838,0,63140,0,0
A107635,2023-06-12,850,3,1375086,0,0
A107636,2023-08-28,850,0,66361,0,0
A107637,2024-03-25,742,0,279422,0,0
A107638,2025-03-10,850,0,124254,0,0
A107638,2025-02-09,850,1,58591,0,0
A107639,2023-05-04,742,0,30588,0,0
A107640,2022-09-22,818,2,459320,0,0
A107641,2023-04-04,827,0,195590,0,0
A107642,2024-09-04,654,0,359680,0,0
A107643,2025-09-15,749,3,438405,1,1
A107644,2024-05-28,820,4,563613,0,0
A107645,2025-09-19,789,0,47941,0,0
A107646,2025-08-22,812,0,62298,0,0
A107647,2022-08-03,717,2,810042,0,0
A107648,2025-09-02,723,3,1491076,0,0
A107649,2025-01-03,750,5,537281,1,0
A107649,2024-12-05,638,2,215197,0,0
A107650,2024-12-12,710,1,198847,0,2
A107651,2024-01-26,850,1,247152,0,0
A107652,2022-03-25,673,0,244659,2,2
A107653,2025-07-04,678,3,118702,0,0
A107654,2023-09-19,850,1,220182,0,0
A107655,2025-03-03,850,3,408613,0,0
A107656,2023-09-13,850,0,50339,0,0
A107657,2024-10-11,806,0,419110,1,0
A107658,2024-07-22,749,0,252607,0,0
A107659,2024-06-18,850,2,411044,1,0
A107660,2024-12-01,850,1,611840,1,0
A107661,2023-01-07,834,3,246819,0,0
A107663,2023-11-20,811,3,238220,0,0
A107664,2022-03-22,850,2,166795,0,0
A107666,2023-01-26,850,4,41099,0,0
A107667,2022-01-31,820,5,135542,1,0
A107668,2022-02-28,850,1,430215,0,0
A107669,2022-02-11,850,2,169229,0,0
A107670,2025-02-21,719,3,336553,0,0
A107670,2025-01-21,664,4,770630,2,0
A107672,2025-12-21,597,1,210325,0,0
A107673,2025-03-22,850,2,301267,0,0
A107674,2022-01-30,680,2,478785,1,0
A107675,2024-09-30,737,1,341264,0,0
A107676,2024-04-02,624,1,419561,0,3
A107677,2022-05-01,850,4,107861,0,0
A107678,2022-03-04,670,1,170091,0,0
A107680,2023-02-04,850,2,364373,0,0
A107682,2022-11-21,752,3,53354,0,0
A107683,2025-08-08,850,1,478153,1,0
A107684,2025-12-02,806,2,236231,0,0
A107685,2023-02-13,837,2,27229,0,0
A107687,2025-12-17,850,2,110314,0,0
A107688,2025-02-22,850,2,142443,2,0
A107689,2025-11-18,790,5,1533360,1,0
A107690,2024-10-06,557,0,176996,1,0
A107690,2024-09-05,698,0,279262,0,0
A107691,2024-03-09,796,0,75825,0,0
A107692,2023-09-28,764,6,106948,0,0
A107693,2022-10-02,781,2,417943,0,0
A107694,2025-02-07,850,1,196251,2,0
A107695,2025-03-04,829,1,125249,0,0
A107696,2022-05-27,677,0,583608,2,0
A107697,2023-06-03,850,1,157087,0,0
A107698,2023-01-31,523,7,233308,0,0
A107699,2022-01-22,796,2,797922,0,0
A107700,2025-07-16,658,4,99793,0,0
A107701,2023-09-14,850,1,1082845,0,0
A107702,2023-06-03,833,2,168605,2,2
A107703,2025-02-05,764,0,64651,1,0
A107704,2022-08-11,709,3,165540,0,0
A107706,2022-01-26,763,2,395168,1,0
A107707,2023-03-29,846,2,651077,0,0
A107708,2022-10-31,596,3,75047,0,0
A107709,2023-03-03,634,3,26080,0,0
A107710,2023-05-19,731,7,353433,0,0
A107711,2023-05-11,683,5,62220,0,0
A107712,2023-07-23,847,4,233165,0,0
A107713,2025-03-25,778,3,165585,0,0
A107714,2024-04-16,791,3,89147,1,0
A107715,2023-11-21,774,1,424642,0,0
A107716,2025-02-03,747,2,99239,0,0
A107717,2025-01-17,755,2,196639,0,0
A107718,2025-11-17,564,3,1366212,3,0
A107719,2024-03-31,828,4,541746,0,0
A107720,2024-12-24,695,4,284632,3,0
A107721,2023-07-16,776,0,266957,0,0
A107723,2023-04-15,797,0,281075,1,0
A107724,2024-03-31,608,0,597429,0,0
A107725,2022-09-19,800,2,247057,2,0
A107727,2024-10-20,729,1,461714,0,0
A107728,2025-08-04,713,2,450486,0,0
A107729,2022-05-19,850,3,58271,0,0
A107730,2022-04-27,764,3,127414,0,0
A107731,2022-03-25,834,2,59062,0,0
A107732,2023-07-11,656,4,47803,2,0
A107734,2022-04-17,757,6,60017,1,1
A107735,2024-09-28,810,2,243799,0,0
A107736,2024-07-16,822,3,352877,0,0
A107737,2025-01-14,695,6,687432,0,0
A107739,2022-02-10,833,2,55478,2,0
A107740,2022-02-09,703,2,149728,0,0
A107741,2023-07-25,773,3,80767,0,0
A107742,2025-11-04,817,2,96900,0,0
A107743,2024-05-03,698,5,345395,0,0
A107744,2025-07-09,817,2,1000073,0,0
A107745,2022-09-04,850,3,375387,0,0
A107746,2023-11-04,850,2,94067,0,0
A107747,2024-12-31,788,4,145379,0,0
A107748,2022-04-16,742,0,611327,0,0
A107749,2025-10-11,744,2,63720,0,0
A107750,2025-07-11,737,2,89274,0,0
A107751,2023-02-07,777,4,153320,0,0
A107752,2025-01-13,850,2,66161,0,0
A107753,2024-10-16,850,0,67139,0,0
A107755,2023-08-14,820,4,59299,2,0
A107756,2023-07-28,731,4,192595,0,1
A107757,2022-05-25,632,2,170104,0,0
A107758,2022-08-17,805,3,923728,0,0
A107759,2023-06-08,850,0,213840,0,0
A107760,2022-12-09,850,6,144368,0,0
A107761,2023-06-08,832,2,197138,0,0
A107762,2023-09-20,800,4,1086316,0,0
A107763,2025-02-10,658,4,95493,1,0
A107764,2023-03-25,628,3,137695,0,0
A107765,2022-04-10,809,4,699096,0,0
A107767,2023-03-13,751,2,320402,0,0
A107768,2023-04-12,639,2,821206,0,0
A107769,2024-08-21,814,4,122531,2,0
A107770,2023-01-23,823,3,87986,3,0
A107771,2024-05-28,850,3,209012,0,0
A107772,2024-01-24,850,2,19440,0,0
A107773,2022-08-18,850,2,93862,0,0
A107774,2022-09-14,779,2,700056,0,1
A107775,2024-03-06,707,3,133318,1,0
A107776,2023-04-14,692,2,136533,0,0
A107777,2024-09-22,692,2,132486,0,0
A107778,2022-08-13,756,6,75888,0,0
A107779,2022-07-15,834,1,756739,1,0
A107780,2025-03-22,850,3,189262,0,0
A107780,2025-02-19,718,0,1792492,0,0
A107781,2023-12-21,850,3,271614,0,0
A107782,2023-05-31,761,3,292614,0,0
A107784,2023-04-03,850,1,42712,0,0
A107785,2024-09-01,639,1,152979,3,0
A107786,2025-12-08,809,0,304565,0,0
A107787,2025-08-26,765,3,98060,0,0
A107788,2024-10-02,629,1,130761,0,0
A107789,2022-09-03,606,2,23915,0,0
A107790,2024-02-11,850,3,52242,0,0
A107790,2024-01-11,850,1,1369928,2,0
A107792,2025-01-24,850,0,433600,0,1
A107793,2025-07-24,850,0,143751,0,0
A107794,2023-12-03,850,3,491448,0,0
A107795,2024-08-27,632,0,1459063,1,0
A107796,2023-06-24,587,5,71195,2,0
A107797,2024-01-29,850,0,99911,1,0
A107797,2023-12-31,788,3,444390,0,0
A107799,2023-06-27,646,2,168125,0,0
A107800,2022-09-28,850,0,32297,1,0
A107801,2022-04-13,803,3,117870,0,0
A107802,2022-05-17,648,1,289543,0,0
A107802,2022-04-16,850,4,274258,0,0
A107803,2022-06-05,850,4,99525,0,0
A107804,2024-11-24,680,1,523765,0,0
A107805,2025-05-29,832,5,596936,0,0
A107806,2022-06-21,696,4,110822,0,1
A107806,2022-05-23,664,1,191137,0,0
A107807,2023-08-22,850,2,422466,0,0
A107808,2023-06-14,850,2,123214,0,0
A107809,2022-10-30,850,0,41505,0,0
A107810,2025-03-04,651,2,141631,2,0
A107811,2025-04-11,687,2,103804,0,0
A107812,2023-12-01,800,3,112323,1,0
A107813,2023-04-21,850,3,173663,0,0
A107814,2023-03-05,687,2,33016,1,0
A107816,2024-01-22,850,2,253893,0,0
A107816,2023-12-21,850,0,111500,0,0
A107817,2023-04-07,763,3,274714,0,0
A107818,2025-05-16,850,0,261547,1,0
A107819,2022-11-09,577,0,96017,0,0
A107820,2023-09-21,659,0,84974,1,0
A107821,2023-04-23,672,3,883739,0,0
A107822,2024-05-03,850,3,151833,2,0
A107824,2022-03-05,710,0,911123,1,0
A107825,2025-09-28,850,0,550351,0,0
A107827,2022-02-14,850,4,698082,0,0
A107827,2022-01-14,628,0,153930,0,0
A107828,2024-02-22,773,4,295835,0,0
A107829,2024-11-21,636,4,326884,1,0
A107831,2024-02-16,820,5,221664,0,0
A107832,2022-09-24,804,4,1048656,0,0
A107833,2025-07-23,615,4,141170,1,0
A107834,2023-07-28,794,4,46673,0,0
A107835,2022-07-27,769,5,414970,1,0
A107837,2023-02-01,769,2,89320,0,0
A107838,2024-06-09,850,4,100818,0,0
A107840,2024-11-18,608,2,25851,0,0
A107841,2025-12-18,651,0,1119824,2,0
A107842,2023-11-06,743,7,335506,0,0
A107843,2023-07-27,811,4,118041,1,0
A107844,2025-08-05,660,2,49642,0,0
A107847,2022-10-06,804,4,66363,0,0
A107848,2025-12-22,751,2,110337,1,0
A107849,2022-11-09,782,2,85128,0,0
A107850,2025-09-23,667,3,104547,3,0
A107851,2025-12-08,799,2,95418,0,0
A107852,2024-11-20,850,3,257810,0,0
A107853,2024-09-20,574,0,61123,0,3
A107853,2024-08-21,660,2,352685,1,0
A107854,2024-05-10,784,3,879425,1,0
A107855,2023-06-04,850,4,267699,0,0
A107856,2024-02-17,720,0,75576,1,0
A107857,2022-03-22,759,4,194628,0,1
A107858,2022-07-12,850,7,42226,0,0
A107859,2022-06-19,725,0,101315,1,0
A107860,2024-01-21,850,3,459249,0,0
A107861,2025-03-18,850,4,394564,0,0
A107862,2024-08-25,672,2,240526,0,0
A107863,2022-10-29,688,0,16668,1,0
A107864,2024-11-15,759,3,68268,0,0
A107865,2022-03-15,850,3,31363,0,0
A107866,2024-12-19,703,4,360335,0,0
A107867,2023-08-28,652,3,157361,0,0
A107868,2022-10-21,846,1,522302,3,0
A107869,2022-11-29,714,1,290292,2,0
A107870,2025-07-11,850,1,148979,2,0
A107871,2022-11-01,770,2,156707,0,3
A107872,2025-03-08,850,3,402508,0,0
A107873,2022-04-18,850,2,1156077,0,0
A107874,2022-10-20,713,3,234355,0,0
A107875,2024-07-16,670,5,93596,2,0
A107876,2022-03-30,761,1,76274,0,0
A107877,2022-02-25,567,1,110924,1,0
A107878,2025-07-28,751,4,243253,0,0
A107879,2024-11-18,778,1,179797,3,0
A107880,2025-09-30,850,5,739592,0,0
A107882,2025-10-15,706,4,148746,1,0
A107883,2025-08-23,850,2,23356,1,0
A107884,2023-06-04,826,4,74388,0,0
A107885,2023-12-29,850,6,118284,0,0
A107886,2025-07-25,819,1,600159,0,0
A107888,2022-08-01,749,5,204770,1,0
A107890,2023-07-27,591,2,297703,0,0
A107891,2024-08-16,724,7,549458,0,0
A107892,2023-12-29,637,2,479167,0,0
A107893,2022-03-07,790,5,132664,0,0
A107894,2023-02-09,850,1,3027279,0,0
A107895,2024-03-18,746,4,772503,0,0
A107896,2023-06-12,620,0,186860,1,1
A107897,2022-07-14,683,4,439737,0,0
A107898,2025-05-08,847,1,175070,0,0
A107899,2022-10-18,729,0,1994923,1,0
A107900,2022-01-14,850,0,56304,0,0
A107901,2024-05-06,834,1,44381,1,0
A107902,2023-09-26,779,5,170354,0,0
A107903,2022-09-25,725,1,121768,0,0
A107904,2022-08-13,850,4,94149,0,0
A107905,2023-02-23,850,3,273921,3,0
A107905,2023-01-26,722,4,362779,0,0
A107906,2025-08-14,688,2,64252,0,0
A107907,2022-01-25,771,0,59469,0,0
A107907,2021-12-26,842,3,120447,0,0
A107908,2023-02-06,693,2,218905,1,0
A107909,2024-06-27,850,1,100932,1,0
A107910,2022-04-14,850,2,58277,0,0
A107911,2022-02-19,850,0,98148,0,0
A107912,2024-01-15,850,2,164484,0,0
A107913,2022-06-24,850,2,61647,2,0
A107915,2025-05-01,702,2,100343,0,0
A107916,2024-08-06,850,2,1065495,0,1
A107916,2024-07-06,788,3,37508,0,0
A107917,2025-03-17,850,3,84042,0,0
A107918,2022-10-18,829,0,112972,2,0
A107921,2023-01-05,653,0,47586,0,1
A107922,2024-08-20,692,2,54330,1,0
A107923,2023-09-20,613,3,245215,0,0
A107924,2023-09-15,850,0,61233,2,0
A107925,2022-10-30,785,0,157392,0,0
A107926,2023-10-02,848,3,153747,0,0
A107927,2024-06-10,795,2,159407,0,0
A107927,2024-05-12,595,0,400316,0,0
A107928,2023-10-02,703,1,154906,1,0
A107929,2024-01-26,850,0,143913,2,0
A107930,2025-02-12,767,3,91874,1,0
A107931,2023-01-04,811,0,185897,0,0
A107932,2025-11-21,850,5,189687,0,0
A107933,2022-02-15,783,2,490783,1,0
A107934,2023-12-04,507,6,205645,0,0
A107935,2023-02-16,850,4,130669,0,0
A107936,2022-04-06,800,2,115184,1,0
A107937,2023-09-14,733,3,118934,0,0
A107938,2023-10-14,811,4,620659,0,0
A107939,2024-09-04,799,5,372862,0,0
A107940,2022-10-26,683,3,264446,0,1
A107941,2025-12-21,850,0,550269,0,0
A107942,2023-12-20,660,4,174348,0,0
A107943,2022-12-21,666,2,319646,0,0
A107944,2022-04-06,704,0,101706,0,0
A107945,2023-07-25,648,2,186350,0,0
A107947,2022-09-21,850,5,380124,0,0
A107949,2024-12-13,813,3,83438,1,0
A107949,2024-11-14,850,5,344985,0,0
A107950,2022-03-01,809,3,106203,0,0
A107951,2023-09-14,706,0,474859,1,0
A107952,2025-05-14,818,0,98506,3,0
A107953,2023-06-30,718,5,56837,0,0
A107954,2022-08-09,751,3,77831,2,0
A107955,2023-07-06,732,4,1302149,3,0
A107956,2022-11-09,772,2,183038,0,1
A107957,2022-06-21,850,3,152824,0,0
A107958,2024-07-07,850,2,261455,0,0
A107958,2024-06-05,810,4,51322,0,0
A107959,2024-02-16,722,1,1186252,0,1
A107960,2025-03-04,850,4,138411,0,0
A107961,2023-05-07,826,5,190581,0,0
A107962,2025-11-17,821,0,283831,0,0
A107965,2025-05-28,735,1,567416,0,0
A107966,2023-01-06,824,2,406065,0,0
A107968,2025-11-20,665,2,66493,1,0
A107969,2024-07-15,850,2,405025,2,0
A107970,2024-10-25,694,5,143144,0,0
A107971,2022-10-06,706,3,212975,0,0
A107972,2025-02-03,804,2,289303,0,0
A107973,2022-08-19,674,1,200655,0,0
A107974,2025-10-19,765,0,125839,0,0
A107975,2024-04-09,768,2,294407,0,0
A107976,2022-08-16,850,2,156338,0,0
A107977,2023-07-25,850,2,94402,0,0
A107978,2024-03-05,846,5,94671,0,0
A107979,2024-12-31,608,1,65303,0,1
A107980,2022-05-22,830,2,368890,0,0
A107981,2025-11-29,828,4,71464,1,0
A107982,2024-10-01,698,1,222809,1,0
A107983,2022-04-30,850,1,140361,0,0
A107984,2024-10-08,827,0,32164,2,0
A107985,2024-03-05,850,1,78852,0,0
A107986,2025-05-29,749,0,103247,1,0
A107987,2025-09-06,843,3,324253,0,0
A107989,2024-11-06,728,0,244338,0,0
A107990,2025-01-17,850,3,91915,0,0
A107991,2024-10-19,850,0,251020,0,0
A107992,2022-09-09,742,2,1088969,0,0
A107993,2023-03-26,850,0,157930,0,0
A107994,2022-01-11,660,5,165328,0,0
A107995,2024-12-30,834,3,213888,0,0
A107996,2025-07-15,751,3,46575,0,0
A107997,2022-07-21,661,2,490960,0,0
A107997,2022-06-19,770,2,238158,0,0
A107998,2023-09-19,850,4,83133,1,0
A107999,2024-04-04,850,0,68909,0,0
A108000,2023-10-28,763,3,133407,0,0
A108001,2022-05-17,778,1,171437,0,0
A108002,2023-09-11,717,3,610432,0,0
A108003,2025-07-16,656,2,733353,0,0
A108004,2024-08-31,705,2,123213,0,0
A108005,2023-07-03,850,1,460388,0,0
A108006,2022-04-13,839,0,295467,0,0
A108007,2023-04-01,625,5,189516,0,0
A108008,2022-03-11,850,3,101644,2,0
A108010,2022-09-05,704,3,134181,0,0
A108011,2024-09-12,755,2,160683,0,0
A108013,2024-06-25,850,3,146638,0,0
A108014,2023-05-25,749,3,171886,1,0
A108015,2022-06-16,850,2,316647,1,0
A108016,2022-06-23,850,3,96409,0,0
A108017,2022-12-01,850,1,215775,0,0
A108018,2025-09-01,850,2,294646,0,0
A108019,2025-08-31,752,0,82312,0,0
A108022,2024-08-15,831,1,153118,0,0
A108023,2022-02-19,844,0,90447,1,0
A108024,2022-08-07,850,0,241753,2,0
A108026,2024-04-05,619,0,836858,0,0
A108027,2023-01-24,587,3,250942,1,2
A108028,2023-08-15,832,3,125191,0,0
A108029,2025-07-17,783,0,290928,0,0
A108030,2025-08-21,850,1,439479,0,0
A108031,2024-01-18,850,3,340869,0,0
A108032,2022-03-08,850,0,478881,0,0
A108032,2022-02-06,850,3,21726,1,0
A108033,2025-04-11,850,1,193006,0,0
A108033,2025-03-11,833,0,72723,0,0
A108034,2025-03-01,643,2,121272,1,0
A108035,2023-11-27,707,3,417800,0,0
A108036,2025-12-20,850,0,225644,1,0
A108037,2024-10-01,740,3,265490,0,0
A108038,2022-02-02,746,4,517883,2,0
A108039,2025-12-23,611,3,36854,1,0
A108040,2023-03-17,655,1,177812,0,0
A108041,2022-02-23,776,5,275589,1,0
A108042,2022-08-05,713,4,64145,0,0
A108043,2023-07-21,675,0,169023,2,0
A108044,2023-12-12,771,0,401729,0,0
A108045,2025-02-18,679,2,2367106,0,0
A108046,2022-07-26,835,5,45860,0,0
A108047,2025-08-25,839,2,51012,1,0
A108048,2024-11-28,614,4,538520,0,0
A108048,2024-10-27,766,0,323678,0,0
A108049,2024-08-24,820,1,529694,0,0
A108051,2022-07-12,796,4,167609,0,0
A108052,2022-05-14,850,1,242679,0,0
A108053,2023-05-29,830,5,99237,0,0
A108054,2022-11-26,561,1,299808,0,0
A108056,2023-05-22,812,5,130637,0,0
A108058,2025-07-24,830,4,1101832,0,0
A108060,2022-05-22,741,3,147503,0,0
A108060,2022-04-19,848,0,312486,0,0
A108061,2022-06-09,842,1,366539,1,1
A108062,2022-11-02,850,3,266240,1,0
A108063,2025-03-01,815,1,382673,1,0
A108064,2023-04-16,766,3,29235,0,0
A108065,2024-10-21,688,1,76338,0,0
A108066,2025-03-31,763,3,246883,2,0
A108067,2023-05-17,850,1,143327,2,0
A108068,2025-10-27,748,3,285416,0,0
A108069,2022-11-30,742,1,186392,0,0
A108070,2024-04-15,721,3,265819,1,0
A108072,2022-10-01,838,5,666412,0,0
A108074,2025-10-17,680,0,234210,0,0
A108075,2025-09-26,836,3,672987,2,0
A108076,2024-04-17,641,4,251693,0,0
A108077,2023-05-31,685,1,121378,0,0
A108078,2022-09-16,822,3,159985,1,0
A108079,2025-07-11,850,0,269274,0,0
A108080,2025-06-14,806,0,501269,1,0
A108081,2024-07-30,604,3,141678,1,0
A108082,2022-03-24,645,5,308173,0,0
A108083,2023-08-27,693,3,1211291,0,0
A108084,2024-06-26,850,3,289462,0,2
A108085,2022-05-21,799,1,351906,2,0
A108086,2025-05-09,656,1,78196,0,0
A108087,2024-03-05,713,2,150058,2,1
A108088,2022-11-17,710,1,12103,0,0
A108089,2023-08-04,759,4,168255,0,0
A108090,2022-04-30,850,2,87527,1,0
A108091,2023-05-18,651,0,69408,0,0
A108092,2022-12-16,714,4,64322,0,0
A108093,2025-08-24,819,1,295463,0,0
A108094,2022-02-14,762,1,37709,0,0
A108094,2022-01-18,748,5,221899,0,0
A108095,2023-10-06,692,3,82984,0,0
A108097,2023-11-14,850,2,94381,0,0
A108099,2024-07-18,821,2,237972,0,0
A108100,2023-07-23,783,1,103994,0,1
A108101,2024-11-04,815,1,439568,0,0
A108102,2022-02-02,850,2,510415,0,0
A108103,2025-10-17,719,0,88771,0,0
A108104,2025-09-13,726,0,115705,0,1
A108106,2025-02-05,850,3,101844,0,0
A108108,2025-01-04,761,4,207362,1,0
A108109,2022-05-18,707,2,64152,0,0
A108110,2022-10-18,803,6,146060,0,0
A108111,2025-06-03,751,0,554961,0,0
A108112,2024-04-05,764,0,299190,0,0
A108113,2025-07-15,850,0,225476,0,0
A108115,2023-11-23,633,2,325110,0,0
A108116,2022-05-06,788,4,38234,0,0
A108117,2022-06-06,782,2,247973,0,0
A108118,2024-01-15,850,3,1671431,2,0
A108119,2022-09-01,705,3,133846,1,0
A108120,2024-07-28,850,3,311754,2,0
A108121,2023-05-23,850,4,141830,0,0
A108124,2022-10-11,768,0,143584,3,0
A108125,2023-12-01,832,3,499580,3,0
A108126,2025-10-05,570,2,104596,3,0
A108127,2024-10-20,850,1,56917,1,0
A108128,2025-10-15,723,3,30466,0,0
A108129,2023-07-15,850,3,223242,0,0
A108130,2025-03-26,815,1,124328,0,0
A108131,2022-05-13,660,0,307012,0,0
A108132,2022-04-20,604,2,46586,3,0
A108132,2022-03-23,816,0,334355,0,0
A108134,2024-09-26,850,0,200006,2,0
A108135,2023-12-26,850,2,192584,0,0
A108136,2025-11-20,850,3,55296,1,0
A108137,2023-10-05,629,2,68044,0,0
A108139,2025-03-04,751,3,114679,0,0
A108140,2024-02-03,714,4,191350,0,0
A108141,2025-12-05,811,2,163170,0,0
A108141,2025-11-02,751,4,149604,0,0
A108142,2023-06-23,736,2,281856,0,0
A108142,2023-05-26,629,0,761666,0,0
A108143,2025-01-20,769,0,191595,1,0
A108144,2024-09-04,745,3,1264213,1,0
A108145,2025-07-11,834,3,125863,0,1
A108146,2022-11-08,746,2,123239,0,0
A108148,2024-08-15,850,3,226494,0,0
A108149,2025-04-04,850,3,836744,0,0
A108150,2024-12-16,618,4,389322,1,0
A108151,2022-07-17,686,0,2016588,1,0
A108153,2025-11-19,744,4,575340,0,0
A108154,2025-09-04,850,3,581346,0,0
A108155,2024-03-22,611,0,127522,0,0
A108156,2022-09-29,850,0,256521,1,0
A108157,2024-03-19,788,3,260588,0,0
A108157,2024-02-18,821,2,162791,0,0
A108158,2024-03-12,765,4,32047,0,0
A108159,2025-12-11,850,3,134036,0,1
A108160,2025-12-12,850,3,59613,0,0
A108161,2024-06-06,569,1,221232,0,0
A108162,2023-04-16,694,0,107863,1,0
A108163,2023-02-10,835,2,170786,0,0
A108164,2024-05-02,608,2,119562,2,0
A108165,2025-07-13,668,3,2400299,0,0
A108166,2024-10-07,850,5,436655,2,0
A108167,2025-07-05,785,3,650550,0,0
A108168,2022-08-14,831,2,91112,0,0
A108169,2023-12-31,742,0,420883,0,0
A108170,2022-07-09,850,3,382102,1,0
A108171,2022-07-16,782,1,17287,0,0
A108172,2023-01-05,640,1,160888,1,0
A108172,2022-12-07,850,6,132803,2,0
A108173,2025-05-17,768,4,71149,1,0
A108174,2025-10-31,837,4,43274,0,0
A108175,2025-11-21,850,1,424091,3,0
A108176,2024-01-10,690,5,366312,0,0
A108177,2023-10-14,850,0,73103,0,0
A108178,2025-05-27,850,3,983530,0,0
A108179,2024-02-14,771,0,261419,1,0
A108180,2022-06-20,850,5,121422,0,0
A108181,2022-06-02,712,0,110396,0,1
A108182,2025-06-23,775,2,116881,3,0
A108183,2023-03-17,797,0,1008751,2,0
A108184,2024-10-09,566,3,154363,1,0
A108185,2023-04-30,829,4,49362,0,0
A108186,2023-10-18,817,4,1102415,0,0
A108186,2023-09-18,603,7,77623,0,0
A108187,2024-05-09,747,1,193146,2,0
A108188,2025-01-20,767,4,1549908,0,0
A108190,2025-08-30,737,0,512554,0,0
A108191,2022-06-02,636,3,130719,0,0
A108192,2023-04-06,666,2,53925,0,0
A108193,2022-06-28,633,1,179160,0,0
A108193,2022-05-29,723,4,137250,0,0
A108194,2024-02-15,739,0,345808,1,1
A108194,2024-01-15,703,1,99088,1,0
A108195,2024-07-04,617,1,266725,1,0
A108196,2022-11-17,663,0,281513,1,0
A108197,2025-04-15,850,3,77717,3,0
A108198,2025-03-22,539,3,239824,3,0
A108199,2023-08-30,807,3,467011,0,0
A108200,2025-01-11,850,1,26701,1,0
A108201,2025-02-25,850,2,103286,0,0
A108202,2025-10-23,827,4,321528,0,0
A108203,2023-11-29,747,0,42279,2,1
A108204,2024-01-22,749,6,41873,0,0
A108205,2022-03-24,634,0,91144,0,0
A108206,2024-04-12,798,1,170014,2,0
A108207,2023-03-16,663,2,127098,0,3
A108208,2023-08-28,673,2,274004,0,0
A108208,2023-07-26,764,3,110737,0,0
A108209,2025-02-04,755,0,123420,0,0
A108210,2022-04-10,620,0,235128,1,0
A108211,2023-04-15,723,3,293001,0,0
A108212,2025-09-23,799,0,43822,0,0
A108213,2024-11-06,780,3,696862,0,0
A108214,2022-06-01,773,0,480823,0,0
A108215,2025-12-21,850,2,303517,2,0
A108216,2022-12-18,803,2,185908,0,0
A108216,2022-11-18,850,3,169094,0,0
A108217,2025-09-10,770,1,236530,0,0
A108218,2025-12-19,806,3,351704,0,0
A108220,2023-10-08,810,4,253477,0,0
A108221,2025-02-25,712,2,87417,2,0
A108222,2023-08-28,561,2,110305,0,0
A108223,2022-06-11,850,3,33603,0,0
A108223,2022-05-11,808,3,72153,0,0
A108224,2022-11-29,850,0,250300,0,0
A108225,2024-03-06,645,1,744109,0,0
A108226,2023-12-13,604,2,341181,1,0
A108226,2023-11-13,850,0,177624,0,0
A108227,2024-10-26,726,3,128315,0,0
A108228,2024-12-22,840,0,117793,0,0
A108229,2023-06-21,850,1,153837,0,0
A108230,2022-12-03,735,3,154483,0,0
A108232,2023-02-04,834,3,104298,1,0
A108233,2025-12-07,775,0,317480,0,0
A108234,2025-10-13,850,2,174065,0,0
A108235,2025-02-14,796,3,148533,2,0
A108236,2022-12-25,789,0,195864,2,0
A108237,2024-08-07,850,3,862320,3,0
A108238,2025-12-12,709,0,365586,0,0
A108239,2023-04-23,850,4,53745,1,0
A108240,2023-06-10,709,3,137749,0,0
A108241,2025-03-12,807,3,348713,0,0
A108242,2025-07-22,634,5,164089,0,0
A108243,2024-12-12,640,0,555226,0,2
A108243,2024-11-14,686,5,401714,0,0
A108244,2024-03-11,825,3,91632,2,0
A108245,2025-01-30,850,0,616975,0,0
A108246,2025-11-25,770,6,204747,0,0
A108247,2024-08-18,654,0,758882,0,0
A108247,2024-07-22,530,4,35579,0,0
A108248,2024-09-29,643,3,440777,0,1
A108249,2024-10-27,669,3,62881,2,0
A108251,2022-11-27,850,4,195760,0,0
A108253,2023-07-26,838,0,33461,2,0
A108254,2025-03-13,793,1,65480,0,0
A108255,2022-01-27,763,5,217211,0,0
A108256,2025-03-10,728,2,502657,2,0
A108257,2025-02-09,809,2,433429,0,0
A108258,2023-12-27,618,5,87977,0,0
A108259,2024-03-25,850,5,28472,1,0
A108260,2025-07-07,850,0,154364,0,0
A108262,2023-09-03,839,2,66784,0,0
A108263,2022-01-11,763,0,109087,0,0
A108264,2022-05-20,778,1,171021,0,0
A108264,2022-04-23,850,6,238357,0,0
A108265,2025-03-03,760,0,299081,2,0
A108266,2023-05-29,706,4,126324,0,0
A108267,2025-01-19,797,5,144977,0,0
A108268,2023-11-08,850,4,290411,0,0
A108269,2023-07-26,850,1,284330,1,0
A108270,2025-01-02,792,6,114750,0,0
A108271,2025-07-09,850,6,87147,0,0
A108272,2022-06-20,800,1,64414,0,0
A108273,2023-08-29,850,3,208533,0,0
A108274,2025-06-04,850,2,2012807,0,0
A108275,2023-01-19,850,2,344388,3,0
A108276,2022-02-12,750,2,108309,1,0
A108276,2022-01-12,684,5,60514,0,0
A108277,2023-03-10,732,0,28154,0,0
A108279,2024-08-01,796,3,124727,0,0
A108280,2024-05-25,847,2,482009,0,0
A108281,2025-02-25,835,4,156047,1,0
A108282,2022-04-04,806,3,150519,2,0
A108283,2022-04-11,850,2,382107,1,0
A108284,2023-11-08,766,2,452537,0,0
A108285,2023-05-07,850,0,71283,0,0
A108286,2025-08-05,846,3,480059,0,0
A108288,2025-03-17,850,2,593188,0,0
A108289,2022-11-01,639,0,434845,0,0
A108290,2022-12-29,850,3,81509,1,1
A108290,2022-12-01,823,2,60527,0,0
A108291,2022-02-19,649,2,257701,1,1
A108292,2023-09-10,832,1,178514,0,0
A108293,2024-12-16,850,1,277784,0,0
A108294,2024-06-30,702,3,243470,0,0
A108295,2022-05-12,735,2,97133,0,0
A108296,2022-12-19,781,4,91235,1,0
A108297,2022-01-11,850,0,123031,0,0
A108298,2024-11-16,850,0,50933,2,0
A108299,2023-12-11,787,3,154694,2,0
A108300,2025-11-07,728,3,154883,1,0
A108301,2024-03-26,842,1,66420,0,0
A108302,2025-06-26,726,1,190314,2,0
A108303,2024-10-07,796,0,67493,0,0
A108303,2024-09-04,850,2,360201,0,0
A108304,2025-12-21,801,4,82489,0,0
A108305,2023-03-12,850,0,15907,0,0
A108305,2023-02-08,696,2,336374,1,0
A108306,2025-08-01,850,2,468590,0,0
A108307,2024-09-05,796,1,22520,0,0
A108308,2023-04-19,850,1,91437,0,0
A108309,2022-08-12,628,3,55038,0,0
A108310,2022-06-11,810,4,147535,0,0
A108311,2025-01-26,820,2,379221,0,0
A108312,2023-06-16,797,4,183090,0,0
A108313,2023-07-23,785,5,252465,0,0
A108315,2023-04-11,733,3,1915194,0,0
A108316,2024-07-09,758,0,303801,0,0
A108317,2022-10-04,850,4,133168,0,0
A108318,2025-03-04,688,2,73293,0,0
A108319,2023-09-03,613,2,225661,0,0
A108320,2022-08-30,850,1,279521,0,0
A108321,2024-08-01,680,4,157579,1,0
A108322,2023-02-06,850,2,155946,0,0
A108323,2022-08-26,722,3,533519,0,0
A108324,2025-06-13,850,0,143437,1,0
A108325,2025-10-06,850,5,81578,0,0
A108326,2025-12-18,796,2,727203,0,0
A108327,2022-08-26,582,1,33457,0,0
A108328,2023-12-31,850,0,142564,0,0
A108329,2024-05-26,768,0,311935,0,0
A108330,2025-01-16,826,0,50524,2,0
A108330,2024-12-16,537,4,52350,0,0
A108331,2024-01-09,850,5,252462,0,0
A108332,2022-06-04,850,0,35957,2,0
A108333,2022-10-14,639,2,46788,0,0
A108334,2025-06-20,827,4,257106,1,0
A108335,2025-06-27,772,3,298614,1,0
A108336,2024-06-14,816,3,176182,0,0
A108337,2024-04-05,691,2,48201,0,0
A108338,2023-11-23,766,1,519735,1,0
A108339,2023-01-18,802,1,54265,0,0
A108340,2025-10-15,798,4,470705,1,0
A108341,2022-10-06,839,2,86124,0,0
A108342,2024-11-27,722,0,37536,0,0
A108343,2025-10-16,657,5,1184513,3,0
A108344,2025-07-30,727,3,239241,0,0
A108345,2023-07-10,850,3,238137,2,0
A108346,2022-02-25,804,1,144390,0,0
A108347,2024-04-19,790,2,219836,0,0
A108350,2025-10-09,758,2,204443,3,0
A108351,2022-03-24,836,5,62796,1,0
A108353,2024-07-01,850,2,11620,0,0
A108354,2025-02-23,819,4,120720,0,0
A108355,2022-04-19,850,1,108808,0,0
A108356,2025-07-28,800,0,159431,0,0
A108357,2025-08-27,742,3,901466,0,0
A108358,2024-10-30,850,0,146509,0,0
A108359,2023-03-15,768,4,20567,2,0
A108360,2022-06-28,758,1,292811,0,0
A108361,2022-05-12,660,2,30746,1,0
A108362,2024-01-21,850,1,130516,3,0
A108363,2023-07-06,653,3,89657,0,0
A108364,2024-11-10,850,3,76153,0,0
A108365,2024-06-02,763,3,554461,0,0
A108366,2023-08-11,842,3,59607,2,0
A108367,2022-07-18,848,2,54893,0,0
A108368,2025-09-10,517,0,304417,0,0
A108369,2023-10-09,850,1,29373,0,0
A108369,2023-09-06,816,0,95363,1,0
A108370,2023-09-06,751,6,300217,0,1
A108371,2024-10-26,850,0,281570,0,0
A108372,2023-08-09,850,2,334327,0,0
A108373,2024-06-05,798,2,82652,0,0
A108374,2025-09-19,850,1,276020,1,0
A108375,2023-03-26,850,1,51495,1,0
A108376,2022-09-22,806,2,64218,1,0
A108377,2023-01-21,776,2,217448,0,0
A108378,2025-12-14,764,4,556885,1,0
A108379,2025-01-11,746,2,58134,0,0
A108379,2024-12-13,626,1,194703,0,0
A108380,2024-05-16,797,4,660695,2,0
A108381,2023-10-21,789,3,33868,0,0
A108382,2023-11-29,677,3,32744,1,1
A108384,2023-03-20,850,5,201923,0,0
A108385,2023-06-09,836,0,1480847,0,0
A108386,2022-03-11,657,3,114738,3,1
A108386,2022-02-10,594,4,291355,0,1
A108387,2023-02-09,850,0,246522,0,0
A108388,2024-08-01,850,1,897591,0,0
A108389,2022-06-22,704,2,79504,2,0
A108390,2023-01-30,467,1,183682,2,0
A108391,2025-06-03,843,2,242625,0,0
A108392,2025-06-13,850,3,580081,0,0
A108393,2025-08-21,784,2,1374507,0,0
A108394,2023-05-20,750,3,136371,2,0
A108395,2025-12-12,767,3,694016,1,0
A108396,2024-04-25,648,4,196124,0,0
A108397,2022-12-17,850,1,218281,0,0
A108398,2024-11-26,850,4,48252,0,0
A108400,2024-08-11,837,3,652727,0,0
A108400,2024-07-11,850,7,534693,3,0
A108401,2025-04-19,658,4,501772,0,0
A108403,2022-12-30,802,0,255629,1,0
A108404,2024-06-13,787,1,89087,0,0
A108405,2025-11-18,850,0,218108,0,0
A108407,2025-10-27,750,0,89986,0,0
A108408,2024-04-25,785,0,154339,0,0
A108408,2024-03-25,652,0,147799,1,0
A108409,2022-09-14,586,1,2359922,1,0
A108410,2025-05-25,756,1,55953,0,0
A108411,2023-04-23,850,3,205131,1,0
A108412,2024-11-24,739,4,191181,0,0
A108413,2025-02-26,729,0,133585,0,2
A108413,2025-01-29,666,2,379419,2,0
A108414,2025-12-08,791,5,186139,1,0
A108415,2023-12-27,850,1,184911,2,0
A108416,2024-08-29,735,1,1320276,0,0
A108417,2022-03-09,539,0,180034,0,0
A108418,2022-10-09,791,3,482853,0,0
A108420,2024-08-07,821,0,388812,0,0
A108421,2025-08-25,802,0,794155,0,0
A108422,2023-08-02,850,4,236181,0,0
A108423,2022-03-13,613,6,316686,0,0
A108424,2024-12-31,846,1,191075,0,0
A108425,2023-04-16,658,5,61331,2,1
A108426,2023-11-12,775,3,482611,0,0
A108427,2023-03-11,741,1,136547,0,0
A108427,2023-02-09,783,3,206230,0,0
A108428,2022-02-15,768,3,146263,0,0
A108429,2025-11-12,737,1,84075,0,0
A108430,2024-01-08,850,2,163506,0,0
A108431,2024-10-20,850,3,322367,0,0
A108432,2023-11-07,684,2,35726,0,0
A108433,2025-09-11,795,1,410342,0,0
A108434,2024-05-29,840,0,255529,0,0
A108435,2025-01-18,792,6,547507,1,0
A108436,2025-08-04,850,1,59481,0,0
A108437,2024-07-14,668,2,151608,0,0
A108438,2022-12-14,689,2,254404,0,0
A108439,2024-10-29,830,0,57308,0,0
A108440,2023-06-05,850,1,113633,0,0
A108441,2023-02-25,516,1,100720,0,0
A108442,2022-11-15,781,2,63507,1,0
A108443,2022-09-10,794,2,71226,0,0
A108443,2022-08-12,646,4,91641,0,0
A108444,2025-09-15,709,3,77776,1,1
A108447,2025-07-09,850,0,256187,2,0
A108447,2025-06-06,836,1,81188,1,0
A108448,2023-06-16,671,2,67344,0,0
A108449,2025-02-04,801,2,103417,0,0
A108450,2023-02-20,850,0,134286,0,0
A108451,2022-03-01,739,3,391220,0,0
A108452,2025-08-27,850,3,56844,0,0
A108453,2024-08-08,850,1,150650,0,0
A108454,2024-11-03,747,2,322316,0,0
A108455,2025-01-26,844,1,670999,0,0
A108459,2023-07-19,798,1,145544,0,0
A108460,2022-04-24,623,0,172316,0,0
A108461,2024-12-31,850,5,118507,0,0
A108462,2022-12-23,560,0,494893,0,0
A108463,2022-06-28,592,1,311464,0,0
A108464,2024-07-12,775,4,155298,0,0
A108465,2024-01-12,779,0,503493,0,0
A108466,2024-06-13,846,0,205898,0,0
A108466,2024-05-15,711,0,154270,0,0
A108467,2024-03-31,742,3,66099,1,0
A108468,2025-06-07,813,4,57142,0,0
A108469,2025-06-21,850,0,26755,2,0
A108470,2024-09-17,822,2,603206,0,0
A108471,2025-04-12,812,5,421141,3,0
A108472,2023-11-19,562,0,85359,1,0
A108473,2023-05-01,850,0,173669,3,0
A108474,2024-09-08,850,3,296914,0,0
A108475,2024-10-19,834,2,363564,1,0
A108476,2022-09-26,773,0,807665,0,0
A108477,2022-03-14,832,0,798487,2,0
A108479,2022-12-28,654,2,82827,0,0
A108480,2025-06-09,754,3,342775,0,0
A108481,2025-05-20,711,3,307752,2,0
A108482,2022-05-24,720,2,311206,0,0
A108483,2022-10-22,829,5,42594,0,0
A108485,2025-07-09,732,3,122553,2,0
A108486,2024-09-09,689,1,73159,0,0
A108487,2024-12-11,729,3,279252,0,0
A108488,2024-10-08,787,1,25060,2,0
A108489,2025-06-13,762,2,86233,2,0
A108490,2022-10-26,755,5,329433,0,0
A108491,2022-07-03,653,1,240483,0,0
A108492,2025-11-15,850,1,984881,1,0
A108493,2022-10-20,694,4,173890,0,0
A108494,2024-08-30,774,0,197227,0,0
A108495,2022-12-15,850,1,147181,0,0
A108496,2022-09-21,850,2,416893,1,0
A108497,2022-09-23,647,0,53476,0,0
A108497,2022-08-24,850,1,193352,0,0
A108498,2023-09-06,775,2,489600,0,0
A108499,2022-09-19,806,3,134599,0,0
A108500,2022-09-29,727,2,106913,0,0
A108501,2023-10-25,772,7,294421,0,0
A108501,2023-09-24,850,4,1512265,0,0
A108502,2023-06-28,850,1,159670,0,0
A108503,2023-12-13,850,1,245413,0,0
A108503,2023-11-13,555,1,107429,0,0
A108504,2025-06-14,850,2,85063,0,0
A108506,2024-02-06,750,0,59104,0,0
A108508,2022-05-13,780,3,55005,0,0
A108509,2024-03-06,825,2,327280,0,0
A108510,2025-11-19,813,4,374758,2,0
A108511,2025-04-25,795,1,641093,0,0
A108512,2024-09-23,681,3,37079,1,0
A108513,2023-10-06,824,3,170014,0,0
A108514,2025-06-07,837,0,685599,0,0
A108515,2024-06-25,599,0,59999,0,0
A108516,2025-11-13,850,4,158147,0,0
A108517,2024-08-08,701,3,111791,0,0
A108518,2022-07-24,707,4,175160,1,0
A108519,2023-11-19,714,2,160375,0,0
A108521,2024-11-03,753,3,245417,0,0
A108521,2024-10-04,850,3,168751,0,0
A108522,2024-05-14,830,0,527700,1,0
A108523,2023-03-07,694,3,351616,1,0
A108524,2025-09-18,742,1,356184,3,0
A108525,2023-11-12,738,2,437310,3,0
A108526,2024-09-24,755,0,105677,0,0
A108527,2022-07-29,850,2,816498,1,0
A108528,2022-02-01,836,6,293997,0,0
A108529,2023-07-31,836,2,138389,0,0
A108531,2024-09-14,850,2,744317,1,0
A108532,2022-12-05,791,4,1014832,0,0
A108533,2024-03-03,762,3,1050167,0,0
A108534,2024-11-09,744,3,134271,0,0
A108536,2024-03-27,850,3,271193,0,0
A108537,2024-12-19,812,2,207621,1,0
A108538,2024-04-25,850,1,393526,0,0
A108539,2024-01-29,826,0,308377,0,0
A108540,2022-12-09,849,2,476360,0,0
A108541,2024-06-15,587,4,401800,0,0
A108542,2023-12-28,850,0,89114,0,0
A108543,2023-09-17,775,2,220636,2,0
A108544,2022-03-04,727,4,230921,2,0
A108545,2024-05-23,850,5,59954,0,0
A108546,2022-04-15,850,4,301232,0,0
A108546,2022-03-14,703,5,125357,2,0
A108547,2022-04-06,731,3,206693,0,0
A108548,2022-01-28,794,2,133472,0,0
A108551,2024-12-27,644,5,482686,0,0
A108552,2025-02-28,850,2,93794,1,0
A108553,2025-05-04,726,0,347196,1,0
A108554,2022-03-23,845,3,121746,0,0
A108555,2023-11-21,850,2,27188,3,0
A108556,2023-01-08,721,4,204796,0,0
A108557,2022-04-27,850,0,1140914,3,0
A108558,2025-05-17,737,2,119653,0,0
A108560,2025-02-20,736,1,123295,1,0
A108561,2025-03-09,850,0,212785,0,0
A108563,2023-05-15,850,3,144025,3,0
A108564,2025-01-22,850,2,82829,0,0
A108565,2022-10-20,778,3,175511,0,0
A108566,2022-04-14,640,1,896796,1,0
A108567,2025-09-14,850,4,290372,1,0
A108568,2022-08-25,541,3,286615,1,0
A108569,2022-07-26,777,1,209153,0,0
A108570,2024-04-22,850,3,273884,0,0
A108571,2022-09-02,850,0,139953,0,0
A108572,2023-05-24,850,0,666875,0,0
A108573,2022-12-07,530,3,54874,0,0
A108574,2024-07-17,694,1,121273,0,0
A108575,2025-07-25,850,5,964499,0,0
A108576,2022-10-14,764,1,69539,0,0
A108576,2022-09-15,689,2,305879,0,0
A108578,2024-01-07,850,3,57324,0,0
A108579,2022-09-20,850,1,311852,0,0
A108580,2022-02-24,800,3,442714,0,0
A108581,2024-12-27,850,3,316279,0,0
A108582,2025-09-29,785,2,185208,0,0
A108583,2023-11-26,850,3,78290,0,0
A108583,2023-10-28,806,3,229152,2,0
A108584,2025-05-01,690,4,140066,0,0
A108585,2025-01-18,769,2,1011447,3,0
A108586,2025-11-10,748,1,73120,0,0
A108587,2023-06-05,725,2,376827,0,0
A108588,2024-02-20,741,3,434458,0,0
A108589,2022-01-14,850,1,681151,0,0
A108590,2025-04-23,695,0,295563,0,0
A108591,2022-10-31,850,2,31866,1,0
A108592,2024-07-04,622,3,143184,0,0
A108593,2024-06-26,693,3,109194,0,0
A108594,2024-10-25,583,3,829498,1,0
A108595,2023-01-13,850,2,138834,0,1
A108596,2024-01-31,725,4,407580,1,0
A108598,2022-07-30,760,4,316505,0,0
A108599,2024-09-27,778,3,92719,0,0
A108601,2025-12-21,807,3,253899,0,0
A108602,2024-08-19,757,0,97609,0,0
A108603,2024-02-19,684,4,491435,0,0
A108604,2023-10-20,739,7,82892,3,0
A108605,2025-11-03,769,1,63796,0,0
A108606,2023-02-07,839,4,121347,1,0
A108607,2025-04-29,662,1,41927,0,0
A108609,2025-02-02,799,0,44546,0,0
A108610,2023-10-20,792,1,379493,0,0
A108611,2024-05-24,850,5,219122,0,0
A108612,2024-07-17,850,1,154081,1,0
A108613,2022-11-12,805,0,201654,0,0
A108614,2023-09-20,673,0,749515,1,1
A108615,2024-12-28,792,7,201148,0,0
A108615,2024-11-28,661,0,119265,0,0
A108616,2023-12-23,850,4,413603,0,0
A108617,2024-08-13,811,1,149175,0,0
A108618,2025-11-19,850,2,91655,2,0
A108619,2022-06-15,835,3,72907,1,0
A108619,2022-05-19,755,1,43481,0,0
A108620,2022-02-22,844,4,61766,1,0
A108621,2022-05-11,850,2,250360,0,0
A108622,2024-02-08,850,1,93539,0,0
A108623,2025-10-07,685,3,50518,0,0
A108624,2025-08-03,712,2,63015,0,0
A108625,2025-07-13,683,5,110615,0,0
A108626,2023-05-19,747,3,488276,0,0
A108627,2025-08-02,695,2,173987,0,0
A108628,2023-01-08,699,7,268481,2,0
A108629,2022-02-01,850,0,134983,0,0
A108630,2024-06-12,850,4,100628,0,0
A108631,2022-03-06,552,0,351923,0,0
A108632,2023-03-12,770,2,442386,2,0
A108633,2025-08-20,722,0,166973,0,0
A108634,2023-08-19,713,2,125109,0,0
A108635,2022-09-19,831,1,448065,0,0
A108635,2022-08-20,815,2,196128,0,0
A108636,2024-06-08,781,4,498556,3,0
A108638,2024-07-08,850,5,78367,0,0
A108639,2024-09-21,699,3,554280,0,0
A108640,2023-03-11,739,1,129582,0,0
A108641,2025-11-07,822,3,439461,0,0
A108642,2023-03-04,678,3,40255,1,0
A108643,2024-02-15,850,2,133604,0,0
A108644,2022-10-19,674,1,306465,0,0
A108645,2022-07-21,787,2,44402,0,0
A108646,2022-08-06,613,3,94536,0,0
A108647,2025-08-18,762,4,608824,0,0
A108648,2023-01-06,850,4,31850,0,0
A108649,2025-06-18,850,5,156205,0,0
A108650,2023-11-12,607,2,57056,1,0
A108651,2023-02-11,842,3,157770,0,0
A108654,2024-10-27,705,3,578618,1,2
A108655,2022-04-30,777,4,30996,0,1
A108656,2022-08-05,673,2,102067,1,0
A108656,2022-07-07,817,2,202917,0,0
A108657,2025-09-24,846,2,330884,0,0
A108658,2025-03-18,780,4,118582,0,0
A108660,2023-02-01,850,2,270538,3,0
A108660,2023-01-01,726,4,259311,2,0
A108663,2022-10-16,673,3,366559,0,0
A108664,2023-11-22,850,2,178028,0,0
A108667,2024-11-20,850,3,133922,0,0
A108668,2025-08-19,847,2,69408,1,0
A108669,2022-09-12,797,1,53869,0,1
A108670,2022-09-27,726,3,364318,0,0
A108671,2024-01-21,709,1,237054,2,0
A108672,2025-03-02,820,2,301152,3,0
A108674,2025-04-04,787,1,1696297,1,0
A108674,2025-03-02,590,3,129778,0,0
A108675,2024-04-08,643,3,341401,0,0
A108676,2024-09-27,850,2,1012297,1,0
A108677,2023-11-19,796,1,576351,0,0
A108678,2025-06-12,825,3,48495,2,0
A108679,2023-02-09,850,2,226509,0,0
A108680,2025-12-04,779,3,115389,0,0
A108681,2025-08-23,827,2,220703,0,0
A108682,2022-07-09,844,1,356205,0,0
A108683,2024-11-09,841,6,131587,0,0
A108684,2024-01-19,850,3,344658,0,0
A108685,2022-02-22,683,0,260195,2,0
A108686,2022-05-16,850,0,259858,0,0
A108687,2022-07-14,850,4,624277,0,0
A108688,2024-03-01,746,3,472581,0,0
A108689,2023-04-08,850,4,50666,0,0
A108690,2023-05-15,745,2,154599,0,1
A108691,2024-04-17,716,2,244547,1,0
A108692,2025-02-03,762,2,400898,1,0
A108693,2024-04-01,850,3,85726,0,0
A108695,2023-01-05,700,0,166598,1,0
A108695,2022-12-05,742,1,239226,0,0
A108696,2024-01-06,844,2,110580,0,0
A108697,2025-09-24,798,2,114099,0,0
A108698,2024-10-19,850,1,161723,0,0
A108699,2025-09-10,717,2,123963,0,0
A108700,2024-04-05,850,3,320904,3,0
A108701,2023-01-26,844,1,313845,0,0
A108702,2024-07-08,791,0,254590,0,0
A108703,2025-10-05,850,0,89919,0,0
A108705,2023-08-29,761,4,263422,0,0
A108706,2025-09-16,850,1,62354,0,0
A108708,2023-12-21,743,5,703911,0,0
A108709,2022-09-05,807,2,223233,0,0
A108710,2025-10-12,679,5,78664,2,0
A108711,2023-07-05,727,4,45384,2,0
A108712,2022-06-25,770,4,81452,0,0
A108713,2025-11-11,850,4,494927,0,0
A108714,2023-11-03,741,2,531214,0,0
A108716,2025-10-11,839,3,81388,0,0
A108717,2024-01-03,635,2,1002674,1,0
A108718,2024-01-08,850,3,183348,0,0
A108719,2024-05-19,740,4,96011,0,0
A108720,2022-06-29,696,1,196051,0,0
A108721,2024-01-25,850,3,127839,0,0
A108722,2022-06-12,846,1,260346,0,1
A108723,2022-11-16,850,0,414148,0,0
A108724,2023-06-17,712,0,31761,2,0
A108725,2023-05-15,850,1,838542,0,0
A108726,2025-02-11,831,2,146488,2,0
A108727,2023-07-19,819,0,241079,0,0
A108728,2024-06-12,850,3,32345,0,0
A108729,2022-01-28,836,3,142910,0,0
A108730,2023-03-04,612,4,433092,2,0
A108731,2025-06-02,850,1,266589,0,0
A108732,2023-09-28,792,0,390565,0,0
A108733,2023-06-18,665,2,148697,3,0
A108735,2024-07-27,771,4,247463,0,0
A108736,2022-08-26,839,4,392460,0,0
A108737,2023-04-24,787,2,47357,0,0
A108738,2024-10-23,844,3,478102,0,0
A108739,2024-01-21,850,1,447263,0,0
A108740,2024-10-21,628,2,77722,0,0
A108740,2024-09-18,850,4,91008,0,0
A108741,2025-03-25,779,2,89191,0,0
A108742,2025-04-17,675,4,149657,1,0
A108743,2025-01-15,725,3,764138,0,0
A108744,2025-04-25,739,0,42277,2,1
A108745,2022-02-07,605,3,262719,0,0
A108746,2024-03-02,797,2,70216,3,0
A108747,2025-09-30,729,1,340218,2,0
A108748,2023-08-08,850,6,242437,1,0
A108749,2023-12-21,843,0,224400,0,0
A108750,2022-07-29,850,3,92416,0,0
A108751,2024-07-30,647,2,95433,0,2
A108752,2024-08-15,620,1,236068,0,0
A108753,2024-12-11,817,6,163982,0,0
A108753,2024-11-10,730,2,280354,0,0
A108754,2024-12-22,687,4,498087,0,0
A108755,2022-11-15,740,1,181393,0,0
A108756,2022-05-25,826,1,955815,0,0
A108756,2022-04-24,690,1,385615,0,0
A108757,2024-12-02,850,2,337285,0,0
A108759,2022-12-15,850,3,68265,1,0
A108760,2025-10-27,750,0,137752,1,0
A108761,2025-05-11,757,5,279514,0,0
A108763,2025-04-08,675,2,708681,3,0
A108764,2024-10-25,831,0,556276,3,0
A108764,2024-09-25,844,3,80864,1,0
A108765,2024-04-30,827,3,43380,0,0
A108766,2025-01-01,699,3,130232,0,0
A108767,2022-10-30,723,2,151461,0,0
A108768,2023-03-14,751,1,812385,0,0
A108769,2024-03-01,841,0,207008,3,0
A108770,2022-07-23,850,3,140964,1,1
A108771,2025-12-24,757,0,329993,2,0
A108772,2022-12-16,803,0,129911,1,0
A108773,2025-09-25,725,2,29908,0,0
A108774,2022-07-12,850,3,87464,0,0
A108775,2025-11-23,850,0,308306,1,0
A108776,2023-07-04,708,0,129927,2,0
A108776,2023-06-06,829,3,732476,0,0
A108777,2025-12-14,643,5,70252,0,0
A108778,2024-06-10,807,1,609708,0,0
A108779,2022-07-02,832,4,56910,0,0
A108780,2022-12-22,795,8,135709,2,0
A108781,2022-02-08,850,4,229161,0,0
A108782,2022-02-28,703,4,353798,0,0
A108783,2024-07-12,753,4,163688,0,0
A108784,2022-10-13,650,2,616220,0,0
A108785,2022-07-29,850,2,565484,3,0
A108786,2025-04-27,850,3,365114,0,0
A108787,2025-08-25,850,4,488932,0,0
A108787,2025-07-28,850,3,287447,0,0
A108788,2025-04-04,838,1,214830,0,0
A108789,2022-04-18,823,2,37458,1,0
A108790,2024-09-14,811,1,955903,0,0
A108791,2023-03-02,819,1,40882,0,0
A108792,2024-11-13,739,3,155228,1,0
A108793,2023-10-11,683,2,441981,0,0
A108794,2025-06-02,590,0,352410,0,2
A108795,2023-09-17,850,2,669351,1,0
A108796,2023-05-24,675,2,855910,0,0
A108797,2024-01-28,760,3,151108,2,0
A108798,2024-06-18,651,0,275462,2,0
A108799,2022-03-09,789,1,385852,0,0
A108799,2022-02-09,747,2,286642,0,0
A108800,2024-12-31,758,4,111267,3,0
A108801,2023-11-30,850,4,148418,0,0
A108802,2022-09-30,850,2,152212,0,0
A108803,2024-10-10,850,6,65567,0,0
A108804,2023-09-12,783,2,1138205,1,0
A108805,2024-05-22,763,2,153728,0,0
A108806,2022-08-31,850,0,240182,0,0
A108807,2022-02-24,850,2,161585,0,0
A108808,2025-09-17,620,2,272171,0,0
A108809,2025-04-08,635,2,415524,0,0
A108810,2025-10-02,631,3,355373,0,0
A108811,2025-07-31,850,4,77998,0,0
A108812,2023-12-17,778,4,63519,0,0
A108813,2022-04-17,709,2,308122,0,0
A108814,2022-08-24,795,3,774969,1,0
A108815,2024-08-16,748,2,151796,1,0
A108816,2024-12-11,720,4,306231,3,0
A108817,2025-05-28,828,1,310668,0,0
A108818,2025-02-11,850,0,204246,2,0
A108819,2024-02-28,800,2,311362,1,0
A108820,2022-09-15,818,2,348065,2,0
A108821,2022-04-18,850,2,346099,0,0
A108822,2024-08-31,719,3,263659,2,0
A108823,2025-06-28,712,2,174328,2,0
A108824,2024-10-24,775,3,244870,0,0
A108825,2025-11-06,777,0,59438,0,0
A108826,2025-05-02,850,0,221158,3,0
A108828,2024-03-18,844,1,109309,0,0
A108829,2023-01-22,791,1,387808,0,0
A108830,2023-09-22,703,3,284129,1,0
A108832,2023-07-21,649,0,22570,0,1
A108832,2023-06-23,833,2,135175,1,0
A108833,2024-10-16,810,5,66541,0,0
A108835,2024-10-09,619,5,423835,0,0
A108836,2022-02-24,850,3,108492,0,0
A108837,2023-08-27,689,1,54151,0,0
A108838,2024-05-08,850,2,123052,0,0
A108839,2022-04-08,850,1,329726,0,0
A108840,2025-05-02,702,1,46195,0,0
A108841,2023-04-22,760,0,160412,0,0
A108843,2023-03-14,749,2,279536,1,0
A108844,2023-01-02,610,2,266807,0,1
A108845,2024-11-25,850,4,1207273,1,0
A108846,2024-10-06,713,1,100160,0,0
A108847,2025-02-24,707,4,383828,0,0
A108847,2025-01-25,786,3,341628,0,0
A108848,2025-03-13,737,2,284317,0,0
A108848,2025-02-12,833,2,420113,0,0
A108849,2023-08-17,776,1,329169,0,0
A108850,2023-02-07,850,3,229153,0,0
A108851,2025-06-16,850,3,259484,0,0
A108852,2025-12-01,850,2,92831,2,0
A108853,2025-09-03,834,3,107860,3,0
A108855,2025-01-26,850,2,445364,0,0
A108856,2024-12-16,850,1,284270,0,0
A108856,2024-11-15,850,0,570567,0,0
A108857,2024-02-26,835,6,226671,0,0
A108858,2024-07-31,747,4,365111,1,0
A108859,2023-11-29,705,2,272980,1,0
A108860,2024-12-18,670,6,139153,0,0
A108861,2023-05-05,850,3,80293,0,0
A108862,2024-01-02,850,3,216089,3,0
A108863,2024-05-14,780,1,546562,0,0
A108864,2022-08-01,850,3,208330,0,0
A108865,2023-06-12,850,1,574611,0,0
A108866,2024-05-11,850,2,880942,0,0
A108867,2023-08-17,844,3,68821,1,0
A108868,2022-02-08,748,1,273515,0,0
A108869,2025-05-23,797,1,339619,0,0
A108870,2023-09-17,820,2,15012,0,0
A108871,2024-06-29,666,0,68729,0,0
A108871,2024-06-01,646,0,345859,2,1
A108872,2025-05-13,850,2,15620,1,0
A108874,2022-06-26,752,0,1053902,0,0
A108875,2022-11-02,850,3,65685,0,0
A108876,2024-03-26,518,3,107473,0,0
A108877,2023-08-15,713,3,58055,0,0
A108878,2023-12-26,818,4,98660,0,0
A108879,2024-11-06,743,4,55544,0,0
A108880,2022-09-23,750,0,187509,0,0
A108881,2024-08-23,850,0,201030,0,0
A108882,2022-09-12,643,3,200703,3,0
A108883,2025-09-12,794,1,1185058,0,0
A108884,2024-01-17,703,1,1125151,0,0
A108885,2024-01-25,721,0,185460,1,0
A108886,2023-10-15,850,2,247737,1,0
A108887,2022-09-21,674,5,841147,0,0
A108889,2025-07-14,662,2,77693,2,0
A108890,2023-03-25,838,0,189387,3,0
A108891,2023-01-15,850,2,81708,0,0
A108893,2023-10-14,798,3,164359,3,0
A108894,2023-08-19,823,0,94944,3,0
A108895,2023-10-04,678,0,117558,0,0
A108896,2022-03-05,736,4,654602,3,0
A108897,2023-06-05,611,0,162721,0,0
A108897,2023-05-06,806,2,316363,0,0
A108898,2025-01-17,665,1,518178,1,0
A108899,2024-08-03,795,2,241811,1,0
A108899,2024-07-06,747,3,453018,0,0
A108900,2022-11-20,625,1,928633,1,0
A108902,2022-12-04,703,5,178014,0,0
A108903,2024-04-21,827,2,142117,1,0
A108904,2023-03-05,850,2,159572,0,0
A108905,2025-11-15,634,4,178348,3,0
A108907,2022-07-02,850,3,87386,2,0
A108908,2022-01-01,833,0,71873,0,0
A108909,2022-05-09,850,2,545028,0,0
A108910,2025-08-07,850,2,70796,2,0
A108911,2024-10-08,647,5,60142,0,0
A108912,2022-06-22,642,4,182309,0,0
A108913,2023-10-08,758,3,274327,2,0
A108914,2025-07-06,825,3,479917,0,0
A108915,2022-06-13,850,1,37262,1,0
A108916,2023-03-18,850,6,52165,3,0
A108917,2024-10-22,823,3,37629,1,0
A108918,2024-06-28,811,4,875912,0,0
A108919,2022-02-19,812,2,148219,2,0
A108920,2023-09-16,721,2,443896,0,0
A108921,2024-09-27,850,0,87915,2,0
A108922,2022-05-12,720,3,274854,0,0
A108923,2022-06-28,850,2,43255,0,0
A108924,2022-05-25,850,5,352767,0,0
A108925,2023-01-14,850,3,69334,0,0
A108926,2025-02-26,698,2,192647,0,0
A108927,2025-06-05,604,4,611338,0,1
A108930,2025-11-28,615,3,35403,0,0
A108931,2025-06-24,768,3,50514,0,0
A108932,2023-04-14,697,3,155381,0,0
A108933,2022-09-27,611,2,178831,0,0
A108933,2022-08-28,850,1,185975,0,0
A108934,2022-11-11,777,3,82421,0,0
A108935,2022-06-30,754,4,331927,1,1
A108936,2022-05-08,738,2,278019,0,0
A108937,2022-03-25,841,1,173697,0,0
A108938,2022-04-20,850,2,246241,0,0
A108939,2025-01-10,651,0,380307,0,0
A108939,2024-12-13,629,0,94695,0,0
A108940,2025-01-18,715,3,93217,0,0
A108941,2025-02-20,734,1,45457,3,0
A108942,2025-01-16,563,2,240218,0,0
A108943,2024-12-04,783,0,48625,1,0
A108944,2025-03-22,783,3,163577,0,2
A108945,2023-04-05,646,0,367149,0,0
A108947,2022-01-24,731,1,199843,0,0
A108948,2023-02-15,768,3,328975,0,0
A108949,2023-01-31,850,2,193418,0,0
A108949,2022-12-30,841,3,217898,1,0
A108950,2025-04-05,791,3,245142,1,0
A108951,2023-10-27,843,3,70128,3,0
A108952,2025-03-08,775,2,200068,0,0
A108953,2022-09-21,719,3,315647,0,0
A108954,2025-08-09,780,1,704728,0,0
A108955,2023-10-30,751,4,169285,0,0
A108956,2024-09-23,850,2,153855,0,0
A108958,2025-02-06,850,2,112929,0,1
A108959,2024-09-28,850,2,275602,0,0
A108961,2024-06-10,727,3,214478,1,0
A108962,2022-03-31,787,0,1065936,1,0
A108963,2024-10-20,788,3,77141,0,0
A108964,2024-06-22,850,3,533967,0,0
A108965,2022-08-15,706,1,138730,0,0
A108966,2024-12-14,769,2,781047,1,0
A108968,2024-01-04,762,5,694628,0,0
A108969,2025-12-27,850,0,271778,0,0
A108970,2024-01-15,850,3,114115,0,0
A108971,2023-07-29,742,1,958545,0,0
A108972,2025-07-10,850,3,1001559,0,0
A108973,2025-03-04,697,3,137259,0,0
A108974,2022-09-16,839,2,171954,0,0
A108975,2024-09-26,802,0,159599,1,0
A108976,2025-05-11,827,6,76185,0,0
A108977,2022-01-07,786,1,115261,0,0
A108980,2022-04-30,732,2,34911,0,0
A108981,2023-02-08,827,0,581946,0,0
A108982,2025-04-23,711,2,279441,0,0
A108984,2022-11-16,813,3,314981,0,0
A108985,2024-06-14,790,4,259783,2,0
A108986,2023-12-13,693,2,108527,1,0
A108987,2022-06-29,850,3,96985,2,0
A108987,2022-05-29,722,2,98406,0,0
A108988,2023-02-19,830,5,60115,2,0
A108989,2024-09-23,814,2,162660,1,0
A108990,2025-10-10,793,3,165295,2,0
A108991,2023-08-16,745,1,46906,0,0
A108992,2024-12-08,636,0,294358,0,0
A108994,2025-05-06,814,4,117057,0,0
A108995,2022-11-29,683,1,139155,0,0
A108996,2023-12-31,850,2,334519,0,0
A108997,2024-09-09,790,1,205405,0,0
A108999,2024-08-26,788,5,312210,0,0
A109000,2022-04-11,708,1,51764,0,0
A109001,2025-09-23,696,3,145933,0,0
A109002,2025-07-16,804,0,282170,0,0
A109003,2023-12-01,695,5,1303656,0,0
A109005,2025-03-14,814,3,516450,0,1
A109006,2025-11-14,850,3,174233,0,0
A109007,2025-11-09,773,0,230109,3,0
A109007,2025-10-11,850,0,75394,2,0
A109008,2022-06-10,850,1,102168,1,0
A109009,2024-03-30,816,1,185811,0,0
A109010,2025-07-06,850,0,293777,0,0
A109011,2023-04-07,848,3,76080,0,0
A109013,2023-12-29,686,0,211763,0,1
A109014,2023-07-14,809,4,78427,0,0
A109015,2024-02-25,812,1,97389,3,0
A109016,2024-02-09,850,0,42138,1,0
A109017,2024-11-06,777,0,110452,0,0
A109018,2022-06-25,850,2,193852,0,0
A109018,2022-05-26,850,1,1316412,0,0
A109019,2025-05-02,675,1,307271,0,0
A109020,2024-11-11,719,0,332563,0,0
A109021,2022-04-18,733,1,733975,0,0
A109021,2022-03-20,720,2,623525,0,0
A109022,2024-12-10,682,0,313724,0,0
A109022,2024-11-10,667,4,201293,2,0
A109023,2022-06-17,606,0,85987,0,0
A109024,2024-05-12,716,4,3659299,0,0
A109025,2023-10-12,847,2,164881,0,0
A109026,2024-09-19,750,3,89574,0,0
A109027,2022-11-02,814,0,139597,0,0
A109028,2024-09-19,818,4,506751,3,0
A109029,2023-08-15,717,3,267588,0,0
A109030,2025-10-05,769,2,269982,1,0
A109030,2025-09-04,850,5,504308,0,0
A109031,2024-09-27,774,2,56452,1,0
A109031,2024-08-30,642,1,427050,0,0
A109033,2023-06-03,850,0,346670,0,0
A109034,2022-07-12,822,4,271915,0,0
A109035,2023-07-20,757,3,30592,0,0
A109036,2024-07-20,850,6,392625,0,0
A109038,2022-01-09,814,0,156539,0,0
A109039,2023-02-08,850,3,690458,3,0
A109040,2022-02-07,850,3,1167351,0,0
A109041,2023-12-10,539,3,368704,0,0
A109042,2022-10-19,783,3,486518,1,0
A109043,2024-08-10,818,0,73279,0,0
A109044,2022-06-14,830,2,271657,0,0
A109044,2022-05-13,739,2,149212,0,0
A109045,2024-02-07,617,4,104886,0,0
A109046,2023-01-10,762,1,2825638,0,0
A109047,2022-09-08,744,2,276767,0,2
A109049,2025-05-29,850,1,597323,0,0
A109050,2022-11-14,700,0,76638,0,0
A109051,2025-11-01,803,2,111998,0,0
A109052,2024-07-25,737,4,249226,0,0
A109054,2024-07-17,816,0,256399,0,0
A109056,2022-06-12,818,0,37183,0,0
A109058,2023-06-12,631,3,202836,0,0
A109059,2024-07-25,837,3,370291,2,0
A109060,2025-04-26,725,2,550490,0,0
A109061,2025-01-22,817,2,459491,3,0
A109061,2024-12-20,694,1,3267451,0,0
A109062,2025-10-28,835,2,354802,1,0
A109063,2023-06-26,822,4,626178,0,0
A109064,2025-04-01,606,4,225913,2,0
A109064,2025-03-01,648,2,218511,0,1
A109065,2025-06-26,794,6,45144,0,0
A109066,2022-01-13,722,1,314373,0,0
A109067,2025-10-03,850,3,71035,1,0
A109069,2024-04-29,723,1,752730,0,0
A109070,2024-11-26,722,0,71318,0,0
A109071,2025-02-10,850,4,289881,1,0
A109072,2022-07-28,850,2,199413,0,0
A109073,2023-08-11,645,2,222278,2,0
A109074,2025-07-10,785,0,166248,0,0
A109075,2023-06-04,781,4,447484,0,0
A109076,2022-07-17,731,1,584363,0,0
A109077,2024-01-19,590,2,752611,0,0
A109078,2022-11-16,841,2,402814,1,0
A109079,2024-11-23,762,5,79392,0,0
A109080,2024-08-31,632,2,477078,0,0
A109081,2025-08-28,781,0,216270,3,0
A109082,2025-10-05,681,0,211904,0,0
A109083,2023-08-27,672,1,215733,1,0
A109084,2025-02-28,850,2,228522,0,0
A109085,2025-02-03,579,3,133389,0,0
A109086,2025-02-25,850,3,180491,0,0
A109087,2023-11-13,782,2,53510,0,0
A109088,2023-09-21,570,4,430400,1,0
A109089,2024-09-23,720,3,350596,2,0
A109090,2022-06-17,752,3,252970,1,0
A109091,2024-02-23,752,4,88037,1,0
A109092,2023-04-22,659,3,41155,0,0
A109093,2024-10-24,850,1,482719,0,0
A109094,2025-02-07,850,3,202516,2,0
A109094,2025-01-07,850,5,45203,0,0
A109095,2022-04-05,622,2,119139,0,0
A109096,2023-07-16,708,0,891465,3,0
A109097,2024-02-27,560,3,86444,0,1
A109098,2023-03-15,705,1,92655,0,0
A109099,2023-08-31,787,2,196194,0,0
A109100,2024-06-02,623,3,132218,0,0
A109101,2023-07-26,850,3,345486,0,0
A109101,2023-06-27,850,1,71184,0,0
A109102,2024-09-23,784,3,663659,0,0
A109103,2022-05-20,850,2,376359,0,0
A109104,2022-07-18,850,2,213601,0,0
A109105,2023-03-01,806,1,69345,0,0
A109106,2023-09-11,594,4,168519,0,0
A109107,2023-10-31,696,2,146741,0,0
A109108,2025-10-11,744,3,168554,0,0
A109109,2024-05-29,764,1,296352,2,0
A109110,2025-08-09,850,0,358722,0,0
A109111,2025-12-22,761,0,115538,1,0
A109112,2025-07-15,725,0,395506,0,0
A109113,2023-06-09,850,1,102889,0,0
A109114,2023-05-22,758,2,681488,2,0
A109115,2024-09-04,748,0,233233,0,0
A109115,2024-08-07,782,2,297903,0,0
A109116,2025-10-26,850,3,963813,0,0
A109117,2022-09-16,850,1,74277,0,0
A109118,2022-09-21,760,0,37612,0,0
A109119,2024-01-10,775,2,491755,0,0
A109120,2023-05-23,850,2,33578,0,0
A109121,2022-04-29,850,1,296929,0,0
A109121,2022-04-01,567,3,228059,0,0
A109122,2025-09-01,850,3,1212412,0,0
A109124,2022-07-20,564,0,381248,1,0
A109125,2025-03-25,703,4,34136,0,0
A109126,2022-10-06,775,0,111595,3,0
A109126,2022-09-04,850,3,97858,3,0
A109128,2024-03-02,847,0,159654,0,0
A109129,2024-01-10,736,0,140746,0,0
A109130,2022-03-15,706,3,109388,0,0
A109131,2024-04-22,850,1,70736,0,0
A109132,2024-01-27,596,5,24217,0,0
A109133,2024-08-19,813,2,150354,0,0
A109134,2023-04-30,770,3,335738,0,0
A109135,2025-08-20,794,1,135857,0,0
A109136,2023-09-29,830,1,49309,0,0
A109136,2023-09-01,738,4,100310,0,2
A109137,2022-05-22,824,3,421705,0,2
A109138,2022-02-06,685,2,157299,0,0
A109139,2024-11-11,850,0,34597,1,0
A109140,2022-05-18,850,2,155177,1,0
A109141,2023-09-30,671,2,257347,0,0
A109142,2022-12-01,736,1,127101,0,0
A109143,2022-11-12,574,6,73329,0,3
A109144,2024-03-17,850,2,203521,0,0
A109146,2024-09-02,807,0,268655,0,0
A109147,2022-11-02,747,6,80907,0,0
A109147,2022-10-03,794,3,128247,0,0
A109148,2025-11-26,850,1,47568,0,0
A109149,2024-06-03,662,6,310740,0,0
A109150,2023-05-19,755,4,1317612,1,0
A109151,2024-04-07,764,1,1092643,0,0
A109153,2022-01-03,739,2,164644,0,0
A109154,2024-05-20,850,2,288144,1,0
A109155,2024-07-23,711,0,175529,0,0
A109156,2024-11-29,770,1,154504,0,0
A109157,2024-05-17,620,0,577554,0,0
A109158,2024-10-10,848,0,96994,0,0
A109158,2024-09-10,782,2,335075,0,0
A109159,2024-09-19,850,1,244753,0,0
A109159,2024-08-22,850,1,171984,0,0
A109160,2025-02-12,823,1,157742,2,0
A109161,2022-03-27,537,1,336915,0,0
A109162,2024-09-15,768,2,117455,1,0
A109162,2024-08-13,654,3,84807,0,0
A109163,2024-05-28,639,2,143242,1,0
A109164,2024-04-22,832,2,499569,0,1
A109165,2024-11-05,850,2,151719,1,0
A109166,2025-02-02,807,5,43659,0,0
A109167,2024-06-17,731,2,150587,0,0
A109168,2025-09-28,791,1,371407,0,0
A109168,2025-08-30,803,0,645315,1,0
A109170,2024-01-04,850,1,208912,0,0
A109171,2022-01-13,828,5,1698534,0,0
A109172,2024-05-11,850,2,178284,0,0
A109173,2025-04-03,850,4,490696,0,0
A109175,2025-03-27,850,2,141687,1,0
A109176,2022-06-28,850,3,207346,0,0
A109177,2025-06-06,850,2,15794,1,0
A109178,2025-01-11,844,2,103081,1,0
A109179,2022-02-20,671,0,390057,0,0
A109180,2023-01-20,850,3,45415,0,0
A109181,2025-07-02,850,5,33285,0,0
A109182,2023-08-13,850,2,369775,1,0
A109183,2022-04-12,850,3,31413,0,0
A109184,2024-09-19,838,1,1831083,0,0
A109185,2025-10-06,743,3,175349,1,0
A109186,2023-07-26,850,2,78614,2,0
A109187,2024-08-25,699,0,421177,0,0
A109188,2022-07-02,636,3,123697,0,0
A109188,2022-05-31,677,3,42927,0,1
A109189,2023-04-19,773,0,110850,0,0
A109190,2025-02-07,740,4,301302,0,0
A109191,2024-03-30,741,2,337109,0,0
A109192,2025-01-16,723,3,253142,0,0
A109193,2022-12-10,850,0,173319,3,0
A109194,2024-09-23,850,1,283740,0,0
A109195,2023-12-27,850,0,145872,0,0
A109196,2023-04-07,757,1,275899,0,0
A109197,2025-04-04,850,0,444997,1,0
A109198,2023-03-04,850,3,445621,0,0
A109198,2023-01-31,546,4,104976,0,0
A109199,2022-05-20,688,3,222312,0,0
A109200,2022-09-06,717,2,301183,0,0
A109200,2022-08-08,850,0,308611,0,0
A109201,2022-06-09,850,0,122041,0,0
A109202,2025-01-23,801,1,182628,0,0
A109202,2024-12-21,791,3,96014,1,0
A109203,2023-08-12,850,0,562608,0,0
A109203,2023-07-11,774,0,276651,0,0
A109204,2022-07-14,850,1,177050,0,0
A109205,2023-05-11,655,0,131542,2,0
A109207,2023-06-13,808,1,546980,0,0
A109208,2025-05-25,699,0,90480,0,0
A109209,2022-04-22,850,3,159528,0,0
A109210,2023-01-18,580,0,226226,0,0
A109211,2024-05-11,803,2,247513,0,0
A109212,2023-12-13,783,3,108344,0,0
A109213,2024-03-16,777,3,431152,0,0
A109214,2024-05-20,850,4,103314,0,0
A109215,2025-07-01,771,3,417088,0,0
A109216,2025-04-20,774,2,303948,0,0
A109217,2024-02-28,850,4,142630,0,0
A109218,2022-03-20,765,3,597092,1,0
A109219,2022-12-01,711,2,134811,0,0
A109220,2022-06-11,716,4,154191,0,0
A109221,2022-10-29,850,1,161957,0,0
A109222,2023-03-06,834,3,243275,0,0
A109223,2023-06-28,839,1,40999,0,0
A109224,2024-03-25,790,4,540626,2,0
A109225,2023-10-24,632,2,198883,0,0
A109226,2022-01-23,673,9,38934,0,0
A109227,2024-05-18,772,0,725785,3,0
A109228,2025-04-20,850,4,496361,2,0
A109229,2024-01-22,812,3,320471,1,0
A109230,2025-11-16,850,0,149986,0,0
A109231,2023-11-20,805,3,273630,0,0
A109232,2025-04-18,761,3,44245,2,0
A109233,2024-10-02,714,4,302384,0,0
A109234,2024-08-21,787,1,198000,0,0
A109235,2023-07-09,630,4,93162,0,0
A109237,2023-10-20,766,2,1038437,0,0
A109238,2024-09-08,850,0,454128,0,0
A109239,2023-03-27,662,3,139747,0,0
A109240,2025-07-10,850,0,123451,1,0
A109241,2024-03-15,746,4,246201,0,0
A109242,2022-09-01,850,5,186365,0,0
A109243,2023-06-24,848,0,631785,0,0
A109244,2022-11-28,850,1,1299791,0,0
A109245,2023-06-05,670,3,648757,2,0
A109246,2023-11-24,762,0,197008,0,0
A109247,2023-01-18,809,0,165975,1,0
A109249,2023-12-20,835,3,101834,0,0
A109250,2023-01-20,677,3,127887,1,0
A109251,2023-08-08,850,6,218523,0,0
A109252,2024-01-15,850,0,228362,0,0
A109253,2025-10-13,800,3,328412,2,0
A109254,2024-07-09,729,1,248152,0,0
A109255,2025-06-08,850,6,311368,0,0
A109256,2023-07-04,811,2,63139,0,0
A109257,2022-03-17,780,3,309686,0,0
A109258,2022-05-25,714,4,57719,0,0
A109259,2022-02-01,831,3,49959,0,0
A109260,2022-04-18,708,2,60183,2,0
A109261,2025-10-20,703,6,233723,0,0
A109262,2022-10-17,772,2,76336,0,0
A109263,2023-09-27,790,2,173968,0,0
A109264,2024-10-15,744,2,60608,0,0
A109265,2023-04-14,850,4,92327,1,0
A109267,2025-10-03,623,1,315714,0,0
A109268,2023-05-16,738,1,232896,0,0
A109269,2024-07-25,850,2,302565,3,0
A109270,2023-12-29,810,3,23962,0,0
A109271,2024-10-14,850,4,94990,1,0
A109272,2024-08-07,743,0,182347,0,0
A109273,2024-08-18,779,2,124186,0,0
A109274,2023-06-03,761,3,57830,0,0
A109275,2023-06-05,738,1,190308,2,0
A109275,2023-05-07,821,2,310953,0,0
A109276,2024-09-05,735,2,122999,0,0
A109276,2024-08-03,850,4,153927,2,0
A109277,2024-10-13,847,6,219732,0,0
A109278,2023-03-18,817,0,59372,0,0
A109279,2025-05-19,641,0,237541,0,0
A109280,2022-06-10,799,1,101530,1,0
A109281,2025-06-20,723,3,213937,0,0
A109282,2025-05-24,789,4,36749,0,0
A109283,2024-06-27,728,1,14998,0,0
A109284,2023-10-25,645,0,432181,0,0
A109285,2025-05-29,746,4,342647,2,0
A109286,2024-12-17,778,5,361096,0,0
A109287,2022-10-15,850,2,230207,0,0
A109288,2023-05-26,779,1,81363,0,0
A109289,2022-06-25,696,0,140174,0,0
A109290,2024-02-14,821,0,1054353,1,0
A109290,2024-01-14,844,0,149997,0,0
A109291,2023-07-18,850,3,80479,0,0
A109292,2023-12-22,850,3,389463,0,0
A109293,2022-09-14,749,0,76581,0,0
A109294,2022-08-26,829,2,60356,0,0
A109295,2025-06-25,850,5,166698,0,0
A109295,2025-05-26,839,5,49385,0,0
A109296,2025-04-18,755,1,559038,2,0
A109296,2025-03-19,850,3,60855,2,0
A109297,2023-10-26,850,1,39737,1,0
A109298,2022-02-03,724,0,140901,1,0
A109299,2025-01-08,737,3,134985,1,0
A109300,2023-09-15,762,3,177768,2,0
A109301,2023-06-12,749,1,295874,0,0
A109302,2023-08-04,770,2,76516,0,0
A109302,2023-07-05,686,0,146073,1,0
A109303,2025-09-20,674,4,168226,0,0
A109304,2023-08-27,763,3,582034,0,0
A109305,2023-10-03,648,1,407897,0,0
A109306,2023-04-24,824,0,98871,0,0
A109307,2024-10-17,660,0,1690116,0,1
A109308,2025-07-24,850,2,1785355,3,0
A109309,2023-05-19,850,3,150773,0,0
A109310,2025-11-16,850,1,165459,1,0
A109311,2023-08-10,671,6,91998,1,0
A109312,2024-03-19,850,1,187204,0,0
A109313,2022-05-30,714,2,329677,0,0
A109314,2022-05-03,850,2,495147,1,0
A109315,2024-01-05,788,2,289735,0,0
A109316,2024-11-27,825,3,561845,0,0
A109317,2025-01-29,842,4,187232,1,0
A109318,2024-12-13,785,3,177048,1,0
A109319,2022-06-05,629,5,125730,0,0
A109320,2024-04-07,719,3,108665,0,0
A109321,2025-12-12,850,3,197108,0,0
A109323,2025-02-24,740,3,74774,0,0
A109324,2023-01-03,748,2,171362,1,0
A109325,2024-02-06,763,3,100826,3,0
A109325,2024-01-06,829,0,728104,0,0
A109326,2024-02-16,653,0,134319,0,0
A109327,2025-04-04,801,6,157543,0,0
A109328,2022-02-19,620,4,376228,0,1
A109328,2022-01-20,710,1,253930,1,0
A109329,2022-08-19,723,5,403819,0,0
A109330,2023-01-07,850,0,86210,0,0
A109331,2023-02-16,776,1,160114,1,0
A109332,2022-10-25,678,4,134959,0,0
A109333,2022-06-21,713,4,595366,0,0
A109335,2025-04-19,850,5,196557,1,0
A109336,2022-03-04,834,0,372913,0,0
A109337,2022-08-27,850,2,33537,0,0
A109338,2022-11-17,810,1,133748,0,0
A109339,2024-09-02,593,2,50680,0,0
A109340,2024-06-02,850,2,165096,0,0
A109341,2025-03-28,656,0,122271,0,0
A109342,2024-10-19,850,3,396007,3,0
A109345,2022-10-05,758,4,836515,0,1
A109346,2022-07-01,690,2,161243,0,0
A109348,2025-05-22,850,3,579403,0,0
A109350,2025-05-21,850,2,225717,0,0
A109351,2024-07-10,830,4,112658,1,0
A109353,2024-01-17,760,2,478621,0,0
A109354,2025-06-06,850,5,150300,0,0
A109355,2024-01-01,624,2,348027,2,0
A109355,2023-12-03,683,0,1373419,3,0
A109356,2023-04-06,850,1,63584,0,0
A109357,2025-08-16,682,3,1476531,0,0
A109358,2024-11-01,718,5,876729,1,0
A109359,2022-10-10,708,2,515174,3,0
A109360,2023-10-01,757,2,54212,0,0
A109361,2024-01-16,850,1,12754,2,0
A109362,2025-04-20,850,4,114205,0,0
A109363,2022-12-23,693,5,295031,1,0
A109364,2024-07-26,677,0,192482,0,0
A109365,2022-12-29,817,2,48616,0,0
A109366,2022-07-09,729,3,518718,0,0
A109366,2022-06-09,687,1,118980,0,0
A109367,2025-12-04,522,2,202058,1,2
A109368,2023-03-31,741,3,144513,1,1
A109369,2022-09-12,820,2,431502,0,1
A109370,2024-07-08,850,7,128599,0,0
A109371,2024-06-03,708,2,332442,0,0
A109374,2024-11-02,754,0,85831,0,0
A109375,2022-11-21,850,2,802701,0,0
A109375,2022-10-23,850,0,146461,1,0
A109376,2022-12-04,783,5,520950,0,0
A109377,2022-02-06,750,4,107639,0,0
A109378,2025-11-22,770,2,350884,0,0
A109379,2024-03-18,784,1,616509,1,0
A109380,2024-08-30,754,4,674607,0,0
A109381,2023-03-19,805,3,291872,0,0
A109382,2023-05-29,850,2,426043,0,0
A109383,2025-05-05,755,1,114380,0,0
A109384,2025-05-25,850,4,457151,0,0
A109385,2023-05-23,629,2,119130,0,0
A109386,2022-07-13,670,4,36085,0,0
A109387,2023-05-17,719,1,315487,1,0
A109388,2022-05-15,734,1,472292,0,0
A109389,2024-04-22,814,3,468081,2,1
A109390,2022-05-16,719,1,217346,0,0
A109391,2024-06-20,751,1,480070,0,0
A109392,2022-11-21,646,3,180854,0,0
A109393,2022-06-07,691,0,118294,0,0
A109394,2024-10-27,764,1,158113,0,0
A109395,2022-12-08,734,4,192694,0,0
A109396,2022-10-21,850,4,549734,0,0
A109396,2022-09-22,728,0,412628,3,0
A109397,2024-09-07,794,4,290790,0,0
A109398,2023-04-29,778,4,185665,0,0
A109399,2024-07-30,829,5,397783,2,0
A109401,2025-01-03,821,2,330924,1,0
A109402,2025-03-16,768,1,79429,1,0
A109403,2025-11-08,752,3,195191,0,0
A109404,2024-02-25,694,0,923996,0,0
A109405,2024-06-25,600,3,137947,0,1
A109406,2023-01-11,619,2,156382,1,0
A109407,2022-12-31,795,4,78135,2,0
A109408,2022-01-06,733,3,59271,0,0
A109409,2022-02-23,850,2,485044,0,0
A109411,2024-06-07,734,5,301856,0,2
A109412,2022-09-06,831,0,181096,3,0
A109413,2025-06-15,810,3,368151,1,0
A109414,2024-05-18,700,4,47271,1,0
A109415,2022-09-23,649,2,89623,0,0
A109415,2022-08-26,774,2,324401,0,0
A109416,2025-08-11,777,3,322926,1,0
A109417,2024-02-17,725,0,185855,2,0
A109419,2025-05-07,817,1,330173,0,0
A109421,2025-03-30,731,0,165491,0,0
A109422,2022-10-22,751,1,289999,0,0
A109423,2024-05-20,658,4,170110,0,0
A109424,2023-07-18,840,3,35806,1,0
A109425,2024-06-26,779,2,380270,2,0
A109426,2022-11-27,742,2,240413,2,0
A109427,2024-06-20,849,2,161371,2,0
A109428,2025-07-05,803,2,251972,1,0
A109429,2022-03-06,802,4,121996,0,0
A109429,2022-02-03,788,4,439969,0,0
A109431,2022-07-28,683,1,35447,1,1
A109432,2022-08-26,811,4,68738,0,0
A109433,2025-02-01,850,2,182042,0,0
A109434,2024-03-04,748,2,253413,0,0
A109436,2023-06-19,663,2,195792,0,0
A109437,2025-12-29,827,2,306819,0,0
A109438,2025-08-30,775,0,115695,0,0
A109439,2022-11-10,814,2,74742,0,0
A109440,2023-08-24,850,0,79361,0,0
A109441,2023-03-15,850,0,235724,0,0
A109443,2025-07-18,749,0,490614,0,0
A109445,2022-09-19,850,3,238585,0,0
A109447,2023-06-27,845,3,329062,0,0
A109448,2023-06-27,850,3,46204,0,1
A109449,2024-02-08,850,1,97425,0,0
A109450,2023-01-13,739,3,176337,0,1
A109451,2023-03-05,742,1,139665,0,0
A109451,2023-02-02,727,4,130318,2,0
A109452,2022-10-02,721,2,34117,0,0
A109453,2022-12-10,841,2,737561,0,0
A109454,2022-12-23,628,2,398604,3,0
A109455,2024-10-11,850,4,132094,0,0
A109456,2023-07-16,836,3,107555,1,0
A109457,2022-01-03,850,1,118351,0,0
A109457,2021-12-02,683,2,611516,2,0
A109458,2022-06-10,753,1,87857,0,0
A109459,2022-09-16,743,1,630178,1,0
A109459,2022-08-14,622,3,88750,1,0
A109460,2022-10-22,799,0,289141,0,0
A109461,2023-09-28,710,3,28170,0,1
A109462,2025-02-17,696,7,91404,0,0
A109464,2023-11-13,850,2,246879,0,0
A109465,2024-06-29,850,5,675651,0,0
A109466,2022-10-07,624,0,116504,0,0
A109467,2024-02-23,715,2,654885,0,0
A109468,2022-05-30,619,1,173193,0,0
A109469,2025-07-23,850,3,243510,0,0
A109470,2025-05-26,850,0,120706,0,0
A109471,2024-12-28,836,1,184270,0,0
A109472,2025-05-26,792,2,104711,0,0
A109473,2023-10-18,850,3,405480,0,0
A109474,2025-07-01,804,1,276024,2,0
A109475,2024-01-13,850,0,223727,0,0
A109476,2022-02-07,780,5,529468,0,0
A109477,2022-09-07,834,1,408553,1,0
A109478,2025-03-19,850,3,617333,0,0
A109479,2024-01-12,785,2,207069,0,0
A109479,2023-12-11,695,1,201183,0,0
A109480,2022-12-01,850,5,34897,0,0
A109482,2024-06-21,701,3,146402,0,0
A109483,2023-01-05,850,2,800654,0,0
A109484,2023-11-14,755,4,133807,0,0
A109485,2025-04-05,821,5,136799,0,0
A109486,2024-11-05,754,4,134097,0,0
A109487,2024-04-25,850,5,159349,0,0
A109488,2025-01-03,850,0,304296,0,0
A109489,2023-09-14,821,4,184602,2,2
A109490,2025-06-02,737,3,123802,0,0
A109492,2025-08-28,693,3,116681,0,0
A109493,2024-09-10,850,2,514523,2,0
A109494,2024-02-10,818,3,63554,0,0
A109495,2023-06-23,782,1,185204,1,0
A109496,2023-05-05,777,2,227144,0,0
A109497,2023-02-01,686,4,251075,0,0
A109499,2024-08-15,850,1,81573,2,0
A109500,2023-09-23,729,3,208522,0,0
A109501,2024-08-26,695,1,404880,0,2
A109502,2024-07-07,850,4,61158,3,0
A109503,2025-03-31,850,0,42497,0,0
A109504,2025-11-17,765,1,182115,2,0
A109505,2022-10-29,690,3,311753,0,0
A109509,2023-07-11,601,4,204894,0,0
A109510,2022-09-23,794,3,100889,0,0
A109511,2022-08-17,799,2,171377,2,0
A109512,2025-03-06,850,2,213352,0,0
A109513,2022-04-07,792,2,113874,0,0
A109515,2022-06-02,761,0,235396,1,0
A109516,2024-09-22,742,3,323528,1,0
A109517,2024-08-15,738,2,57430,1,1
A109518,2022-08-25,727,4,118968,0,0
A109519,2024-12-21,850,3,188585,0,0
A109520,2024-07-09,750,1,95056,0,2
A109521,2025-02-23,850,3,3208629,0,0
A109522,2023-12-06,850,1,2731928,2,0
A109523,2025-06-01,786,5,374984,0,0
A109524,2024-05-16,794,1,68536,0,1
A109525,2025-08-08,535,3,360630,1,0
A109526,2023-07-06,850,1,844753,2,0
A109527,2025-03-13,739,3,132451,0,0
A109528,2023-05-20,850,2,145030,0,0
A109529,2022-07-29,769,1,114301,0,0
A109530,2022-08-09,660,2,403557,0,0
A109531,2025-12-12,606,0,291123,1,0
A109532,2022-04-10,818,5,381035,1,0
A109533,2025-10-30,809,0,170573,0,0
A109535,2025-02-15,710,2,97780,0,0
A109537,2024-12-30,850,0,121667,1,0
A109538,2023-10-31,709,4,52728,2,1
A109539,2022-11-13,621,0,269538,0,0
A109540,2025-08-09,745,0,264410,0,0
A109542,2025-06-02,801,4,150019,0,0
A109543,2023-11-02,850,2,144104,1,0
A109544,2025-01-26,791,1,170626,0,0
A109546,2022-05-28,753,2,192909,1,0
A109547,2025-09-07,823,3,136650,0,0
A109548,2022-08-18,658,3,164857,0,0
A109549,2023-04-05,817,4,69337,0,0
A109550,2022-08-04,850,3,227571,0,0
A109551,2024-06-22,661,3,121807,0,0
A109552,2023-06-01,780,0,148002,1,0
A109554,2023-05-09,621,1,146745,0,0
A109555,2025-11-11,850,1,224622,0,0
A109556,2022-07-19,769,3,80056,0,0
A109557,2023-04-11,850,4,273057,3,0
A109558,2023-09-18,765,1,425869,0,0
A109559,2023-05-01,699,3,200168,0,0
A109560,2023-06-21,661,1,204089,0,0
A109562,2024-12-19,850,2,824886,0,0
A109563,2023-08-13,723,2,204240,1,0
A109564,2023-04-13,659,1,134655,3,0
A109565,2024-01-28,794,4,45895,0,0
A109566,2025-03-10,623,0,246587,0,0
A109567,2023-08-19,850,2,161028,0,0
A109568,2025-03-09,542,4,159489,0,0
A109569,2025-11-20,850,3,42141,0,0
A109570,2025-01-08,697,8,271082,0,0
A109571,2024-06-08,850,0,179880,0,0
A109572,2025-03-31,635,1,181708,1,0
A109574,2023-07-03,850,0,250914,1,0
A109575,2024-09-28,714,4,33194,0,0
A109575,2024-08-28,760,3,36737,0,0
A109576,2025-11-18,816,0,111493,0,0
A109577,2023-04-30,557,0,220455,0,0
A109580,2025-07-23,609,0,170337,0,0
A109582,2025-09-24,767,6,442379,0,0
A109583,2023-07-31,787,2,169063,0,2
A109584,2023-12-20,540,2,86396,0,1
A109585,2024-12-11,837,0,672852,0,0
A109586,2024-05-15,844,1,296321,0,0
A109587,2022-07-05,850,5,117719,0,0
A109588,2025-09-26,703,2,58338,0,0
A109589,2022-06-28,574,2,213831,1,0
A109590,2023-03-26,621,4,33362,0,0
A109591,2022-04-15,846,3,143548,0,0
A109592,2025-03-16,689,2,364397,0,0
A109593,2022-10-03,715,3,106789,0,0
A109594,2023-11-22,609,4,170619,0,0
A109595,2022-09-29,845,2,164311,0,0
A109596,2025-03-26,799,0,69278,0,0
A109597,2023-06-09,722,0,499395,1,0
A109599,2024-07-07,850,2,183210,1,0
A109601,2023-02-26,726,3,159923,0,0
A109602,2022-03-25,832,1,63480,0,0
A109603,2025-10-14,647,1,694420,0,0
A109604,2024-06-25,690,2,97624,0,0
A109605,2022-05-13,609,5,262489,1,0
A109606,2022-04-24,809,0,160375,1,0
A109607,2025-09-20,682,3,107248,0,0
A109608,2023-12-26,768,1,252389,2,0
A109609,2023-05-16,848,0,95130,0,0
A109610,2023-10-25,699,1,33926,1,0
A109611,2022-02-17,763,3,137428,0,0
A109612,2023-12-18,640,4,40043,2,0
A109614,2025-02-11,699,1,49090,0,1
A109615,2022-01-02,585,2,794939,0,0
A109616,2025-01-20,830,3,190578,1,0
A109617,2022-08-15,850,1,292717,0,0
A109617,2022-07-16,660,0,150866,1,0
A109618,2022-08-08,778,4,126817,0,0
A109618,2022-07-10,783,3,185132,2,0
A109619,2022-05-10,689,4,119414,1,0
A109620,2025-11-11,784,3,135897,2,0
A109621,2025-04-11,551,3,110479,2,1
A109622,2022-03-07,685,5,49999,0,2
A109623,2023-06-23,850,1,149348,0,0
A109624,2025-12-24,850,0,166123,1,0
A109625,2024-01-22,662,2,71246,1,0
A109626,2025-06-07,712,5,133928,0,0
A109627,2025-11-17,719,3,217697,0,0
A109628,2023-02-06,693,5,185456,0,0
A109629,2024-10-17,818,3,44516,1,0
A109630,2024-08-10,812,3,156322,2,0
A109631,2023-02-02,850,4,254653,0,0
A109632,2024-12-29,753,3,472752,0,0
A109633,2022-10-29,835,0,894196,0,0
A109634,2025-09-29,768,3,148884,0,0
A109635,2024-05-25,682,5,50570,0,0
A109636,2024-08-31,737,4,138287,3,0
A109637,2023-03-08,776,1,89421,1,0
A109638,2022-08-11,850,1,123503,0,0
A109639,2025-08-07,850,2,144928,1,0
A109639,2025-07-10,669,4,60227,0,0
A109640,2025-01-17,707,2,474094,0,0
A109641,2022-04-01,833,0,301810,0,0
A109642,2022-05-01,850,2,59914,0,0
A109643,2023-04-28,637,3,246401,0,0
A109644,2022-06-11,707,2,174351,0,0
A109645,2022-07-19,696,4,32654,0,0
A109646,2022-12-05,850,2,1206024,2,0
A109647,2025-10-15,721,2,104300,0,0
A109649,2023-04-11,610,2,117143,0,0
A109649,2023-03-09,768,2,443320,1,0
A109650,2023-06-13,827,3,228329,3,0
A109651,2024-03-12,827,4,154944,0,0
A109651,2024-02-08,793,2,197528,1,0
A109652,2022-12-11,849,5,238811,0,0
A109653,2024-09-09,796,1,221486,0,0
A109654,2022-12-16,632,7,163202,0,0
A109655,2023-03-17,811,2,88070,0,0
A109656,2023-11-30,555,2,88570,0,0
A109657,2023-05-10,779,2,108468,0,0
A109658,2022-07-17,754,3,385317,2,0
A109659,2025-03-23,762,1,125312,1,0
A109660,2022-03-21,758,2,82015,0,0
A109661,2024-12-13,839,2,166821,1,0
A109662,2022-02-24,850,3,672351,0,0
A109663,2023-05-04,807,2,68898,0,0
A109663,2023-04-05,850,3,149828,0,0
A109664,2023-01-04,742,2,46082,3,0
A109665,2022-07-17,777,1,544378,0,0
A109666,2025-06-28,710,2,54828,0,0
A109667,2022-02-17,682,4,90696,0,0
A109668,2023-05-18,850,1,149688,0,0
A109669,2024-07-01,699,2,223367,0,0
A109670,2025-05-17,850,1,473342,0,0
A109671,2022-03-12,850,4,99784,1,0
A109672,2023-06-23,771,2,92386,0,2
A109673,2023-05-28,802,2,201717,0,0
A109674,2024-06-12,673,0,68175,1,0
A109675,2024-07-10,850,3,523361,0,0
A109676,2024-06-06,789,2,1808773,0,0
A109677,2022-11-21,802,0,238607,0,0
A109678,2024-11-07,812,0,190833,0,0
A109678,2024-10-10,850,3,68832,0,0
A109679,2025-06-14,850,1,69563,0,0
A109679,2025-05-14,774,1,77109,0,0
A109680,2025-11-01,850,3,129034,1,0
A109681,2024-04-10,624,0,113101,1,0
A109682,2022-07-16,850,4,66805,0,0
A109683,2025-09-03,661,0,85190,3,0
A109684,2023-04-02,841,1,171861,0,0
A109685,2025-06-08,543,3,219327,1,0
A109686,2023-05-28,850,0,179803,3,0
A109687,2022-01-27,711,1,95958,0,0
A109688,2024-12-03,850,0,179189,0,0
A109689,2023-05-23,723,3,128696,0,0
A109690,2023-09-25,640,4,160763,0,0
A109691,2022-03-15,712,3,178586,0,0
A109692,2025-03-07,799,2,91653,2,0
A109693,2024-05-15,850,3,361478,0,1
A109694,2025-12-13,753,5,939448,0,0
A109694,2025-11-11,837,0,237790,0,0
A109695,2025-07-04,847,1,225666,0,0
A109697,2024-04-25,850,2,379853,0,0
A109698,2025-06-14,769,2,659619,0,0
A109699,2025-10-30,732,0,138002,0,0
A109701,2025-08-18,850,3,158682,0,0
A109702,2022-06-20,782,3,132426,2,0
A109703,2022-07-23,850,3,270866,0,0
A109704,2025-05-14,850,1,78386,0,0
A109705,2025-08-20,720,1,901055,0,0
A109706,2024-06-30,657,0,82036,0,0
A109707,2022-06-21,778,2,282438,0,0
A109708,2025-10-10,763,2,44877,1,0
A109710,2022-09-10,696,2,45338,0,0
A109711,2024-04-13,664,4,194747,0,1
A109712,2025-08-28,839,1,141565,0,0
A109713,2023-05-17,657,4,156470,0,0
A109714,2025-03-12,711,4,50456,2,0
A109715,2022-06-22,716,1,225897,0,0
A109716,2022-07-10,745,2,156030,1,0
A109717,2025-05-29,585,3,188540,1,0
A109718,2023-08-12,799,2,373559,0,0
A109719,2023-05-15,776,0,192749,0,0
A109721,2022-05-07,850,1,134045,0,0
A109722,2024-05-28,749,2,538131,0,1
A109724,2022-01-23,826,3,121685,0,0
A109725,2022-01-04,723,3,193392,0,0
A109726,2023-07-26,687,0,178837,0,0
A109727,2023-10-23,784,1,119023,2,0
A109728,2023-06-13,737,3,93952,0,0
A109729,2023-06-28,780,0,150684,0,0
A109730,2022-09-12,850,5,61320,0,0
A109731,2023-04-17,660,5,214149,0,0
A109732,2022-01-17,701,2,206679,1,0
A109733,2022-10-31,850,2,160162,2,0
A109735,2023-08-06,850,1,35654,0,0
A109736,2024-11-25,850,3,123363,0,0
A109736,2024-10-26,830,4,271817,0,1
A109737,2023-03-31,775,2,177653,0,0
A109738,2024-03-31,850,2,50006,3,0
A109739,2022-11-03,729,5,363664,0,0
A109740,2022-07-18,746,4,44137,0,1
A109741,2023-02-24,765,2,321594,1,0
A109742,2023-09-01,687,2,37687,0,0
A109743,2022-04-12,850,1,91164,2,0
A109744,2022-07-10,777,5,38562,1,0
A109745,2023-12-17,730,0,83927,0,0
A109746,2025-01-29,715,3,118299,1,1
A109747,2022-01-16,850,0,1331215,1,0
A109748,2022-09-19,850,3,123143,0,1
A109750,2024-09-08,850,4,296817,1,0
A109751,2022-05-20,829,0,54223,0,0
A109752,2023-05-04,664,2,87083,0,0
A109753,2025-12-12,850,2,199001,0,0
A109754,2024-02-08,804,2,472610,0,0
A109755,2023-04-13,699,3,468252,0,2
A109756,2024-02-19,661,3,302288,0,0
A109757,2025-03-07,833,0,335752,1,1
A109758,2023-08-11,850,4,257948,0,0
A109759,2023-11-16,837,2,244424,0,0
A109761,2025-03-30,850,3,226010,0,0
A109762,2025-09-22,741,4,105206,0,0
A109763,2023-01-10,788,2,200760,0,0
A109764,2024-07-22,769,2,1500210,0,0
A109765,2024-06-28,781,3,1010766,1,0
A109766,2022-11-09,850,4,451304,0,0
A109766,2022-10-07,768,3,108000,0,0
A109767,2022-10-30,850,3,155189,0,0
A109768,2025-05-07,772,2,706893,0,0
A109769,2022-10-06,850,3,254367,1,0
A109771,2024-01-18,762,0,737457,3,1
A109772,2022-12-02,801,3,1131008,1,0
A109773,2023-06-09,850,1,139131,0,0
A109775,2022-03-29,666,0,83001,3,0
A109776,2023-09-25,767,2,144874,1,0
A109777,2024-03-22,771,4,2037348,0,1
A109778,2023-11-29,706,0,872823,2,0
A109778,2023-10-30,850,1,90557,0,0
A109779,2022-09-06,850,3,457550,0,0
A109780,2022-08-04,850,4,678430,2,1
A109781,2025-01-25,850,3,456089,0,0
A109782,2022-08-15,827,0,368725,0,0
A109784,2024-08-06,690,2,109304,0,0
A109785,2022-09-12,645,0,39735,1,0
A109787,2024-01-01,775,0,299001,0,0
A109788,2025-03-10,724,3,116802,0,0
A109790,2023-06-25,749,2,329872,0,0
A109790,2023-05-25,732,2,123264,0,0
A109791,2024-06-05,758,3,55107,2,0
A109792,2024-11-26,582,3,599443,0,0
A109793,2022-03-30,850,2,49613,0,0
A109794,2025-10-11,850,0,49032,0,0
A109795,2024-12-12,850,2,58224,0,0
A109796,2024-02-05,612,2,102386,1,0
A109797,2025-09-03,850,2,1155751,0,0
A109799,2022-07-16,850,1,67357,1,0
A109800,2024-08-14,850,3,173365,2,0
A109801,2023-10-17,849,3,145071,0,0
A109802,2023-04-07,850,3,497022,0,0
A109803,2023-11-04,850,4,67150,1,0
A109804,2025-01-20,698,4,247962,1,0
A109805,2025-05-26,850,1,318439,0,0
A109806,2023-09-18,850,0,236611,0,0
A109807,2022-05-19,751,4,95083,2,0
A109808,2023-02-28,764,5,282414,0,0
A109809,2025-08-14,714,2,247648,0,0
A109810,2025-08-02,850,7,371188,2,0
A109811,2024-10-23,662,3,986798,0,0
A109812,2024-10-22,850,0,164486,2,0
A109813,2022-04-19,850,0,86290,0,0
A109814,2022-06-11,850,1,204577,0,0
A109815,2023-02-17,837,0,37749,0,0
A109816,2023-11-25,717,1,50501,1,0
A109817,2023-04-16,830,1,257341,0,0
A109818,2022-05-16,638,3,73748,2,0
A109819,2025-01-12,770,4,222646,1,0
A109820,2025-03-09,850,5,72805,0,0
A109821,2024-09-19,850,0,128396,0,0
A109822,2025-09-04,657,0,50349,0,0
A109823,2023-04-12,850,1,178164,0,0
A109824,2023-02-27,850,3,496457,0,0
A109826,2024-08-27,786,0,276342,0,0
A109827,2025-08-30,713,4,211785,1,0
A109828,2025-11-29,850,2,137844,3,0
A109829,2022-03-03,850,1,105417,0,0
A109830,2024-07-03,669,3,134047,0,0
A109831,2022-06-24,850,2,211929,1,0
A109832,2022-02-27,594,0,375314,1,0
A109833,2024-09-30,735,2,103317,0,0
A109834,2023-03-30,644,1,141132,0,0
A109835,2025-05-31,491,2,200008,0,0
A109836,2025-02-05,850,3,197637,3,0
A109837,2023-08-23,609,3,79054,0,0
A109837,2023-07-27,625,0,105952,3,0
A109838,2023-02-21,700,1,644160,0,0
A109839,2022-08-23,619,0,805407,0,0
A109840,2023-05-19,850,1,143989,0,0
A109842,2024-07-18,850,3,313324,0,0
A109843,2023-04-10,812,3,464444,1,0
A109844,2024-10-10,761,0,30497,0,0
A109845,2023-07-16,850,0,128388,2,0
A109846,2022-08-06,617,0,52418,0,0
A109847,2024-07-24,840,4,127434,0,0
A109848,2025-06-01,850,2,182113,0,0
A109849,2022-06-11,764,2,66598,0,0
A109850,2023-12-03,765,2,61073,3,0
A109851,2024-03-10,740,3,195866,0,0
A109852,2023-05-06,610,0,40667,0,0
A109853,2024-07-07,666,4,109833,0,0
A109854,2022-12-12,731,2,341499,0,0
A109855,2024-02-24,807,5,233346,0,0
A109856,2022-05-01,773,1,205047,0,0
A109857,2025-01-14,826,0,139867,0,0
A109858,2022-08-07,850,2,85513,0,0
A109861,2024-01-15,827,2,94032,0,0
A109861,2023-12-15,833,2,191409,1,0
A109862,2024-07-20,838,3,157081,0,0
A109862,2024-06-17,767,5,223531,0,0
A109863,2025-07-13,757,3,326996,0,0
A109864,2024-06-04,802,2,143584,1,0
A109865,2024-03-29,643,3,273265,0,0
A109866,2022-07-11,674,1,120283,0,0
A109867,2024-01-29,717,1,216514,0,0
A109867,2023-12-29,698,1,92991,1,0
A109868,2022-01-02,748,1,70866,2,2
A109869,2022-10-19,850,3,251591,2,0
A109870,2025-04-28,827,3,129433,1,0
A109870,2025-03-30,675,3,55556,0,0
A109871,2025-05-07,562,2,127439,0,0
A109871,2025-04-07,717,2,183786,1,0
A109872,2025-01-20,782,3,303591,2,0
A109873,2022-09-22,663,1,329837,3,0
A109873,2022-08-21,575,2,447932,1,0
A109874,2024-12-30,595,3,233300,0,0
A109875,2025-02-26,760,2,214511,0,0
A109876,2025-03-19,729,4,76583,0,0
A109877,2023-05-01,805,0,45335,0,0
A109878,2023-03-16,774,1,36405,1,0
A109878,2023-02-13,796,3,62215,2,0
A109879,2022-08-12,704,0,235528,0,0
A109880,2022-04-04,843,1,59473,0,0
A109881,2024-03-20,723,2,306938,0,0
A109882,2024-04-14,654,2,218441,0,0
A109883,2023-04-30,850,3,20377,0,0
A109885,2023-01-18,850,4,793682,1,0
A109886,2022-03-22,702,1,132395,0,0
A109887,2024-06-23,825,0,220689,0,0
A109888,2022-01-28,702,2,284369,0,0
A109889,2025-08-14,647,3,42020,0,0
A109890,2022-11-26,719,0,126934,1,0
A109892,2024-06-04,802,3,187077,0,0
A109893,2023-05-12,785,0,659158,0,0
A109894,2025-10-17,715,0,32995,3,0
A109895,2025-12-21,680,0,339733,0,0
A109896,2025-05-02,777,1,284732,0,0
A109897,2023-11-11,838,0,723409,1,0
A109899,2023-07-28,774,2,198166,0,0
A109900,2024-06-22,584,3,374772,0,0
A109901,2025-08-14,662,3,97771,0,0
A109902,2025-12-07,756,1,111840,0,0
A109903,2022-07-06,814,1,323733,2,0
A109904,2024-11-22,562,0,44458,2,0
A109904,2024-10-22,674,2,106443,0,0
A109905,2024-07-18,675,5,73178,0,0
A109906,2025-03-29,821,2,70274,0,0
A109907,2023-07-26,848,2,364620,0,0
A109908,2024-12-25,691,3,73300,0,0
A109909,2024-08-17,850,4,35845,0,0
A109910,2022-09-04,800,4,258504,0,0
A109911,2023-02-01,776,1,124854,0,0
A109912,2025-09-08,764,2,358922,0,0
A109913,2025-03-15,850,1,70119,0,0
A109914,2023-04-12,850,3,96562,0,0
A109915,2024-02-01,650,4,87086,0,0
A109916,2024-07-24,850,5,318213,0,0
A109917,2023-07-01,728,2,59450,0,0
A109918,2024-12-21,850,4,198488,1,0
A109919,2023-02-01,831,0,427425,0,0
A109920,2024-06-10,696,5,95565,1,0
A109921,2025-10-22,850,0,138405,0,0
A109922,2022-12-26,669,2,137651,0,0
A109923,2025-10-14,774,0,629596,0,0
A109925,2024-01-25,850,4,807199,0,2
A109926,2022-06-08,850,3,94607,1,0
A109927,2025-07-31,579,0,294514,0,0
A109927,2025-07-01,777,2,666092,0,0
A109928,2023-05-27,841,2,1193898,1,0
A109929,2024-09-07,725,4,114380,0,0
A109930,2024-07-23,803,0,229562,0,0
A109931,2023-12-06,560,2,50972,1,0
A109932,2024-06-10,800,3,109359,1,0
A109933,2023-09-04,760,3,34120,0,0
A109934,2022-10-12,686,1,387843,0,0
A109935,2023-12-01,746,3,705070,0,0
A109936,2025-03-10,780,3,194475,1,0
A109937,2024-12-06,846,1,133166,0,0
A109937,2024-11-07,850,0,101052,0,0
A109938,2025-08-17,819,2,284259,0,0
A109938,2025-07-17,737,0,350512,1,0
A109940,2024-06-21,834,2,389162,1,0
A109941,2025-12-29,759,1,359913,0,0
A109942,2024-07-10,503,1,147353,0,0
A109943,2025-09-04,630,5,98811,0,0
A109944,2025-10-09,850,2,128796,0,0
A109945,2025-11-16,837,2,191256,0,0
A109946,2023-09-16,850,3,408269,1,0
A109947,2025-07-20,849,0,103759,1,0
A109948,2025-03-16,812,1,319263,0,0
A109949,2022-09-15,740,6,247144,0,0
A109950,2022-05-04,798,2,392490,0,0
A109951,2024-08-15,850,1,58636,0,0
A109952,2022-05-08,809,4,173167,0,0
A109953,2024-09-06,831,0,239545,2,0
A109953,2024-08-07,850,4,311904,0,0
A109954,2025-05-28,850,0,450566,0,0
A109957,2023-12-08,850,2,188543,0,0
A109958,2025-02-11,760,1,55456,0,0
A109959,2025-03-08,754,2,261619,0,0
A109960,2022-07-18,850,2,214827,0,0
A109961,2024-04-10,789,2,102571,0,0
A109962,2024-02-05,850,3,320319,3,0
A109963,2022-03-11,789,1,160805,0,0
A109964,2024-11-30,545,2,87665,0,0
A109965,2023-04-21,690,2,155827,0,1
A109966,2022-08-27,839,0,397041,0,0
A109967,2022-03-01,771,3,186717,0,0
A109968,2022-04-23,850,2,199158,1,0
A109969,2022-11-07,850,0,192230,0,0
A109970,2025-02-03,839,4,166674,0,0
A109971,2023-01-01,780,4,701726,0,0
A109972,2024-09-14,806,2,444096,0,0
A109973,2024-06-16,552,3,134188,1,0
A109974,2025-10-03,727,2,1141259,0,0
A109975,2024-06-26,850,3,40832,0,0
A109976,2025-11-19,618,3,117242,0,0
A109978,2025-07-18,850,3,1238041,0,0
A109979,2022-12-26,768,2,191939,0,0
A109980,2022-05-12,704,2,147471,0,0
A109981,2025-01-24,784,2,509645,0,0
A109982,2024-10-06,626,3,152695,0,0
A109983,2025-05-03,642,1,72985,0,0
A109984,2023-08-11,742,4,611156,0,0
A109985,2022-07-02,762,3,117482,0,0
A109985,2022-06-01,781,2,94794,2,0
A109986,2022-12-14,709,2,79620,0,0
A109990,2025-04-09,798,4,630678,3,0
A109991,2023-12-12,690,6,310518,0,0
A109992,2023-07-10,850,4,162914,0,0
A109993,2021-12-30,757,5,85572,0,0
A109995,2024-02-09,512,1,391262,0,0
A109996,2024-10-02,776,1,133531,2,0
A109997,2023-02-21,705,2,65975,0,0
A109998,2024-06-05,688,0,193062,0,0
A109999,2023-05-24,850,3,53922,1,0
A110000,2023-02-08,708,1,107720,1,0
A110001,2023-06-25,576,3,245184,0,0
A110002,2025-05-12,850,0,49045,0,0
A110003,2023-07-24,850,1,55130,1,0
A110004,2022-11-13,736,1,348708,3,0
A110005,2022-06-22,722,2,53403,0,0
A110006,2023-12-26,816,5,113682,0,0
A110008,2024-05-10,688,6,641474,1,0
A110009,2022-07-03,850,0,149331,0,0
A110010,2022-11-20,793,1,214414,0,0
A110011,2024-12-09,811,1,130224,0,0
A110012,2024-05-21,850,2,224603,0,0
A110013,2025-04-05,708,3,168484,0,0
A110014,2025-06-15,714,1,129791,1,0
A110015,2024-07-17,779,2,88464,0,0
A110016,2023-10-09,850,3,196612,1,0
A110016,2023-09-12,652,3,151496,0,0
A110017,2024-02-02,812,0,55792,1,0
A110018,2025-09-13,720,4,291989,0,0
A110019,2022-07-22,850,0,56878,0,0
A110020,2024-11-15,774,3,78447,0,0
A110022,2022-12-05,850,1,453768,0,0
A110023,2023-02-27,749,1,142907,0,0
A110024,2024-10-08,782,2,96514,2,0
A110025,2025-12-23,777,2,13638,0,0
A110027,2024-11-14,726,4,95448,1,0
A110028,2025-07-01,572,0,95317,0,0
A110029,2024-12-21,850,2,84298,0,0
A110030,2025-04-18,850,1,232878,2,0
A110031,2024-01-26,719,1,711574,0,0
A110033,2024-10-05,850,4,262891,0,0
A110034,2023-12-31,710,3,79516,2,0
A110035,2023-11-16,541,2,159019,0,0
A110036,2022-11-17,748,2,287164,3,0
A110038,2022-01-26,744,4,417219,2,0
A110039,2023-11-17,850,2,168996,0,0
A110039,2023-10-19,794,2,244497,0,2
A110040,2023-08-29,850,2,421915,0,0
A110041,2024-02-07,639,2,93050,0,0
A110042,2024-01-26,850,0,192195,0,0
A110043,2022-10-02,597,4,45778,0,0
A110044,2024-05-26,840,1,254498,0,0
A110045,2023-09-18,801,5,156923,0,0
A110046,2023-12-05,814,3,623142,0,0
A110047,2024-01-26,800,3,128741,3,0
A110048,2024-05-11,530,0,112428,0,0
A110049,2022-09-18,850,2,287279,0,0
A110051,2023-03-25,801,3,135486,0,0
A110052,2022-10-09,843,0,98701,1,0
A110053,2023-12-30,742,3,342006,0,0
A110054,2025-07-09,850,2,478278,2,0
A110055,2025-01-13,850,1,111625,1,0
A110057,2025-07-01,831,1,60372,0,0
A110058,2024-07-25,850,3,55138,0,0
A110060,2023-07-23,755,4,150666,0,0
A110061,2024-10-05,737,4,562934,0,0
A110062,2025-07-13,807,1,50771,0,0
A110063,2025-05-29,850,1,58309,0,0
A110064,2022-02-09,781,0,938291,1,0
A110064,2022-01-12,850,3,129677,0,0
A110065,2024-04-24,725,0,120247,0,1
A110065,2024-03-25,797,2,162345,0,1
A110066,2025-01-10,746,4,36307,0,0
A110067,2024-01-23,850,0,166926,0,0
A110067,2023-12-25,634,2,170179,3,0
A110068,2023-03-02,759,2,65447,0,0
A110069,2022-02-22,850,1,180779,0,0
A110070,2025-08-20,741,2,320293,0,0
A110071,2022-04-11,850,3,114196,0,0
A110072,2024-11-23,650,0,195575,0,0
A110073,2022-03-26,711,3,392163,0,0
A110074,2023-09-13,795,4,944460,0,0
A110074,2023-08-14,696,2,75706,0,0
A110075,2022-05-14,696,2,67545,0,0
A110076,2023-04-01,850,2,334485,1,0
A110077,2023-11-02,685,0,136617,0,0
A110078,2023-11-25,850,4,140784,0,0
A110079,2024-08-28,845,0,98216,0,0
A110080,2025-06-06,841,0,353431,0,0
A110081,2024-06-10,680,2,355844,0,0
A110082,2025-02-05,642,2,37259,0,0
A110083,2025-01-23,756,1,440510,0,0
A110084,2022-10-13,700,1,309279,0,0
A110085,2025-07-26,659,0,549187,0,0
A110086,2022-08-17,850,1,217063,2,0
A110087,2025-10-11,708,2,505421,0,1
A110088,2025-12-12,727,1,104036,0,0
A110089,2022-02-12,850,0,347066,0,0
A110089,2022-01-14,850,0,55725,0,0
A110090,2024-03-01,850,3,87017,0,0
A110091,2024-01-13,771,1,18709,0,0
A110092,2025-11-20,850,3,93241,0,0
A110093,2023-07-23,746,0,69332,0,0
A110094,2022-07-19,740,1,52645,0,0
A110095,2022-04-09,785,4,180693,0,0
A110096,2022-09-05,562,2,224161,0,0
A110097,2025-11-20,704,4,447623,2,0
A110098,2024-05-06,730,0,34739,0,0
A110099,2025-12-25,843,0,176685,0,0
A110101,2024-03-11,835,0,54900,0,0
A110102,2024-03-21,633,1,463521,1,0
A110103,2023-09-19,616,0,567239,0,0
A110104,2022-05-22,736,2,252799,0,0
A110105,2025-02-05,817,4,509810,0,0
A110106,2025-09-26,812,0,131739,0,0
A110107,2025-07-12,666,1,95174,0,0
A110108,2022-07-08,850,2,172750,0,0
A110109,2025-06-29,737,3,91192,0,0
A110110,2022-06-24,653,2,157307,0,0
A110112,2023-09-11,670,3,42632,1,0
A110113,2023-12-24,697,2,184214,0,0
A110114,2022-09-02,780,1,179102,1,0
A110115,2025-04-03,652,0,481140,0,0
A110116,2024-09-19,850,4,77728,0,0
A110117,2022-10-03,795,0,157800,0,0
A110118,2024-03-19,850,1,353177,0,0
A110119,2023-12-17,850,0,59331,2,0
A110120,2024-06-07,850,4,15858,0,0
A110122,2025-05-16,547,1,264057,0,1
A110123,2025-11-29,732,0,65743,1,0
A110124,2025-10-25,756,2,624914,3,0
A110125,2024-04-13,717,1,158263,0,0
A110126,2023-07-17,748,2,642184,0,0
A110127,2024-03-25,761,3,263795,3,0
A110128,2025-11-16,638,2,207452,0,0
A110129,2022-07-07,850,4,161169,0,0
A110130,2022-12-14,850,0,88029,1,0
A110131,2022-08-26,771,0,27249,2,0
A110132,2024-05-01,850,4,257665,1,0
A110133,2024-08-30,850,1,117956,1,0
A110134,2022-04-16,850,0,225664,0,0
A110135,2023-02-14,774,3,136081,1,0
A110136,2024-10-06,672,2,74261,0,1
A110137,2023-09-10,812,0,256892,2,0
A110137,2023-08-13,722,3,558448,1,0
A110138,2025-01-14,665,1,276456,0,0
A110139,2023-03-12,845,2,437050,0,0
A110140,2023-01-26,691,1,112571,0,0
A110141,2025-06-08,722,2,156066,1,0
A110143,2025-05-09,850,1,46152,0,0
A110144,2025-08-27,787,1,88358,0,0
A110145,2024-04-13,788,0,807505,0,0
A110146,2025-03-06,645,1,53144,0,0
A110146,2025-02-04,850,2,171361,0,0
A110147,2024-08-17,669,4,83485,0,0
A110148,2023-06-21,850,4,183101,0,0
A110149,2024-04-21,710,0,143038,0,2
A110150,2024-02-01,850,3,52621,0,0
A110151,2022-07-22,664,4,100073,0,0
A110152,2023-05-26,742,4,168509,1,0
A110154,2022-03-14,652,0,62032,0,0
A110155,2022-11-05,850,2,218510,0,1
A110156,2023-10-21,806,1,83279,0,0
A110157,2025-09-17,850,3,141525,1,0
A110158,2022-04-27,707,5,133754,0,0
A110158,2022-03-30,821,4,123297,0,0
A110159,2022-10-22,670,0,374258,0,0
A110160,2023-10-29,738,1,302167,0,0
A110162,2024-07-29,539,2,57289,0,0
A110163,2024-12-21,640,2,143641,2,0
A110164,2025-11-02,850,3,653062,0,0
A110165,2022-01-19,680,5,160274,0,1
A110165,2021-12-23,593,3,121758,0,1
A110166,2024-01-25,631,1,229987,0,0
A110167,2022-01-01,699,2,56969,3,0
A110169,2022-02-03,639,5,29399,1,0
A110170,2025-06-26,784,0,35985,2,0
A110171,2023-08-27,850,2,245526,0,0
A110172,2022-12-14,850,1,128824,1,0
A110173,2023-09-12,850,2,457486,0,0
A110174,2022-05-16,781,0,212692,0,0
A110175,2023-06-04,811,2,70606,1,0
A110176,2025-10-27,706,2,206012,0,0
A110177,2024-03-29,742,2,118157,0,0
A110177,2024-02-26,850,4,220252,0,0
A110178,2023-04-06,639,2,115969,0,0
A110179,2023-06-06,766,4,161797,1,0
A110180,2025-10-25,729,0,205647,1,0
A110180,2025-09-24,807,0,85651,0,0
A110181,2022-10-10,728,2,241780,0,0
A110182,2025-05-13,774,1,43354,0,0
A110183,2024-06-29,774,2,224572,0,0
A110184,2024-10-22,475,3,222441,0,2
A110185,2022-10-08,686,3,310305,2,0
A110186,2022-12-01,767,1,120127,0,0
A110187,2023-04-14,699,2,280449,0,0
A110188,2022-10-31,850,1,118299,0,0
A110189,2024-02-22,696,2,139782,0,0
A110190,2024-01-07,850,0,135816,0,0
A110191,2022-11-25,796,0,49782,0,0
A110192,2025-10-10,668,3,332658,0,0
A110193,2023-12-14,814,4,116653,1,0
A110194,2022-10-28,709,4,136106,3,0
A110195,2022-06-02,691,5,98710,0,0
A110196,2025-03-05,629,3,206111,0,0
A110197,2022-06-27,850,4,360757,0,0
A110198,2025-04-28,684,2,165355,0,0
A110199,2024-08-03,850,1,242103,0,0
A110200,2022-12-08,684,3,1101461,0,0
A110201,2025-09-11,850,2,35884,0,0
A110202,2022-09-15,850,4,85308,0,0
A110203,2025-07-17,850,4,84740,0,0
A110204,2024-10-29,850,2,315356,0,0
A110205,2023-05-30,765,2,184804,0,0
A110206,2022-10-24,806,2,80644,0,0
A110207,2023-11-06,664,0,91117,0,0
A110208,2023-10-09,664,6,140857,0,0
A110209,2025-11-11,764,5,131805,0,0
A110210,2024-03-30,738,2,54234,3,0
A110210,2024-02-28,811,1,105674,0,0
A110212,2023-03-17,789,2,312967,2,0
A110212,2023-02-14,850,4,133312,0,0
A110213,2025-12-02,714,1,114198,3,0
A110214,2023-01-01,850,0,145003,0,0
A110215,2022-12-09,850,3,43424,0,0
A110216,2025-01-16,850,0,304580,0,0
A110216,2024-12-18,848,5,234211,1,0
A110217,2025-09-02,825,0,347100,0,0
A110218,2022-02-23,850,6,95428,0,0
A110219,2022-05-21,726,0,84993,0,0
A110220,2023-02-03,840,2,43592,0,0
A110221,2022-09-16,741,1,303187,0,0
A110222,2024-05-31,702,5,31379,0,0
A110223,2024-07-05,731,3,305140,0,0
A110224,2025-10-16,755,2,929995,0,0
A110224,2025-09-16,850,1,141222,1,0
A110225,2022-06-28,674,0,360718,0,0
A110226,2025-08-26,837,1,83592,0,2
A110227,2024-05-19,718,3,285482,2,0
A110228,2023-08-18,819,4,621330,0,0
A110229,2024-09-01,850,4,314734,0,0
A110230,2022-11-29,771,4,57937,0,0
A110231,2022-02-14,726,3,271480,0,0
A110232,2022-04-10,651,0,215230,0,0
A110233,2022-08-07,850,3,205645,0,0
A110235,2022-01-18,692,1,234879,0,0
A110236,2023-11-23,787,3,65944,0,1
A110237,2022-11-26,829,2,182181,0,0
A110238,2025-10-16,768,2,47012,3,0
A110239,2024-06-23,802,0,152495,0,0
A110240,2025-03-28,751,2,702468,1,0
A110241,2025-09-12,850,3,118341,0,0
A110242,2023-08-06,687,3,679011,0,0
A110243,2023-04-13,833,2,35943,0,0
A110244,2022-11-03,583,1,180942,0,0
A110245,2023-11-27,803,0,334892,0,0
A110246,2025-09-23,850,4,49030,1,0
A110247,2023-03-20,746,4,70311,0,0
A110248,2025-05-04,850,1,33978,0,0
A110249,2024-06-28,753,3,56845,2,0
A110251,2024-08-18,577,0,78242,0,0
A110252,2022-08-04,850,5,86358,0,0
A110253,2023-05-19,850,1,113686,0,0
A110253,2023-04-17,784,1,103945,0,0
A110254,2023-02-21,780,3,52866,1,0
A110255,2023-10-23,815,2,48879,0,0
A110256,2022-12-23,680,3,140946,0,0
A110257,2024-10-05,714,5,533559,0,0
A110258,2022-04-06,850,0,97028,2,0
A110260,2025-09-28,661,5,330011,0,0
A110261,2023-07-30,790,6,109930,0,0
A110263,2025-10-17,831,0,317753,0,0
A110264,2022-09-03,850,2,99548,1,0
A110265,2024-04-19,636,0,71987,0,0
A110266,2023-02-15,850,2,274224,0,0
A110267,2024-12-09,840,2,44396,0,0
A110268,2024-12-27,785,3,250218,0,0
A110269,2022-05-08,807,2,44787,1,0
A110270,2022-07-25,850,3,1006772,0,0
A110272,2022-04-24,850,0,288077,0,0
A110273,2024-02-03,850,2,56763,1,0
A110274,2022-08-28,721,1,858728,1,0
A110275,2023-05-08,850,0,473326,0,0
A110276,2025-10-01,850,1,157532,0,0
A110277,2025-06-21,692,3,254510,1,0
A110278,2024-05-07,850,3,413185,1,0
A110279,2023-11-29,850,2,76521,0,0
A110281,2025-10-29,850,3,224563,0,0
A110281,2025-09-30,764,0,490646,0,0
A110282,2022-02-08,850,3,100548,0,0
A110283,2022-08-13,812,4,1166545,1,0
A110284,2022-10-31,686,2,320664,2,0
A110285,2024-12-05,666,0,117187,0,0
A110286,2022-01-29,732,4,47354,0,0
A110287,2022-05-26,640,1,274263,0,2
A110288,2022-08-22,787,1,147611,0,0
A110289,2023-01-06,601,2,223337,0,0
A110290,2022-03-21,812,2,106609,0,0
A110291,2022-12-23,850,0,174674,0,0
A110292,2023-07-24,850,1,200999,1,0
A110293,2024-04-20,846,3,358662,0,0
A110294,2022-06-26,844,3,158377,0,3
A110294,2022-05-27,687,4,167614,1,1
A110296,2022-11-08,742,1,281561,1,0
A110297,2025-09-28,771,4,301687,1,0
A110300,2022-07-12,773,4,202544,3,0
A110301,2024-10-06,678,4,118456,3,0
A110302,2024-07-13,685,3,194953,0,0
A110304,2022-08-12,833,1,48499,0,1
A110304,2022-07-12,850,0,203337,0,0
A110305,2024-05-03,850,1,54551,0,0
A110306,2025-08-04,850,3,379732,0,0
A110307,2022-11-10,846,3,239448,2,0
A110308,2025-11-19,796,1,270460,1,0
A110310,2022-08-28,850,6,232740,2,0
A110310,2022-07-29,850,1,20503,0,0
A110311,2024-07-30,850,3,442055,0,0
A110312,2023-07-16,782,4,202017,1,0
A110313,2025-08-07,812,1,186029,1,0
A110314,2023-03-27,850,0,353932,1,0
A110315,2024-03-07,724,3,209965,1,0
A110316,2023-06-11,597,7,104437,1,0
A110317,2025-11-24,720,0,241640,0,0
A110318,2022-07-29,850,1,65550,1,0
A110319,2023-06-03,643,0,569643,0,0
A110320,2025-12-17,850,1,228276,0,0
A110322,2025-11-05,820,1,164766,0,2
A110323,2022-01-24,631,2,164453,0,0
A110325,2025-06-25,796,0,349765,2,0
A110326,2023-09-19,850,1,149916,1,0
A110327,2025-08-19,742,1,119116,0,0
A110328,2025-11-05,850,1,165373,2,0
A110329,2025-02-06,749,0,326883,2,0
A110330,2023-01-20,850,3,109979,2,0
A110330,2022-12-21,817,3,385268,1,0
A110331,2023-02-22,717,5,227403,3,0
A110332,2022-09-28,850,1,462369,0,0
A110333,2025-09-11,850,1,298801,0,0
A110334,2023-09-08,815,1,273212,0,0
A110335,2024-02-06,795,3,101797,0,0
A110336,2025-04-09,595,4,198016,0,0
A110337,2025-02-23,840,3,41199,0,0
A110338,2025-08-12,850,4,290927,0,0
A110339,2025-01-07,731,1,1742383,0,0
A110340,2023-01-24,635,0,229856,0,0
A110341,2025-09-08,850,0,532696,0,0
A110342,2022-02-24,833,1,36286,0,0
A110342,2022-01-26,850,3,176282,0,0
A110343,2022-01-10,850,3,893054,0,0
A110344,2022-07-09,708,0,577297,0,0
A110345,2023-08-16,850,4,33979,0,0
A110346,2022-10-17,722,0,609501,1,0
A110347,2023-06-07,850,0,692787,3,0
A110348,2024-09-30,784,2,138791,0,0
A110349,2023-06-19,723,2,34953,0,0
A110350,2023-02-06,850,1,804342,0,0
A110351,2022-04-05,769,0,266929,0,0
A110352,2024-12-31,850,0,36664,0,0
A110353,2025-05-20,755,2,561571,0,0
A110354,2022-05-07,766,2,565543,1,0
A110355,2024-01-28,812,2,275525,0,0
A110356,2022-05-04,688,1,318662,0,2
A110358,2024-02-07,826,4,430859,0,0
A110359,2022-12-23,850,4,226998,0,0
A110360,2022-08-19,850,1,210716,0,0
A110361,2022-05-17,764,2,184400,1,0
A110362,2025-02-13,726,3,217320,1,0
A110363,2025-11-19,810,0,238372,0,1
A110364,2022-07-13,822,2,578690,1,0
A110365,2025-08-10,850,5,125275,1,0
A110366,2022-11-20,850,3,226838,0,0
A110367,2025-07-30,641,4,197043,1,0
A110368,2025-01-08,833,0,44791,0,0
A110368,2024-12-09,845,0,417536,0,0
A110369,2023-02-02,850,4,384348,2,0
A110370,2024-05-28,727,5,399372,3,1
A110371,2024-10-24,847,4,192206,0,0
A110372,2023-11-02,715,1,368492,0,0
A110373,2023-11-30,715,2,140837,0,0
A110374,2025-05-29,694,4,113125,1,0
A110375,2025-03-03,846,2,264813,1,0
A110376,2023-03-30,850,3,44380,0,0
A110377,2022-08-08,850,2,310201,0,0
A110378,2023-06-05,779,1,125227,0,0
A110379,2025-12-28,767,0,312939,0,0
A110380,2023-03-01,660,0,60331,0,0
A110381,2025-08-03,850,3,307069,1,0
A110382,2022-04-10,748,3,86810,1,0
A110383,2025-08-06,733,1,312971,0,0
A110384,2023-08-29,808,1,106093,0,0
A110385,2024-07-08,605,3,1292737,0,0
A110386,2024-10-11,748,1,109300,0,0
A110387,2023-11-30,811,3,275096,0,0
A110389,2024-08-15,850,0,59143,3,0
A110389,2024-07-16,752,0,25102,1,0
A110390,2022-08-21,679,3,38075,1,0
A110391,2023-12-12,695,2,204376,0,0
A110392,2025-05-02,802,2,421809,0,0
A110393,2025-03-29,727,1,753158,2,0
A110394,2025-08-20,770,0,118624,1,0
A110395,2024-09-21,742,2,81937,0,0
A110396,2022-10-23,850,0,171697,0,0
A110396,2022-09-20,809,2,357736,1,0
A110397,2024-04-14,740,0,290512,0,0
A110398,2023-05-22,831,3,356308,0,0
A110399,2025-03-30,850,3,109128,0,0
A110400,2025-05-22,805,3,66048,1,0
A110401,2024-03-28,755,0,45607,0,0
A110402,2022-01-18,850,1,125277,0,0
A110403,2025-11-18,770,3,639771,0,0
A110404,2024-07-24,850,1,1021414,0,0
A110405,2023-01-21,850,0,387189,0,0
A110406,2022-01-09,656,1,216066,0,0
A110407,2025-06-30,784,1,291140,0,0
A110408,2024-06-20,850,0,158926,0,0
A110409,2022-07-19,753,3,65395,0,0
A110410,2024-01-17,850,3,42592,0,0
A110411,2023-11-05,684,0,347732,0,0
A110412,2024-04-09,850,0,88509,0,0
A110412,2024-03-12,796,0,437264,0,0
A110413,2023-12-25,619,3,541555,0,0
A110414,2023-08-27,836,4,47653,0,0
A110415,2022-09-07,741,0,60154,0,0
A110416,2023-07-09,740,4,461182,0,0
A110416,2023-06-09,808,7,122929,0,0
A110417,2025-04-13,774,1,89568,1,0
A110418,2024-08-12,593,1,252702,0,0
A110419,2023-08-05,850,3,152324,0,0
A110420,2023-08-26,850,4,218146,0,0
A110421,2024-02-15,838,2,159740,1,0
A110421,2024-01-16,573,2,205910,0,0
A110422,2022-03-06,752,1,93020,0,0
A110423,2024-03-19,850,1,96145,0,0
A110424,2022-08-31,639,0,709343,0,0
A110425,2025-12-08,841,0,464482,1,0
A110426,2024-04-03,706,2,308700,3,0
A110427,2024-05-15,804,2,454369,0,0
A110427,2024-04-13,779,3,168477,0,0
A110428,2024-06-15,850,0,380282,1,0
A110429,2025-10-28,653,1,187194,0,0
A110430,2022-10-14,850,2,128076,3,0
A110431,2022-08-28,755,2,183016,0,0
A110431,2022-07-31,763,1,309524,0,0
A110432,2022-02-26,638,1,93689,3,0
A110433,2024-07-06,623,3,91599,1,0
A110434,2024-01-12,771,0,168330,0,0
A110435,2022-09-25,760,0,416580,0,0
A110436,2024-03-11,838,0,359230,0,0
A110437,2025-11-22,806,3,144889,0,0
A110439,2022-06-08,697,1,241825,0,0
A110440,2022-11-28,587,1,61545,1,1
A110442,2025-04-01,850,5,416737,0,0
A110443,2025-01-19,850,3,222377,0,0
A110444,2024-06-30,667,3,31174,1,0
A110444,2024-06-01,655,5,108648,0,0
A110445,2024-10-13,850,1,116769,0,0
A110445,2024-09-14,655,2,114190,1,0
A110446,2022-11-03,638,4,443897,2,0
A110447,2023-09-16,797,3,544071,1,0
A110448,2025-05-05,690,5,254974,1,0
A110449,2023-01-19,679,0,242813,2,0
A110449,2022-12-23,742,1,304423,0,0
A110450,2025-06-09,850,0,219767,0,0
A110451,2022-12-19,847,1,312929,1,0
A110452,2025-07-04,737,4,159931,0,0
A110453,2022-05-09,609,4,417402,0,0
A110454,2024-06-03,643,3,333891,0,1
A110455,2023-02-16,850,0,804721,1,0
A110456,2022-12-14,850,2,749619,1,0
A110457,2025-02-07,850,2,375027,0,0
A110458,2023-10-08,850,0,211402,1,0
A110458,2023-09-10,678,4,54199,1,0
A110459,2024-12-14,849,9,210373,1,0
A110460,2025-02-24,820,0,61058,0,0
A110461,2025-03-20,781,2,27943,2,0
A110462,2023-06-24,850,4,54701,0,0
A110462,2023-05-26,850,2,261931,0,0
A110463,2023-05-25,567,4,499547,0,0
A110464,2025-07-29,850,3,359461,0,0
A110465,2023-09-17,850,2,234062,0,0
A110466,2024-07-23,742,2,23809,0,0
A110467,2024-05-26,850,2,882843,0,0
A110468,2024-06-11,701,1,173575,0,0
A110469,2022-08-03,850,2,149468,0,0
A110470,2023-05-28,768,2,42379,1,0
A110470,2023-04-28,827,4,154937,0,0
A110471,2023-10-21,559,2,49570,0,0
A110472,2025-08-02,850,0,42157,1,0
A110473,2022-03-08,746,1,143301,1,0
A110474,2024-04-08,772,3,797901,0,0
A110475,2022-05-05,841,3,261641,1,0
A110476,2024-04-21,850,2,65163,0,0
A110477,2025-08-25,650,2,379108,0,0
A110478,2024-10-13,850,3,296022,2,0
A110479,2022-04-20,685,4,353312,0,0
A110480,2022-03-29,850,0,204752,3,0
A110481,2024-11-25,788,2,117046,2,0
A110482,2023-12-01,815,5,61765,0,0
A110483,2023-02-22,850,2,1142918,2,0
A110486,2022-08-16,724,2,1007755,2,0
A110487,2022-09-05,850,1,314953,3,0
A110488,2023-02-15,724,1,219180,0,0
A110489,2022-02-04,775,0,131426,0,0
A110490,2022-01-25,850,1,271089,0,0
A110491,2023-12-14,628,0,239828,0,0
A110492,2025-07-05,726,4,680842,0,0
A110493,2022-05-17,788,3,249722,0,0
A110494,2022-01-11,850,2,159029,0,0
A110495,2024-12-10,840,2,156048,0,0
A110496,2023-05-21,800,3,92315,0,0
A110497,2023-09-15,850,1,2721915,3,0
A110498,2022-11-24,850,3,779577,0,0
A110499,2023-07-02,650,4,87688,0,0
A110500,2023-11-14,747,3,108115,0,1
A110500,2023-10-17,850,4,59844,3,0
A110501,2023-09-29,750,2,220464,0,0
A110502,2025-11-25,699,1,4134845,0,0
A110503,2023-08-05,833,2,93013,0,0
A110504,2024-01-25,705,0,488096,0,2
A110506,2023-03-24,636,4,440930,0,0
A110507,2022-09-21,805,0,813271,0,0
A110508,2023-11-07,789,0,257267,1,0
A110509,2025-01-31,781,1,600630,0,0
A110510,2023-04-27,850,1,235960,0,0
A110512,2024-05-08,740,1,211247,0,0
A110513,2024-02-04,646,2,227799,0,3
A110514,2024-01-23,420,3,202613,0,3
A110515,2022-03-17,845,3,206577,0,0
A110516,2023-04-13,621,6,62168,1,1
A110517,2025-06-28,834,2,210555,0,1
A110519,2022-10-01,773,3,51957,0,0
A110520,2023-04-10,805,0,188572,0,0
A110521,2022-10-15,727,3,88122,0,0
A110522,2023-08-27,708,7,107778,0,0
A110523,2023-02-09,686,3,225030,0,0
A110524,2022-05-05,696,2,215881,0,0
A110525,2025-05-29,792,4,397528,2,0
A110526,2022-03-03,713,1,213647,0,0
A110527,2022-08-21,684,3,315438,0,0
A110528,2025-03-22,850,0,824323,0,0
A110529,2023-06-03,850,0,635697,2,0
A110530,2022-01-27,591,2,641587,1,0
A110531,2023-03-15,712,3,239559,1,0
A110532,2023-02-09,814,4,59370,0,0
A110533,2025-10-31,850,0,280389,0,0
A110534,2022-11-01,588,0,102812,0,0
A110535,2025-10-18,708,2,191169,0,0
A110536,2022-09-12,624,0,184490,0,0
A110537,2023-10-01,850,1,167912,0,0
A110538,2023-10-11,846,1,359953,0,0
A110540,2024-02-20,715,1,490025,1,0
A110541,2025-05-13,781,3,57323,1,0
A110542,2025-01-27,829,2,127471,0,0
A110543,2024-10-09,719,3,89718,0,0
A110544,2022-07-09,850,1,64653,3,0
A110545,2025-12-07,740,1,544300,0,0
A110545,2025-11-07,850,3,55010,0,0
A110546,2025-05-23,819,4,42278,0,0
A110547,2022-01-14,850,5,142721,0,0
A110548,2025-07-07,806,3,377753,0,0
A110549,2024-04-24,658,4,116440,0,0
A110550,2024-08-15,721,1,170353,0,0
A110550,2024-07-14,603,2,72991,1,0
A110551,2025-07-18,850,5,220642,1,0
A110552,2025-05-26,850,2,168656,1,0
A110554,2025-04-02,850,2,192813,1,0
A110555,2022-01-09,631,3,228065,0,0
A110556,2025-02-17,636,0,114727,0,0
A110557,2024-11-09,850,1,85646,0,0
A110559,2024-05-27,850,2,223124,0,0
A110560,2025-09-06,850,1,688753,0,0
A110560,2025-08-06,850,5,564403,0,0
A110561,2024-10-17,657,1,197227,2,0
A110562,2025-03-20,712,5,1047319,0,0
A110564,2023-07-21,676,3,161087,0,0
A110565,2024-05-26,850,2,135091,0,0
A110566,2022-09-14,850,0,188428,1,0
A110567,2022-03-18,850,1,189688,0,0
A110568,2024-12-07,850,0,385324,0,0
A110569,2024-02-14,788,3,190277,0,0
A110570,2024-12-02,777,2,105318,1,0
A110571,2024-06-01,781,4,135556,1,0
A110572,2022-01-25,754,4,306272,0,0
A110573,2025-05-07,795,2,119927,2,0
A110574,2022-02-13,715,0,88725,3,0
A110575,2024-03-31,620,3,99855,0,0
A110576,2022-11-16,809,3,353359,0,0
A110577,2023-03-21,711,3,552253,1,0
A110578,2022-04-17,690,1,24916,0,0
A110579,2025-07-16,850,1,315987,0,0
A110581,2024-05-25,662,2,201013,3,0
A110582,2025-10-06,740,4,58435,1,0
A110583,2025-09-06,776,2,227377,0,0
A110583,2025-08-08,726,6,456967,1,0
A110584,2022-01-28,733,1,282596,0,0
A110585,2023-12-06,787,1,120027,0,0
A110586,2025-08-24,738,2,42664,1,0
A110587,2022-06-02,696,3,111590,2,0
A110588,2023-08-20,727,3,192493,0,0
A110589,2024-10-24,786,2,158603,0,0
A110590,2023-11-08,683,0,477455,0,0
A110591,2023-05-02,579,2,90637,0,0
A110592,2022-08-24,711,3,239702,0,0
A110594,2022-05-26,850,7,673966,0,0
A110596,2025-10-01,710,3,117302,1,0
A110597,2024-02-07,789,0,255244,0,0
A110598,2023-08-05,850,0,211465,0,0
A110600,2023-09-20,758,0,227085,1,0
A110601,2024-06-20,849,5,198581,1,0
A110602,2024-07-03,789,1,71157,0,0
A110603,2025-05-24,850,2,328612,0,0
A110604,2022-11-15,706,1,188315,0,0
A110605,2024-02-23,806,2,80678,1,1
A110606,2023-09-05,732,1,118913,0,0
A110608,2024-01-13,793,2,236496,1,0
A110610,2024-04-04,827,4,141964,0,0
A110611,2023-12-25,785,2,210741,0,0
A110612,2023-09-30,613,0,83533,0,0
A110613,2023-07-10,839,2,247444,3,0
A110614,2025-12-22,849,2,151436,0,0
A110615,2022-10-23,809,3,392849,0,0
A110615,2022-09-23,767,4,187541,0,0
A110616,2023-09-22,710,2,42061,1,0
A110617,2023-09-09,850,0,176178,1,0
A110618,2025-02-09,745,2,174144,0,0
A110619,2023-09-25,720,2,71405,0,2
A110619,2023-08-25,618,2,243844,0,1
A110620,2025-03-17,718,1,62616,0,0
A110621,2022-07-04,850,0,49995,0,0
A110622,2024-01-22,850,1,110881,0,0
A110622,2023-12-24,689,0,1139249,0,0
A110624,2023-04-04,792,2,88896,0,0
A110625,2025-01-14,769,0,401589,0,0
A110626,2023-11-25,850,2,150207,2,0
A110627,2024-06-23,780,3,358384,0,0
A110628,2025-04-29,742,3,77390,0,0
A110629,2024-10-26,850,5,672155,1,0
A110630,2025-04-24,850,4,222312,0,0
A110632,2022-12-15,850,2,110140,2,0
A110634,2025-04-17,850,3,194955,0,0
A110635,2023-05-16,691,1,456593,2,0
A110636,2024-03-02,624,2,109571,0,0
A110637,2024-09-08,705,2,394784,0,0
A110638,2025-02-03,793,4,525213,0,2
A110639,2023-05-03,850,2,398275,3,0
A110641,2022-04-18,698,3,514997,0,0
A110642,2025-06-13,784,2,93647,0,0
A110643,2024-01-08,850,0,230458,0,0
A110644,2023-01-25,850,2,383792,0,0
A110645,2024-03-14,620,1,160722,2,0
A110646,2023-05-18,850,4,402910,0,0
A110647,2025-10-31,706,2,469181,0,0
A110649,2025-08-23,850,0,196236,0,0
A110650,2025-12-13,775,5,598022,0,0
A110651,2024-12-17,809,2,1374149,0,0
A110652,2023-03-01,716,1,181130,1,0
A110653,2025-10-20,740,4,182291,0,0
A110654,2022-02-12,850,2,1424889,0,0
A110654,2022-01-14,790,0,654944,0,0
A110655,2023-11-29,767,1,50625,2,0
A110656,2022-08-16,850,2,52578,0,0
A110657,2023-03-05,850,1,187177,0,0
A110658,2025-03-26,775,0,209070,0,0
A110659,2023-09-10,709,0,200978,0,0
A110660,2025-04-09,742,3,85641,1,0
A110661,2023-09-16,756,1,22161,0,0
A110662,2022-09-10,840,2,1015056,2,0
A110665,2024-11-07,763,3,60675,0,0
A110666,2022-08-27,664,1,211160,3,0
A110666,2022-07-27,656,0,66774,0,0
A110667,2025-10-22,850,5,347809,0,0
A110668,2023-08-20,850,2,560043,0,0
A110669,2025-08-19,850,0,184124,3,0
A110670,2025-05-01,840,1,243586,0,0
A110671,2022-03-16,830,5,137508,3,0
A110672,2023-08-06,838,2,143662,0,0
A110673,2022-02-16,709,0,171479,2,0
A110674,2022-04-01,850,2,251031,2,0
A110674,2022-02-28,845,2,533596,0,0
A110675,2022-11-30,837,0,115230,2,0
A110676,2022-08-10,791,6,141813,0,0
A110677,2022-06-20,625,4,139431,0,0
A110678,2024-02-18,597,5,625353,0,0
A110679,2024-06-23,666,2,89799,3,0
A110680,2025-01-02,717,1,462269,0,0
A110681,2022-02-02,667,4,666431,1,0
A110681,2022-01-03,800,1,146356,2,0
A110682,2025-07-29,812,3,771719,0,0
A110683,2023-12-23,714,2,695010,1,0
A110684,2022-11-09,823,2,287381,0,0
A110684,2022-10-13,612,0,105580,2,0
A110685,2025-08-23,790,0,60393,0,0
A110686,2023-09-26,817,4,793489,0,0
A110687,2025-05-31,774,3,135207,2,0
A110689,2025-05-01,850,3,220819,1,0
A110690,2024-02-29,667,0,80690,0,0
A110691,2025-11-25,775,6,198673,3,0
A110692,2023-05-31,654,3,524950,0,1
A110693,2023-11-29,771,5,313749,1,0
A110694,2024-08-16,841,4,360808,0,0
A110695,2025-10-14,678,2,680408,0,0
A110696,2022-02-04,836,3,189459,0,0
A110697,2024-09-20,821,2,479094,1,0
A110698,2022-04-04,820,0,375172,0,0
A110699,2025-05-16,850,2,32733,0,0
A110700,2024-01-10,850,2,687611,0,0
A110701,2025-12-12,850,4,355539,0,0
A110702,2024-03-25,850,3,97507,1,0
A110702,2024-02-24,716,1,129818,0,0
A110703,2024-11-21,684,2,777183,0,0
A110704,2024-05-03,733,3,184900,0,0
A110705,2024-03-10,762,2,489608,0,0
A110706,2024-05-04,743,2,187237,0,0
A110707,2023-04-20,682,0,105506,0,0
A110708,2024-09-11,751,2,152548,0,0
A110709,2025-09-29,850,0,375054,0,0
A110710,2024-06-17,718,1,107091,0,0
A110711,2024-07-23,837,2,106049,0,0
A110712,2025-11-23,676,3,116369,0,0
A110713,2025-01-21,790,0,57832,0,0
A110714,2023-07-22,755,2,300837,0,0
A110715,2024-01-31,586,2,41662,0,0
A110716,2023-09-10,850,2,189360,1,0
A110717,2024-08-11,743,2,468843,0,0
A110718,2025-09-13,829,4,315598,0,0
A110719,2023-09-30,850,2,615686,0,0
A110720,2025-04-07,765,5,45912,1,0
A110721,2024-08-10,789,0,44701,0,0
A110723,2022-01-18,850,1,168718,0,0
A110724,2024-05-04,820,2,128231,0,0
A110725,2023-12-27,720,6,122788,1,0
A110726,2023-01-22,645,2,161346,1,0
A110727,2023-10-04,850,1,250144,2,0
A110728,2024-02-05,850,2,70058,0,0
A110729,2025-11-23,850,4,834099,0,0
A110730,2022-10-11,850,4,462763,0,0
A110730,2022-09-12,626,3,187036,3,0
A110731,2023-11-01,708,2,570027,0,0
A110732,2022-08-13,850,3,316143,0,0
A110733,2024-06-26,783,1,157117,0,0
A110734,2024-12-19,710,3,43635,0,0
A110735,2024-10-12,806,3,1841979,0,0
A110736,2023-09-11,786,0,64210,0,1
A110737,2022-02-17,738,0,424832,0,1
A110738,2024-02-14,695,1,77011,0,0
A110739,2023-12-27,801,3,446590,1,0
A110740,2022-09-24,689,3,687411,0,0
A110741,2025-04-11,750,1,161055,0,0
A110742,2025-02-18,850,3,61664,0,0
A110743,2024-01-29,850,3,207227,0,1
A110744,2022-07-17,764,4,241234,0,0
A110745,2022-11-06,641,0,10264,0,0
A110746,2024-08-15,625,5,68237,0,0
A110747,2024-04-16,618,0,380565,0,0
A110748,2022-07-23,741,5,118180,0,0
A110749,2022-07-15,674,1,420631,0,0
A110751,2022-09-17,841,5,241251,1,0
A110752,2023-04-07,798,4,107017,0,0
A110753,2022-02-15,581,2,78264,1,0
A110754,2022-09-10,850,2,109606,2,0
A110755,2023-12-19,850,2,226281,0,0
A110755,2023-11-20,850,4,1161982,0,0
A110756,2025-03-24,850,0,232271,0,0
A110757,2024-07-19,850,2,137805,0,0
A110758,2022-06-01,850,1,244403,1,0
A110759,2023-07-07,850,3,346300,0,0
A110760,2025-11-03,793,2,78413,0,0
A110761,2022-01-22,850,4,125986,0,0
A110762,2023-07-08,820,3,66239,2,0
A110763,2025-05-10,834,1,118619,0,0
A110764,2022-01-05,659,1,171405,0,0
A110765,2024-04-23,845,4,59068,0,0
A110766,2024-03-17,763,2,151164,0,0
A110767,2023-06-19,709,2,52338,0,0
A110768,2025-01-05,661,2,278864,0,0
A110769,2024-09-29,785,6,138387,0,0
A110770,2022-08-29,804,2,394866,0,0
A110771,2024-10-16,623,3,942623,0,0
A110772,2024-07-09,841,4,53547,0,0
A110773,2023-07-06,817,0,153536,2,0
A110773,2023-06-08,803,3,92620,1,0
A110774,2025-07-11,713,5,84903,0,0
A110775,2024-12-21,850,1,97112,0,0
A110776,2024-05-27,850,3,630155,0,0
A110777,2025-03-27,632,1,125967,0,0
A110778,2023-07-12,850,3,655495,0,0
A110779,2022-07-22,764,0,423924,0,0
A110780,2024-09-25,773,1,471433,1,0
A110781,2023-01-13,799,1,622144,1,0
A110781,2022-12-13,732,2,483895,0,0
A110782,2023-12-25,788,4,325853,0,0
A110784,2025-04-07,788,3,41835,0,0
A110785,2025-11-30,835,0,32816,0,0
A110786,2022-02-25,799,4,306883,0,0
A110787,2023-12-17,774,0,46235,0,1
A110788,2023-12-29,677,3,34290,0,0
A110789,2023-12-31,615,0,105456,2,0
A110790,2025-01-23,850,3,178359,0,0
A110791,2024-12-01,850,1,1307923,0,0
A110793,2025-06-22,763,2,189528,0,0
A110794,2025-08-20,656,2,103420,0,0
A110795,2024-04-07,850,2,44416,0,0
A110796,2024-12-20,703,0,75695,1,0
A110797,2024-03-11,850,1,569022,0,1
A110797,2024-02-12,619,0,78873,0,0
A110798,2023-06-11,850,3,85908,0,0
A110798,2023-05-10,850,3,195828,2,0
A110799,2023-02-24,809,1,81688,0,0
A110800,2023-06-02,850,4,74729,1,0
A110801,2022-06-29,850,4,78976,1,0
A110801,2022-06-01,622,1,160460,0,0
A110802,2024-06-24,833,0,114406,0,0
A110803,2022-12-05,850,2,55083,0,0
A110804,2024-03-03,736,0,108877,0,0
A110805,2023-11-04,674,2,527478,0,0
A110806,2025-11-11,735,3,432222,0,0
A110808,2024-02-04,776,2,85242,0,0
A110809,2024-11-06,753,2,151062,0,0
A110810,2025-05-13,850,2,241123,1,0
A110811,2022-03-14,814,4,372242,0,0
A110812,2023-09-29,794,3,402939,0,0
A110813,2023-04-17,850,1,498158,1,0
A110814,2025-06-11,830,1,68715,1,0
A110815,2024-02-14,811,1,240468,0,0
A110816,2024-08-22,814,1,66221,0,0
A110817,2024-08-14,799,5,49570,1,0
A110818,2022-03-30,761,2,79950,0,0
A110819,2025-03-31,788,1,1187809,0,0
A110820,2024-07-24,711,4,400742,0,0
A110822,2023-09-15,691,2,370276,0,0
A110823,2024-12-30,647,0,77279,0,0
A110824,2023-08-13,685,2,44274,0,0
A110827,2024-03-11,839,5,507638,0,0
A110829,2024-02-12,850,3,270969,0,0
A110830,2024-06-06,813,0,120429,0,0
A110831,2023-08-20,825,5,109466,0,0
A110832,2024-06-13,850,1,93722,0,0
A110833,2024-07-09,831,2,154617,0,0
A110834,2023-05-13,757,2,636908,0,0
A110835,2024-04-25,685,1,112343,0,0
A110836,2022-10-05,850,2,148851,1,0
A110837,2025-09-15,850,0,191165,2,0
A110838,2023-07-04,826,0,309694,0,0
A110839,2024-09-20,723,4,218927,1,2
A110840,2024-07-22,709,3,157427,0,0
A110841,2023-04-21,705,2,145843,0,2
A110842,2025-06-20,722,3,104778,1,0
A110843,2024-05-13,844,3,1202553,0,0
A110845,2025-08-15,764,4,347223,0,0
A110846,2025-08-07,692,0,232538,0,0
A110846,2025-07-11,527,1,99698,2,0
A110847,2022-09-05,814,2,965547,1,0
A110848,2025-09-25,696,1,652242,0,0
A110849,2024-01-04,738,4,204791,0,0
A110850,2025-01-09,705,0,441184,0,0
A110851,2024-02-03,729,3,90217,0,0
A110852,2025-08-18,746,1,193567,1,0
A110853,2023-06-15,778,5,399038,0,0
A110854,2024-07-13,739,1,192397,3,0
A110855,2024-04-17,850,4,163609,0,0
A110856,2025-10-18,788,1,1744302,0,0
A110857,2024-08-30,793,2,150922,0,0
A110859,2024-01-23,659,6,268531,0,0
A110860,2023-12-04,695,5,162265,3,0
A110861,2025-03-04,790,1,176060,1,0
A110862,2024-11-27,726,2,210110,0,0
A110863,2025-07-29,850,4,151487,0,0
A110864,2023-07-10,850,2,351199,0,0
A110865,2022-02-17,721,0,336862,1,0
A110866,2022-03-06,735,2,220447,0,0
A110867,2025-12-15,850,4,688008,0,0
A110868,2025-07-11,850,0,37137,0,0
A110869,2023-10-06,799,4,482836,0,0
A110870,2025-10-20,771,5,153415,0,0
A110871,2022-09-09,647,1,28915,0,0
A110872,2025-08-23,793,2,976273,1,0
A110873,2022-08-02,607,0,822361,1,0
A110874,2022-07-24,850,5,79576,1,0
A110875,2022-05-27,755,0,320373,0,0
A110877,2024-07-05,803,2,672700,0,0
A110878,2022-08-10,672,7,298457,0,0
A110879,2022-12-24,815,0,257652,0,0
A110881,2023-09-04,829,1,653487,0,0
A110882,2024-08-07,706,3,76879,0,0
A110883,2025-05-29,686,4,664029,2,0
A110884,2024-07-18,825,2,253938,0,0
A110885,2025-05-03,768,2,134802,1,0
A110886,2023-04-10,695,4,287132,0,0
A110887,2023-11-17,764,0,174496,2,0
A110888,2024-04-12,673,0,86319,0,0
A110889,2022-07-01,718,3,578929,0,0
A110890,2024-09-01,582,2,514339,0,0
A110891,2023-01-30,741,2,295647,0,0
A110892,2023-06-14,742,3,51050,1,0
A110894,2023-10-23,806,3,170386,0,0
A110895,2024-08-25,850,2,226913,0,0
A110896,2023-10-04,756,2,411088,0,0
A110898,2023-06-23,729,2,23922,1,0
A110899,2022-01-08,850,0,94538,0,0
A110900,2025-11-29,579,4,110125,0,0
A110901,2022-02-18,801,0,863943,1,0
A110902,2022-01-16,812,3,21403,0,0
A110903,2022-12-27,551,2,39407,0,0
A110904,2024-12-31,839,0,142589,0,0
A110905,2022-09-13,850,3,297038,1,0
A110905,2022-08-16,691,0,279405,0,0
A110906,2025-10-09,791,2,509838,0,0
A110907,2025-10-08,670,5,91204,0,0
A110908,2023-09-24,713,4,137864,0,0
A110910,2022-11-07,850,5,213369,1,0
A110911,2025-10-22,731,2,171854,0,0
A110912,2022-02-21,762,3,34583,1,0
A110913,2023-04-28,850,0,131617,0,0
A110914,2024-07-15,707,1,497216,0,0
A110916,2025-11-26,850,2,537588,0,0
A110918,2023-11-01,816,3,257256,2,0
A110920,2022-03-19,721,2,197760,0,0
A110921,2023-02-01,683,3,134402,0,0
A110922,2024-11-09,792,3,552832,0,0
A110923,2023-10-11,656,3,315470,0,1
A110924,2023-10-12,661,1,27130,0,0
A110924,2023-09-11,692,2,81976,0,0
A110925,2023-06-20,752,0,647814,0,0
A110926,2023-03-23,757,5,1371178,0,0
A110927,2024-04-27,718,3,87676,0,0
A110928,2025-04-23,640,2,369063,0,0
A110929,2024-05-07,661,1,167404,0,0
A110930,2025-11-14,779,1,201239,0,0
A110931,2024-11-16,850,3,180328,0,0
A110932,2023-12-16,743,5,739014,1,0
A110933,2023-03-01,782,4,46098,1,0
A110934,2022-11-14,573,2,25974,0,0
A110935,2025-01-25,850,0,260549,0,0
A110936,2024-07-18,752,1,104103,2,0
A110937,2025-08-28,850,0,526470,0,0
A110938,2023-03-20,850,2,238370,0,0
A110939,2023-03-07,615,1,150306,1,0
A110940,2024-02-28,728,5,293141,1,0
A110941,2022-08-21,757,2,355794,0,0
A110942,2024-05-12,792,3,162652,0,0
A110943,2024-08-23,850,2,395227,0,0
A110944,2022-01-11,761,0,172333,0,0
A110945,2023-05-16,731,3,37329,0,0
A110946,2023-09-28,660,3,135153,0,0
A110947,2023-10-19,730,7,190832,0,0
A110948,2023-10-02,770,4,1001428,0,0
A110949,2023-02-13,833,4,825569,0,0
A110950,2023-03-20,814,1,105147,0,0
A110952,2022-01-09,850,0,127504,0,0
A110953,2023-06-15,750,5,256499,2,0
A110954,2024-01-30,720,1,284885,0,0
A110955,2023-11-15,569,0,529917,0,0
A110956,2024-08-31,543,2,129193,0,0
A110957,2022-02-26,850,1,477740,0,0
A110958,2022-02-20,675,0,237086,0,0
A110959,2022-08-15,772,1,189901,0,0
A110960,2025-11-12,793,1,232366,1,0
A110962,2022-05-16,850,6,123978,0,0
A110965,2025-10-22,767,1,609886,2,0
A110966,2025-07-14,850,3,99760,0,0
A110966,2025-06-14,746,2,202252,0,0
A110968,2025-03-21,809,3,238847,0,0
A110969,2022-07-31,575,4,623800,0,0
A110969,2022-07-03,831,1,59044,1,0
A110970,2022-04-26,790,3,153008,0,0
A110971,2025-04-09,832,3,153902,0,0
A110972,2025-05-20,831,4,266562,0,0
A110973,2022-01-04,658,2,90457,0,0
A110974,2023-08-25,735,1,311835,1,0
A110975,2023-02-18,716,3,172698,0,0
A110976,2024-04-11,850,4,66414,0,0
A110977,2025-12-06,794,2,201450,0,0
A110978,2022-09-09,581,4,119792,0,0
A110979,2023-09-07,850,2,35653,2,0
A110980,2024-11-11,610,0,6060,0,0
A110981,2024-08-15,714,3,76671,2,0
A110982,2025-05-19,813,4,178492,0,0
A110983,2025-09-19,770,0,221921,0,0
A110984,2022-02-10,692,1,129429,0,0
A110987,2022-03-12,850,4,167628,0,0
A110988,2023-10-02,688,4,299451,0,0
A110989,2022-04-04,850,1,164228,0,0
A110990,2022-11-17,789,2,91952,0,0
A110991,2022-07-04,640,2,233133,0,1
A110992,2024-05-23,800,4,47485,0,0
A110993,2025-11-26,692,1,705753,0,0
A110994,2023-05-23,726,4,135128,3,0
A110995,2023-02-13,719,4,91003,0,0
A110996,2023-03-15,695,0,311562,0,0
A110998,2024-09-25,784,0,211961,0,0
A110998,2024-08-26,734,5,1746545,1,0
A110999,2024-06-20,547,5,570068,0,0
A110999,2024-05-21,651,2,219616,0,0
A111000,2023-09-18,850,1,43380,0,0
A111001,2022-11-13,783,1,209737,1,0
A111002,2022-06-28,850,2,152634,1,0
A111003,2023-04-25,850,3,79532,0,0
A111004,2023-05-04,786,0,320321,3,0
A111005,2024-01-04,797,3,91812,0,0
A111006,2022-07-23,649,4,472542,1,0
A111007,2023-06-11,586,3,783661,0,1
A111008,2023-09-14,807,2,81533,0,0
A111009,2025-01-13,811,0,443924,0,0
A111012,2023-02-09,796,2,920312,0,0
A111013,2022-05-26,801,7,244494,0,0
A111014,2025-10-13,850,0,207770,0,0
A111015,2024-09-18,723,3,252833,0,2
A111015,2024-08-17,616,0,112509,1,0
A111016,2024-03-16,850,5,409919,0,0
A111018,2023-12-08,850,3,224112,1,0
A111019,2025-11-14,827,2,419586,0,0
A111020,2022-01-19,757,2,122709,1,0
A111022,2023-10-07,746,2,77723,3,0
A111023,2023-09-10,847,1,149728,1,0
A111024,2023-10-24,673,0,107387,0,0
A111024,2023-09-26,850,4,231108,0,0
A111026,2024-04-10,832,5,502874,0,0
A111027,2025-11-01,850,4,181640,1,0
A111028,2022-09-25,761,2,45744,0,0
A111029,2024-10-07,732,3,118860,0,0
A111029,2024-09-09,850,2,336098,1,0
A111030,2024-02-01,789,2,565944,1,3
A111031,2023-07-28,838,4,120137,0,0
A111032,2024-06-19,850,4,482205,1,0
A111033,2025-11-16,748,0,311347,3,0
A111034,2022-01-01,746,4,172764,0,0
A111035,2024-02-01,675,3,850055,0,0
A111035,2024-01-01,839,0,64063,2,0
A111036,2023-08-13,656,4,41435,0,1
A111037,2024-09-23,633,4,128125,0,0
A111038,2025-02-03,806,0,488222,0,0
A111039,2023-04-09,850,0,262379,0,0
A111040,2023-06-23,850,4,89107,0,0
A111041,2022-12-02,850,1,192091,0,0
A111041,2022-11-03,850,0,118046,3,0
A111043,2024-09-03,656,1,169230,0,1
A111043,2024-08-01,687,3,224698,3,0
A111044,2022-11-20,694,4,97616,0,0
A111045,2022-10-23,679,4,434470,3,0
A111046,2023-09-11,819,2,82752,3,0
A111047,2022-05-26,818,2,51981,2,0
A111049,2024-10-04,767,1,33180,0,0
A111050,2022-04-13,756,0,152274,0,0
A111051,2023-08-13,576,2,44232,1,0
A111052,2023-02-05,720,3,133687,3,0
A111054,2022-01-28,766,0,16480,3,0
A111055,2022-10-12,732,2,233148,0,0
A111057,2023-04-26,850,3,51591,1,0
A111058,2023-05-24,850,1,102574,0,0
A111059,2024-09-12,839,5,1061876,0,0
A111060,2024-08-13,783,4,356239,0,0
A111061,2022-05-29,712,0,251595,1,1
A111062,2022-03-08,796,2,235187,0,0
A111063,2023-02-25,850,2,196948,3,0
A111064,2022-03-29,774,1,129100,0,0
A111065,2025-10-17,850,4,455918,1,0
A111065,2025-09-19,850,0,147151,0,0
A111066,2022-12-20,814,3,206282,0,0
A111067,2024-08-11,705,3,203054,1,0
A111068,2025-12-27,850,6,79251,0,0
A111069,2022-06-04,850,2,157477,0,0
A111070,2022-08-02,850,3,94749,0,0
A111071,2024-03-04,671,0,410247,0,0
A111072,2023-03-16,596,2,120841,0,0
A111073,2023-01-02,707,0,314132,1,0
A111074,2022-09-06,850,2,69877,0,0
A111075,2024-08-22,730,2,103845,0,0
A111076,2024-07-20,765,2,170420,0,1
A111077,2024-07-17,635,7,80940,0,0
A111078,2024-03-18,812,4,39787,0,0
A111080,2025-12-09,830,0,26995,0,0
A111081,2024-06-25,789,3,120389,0,0
A111082,2022-10-07,813,3,270599,0,0
A111083,2022-05-20,720,3,1411415,0,0
A111084,2023-10-04,647,0,308592,1,0
A111085,2024-05-16,791,4,129218,2,0
A111086,2025-01-08,767,2,570607,0,0
A111087,2022-02-08,816,2,74325,0,0
A111088,2024-05-28,822,2,348964,0,0
A111089,2022-03-18,850,2,481094,0,0
A111091,2023-07-01,638,1,247182,0,0
A111092,2022-11-24,844,0,217253,0,0
A111093,2024-05-03,741,2,221384,0,0
A111094,2023-03-12,835,4,45292,2,0
A111095,2023-04-14,726,2,582723,0,0
A111097,2022-02-11,780,5,89365,3,0
A111098,2023-01-27,850,0,207295,0,0
A111098,2022-12-29,815,5,107706,0,0
A111099,2024-03-22,765,2,378740,0,0
A111100,2024-05-21,804,2,564196,3,0
A111101,2023-04-18,850,2,80772,0,0
A111102,2023-05-18,609,5,132610,0,2
A111103,2023-01-01,793,0,156468,0,0
A111104,2023-06-18,639,2,86494,1,0
A111105,2025-03-13,850,2,263023,1,0
A111106,2023-04-11,729,1,99486,0,0
A111107,2022-04-29,667,0,240909,2,0
A111108,2023-02-19,621,1,56869,1,0
A111109,2024-08-26,766,2,526412,0,0
A111110,2022-08-11,850,3,71480,0,0
A111111,2025-09-27,813,2,45183,0,0
A111112,2023-11-15,850,2,960797,2,0
A111113,2025-06-02,700,3,176500,0,0
A111113,2025-05-02,850,0,111976,0,0
A111114,2025-07-13,748,5,168045,0,0
A111115,2024-05-22,753,2,260647,0,0
A111115,2024-04-23,768,1,109638,0,0
A111116,2025-01-29,691,6,1118663,1,0
A111117,2022-02-08,848,1,128419,0,0
A111118,2022-01-04,753,0,568231,1,0
A111119,2024-02-23,685,2,300982,0,0
A111120,2024-03-07,850,2,174405,1,0
A111121,2022-02-10,687,0,318986,0,0
A111122,2024-01-27,850,4,132173,0,0
A111123,2023-05-16,565,2,166115,0,0
A111124,2024-03-04,524,0,254993,0,0
A111125,2024-09-26,727,1,3194364,3,0
A111126,2025-08-29,639,5,134544,3,0
A111127,2022-10-14,804,2,93038,0,0
A111128,2025-07-03,850,0,333523,0,0
A111129,2022-12-21,771,3,746045,0,0
A111130,2023-10-14,850,0,438139,0,0
A111131,2022-12-08,777,3,216491,0,0
A111132,2022-03-21,850,1,62298,0,0
A111133,2025-07-20,850,6,109228,0,0
A111134,2025-12-18,621,4,1394208,0,0
A111135,2025-11-23,850,2,703314,0,0
A111136,2023-04-27,696,1,286806,0,0
A111137,2024-09-22,850,4,24730,0,0
A111138,2023-11-20,734,3,63546,0,0
A111139,2022-05-15,850,2,103546,3,0
A111140,2022-11-28,831,1,402060,2,0
A111141,2023-07-04,724,3,200589,1,0
A111142,2023-01-24,768,2,68110,0,0
A111142,2022-12-25,699,3,65591,1,1
A111143,2024-08-07,850,5,714348,1,0
A111144,2022-04-02,850,5,751988,0,0
A111145,2024-10-23,850,4,917278,0,0
A111146,2023-10-08,711,4,273264,0,0
A111147,2024-08-02,668,2,85856,0,0
A111149,2024-09-05,680,0,68128,0,0
A111150,2022-11-20,606,0,20697,0,0
A111151,2022-02-13,681,0,229154,0,0
A111152,2021-12-30,719,2,51339,0,1
A111153,2025-09-22,781,2,179574,2,0
A111154,2022-03-21,850,2,113335,0,0
A111154,2022-02-19,763,1,55685,1,0
A111155,2022-12-03,639,4,347572,0,0
A111156,2025-03-16,778,6,1084615,0,0
A111158,2024-11-18,850,0,56709,0,0
A111160,2023-05-11,746,2,164294,0,0
A111161,2022-08-01,800,2,257542,0,0
A111162,2025-01-13,850,2,127019,1,0
A111163,2022-10-28,619,1,405890,0,0
A111164,2023-04-02,758,0,377620,0,0
A111165,2024-03-22,710,0,145810,0,0
A111167,2024-01-09,674,4,184730,0,0
A111168,2025-04-29,735,0,799089,1,0
A111168,2025-04-02,601,1,164640,0,0
A111169,2023-04-21,836,0,321589,0,0
A111170,2024-05-07,760,2,238510,0,0
A111171,2024-09-24,839,3,100065,0,0
A111173,2025-07-01,687,0,179164,0,1
A111174,2022-06-27,729,1,624019,0,0
A111175,2023-11-22,693,5,141095,0,0
A111176,2024-12-11,617,2,250415,0,0
A111177,2024-11-17,775,3,129022,0,0
A111178,2022-12-15,834,2,270907,0,0
A111179,2025-03-24,662,3,916361,0,0
A111180,2025-06-10,850,4,56544,0,0
A111181,2023-07-22,620,3,176137,0,0
A111182,2024-07-10,842,6,175183,0,0
A111183,2023-03-13,680,2,717840,0,0
A111184,2025-08-26,850,3,221203,2,0
A111185,2023-10-25,850,3,67031,0,0
A111187,2022-04-15,759,2,317781,0,0
A111187,2022-03-18,850,0,540035,1,0
A111189,2025-01-01,850,1,182763,2,0
A111189,2024-12-03,850,3,144368,0,0
A111190,2024-10-22,779,4,569111,0,0
A111191,2025-04-16,829,1,39406,0,0
A111192,2022-04-26,724,3,211460,0,0
A111193,2022-03-11,850,3,111789,0,0
A111194,2022-12-16,796,4,193998,0,0
A111195,2025-11-06,766,0,1214639,0,1
A111196,2023-06-29,850,0,228080,0,0
A111196,2023-05-29,787,2,111098,0,0
A111197,2023-04-29,746,3,104978,2,0
A111197,2023-03-31,850,4,308716,0,0
A111198,2023-07-27,695,2,118360,0,0
A111199,2024-10-25,724,3,87233,0,0
A111199,2024-09-24,802,2,110568,2,0
A111200,2024-12-17,761,3,301032,0,0
A111201,2023-03-14,850,3,205553,0,0
A111201,2023-02-10,741,3,222311,0,0
A111202,2022-01-16,731,3,354189,2,1
A111203,2023-06-26,850,3,411305,2,0
A111204,2024-09-15,769,0,65777,1,0
A111206,2025-06-23,850,0,319464,3,0
A111208,2022-09-14,826,6,206845,0,0
A111209,2022-11-03,768,0,186638,0,0
A111210,2023-02-04,850,2,214644,1,0
A111211,2022-06-16,824,4,75550,0,0
A111212,2025-12-17,726,0,458540,1,0
A111213,2025-11-25,701,3,83831,0,0
A111214,2024-06-11,730,1,142360,0,0
A111214,2024-05-10,796,6,169155,3,0
A111215,2024-11-22,800,0,135594,0,0
A111216,2024-08-31,691,1,227674,2,0
A111217,2024-08-18,839,2,132595,1,0
A111217,2024-07-18,825,4,195138,2,0
A111218,2023-07-08,850,4,107937,0,0
A111220,2022-11-13,624,2,8925,0,0
A111221,2024-10-07,850,4,460280,0,0
A111221,2024-09-09,850,4,61587,0,0
A111222,2024-05-02,768,0,142744,0,0
A111223,2023-04-20,710,3,91570,1,0
A111224,2023-06-12,755,1,234426,0,0
A111225,2023-04-22,850,5,412288,0,0
A111226,2023-10-28,728,0,141999,0,0
A111227,2022-12-25,850,4,87379,1,0
A111228,2024-04-07,817,3,163534,0,0
A111229,2023-10-21,729,2,74573,2,0
A111231,2024-01-16,641,1,166638,2,0
A111233,2021-12-30,549,3,547103,1,0
A111234,2024-02-29,741,2,63093,0,0
A111235,2024-06-03,792,2,60904,0,0
A111236,2022-02-11,743,3,89731,0,0
A111237,2023-12-01,793,3,51870,0,0
A111238,2022-08-05,681,1,144875,0,0
A111239,2022-11-05,725,4,61616,0,0
A111240,2023-09-13,672,4,89300,0,0
A111241,2025-08-26,842,3,326447,0,0
A111242,2025-03-14,626,0,191777,0,0
A111243,2025-06-02,842,1,226760,0,0
A111244,2022-11-06,811,3,623866,0,0
A111245,2023-06-05,781,2,109960,0,0
A111246,2022-09-18,709,3,213721,0,0
A111247,2022-03-22,630,1,325928,0,0
A111248,2025-06-19,843,4,254197,0,0
A111249,2024-07-15,708,2,92722,0,0
A111250,2023-03-19,802,4,61726,3,0
A111251,2024-07-15,850,2,485320,1,0
A111251,2024-06-13,663,1,640129,1,0
A111252,2022-02-12,700,3,66985,0,0
A111253,2025-07-06,835,0,728429,1,0
A111254,2023-06-18,788,3,171242,0,0
A111255,2024-04-28,737,3,136985,3,0
A111257,2023-07-15,706,3,116300,0,0
A111258,2022-06-07,730,0,132130,0,0
A111259,2022-04-06,850,0,41487,0,0
A111260,2022-07-23,826,0,172683,0,0
A111261,2022-10-10,850,5,23343,0,0
A111262,2025-03-05,627,5,134144,0,0
A111263,2025-06-24,753,1,58851,1,0
A111264,2025-01-21,638,3,691211,0,2
A111266,2023-01-09,779,0,580439,0,0
A111267,2023-08-20,751,3,327519,0,0
A111268,2024-12-28,768,0,172040,0,0
A111269,2024-12-20,642,1,122459,0,0
A111270,2023-12-21,850,3,119885,0,0
A111271,2025-08-02,753,3,429647,0,0
A111272,2024-10-12,850,2,258638,0,0
A111273,2022-06-02,646,3,57262,2,1
A111274,2022-02-28,672,5,210740,1,0
A111275,2025-07-07,720,4,36891,0,0
A111276,2022-09-06,554,3,322752,0,0
A111278,2023-01-26,760,0,508793,0,0
A111279,2024-04-26,844,4,477527,0,0
A111280,2025-10-27,776,3,204463,0,0
A111281,2022-08-13,839,3,133093,0,0
A111282,2023-07-06,780,1,517362,0,0
A111283,2024-01-26,626,3,174790,0,0
A111284,2022-04-09,850,0,65342,0,0
A111285,2022-03-07,850,4,118745,0,0
A111286,2023-12-28,850,2,133989,0,0
A111286,2023-11-30,713,2,59302,0,0
A111287,2023-03-10,850,0,117350,2,0
A111287,2023-02-09,754,1,501643,0,0
A111288,2025-09-07,739,2,1030044,0,0
A111289,2025-01-25,740,2,379418,1,0
A111291,2024-08-01,747,0,410950,1,0
A111292,2025-09-01,850,4,295754,0,0
A111293,2023-12-25,825,1,205320,2,0
A111294,2024-07-10,730,0,220053,0,0
A111295,2023-01-04,814,1,604699,1,0
A111296,2022-03-16,746,1,138759,0,1
A111297,2023-06-27,650,5,145185,0,0
A111298,2025-03-24,800,3,180303,0,0
A111299,2023-09-07,807,2,76144,3,0
A111301,2024-05-13,743,4,23119,0,0
A111302,2022-04-05,623,1,356346,1,0
A111303,2025-04-08,770,3,242598,0,0
A111304,2022-11-10,690,3,581797,0,0
A111305,2025-05-09,794,1,461372,0,0
A111306,2024-05-23,850,2,134672,0,0
A111308,2024-09-22,754,2,195114,0,0
A111309,2025-07-10,666,2,125866,0,0
A111310,2023-05-13,850,2,156914,1,0
A111311,2023-05-26,695,1,189538,0,0
A111312,2022-09-22,842,4,395778,0,0
A111312,2022-08-24,758,3,30933,1,0
A111315,2025-12-04,820,3,390041,1,0
A111315,2025-11-05,850,4,127778,1,0
A111316,2022-03-20,799,3,119250,1,0
A111317,2023-06-10,545,4,339999,0,0
A111318,2023-11-26,850,1,92279,1,0
A111319,2023-03-27,521,7,408258,0,0
A111319,2023-02-28,675,4,1535968,0,0
A111320,2024-08-13,663,2,159153,0,0
A111321,2023-12-06,729,2,24761,0,0
A111322,2024-03-17,850,4,174783,0,0
A111323,2022-02-11,755,0,130943,0,0
A111324,2025-11-06,748,0,20780,0,0
A111325,2023-03-20,850,3,196329,1,0
A111326,2022-12-09,696,4,1371957,0,0
A111327,2025-01-31,819,0,182418,2,0
A111328,2025-11-12,835,5,230073,1,0
A111329,2024-12-21,754,0,213349,1,0
A111330,2022-05-27,834,3,210852,1,0
A111331,2024-01-28,850,0,201394,1,0
A111332,2023-01-29,681,4,427119,0,0
A111333,2025-11-23,706,2,89761,1,0
A111335,2024-09-20,850,4,268541,0,0
A111336,2024-08-11,850,1,99881,0,0
A111337,2025-02-20,626,0,92029,1,0
A111338,2023-02-05,778,1,63772,0,0
A111339,2024-12-27,767,0,382144,0,0
A111340,2023-06-07,813,3,26008,2,0
A111341,2022-03-31,602,2,151203,2,0
A111342,2022-03-17,842,1,112869,1,0
A111343,2024-03-26,672,1,1496313,0,0
A111344,2025-03-06,835,4,150644,0,0
A111346,2024-08-03,688,0,101771,0,0
A111347,2022-03-08,850,2,308864,1,0
A111348,2022-07-16,842,6,480178,1,0
A111349,2024-12-31,850,3,179051,0,0
A111350,2023-11-30,850,1,129524,0,0
A111351,2025-09-14,784,2,146780,0,0
A111351,2025-08-14,835,3,65612,0,0
A111352,2022-07-13,850,0,236017,0,0
A111353,2024-07-19,535,1,416506,0,0
A111354,2023-09-29,850,2,57430,0,0
A111356,2022-10-20,627,3,262238,0,1
A111357,2025-06-14,674,3,386835,0,0
A111358,2025-12-23,850,5,235314,1,0
A111359,2024-09-09,737,3,13999,0,0
A111360,2023-04-24,819,2,475117,0,0
A111361,2023-02-24,785,3,298714,1,0
A111362,2022-04-18,804,3,56138,0,0
A111363,2022-01-07,610,2,163147,2,0
A111364,2023-01-09,850,4,120682,0,0
A111365,2025-03-09,790,5,265638,0,0
A111366,2025-12-30,850,3,112196,0,0
A111367,2024-04-28,676,4,285609,0,0
A111368,2024-10-19,730,4,332860,2,0
A111369,2022-06-19,647,3,353373,0,0
A111370,2025-04-19,726,2,161750,0,0
A111371,2023-05-19,650,1,153615,0,0
A111372,2023-11-25,850,2,502381,0,0
A111373,2024-08-02,750,1,116001,0,0
A111374,2024-12-15,712,3,226415,0,0
A111375,2023-05-12,813,3,423489,1,1
A111376,2023-04-22,850,2,609706,0,0
A111377,2024-12-20,760,1,326842,0,0
A111378,2025-03-06,850,4,1500022,1,0
A111380,2024-10-07,738,1,127791,0,0
A111381,2025-02-07,650,1,177794,0,0
A111382,2023-12-02,850,1,266733,0,0
A111382,2023-11-03,713,3,250445,0,0
A111384,2024-08-26,774,3,189502,0,0
A111384,2024-07-24,645,0,18137,0,0
A111385,2023-03-28,850,0,337775,1,0
A111386,2025-01-17,664,2,348968,0,0
A111387,2025-01-29,850,0,215321,3,0
A111388,2023-12-22,823,0,163549,0,0
A111390,2022-04-05,850,2,46656,0,0
A111391,2023-12-17,763,4,186757,1,0
A111393,2023-03-31,819,3,133281,0,0
A111394,2022-12-03,747,1,254172,0,0
A111395,2023-07-10,695,0,144558,1,0
A111396,2023-10-09,850,1,190365,0,0
A111397,2024-01-11,639,3,137353,0,0
A111398,2022-07-04,845,0,176510,1,0
A111400,2025-01-05,838,3,355949,0,0
A111402,2023-10-25,688,2,138627,3,0
A111403,2025-08-03,832,2,101118,0,0
A111404,2025-12-19,831,2,116896,1,0
A111404,2025-11-22,850,3,352795,0,0
A111405,2023-01-18,850,0,180203,2,0
A111406,2024-05-16,739,3,31527,2,0
A111408,2022-11-05,639,3,145318,0,0
A111409,2025-12-31,729,4,300693,0,0
A111410,2024-04-18,850,2,28278,2,0
A111411,2024-04-13,850,0,124153,0,0
A111412,2022-03-18,850,2,114319,0,0
A111414,2022-01-01,676,1,199598,0,0
A111415,2022-03-26,850,6,419719,0,0
A111415,2022-02-24,850,2,673540,0,0
A111416,2025-11-16,767,2,64596,0,2
A111417,2024-06-30,850,2,45570,0,0
A111418,2022-10-06,765,2,368164,3,0
A111419,2023-02-22,658,3,223569,0,0
A111420,2025-03-06,842,2,328129,1,0
A111421,2022-11-07,719,4,128526,1,0
A111422,2025-01-12,846,5,89490,0,0
A111423,2024-03-07,802,4,53932,0,0
A111424,2022-12-28,690,1,434108,1,0
A111425,2023-10-11,850,2,477889,0,0
A111426,2023-03-26,732,0,33401,0,0
A111427,2024-06-11,850,2,345427,0,0
A111428,2023-11-28,728,4,2235959,0,0
A111429,2023-06-29,658,0,261806,0,0
A111431,2023-11-12,773,2,78895,0,0
A111432,2023-05-20,689,0,129148,0,0
A111433,2022-04-29,659,1,92882,1,0
A111434,2023-02-19,850,3,229000,0,0
A111435,2024-09-15,641,3,250056,0,0
A111436,2022-05-31,850,5,39436,1,0
A111437,2024-09-17,850,5,191148,1,0
A111438,2025-10-04,707,1,194277,1,0
A111440,2025-12-08,850,1,173180,0,0
A111441,2024-07-24,559,1,31154,0,0
A111442,2024-01-10,670,1,50943,0,0
A111443,2023-02-13,703,3,62519,0,0
A111444,2023-10-01,591,0,163302,0,0
A111445,2025-05-18,689,2,79777,2,0
A111446,2023-01-07,828,3,393277,2,0
A111447,2022-12-11,700,4,755588,0,0
A111448,2023-05-20,720,1,477135,0,0
A111449,2022-01-24,744,1,142289,0,0
A111450,2025-10-28,838,4,311859,0,1
A111451,2024-01-14,822,2,107612,1,0
A111453,2024-01-08,833,3,243766,0,0
A111454,2023-01-29,824,1,322374,1,0
A111455,2024-08-29,724,0,220112,0,0
A111456,2023-05-22,850,1,87773,0,0
A111457,2024-06-03,850,1,594342,0,0
A111458,2022-05-31,725,0,206370,0,0
A111459,2024-12-17,850,1,95181,0,0
A111459,2024-11-14,850,4,259900,0,0
A111460,2025-05-21,794,3,76758,0,0
A111462,2025-10-25,786,2,113173,0,0
A111463,2023-06-25,596,2,48182,0,0
A111464,2024-09-23,850,0,210319,0,0
A111465,2022-08-19,710,1,149947,0,0
A111466,2025-01-10,781,1,87472,0,0
A111467,2023-12-26,808,2,211780,2,0
A111468,2023-11-03,728,2,143425,3,1
A111470,2024-04-27,584,4,86651,1,0
A111471,2023-12-23,815,0,67671,0,0
A111472,2023-03-30,757,1,87853,0,0
A111473,2022-06-03,850,4,317656,0,0
A111474,2023-06-04,850,0,758268,0,0
A111475,2023-05-01,826,2,729704,0,0
A111476,2024-05-04,760,3,152087,1,0
A111477,2022-01-18,681,2,402231,0,0
A111478,2023-01-30,718,4,414857,0,0
A111479,2024-09-08,842,4,81929,0,0
A111480,2024-01-06,850,3,176865,2,0
A111481,2022-07-24,676,0,136980,0,0
A111482,2025-11-18,828,3,680270,0,0
A111483,2025-02-05,823,0,195412,0,0
A111484,2022-10-09,850,2,771724,2,3
A111484,2022-09-07,729,0,142328,0,0
A111485,2025-02-28,818,6,32360,0,2
A111486,2022-01-16,850,1,490423,0,0
A111487,2025-01-16,772,2,293606,1,0
A111488,2024-04-23,710,1,388734,3,0
A111489,2022-08-03,801,4,301130,0,0
A111490,2022-04-13,850,5,696822,1,0
A111491,2024-12-17,841,1,234958,2,0
A111492,2022-10-05,600,4,80923,0,0
A111492,2022-09-06,820,2,178140,1,0
A111493,2022-04-01,850,0,849566,0,0
A111494,2025-02-21,850,0,111363,1,0
A111495,2023-02-03,806,2,130506,2,0
A111496,2025-12-17,850,2,245474,0,0
A111497,2024-09-27,701,0,67997,2,0
A111498,2024-10-06,656,4,1438782,0,0
A111499,2023-03-31,703,3,199188,0,0
A111500,2024-07-04,783,0,683762,0,0
A111500,2024-06-05,622,3,566051,0,0
A111501,2025-06-18,635,3,90204,0,0
A111502,2024-07-18,850,2,319188,0,0
A111504,2023-04-18,630,5,260493,0,0
A111505,2022-05-20,797,0,60524,0,0
A111506,2024-05-12,850,5,86060,3,0
A111507,2022-06-20,850,4,61999,0,0
A111508,2024-01-25,712,3,235780,1,0
A111509,2022-11-11,850,7,173671,1,0
A111510,2025-03-09,826,2,61506,0,0
A111510,2025-02-04,561,1,17329,0,0
A111511,2022-03-21,850,3,31646,0,0
A111512,2023-03-27,766,3,190954,0,0
A111512,2023-02-23,655,0,216679,0,0
A111513,2023-09-19,836,3,239851,0,0
A111514,2024-06-10,650,2,185667,0,0
A111515,2025-09-22,707,4,377223,1,0
A111519,2024-07-07,850,2,255288,0,0
A111520,2025-09-09,806,2,229341,0,0
A111521,2022-03-18,835,2,484260,0,0
A111522,2022-07-07,740,0,166776,1,0
A111523,2022-02-08,613,3,335215,0,0
A111524,2025-02-10,795,2,325347,0,0
A111526,2024-09-24,697,1,34138,0,0
A111528,2025-02-16,755,2,57995,0,0
A111529,2022-03-09,850,0,178400,1,0
A111530,2024-08-06,850,2,845956,3,0
A111531,2023-02-14,541,3,63901,2,0
A111532,2022-10-07,850,1,200150,2,0
A111533,2023-09-02,850,4,554956,0,0
A111533,2023-08-02,722,2,283690,1,0
A111534,2023-10-31,835,2,169153,3,0
A111535,2025-12-27,725,3,113827,0,0
A111536,2025-01-01,850,5,236312,1,0
A111538,2023-03-25,639,5,192447,0,0
A111540,2022-12-30,588,0,203184,2,0
A111541,2024-06-24,748,3,104738,0,0
A111542,2025-09-07,850,0,65366,3,0
A111543,2025-05-06,850,1,111448,0,0
A111544,2024-03-19,593,0,344373,0,0
A111545,2024-10-10,816,2,1325606,3,0
A111545,2024-09-08,806,0,104301,0,0
A111546,2024-09-05,769,3,145862,2,0
A111548,2024-12-24,794,4,94631,0,0
A111549,2023-06-30,710,0,40588,0,0
A111550,2022-05-24,803,3,70220,2,0
A111551,2022-04-27,629,3,260050,0,0
A111552,2022-05-18,737,2,58169,0,0
A111554,2025-04-07,799,0,128289,0,0
A111555,2022-06-06,825,2,176236,0,0
A111556,2022-06-25,850,6,553154,2,0
A111557,2024-03-02,669,3,1248818,0,0
A111558,2023-08-13,683,1,744879,3,0
A111559,2025-08-25,850,1,77235,1,0
A111560,2022-10-22,744,1,322437,0,0
A111561,2022-05-22,735,0,62273,0,0
A111562,2024-07-20,746,4,113478,0,0
A111563,2025-01-22,658,0,137733,0,0
A111565,2024-08-02,850,0,117928,0,0
A111566,2024-08-03,850,2,77753,0,0
A111567,2023-02-16,810,3,55554,0,0
A111568,2024-08-18,661,4,196300,0,0
A111569,2024-05-15,617,6,45237,0,0
A111570,2022-07-22,821,6,323406,0,0
A111571,2025-06-04,850,2,22518,0,0
A111572,2025-05-08,730,0,73125,0,0
A111572,2025-04-08,850,3,275952,0,0
A111573,2022-10-28,850,1,149267,1,0
A111574,2025-05-08,585,4,170231,0,0
A111575,2024-03-23,837,3,166231,0,0
A111576,2023-03-27,798,3,91557,0,0
A111577,2022-02-26,699,3,527656,0,0
A111578,2024-11-01,766,4,129955,0,0
A111579,2025-03-04,734,1,177885,0,0
A111580,2023-10-25,771,2,303309,0,0
A111580,2023-09-26,850,3,619064,0,0
A111582,2022-12-19,850,2,93753,0,0
A111583,2022-10-12,759,4,71651,0,0
A111584,2022-09-18,849,1,386284,0,0
A111585,2025-10-17,850,3,883132,1,0
A111586,2024-06-19,684,1,118870,0,0
A111587,2022-11-03,688,3,39500,2,0
A111587,2022-10-06,671,2,547081,1,0
A111588,2025-02-08,645,3,20384,0,0
A111589,2025-06-14,807,1,48451,0,0
A111590,2022-05-24,850,4,646390,0,0
A111591,2023-11-30,850,0,40187,0,0
A111592,2023-09-09,850,1,614502,1,0
A111593,2024-04-19,698,3,269426,0,0
A111594,2022-07-25,740,3,516522,1,0
A111595,2023-02-23,838,4,79852,0,0
A111596,2023-07-24,674,0,108148,0,0
A111597,2024-12-22,630,2,259363,0,0
A111598,2024-02-02,850,2,271882,0,0
A111599,2024-02-27,850,3,41687,0,0
A111600,2025-06-16,773,2,135051,3,0
A111601,2024-06-21,850,1,201712,0,0
A111602,2023-05-03,659,3,116138,1,0
A111603,2024-10-16,743,3,246424,0,0
A111604,2025-01-10,850,1,202195,0,0
A111605,2023-08-03,842,4,224002,0,0
A111606,2023-12-12,841,3,32784,0,0
A111606,2023-11-13,711,6,375761,1,0
A111607,2024-01-17,722,2,75099,0,0
A111608,2023-09-07,749,1,879392,0,0
A111609,2022-08-30,747,2,210184,1,0
A111610,2022-04-17,805,6,91906,0,0
A111611,2023-08-09,766,2,372368,1,0
A111612,2023-06-04,670,2,185387,0,0
A111613,2022-02-07,850,2,75353,0,0
A111613,2022-01-06,813,4,208771,2,0
A111614,2022-01-05,825,0,133860,0,0
A111615,2022-05-19,604,2,352446,0,1
A111617,2022-04-11,832,6,43694,0,0
A111618,2022-10-06,671,0,184550,0,0
A111619,2023-12-22,846,0,181532,0,0
A111620,2025-06-20,725,1,70911,0,0
A111621,2023-09-02,850,2,281974,0,0
A111622,2025-08-25,623,3,77835,0,0
A111623,2025-02-20,647,3,45345,0,0
A111624,2023-07-20,831,2,146567,0,0
A111626,2025-10-19,820,1,65851,0,0
A111627,2023-08-08,814,0,146049,1,0
A111628,2022-05-22,807,2,972448,0,0
A111629,2024-03-03,850,0,112078,0,0
A111629,2024-02-04,831,3,230699,0,0
A111630,2025-01-31,743,2,205118,1,0
A111631,2022-09-25,850,3,311350,2,0
A111632,2022-02-15,595,2,598257,0,0
A111633,2023-03-18,765,5,109903,0,0
A111635,2022-11-06,705,0,511768,0,0
A111636,2022-01-06,744,1,78288,0,0
A111637,2023-04-16,850,3,149564,0,0
A111638,2025-09-08,850,2,448734,0,0
A111639,2023-12-06,850,3,66105,0,0
A111640,2024-03-08,809,4,532614,1,0
A111641,2022-01-31,788,3,92476,0,0
A111642,2022-08-25,757,0,934101,0,0
A111644,2025-05-27,759,0,216120,0,0
A111645,2023-10-04,762,0,47710,0,0
A111646,2023-11-24,793,1,164145,1,0
A111648,2023-01-12,835,3,393136,1,0
A111649,2023-10-11,850,2,161928,0,0
A111650,2022-02-20,731,0,128529,1,0
A111651,2022-09-29,748,1,94264,2,0
A111652,2022-03-16,758,2,322403,0,0
A111653,2025-02-19,787,6,294753,0,0
A111654,2022-08-13,820,3,104090,2,0
A111655,2023-12-23,850,3,422927,1,0
A111656,2024-09-15,669,2,210823,0,0
A111657,2022-06-14,842,0,262170,0,1
A111657,2022-05-13,670,2,43673,0,0
A111658,2023-08-13,850,4,368721,0,0
A111659,2022-11-15,786,2,1275256,0,0
A111660,2025-10-14,850,1,173039,2,0
A111661,2022-09-18,714,5,60983,0,0
A111662,2025-07-10,850,4,46673,0,0
A111663,2022-08-13,850,0,127364,0,1
A111665,2024-09-17,710,4,138151,0,0
A111666,2025-03-22,655,4,507836,0,4
A111667,2023-05-23,822,3,34433,1,0
A111668,2022-07-16,789,4,384309,0,0
A111671,2023-03-07,821,2,825715,0,0
A111672,2024-02-18,769,3,130598,0,0
A111673,2024-10-28,742,2,293295,1,0
A111674,2025-03-19,713,0,164888,3,0
A111675,2022-03-15,772,2,183594,0,0
A111676,2022-06-22,850,1,135881,1,0
A111677,2023-11-14,801,0,151409,0,0
A111678,2025-12-13,850,1,154575,0,0
A111679,2024-06-17,760,0,267925,0,0
A111680,2024-09-26,816,4,230676,1,0
A111681,2024-12-28,725,1,424145,2,0
A111681,2024-11-29,556,1,427695,0,1
A111682,2023-11-05,619,4,631635,0,0
A111683,2023-11-03,777,4,339119,0,0
A111684,2023-08-05,850,2,159358,2,0
A111685,2022-09-13,702,0,539478,0,0
A111686,2022-05-30,710,4,45690,0,0
A111687,2022-09-07,803,1,273136,0,0
A111688,2022-08-02,830,4,214814,0,0
A111689,2022-10-21,737,3,789309,0,0
A111690,2024-01-09,769,1,451924,1,0
A111691,2023-08-27,850,1,258059,0,0
A111692,2023-02-18,844,1,47218,1,0
A111693,2024-04-11,820,3,75432,0,0
A111694,2024-03-20,640,1,178646,0,0
A111695,2024-03-09,820,1,25896,2,1
A111697,2024-12-06,755,3,65681,0,0
A111698,2024-04-01,758,1,244381,0,0
A111699,2023-12-07,656,2,259041,3,2
A111700,2024-07-03,718,5,652254,0,0
A111701,2023-02-25,850,4,210600,0,0
A111702,2024-07-21,680,2,120552,0,1
A111703,2024-04-14,850,0,161719,0,0
A111704,2025-08-13,676,4,434697,0,0
A111705,2025-03-31,850,1,153011,0,0
A111706,2024-01-05,850,0,107858,0,0
A111706,2023-12-04,850,0,290113,1,0
A111707,2022-07-19,510,3,411913,0,0
A111708,2022-05-12,785,1,187520,1,0
A111709,2025-05-02,754,3,63391,1,0
A111710,2025-12-16,684,1,200458,0,0
A111712,2022-02-02,722,1,263360,0,0
A111713,2023-06-10,844,3,162286,0,0
A111714,2023-10-29,793,1,279389,0,0
A111715,2023-12-08,783,2,335493,1,0
A111715,2023-11-09,750,3,391784,2,0
A111716,2025-02-28,717,3,179959,0,0
A111716,2025-01-28,850,1,227214,1,0
A111717,2025-07-18,850,2,772907,0,0
A111717,2025-06-17,784,3,134266,0,0
A111718,2025-12-06,679,1,38834,1,0
A111719,2023-07-01,778,1,43087,0,0
A111720,2025-11-26,850,4,249726,0,0
A111721,2022-04-15,646,2,242195,0,0
A111721,2022-03-16,677,4,94140,0,0
A111722,2023-03-19,710,4,92021,3,0
A111723,2024-08-30,850,0,438194,0,0
A111724,2025-11-25,525,0,89074,0,0
A111725,2025-05-08,609,3,216306,0,0
A111726,2022-11-16,745,0,319464,1,0
A111727,2022-02-02,850,2,806581,0,0
A111728,2025-02-16,733,2,44657,0,0
A111729,2024-02-01,850,0,706300,0,0
A111731,2024-11-10,697,2,173005,0,0
A111732,2022-12-14,782,3,64456,0,0
A111732,2022-11-15,756,0,316897,3,0
A111733,2024-09-19,683,3,320821,0,0
A111734,2025-02-21,850,0,98779,1,0
A111735,2022-02-13,605,1,169577,1,0
A111736,2022-08-05,850,2,294829,0,0
A111737,2023-12-04,808,2,152897,3,0
A111739,2025-08-30,768,1,181892,0,0
A111739,2025-07-28,826,2,123530,0,0
A111740,2024-08-26,744,3,208115,2,0
A111741,2022-10-28,618,0,207737,0,0
A111742,2024-04-28,799,2,69917,0,1
A111743,2024-04-12,772,1,251715,0,0
A111744,2023-09-09,568,2,412917,0,0
A111745,2025-10-18,500,3,413847,1,1
A111746,2022-03-04,696,3,233989,2,0
A111747,2022-06-06,729,3,303656,0,0
A111748,2023-04-12,691,4,303923,0,0
A111749,2025-06-08,834,1,19891,0,0
A111750,2025-07-19,744,7,47625,0,0
A111751,2023-04-21,689,1,2708638,0,0
A111752,2025-07-13,785,3,150438,0,0
A111753,2025-09-02,850,0,336271,0,0
A111754,2022-05-17,705,3,193092,1,0
A111755,2023-09-20,704,1,285132,0,0
A111756,2023-09-05,770,3,455504,1,2
A111757,2025-08-02,755,4,220229,1,0
A111758,2024-07-27,850,3,293141,0,0
A111760,2025-08-15,723,3,228362,0,0
A111762,2024-06-28,850,2,166947,0,0
A111763,2025-01-01,807,3,53806,0,0
A111764,2022-02-19,835,4,161609,2,0
A111765,2022-08-09,761,1,128257,0,0
A111766,2022-09-02,850,0,120571,1,0
A111767,2022-03-31,850,4,393191,0,0
A111768,2023-06-20,803,3,288359,0,0
A111769,2025-04-09,712,4,56283,1,0
A111770,2023-05-17,784,4,314224,1,0
A111771,2024-11-28,759,0,480477,0,0
A111772,2024-06-28,850,1,12419,0,0
A111773,2023-10-13,782,1,315783,0,0
A111774,2025-07-19,786,5,237633,0,0
A111775,2022-06-24,850,3,48307,0,0
A111775,2022-05-23,850,4,111599,0,0
A111776,2022-11-04,850,3,118422,0,0
A111777,2024-01-13,774,3,320460,0,0
A111778,2023-01-03,750,4,98479,0,0
A111778,2022-12-05,703,2,308437,0,0
A111779,2025-06-24,696,3,28529,1,0
A111780,2023-03-05,659,2,76258,0,0
A111781,2024-10-16,725,3,102337,0,0
A111782,2022-07-17,850,2,92973,0,0
A111784,2022-09-17,700,3,43925,0,0
A111785,2024-04-11,805,2,90681,0,0
A111786,2022-12-26,764,5,91134,1,0
A111787,2023-06-15,839,1,350643,0,0
A111788,2022-05-18,691,3,228502,0,0
A111789,2025-10-05,672,0,765288,2,0
A111790,2024-07-18,771,2,273224,0,0
A111792,2025-06-03,715,4,292174,0,0
A111793,2022-06-05,823,1,170227,1,0
A111794,2022-07-05,716,5,222527,1,0
A111795,2024-08-07,571,1,461724,0,0
A111796,2022-08-18,850,0,368263,0,0
A111798,2025-06-21,758,4,663127,0,0
A111799,2024-09-02,658,0,246953,1,0
A111800,2025-02-17,787,2,174871,0,0
A111801,2022-09-17,850,4,107494,0,0
A111802,2025-07-19,667,2,282629,0,0
A111803,2024-10-21,724,3,665591,2,0
A111804,2024-12-04,688,3,505581,0,0
A111804,2024-11-05,797,0,164788,0,0
A111805,2024-11-17,850,3,74796,2,0
A111805,2024-10-17,798,1,214710,0,0
A111806,2024-11-23,741,0,247886,0,0
A111806,2024-10-23,734,1,410958,1,0
A111807,2022-10-03,750,2,112095,1,0
A111809,2023-10-07,780,1,55064,1,0
A111810,2022-11-29,646,4,137620,0,0
A111813,2023-08-11,850,3,253496,0,0
A111814,2025-10-31,850,1,54564,0,0
A111815,2022-10-25,807,2,179093,0,0
A111816,2022-01-24,750,4,503906,3,0
A111817,2024-03-28,839,0,161097,1,0
A111818,2024-12-13,755,1,735851,0,0
A111819,2024-06-23,850,3,377135,0,0
A111820,2025-11-28,829,1,176201,0,0
A111821,2022-05-07,788,0,71090,0,0
A111822,2023-11-03,708,3,72653,0,0
A111823,2024-01-10,619,0,795347,0,0
A111824,2025-01-21,777,5,268137,0,0
A111825,2025-09-25,693,4,130465,0,0
A111826,2025-03-04,782,3,529071,0,0
A111827,2024-03-12,820,2,343188,0,0
A111828,2022-05-08,850,0,206824,1,0
A111829,2025-04-01,768,2,629687,2,0
A111830,2023-04-14,844,2,335550,0,0
A111831,2024-11-16,737,3,70430,2,0
A111832,2025-09-08,747,2,108421,0,0
A111833,2024-07-29,734,3,39618,1,0
A111834,2022-12-02,687,0,755554,1,0
A111835,2022-05-17,734,2,307688,1,0
A111836,2025-07-23,850,3,1032774,0,0
A111837,2025-08-09,850,2,273779,0,0
A111838,2023-07-04,795,3,116752,0,0
A111839,2025-12-19,850,3,134041,0,0
A111840,2022-12-13,821,1,108109,0,0
A111841,2023-04-16,615,3,74209,0,0
A111842,2023-05-02,714,3,210073,0,0
A111843,2023-09-27,755,0,47879,1,0
A111844,2023-02-02,696,2,173008,0,0
A111844,2022-12-31,850,2,144432,0,0
A111845,2025-08-05,818,2,246344,0,0
A111846,2023-09-08,743,0,151021,0,0
A111847,2022-02-10,700,3,168942,1,0
A111848,2023-03-28,819,4,87394,0,0
A111849,2022-08-10,591,0,100173,0,0
A111850,2022-03-18,616,4,144180,0,0
A111852,2025-04-02,765,3,194941,1,0
A111853,2022-10-29,675,2,259141,0,0
A111854,2025-09-23,737,3,198557,0,0
A111855,2024-12-01,850,4,248606,0,0
A111856,2024-08-27,850,4,306912,0,0
A111857,2025-09-24,662,4,73498,0,0
A111858,2024-12-06,751,0,167366,1,0
A111859,2022-10-15,760,5,143443,0,0
A111860,2023-09-10,850,0,647354,0,0
A111860,2023-08-12,734,1,1047546,0,1
A111861,2023-12-05,789,1,690830,0,0
A111861,2023-11-04,850,3,341901,0,0
A111862,2024-01-21,535,3,84837,2,0
A111863,2025-05-30,643,0,96517,0,0
A111865,2023-07-25,761,2,261379,2,0
A111866,2025-07-05,801,4,83290,0,0
A111867,2022-06-30,850,0,272358,0,0
A111868,2024-04-24,848,3,343106,0,0
A111869,2024-05-10,593,1,103809,0,0
A111870,2022-07-25,647,0,199224,0,0
A111871,2022-09-30,723,3,428129,0,0
A111872,2024-08-14,850,4,466584,0,0
A111873,2023-02-08,805,2,81501,0,0
A111874,2023-01-15,809,3,20592,0,0
A111875,2022-05-05,850,3,277863,2,0
A111876,2023-11-05,817,3,1308037,0,0
A111877,2025-08-05,850,5,117716,0,0
A111878,2022-04-10,685,1,130387,1,0
A111879,2024-10-15,698,0,121786,0,0
A111880,2023-02-05,734,4,196051,0,0
A111881,2022-08-20,755,2,196061,0,0
A111882,2022-12-08,779,3,137430,0,1
A111883,2023-12-27,769,2,486117,1,0
A111884,2024-04-19,846,0,101832,0,0
A111885,2025-11-25,777,1,456235,2,0
A111886,2023-11-30,850,2,282652,0,0
A111887,2024-12-21,850,2,1879851,0,0
A111889,2024-12-17,646,3,417906,0,0
A111890,2025-12-21,764,0,31492,0,0
A111891,2023-08-05,850,1,78718,0,0
A111892,2023-08-06,753,1,449714,3,0
A111893,2023-07-12,502,1,105279,0,0
A111893,2023-06-10,734,3,131524,0,0
A111894,2023-12-04,793,1,41646,2,0
A111894,2023-11-02,646,4,306879,1,0
A111895,2024-04-07,684,1,195472,1,0
A111896,2023-06-19,850,2,800469,1,0
A111897,2023-08-29,750,3,97516,0,1
A111898,2024-03-21,850,6,126676,0,0
A111899,2025-04-12,704,4,201715,1,0
A111900,2024-02-03,850,3,235264,0,0
A111901,2023-11-15,850,1,174745,1,0
A111902,2022-06-27,664,1,43129,1,0
A111903,2024-06-12,817,0,571829,0,0
A111904,2024-08-04,706,0,736662,1,0
A111905,2023-03-24,766,2,157761,0,0
A111906,2025-11-07,850,5,263264,0,0
A111907,2024-03-19,737,4,68398,0,0
A111908,2024-06-13,837,3,216676,0,0
A111909,2023-10-02,850,1,153594,2,0
A111910,2023-10-05,762,2,176856,0,0
A111911,2022-01-25,725,2,20987,1,0
A111912,2023-09-09,739,3,218158,0,1
A111913,2025-08-13,725,0,1015276,1,1
A111914,2025-10-10,706,2,435271,0,0
A111915,2024-01-16,850,0,173861,1,0
A111917,2023-09-18,850,3,83663,0,0
A111918,2022-03-31,850,1,314139,1,0
A111919,2024-10-26,600,2,84877,0,0
A111922,2025-10-15,850,2,469718,0,0
A111923,2022-09-30,696,2,116083,0,0
A111924,2022-09-03,817,0,159828,0,0
A111925,2022-12-29,784,1,158289,0,0
A111926,2025-04-07,850,1,173922,0,0
A111927,2023-04-27,550,3,263190,0,0
A111928,2025-06-08,682,3,61508,1,0
A111929,2025-12-13,760,6,139710,0,1
A111930,2023-09-21,792,0,51676,0,0
A111931,2023-04-04,588,1,143492,1,0
A111932,2025-06-23,826,5,77726,0,0
A111933,2022-10-04,643,0,70018,3,1
A111934,2025-09-14,850,2,188920,0,0
A111935,2023-11-21,611,0,200220,0,0
A111936,2024-10-21,850,3,149799,0,0
A111937,2025-05-16,850,3,413640,1,0
A111938,2023-09-13,850,0,47050,2,0
A111939,2024-08-11,687,1,100702,2,0
A111940,2025-11-22,825,4,120886,3,0
A111941,2024-12-07,850,1,150773,0,1
A111942,2022-01-27,850,0,71075,0,0
A111943,2022-10-27,821,1,332366,2,0
A111943,2022-09-27,721,4,347346,1,0
A111945,2024-04-30,717,0,199591,0,0
A111947,2023-02-16,850,3,75951,0,0
A111948,2022-05-21,662,1,182460,0,0
A111949,2024-02-27,826,4,263690,0,0
A111949,2024-01-30,850,2,451126,0,0
A111950,2023-06-24,821,0,264177,0,0
A111950,2023-05-24,787,2,315025,0,0
A111951,2024-04-15,808,3,323426,0,0
A111952,2025-09-23,850,0,69207,0,0
A111953,2024-01-02,850,2,380034,0,0
A111954,2023-02-20,797,3,115276,2,0
A111955,2022-05-15,850,6,106510,0,0
A111956,2024-09-02,741,3,84730,0,0
A111957,2025-09-03,788,1,81227,0,0
A111958,2023-12-10,738,2,431267,0,0
A111959,2024-05-25,794,3,94953,2,0
A111960,2025-05-08,731,2,1304155,0,0
A111961,2022-01-25,850,5,64451,0,1
A111962,2024-07-06,850,1,95488,2,0
A111963,2023-01-24,653,1,521159,0,1
A111964,2025-05-15,637,3,585226,0,0
A111965,2022-02-05,742,1,152359,0,0
A111967,2024-07-22,749,1,39303,1,0
A111968,2024-03-28,850,3,52244,0,0
A111969,2022-09-04,850,4,527126,1,0
A111969,2022-08-06,811,3,52160,0,0
A111970,2022-02-15,850,5,156315,0,0
A111971,2025-05-15,829,3,76755,0,0
A111972,2024-11-09,702,2,109691,0,0
A111973,2024-03-24,849,4,62164,2,0
A111974,2023-05-23,807,1,259299,0,0
A111975,2025-03-30,667,0,79425,0,1
A111976,2023-07-12,622,1,201540,0,0
A111977,2024-04-28,850,2,166567,0,0
A111978,2025-03-24,824,1,252345,0,0
A111978,2025-02-22,783,1,102657,0,0
A111980,2023-06-16,715,1,604197,1,0
A111981,2023-08-23,850,1,369445,1,0
A111981,2023-07-23,824,3,136232,1,0
A111982,2023-05-22,850,3,156015,0,0
A111983,2024-05-11,656,3,30542,2,0
A111984,2023-01-24,850,5,421900,0,0
A111984,2022-12-27,850,2,34485,0,0
A111985,2025-02-22,670,1,414974,0,0
A111986,2022-06-05,850,4,652704,3,0
A111986,2022-05-07,849,2,276233,2,0
A111987,2022-10-11,850,4,111312,0,0
A111988,2023-03-24,850,2,195663,2,0
A111990,2025-04-02,810,3,396842,0,0
A111991,2023-07-03,651,5,96799,1,1
A111992,2022-11-10,846,2,403296,0,0
A111993,2022-04-23,743,1,142073,2,0
A111994,2025-07-22,850,2,223386,0,0
A111995,2024-04-03,739,1,184400,1,0
A111996,2025-10-30,744,6,102047,0,0
A111997,2022-12-07,659,2,294486,0,0
A111998,2025-12-04,665,6,319056,0,0
A111999,2024-09-24,782,2,17701,3,0
