account_id,application_date,product_code,loan_amount,term_months,interest_rate,instalment,customer_age,employment_status,monthly_income,months_at_address,months_since_last_enquiry,province,income_verified
A100000,2024-12-16,PL,66583,12,0.1578,6424,21,1,18513,21,2,Rayong,Y
A100001,2023-05-31,CC,71469,0,0.1581,0,25,9,62367,53,0,Udon Thani,
A100002,2022-07-01,CC,26906,0,0.1555,0,48,1,28606,67,6,Songkhla,
A100003,2024-11-01,PL,158517,48,0.2016,5965,34,3,23611,67,15,Chiang Mai,Y
A100004,2022-09-28,HP,266360,60,0.199,8856,20,1,39314,87,18,Chonburi,
A100005,2023-11-29,HP,297471,72,0.09,6362,36,1,17826,39,17,Nonthaburi,
A100006,2023-06-17,HP,168672,72,0.2032,5198,20,1,31509,73,5,Phuket,
A100007,2022-11-19,HP,284276,60,0.2757,11269,33,2,25019,59,5,Khon Kaen,
A100008,2022-11-20,PL,156131,36,0.1864,6762,42,2,,71,3,Chonburi,
A100009,2025-05-03,CC,22089,0,0.2035,0,41,3,35578,60,4,Phuket,Y
A100010,2022-06-13,PL,65872,24,0.1032,3311,47,2,67057,81,10,Phuket,
A100011,2022-11-23,PL,119494,48,0.1204,3688,38,1,24575,57,9,Rayong,
A100012,2022-09-16,CC,102682,0,0.0,0,26,1,39444,14,11,Udon Thani,
A100013,2024-03-25,CC,61077,0,0.1495,0,32,2,,46,8,Ubon Ratchathani,
A100014,2023-08-04,PL,258889,48,0.204,9794,46,2,,33,6,Chonburi,
A100015,2023-10-10,PL,118787,24,0.2785,7706,21,1,23414,137,4,Bangkok,
A100016,2022-12-14,HP,184476,36,0.2254,8589,25,1,64046,71,2,Chiang Mai,
A100017,2022-09-09,HP,394726,60,0.2008,13183,63,1,24187,57,7,Phuket,
A100018,2024-06-01,PL,282146,36,0.1889,12278,27,1,30455,88,19,Songkhla,Y
A100019,2022-03-04,HP,416056,72,0.1082,9529,35,3,36057,79,0,Ubon Ratchathani,
A100020,2024-08-29,HP,179490,60,0.2355,6513,20,1,55012,90,7,Rayong,Y
A100021,2023-11-22,CC,36885,0,0.1911,0,58,1,16915,14,4,Chonburi,
A100022,2023-06-11,CC,46786,0,0.1431,0,20,1,18152,15,9,Nonthaburi,
A100023,2024-08-12,PL,272738,36,0.1172,10239,34,1,24144,52,11,Ubon Ratchathani,N
A100024,2023-09-07,CC,52380,0,0.2188,0,28,3,60018,124,16,Rayong,
A100025,2023-09-24,PL,38369,48,0.0994,1117,35,1,,73,23,Phuket,
A100026,2024-03-26,PL,80486,48,0.1477,2667,33,2,,95,2,Nakhon Ratchasima,
A100027,2025-12-18,HP,219269,72,0.1652,6064,42,1,23313,34,999,Udon Thani,Y
A100028,2023-08-11,PL,179143,48,0.2181,6988,45,2,,28,8,Samut Prakan,
A100029,2024-01-05,HP,740618,60,0.2643,28655,39,1,24066,68,2,Bangkok,
A100030,2024-12-03,PL,226710,12,0.2152,22958,40,3,28012,57,12,Bangkok,N
A100031,2022-02-24,PL,121238,36,0.1132,4511,30,1,,15,5,Nakhon Ratchasima,
A100032,2024-10-15,CC,44270,0,0.1053,0,44,1,17132,90,14,Udon Thani,Y
A100033,2022-03-16,PL,245374,24,0.1009,12287,20,1,46662,5,12,Samut Prakan,
A100034,2022-11-11,CC,41725,0,0.1043,0,24,3,29622,43,20,Ubon Ratchathani,
A100035,2022-09-22,HP,352437,36,0.1097,13011,39,2,,40,5,Rayong,
A100036,2023-04-03,PL,412559,24,0.2653,26310,38,9,,97,0,Chiang Mai,
A100037,2023-01-18,PL,196445,12,0.1911,19498,45,1,30476,88,999,Songkhla,
A100038,2022-08-04,HP,194425,60,0.1587,5811,37,1,32405,4,0,Chonburi,
A100039,2023-08-31,PL,172124,24,0.1271,8994,45,1,35490,21,5,Khon Kaen,
A100040,2025-02-05,PL,58348,12,0.2728,6188,34,1,60418,97,11,Ubon Ratchathani,Y
A100041,2024-06-18,HP,713697,72,0.1305,17673,39,1,25161,134,13,Chiang Mai,Y
A100042,2024-02-19,PL,200956,48,0.092,5727,30,1,20851,19,6,Bangkok,
A100043,2025-02-18,PL,95326,48,0.0969,2755,41,2,,122,7,Rayong,Y
A100044,2025-06-18,HP,206093,48,0.1558,6969,20,1,37732,55,999,Songkhla,Y
A100045,2024-09-06,HP,507262,60,0.1054,12909,46,3,21697,11,11,Chonburi,Y
A100046,2025-04-21,PL,59377,36,0.0998,2143,26,1,21065,25,9,Samut Prakan,Y
A100047,2022-05-23,PL,51532,36,0.1304,1991,41,2,,54,11,Phuket,
A100048,2022-10-16,CC,60618,0,0.0,0,26,3,,34,0,Rayong,
A100049,2025-10-24,HP,322529,48,0.1649,11151,38,1,38398,4,8,Chonburi,N
A100050,2024-03-08,HP,872735,60,0.231,31345,48,1,22957,98,2,Khon Kaen,
A100051,2024-01-06,CC,82634,0,0.0939,0,22,2,,8,999,Phuket,
A100052,2025-10-05,PL,94211,12,0.2546,9849,55,2,,40,13,Nakhon Ratchasima,Y
A100053,2022-02-10,PL,124791,48,0.2437,5134,48,1,15281,8,17,Chonburi,
A100054,2022-11-28,CC,50002,0,0.1385,0,58,2,,46,7,Nakhon Ratchasima,
A100055,2023-11-16,HP,440797,60,0.1216,11813,30,1,19686,6,8,Chonburi,
A100056,2024-01-25,HP,320730,60,0.1969,10608,27,2,66387,72,4,Songkhla,
A100057,2022-01-05,HP,401109,36,0.1178,15079,49,1,37415,164,22,Nakhon Ratchasima,
A100058,2022-11-29,CC,43228,0,0.2205,0,26,3,21364,127,8,Nakhon Ratchasima,
A100059,2024-12-06,HP,191065,36,0.102,6931,24,2,,80,13,Ubon Ratchathani,Y
A100060,2022-02-13,HP,90910,48,0.2556,3830,26,1,,64,5,Nakhon Ratchasima,
A100061,2022-12-25,PL,65439,48,0.2046,2479,54,2,,16,4,Bangkok,
A100062,2023-04-26,PL,94187,12,0.2778,10029,24,2,25775,16,12,Udon Thani,
A100063,2024-11-29,HP,273405,36,0.1483,10973,41,1,,36,13,Rayong,Y
A100064,2024-03-23,CC,42394,0,0.1962,0,27,1,28173,111,16,Songkhla,
A100065,2024-03-19,CC,69675,0,0.1406,0,42,1,19057,113,19,Khon Kaen,
A100066,2025-11-16,CC,28636,0,0.0,0,42,3,,32,26,Nonthaburi,Y
A100067,2024-06-04,HP,345482,60,0.1914,11268,20,3,48505,48,8,Chiang Mai,Y
A100068,2025-05-31,PL,136940,12,0.2662,14449,29,3,29000,26,6,Ubon Ratchathani,Y
A100069,2025-12-04,PL,141069,48,0.1081,4209,46,1,25942,88,11,Rayong,Y
A100070,2024-07-26,HP,419523,48,0.1046,12396,40,1,34366,61,20,Ubon Ratchathani,Y
A100071,2024-02-08,HP,288306,72,0.2219,9335,47,1,11343,83,999,Rayong,
A100072,2024-08-06,PL,100094,48,0.2519,4186,50,3,,30,999,Nakhon Ratchasima,N
A100073,2023-05-19,HP,141540,72,0.2047,4380,30,3,17255,93,12,Rayong,
A100074,2023-02-23,HP,203302,36,0.132,7883,31,1,10108,0,20,Ubon Ratchathani,
A100075,2025-05-06,PL,155353,24,0.175,8738,46,3,17144,20,1,Phuket,Y
A100076,2025-10-17,PL,94427,24,0.201,5516,38,3,19890,55,6,Songkhla,Y
A100077,2022-12-05,PL,133621,24,0.2042,7841,50,2,27604,50,13,Khon Kaen,
A100078,2023-05-26,PL,167605,36,0.2621,8316,42,1,13965,74,6,Bangkok,
A100079,2024-12-31,HP,223030,60,0.1372,6267,22,1,39236,80,2,Phuket,Y
A100080,2025-02-23,CC,45123,0,0.1882,0,46,1,35997,17,5,Nakhon Ratchasima,Y
A100081,2023-12-10,HP,529704,60,0.1786,16712,34,1,21525,19,999,Udon Thani,
A100082,2022-06-27,PL,80261,48,0.2155,3113,46,3,,17,21,Udon Thani,
A100083,2024-05-13,HP,183200,72,0.2657,6600,25,2,,29,10,Ubon Ratchathani,Y
A100084,2023-11-07,HP,376979,48,0.2226,14846,56,1,11964,82,999,Ubon Ratchathani,
A100085,2023-11-09,PL,82766,36,0.1311,3203,44,1,13715,110,12,Bangkok,
A100086,2022-05-15,CC,64207,0,0.1287,0,61,2,,28,1,Bangkok,
A100087,2023-04-21,PL,55977,48,0.2602,2379,40,1,,85,15,Phuket,
A100088,2023-11-18,CC,81939,0,0.0,0,34,3,22346,12,13,Songkhla,
A100089,2024-07-10,PL,81426,24,0.2775,5275,47,1,21169,41,20,Songkhla,Y
A100090,2025-06-24,PL,107593,24,0.1889,6176,45,3,47275,66,12,Nakhon Ratchasima,N
A100091,2022-12-20,HP,529254,48,0.1593,18051,53,1,23982,62,6,Rayong,
A100092,2023-01-21,PL,216297,48,0.1527,7258,33,2,14969,4,7,Udon Thani,
A100093,2024-08-10,PL,191828,12,0.16,18543,59,1,29799,104,5,Udon Thani,Y
A100094,2024-03-26,HP,867142,60,0.1194,23080,38,1,25034,38,3,Chiang Mai,
A100095,2025-11-03,HP,748271,72,0.177,21429,32,1,41493,94,11,Nakhon Ratchasima,Y
A100096,2022-03-02,PL,271641,24,0.1496,14704,46,1,48556,68,999,Chiang Mai,
A100097,2023-04-29,PL,94996,36,0.1616,3918,44,1,27812,37,1,Chonburi,
A100098,2023-10-08,HP,164027,48,0.164,5658,47,2,,54,13,Udon Thani,
A100099,2023-02-24,HP,443782,36,0.0946,15825,41,3,36980,72,1,Phuket,
A100100,2022-05-29,HP,323375,60,0.1242,8736,37,2,14145,3,7,Samut Prakan,
A100101,2022-10-22,HP,200629,60,0.2111,6873,29,1,21561,67,6,Nakhon Ratchasima,
A100102,2025-12-02,HP,125138,48,0.2112,4809,27,1,,9,0,Nakhon Ratchasima,N
A100103,2025-03-08,HP,134100,72,0.203,4131,20,1,15081,124,9,Songkhla,Y
A100104,2025-06-22,PL,35339,48,0.1023,1037,41,1,19410,1,3,Khon Kaen,N
A100105,2024-03-24,HP,259901,60,0.1707,8028,38,2,,9,0,Nakhon Ratchasima,
A100106,2024-05-30,HP,265603,36,0.1018,9631,39,1,28327,43,11,Chonburi,Y
A100107,2024-05-04,PL,130134,48,0.2289,5193,55,1,43827,74,0,Chonburi,Y
A100108,2024-08-18,CC,65288,0,0.1212,0,35,1,12006,57,12,Chiang Mai,Y
A100109,2023-05-17,HP,245431,36,0.116,9190,29,1,35977,52,23,Ubon Ratchathani,
A100110,2024-09-19,HP,370702,48,0.2007,13922,20,3,33121,54,17,Khon Kaen,Y
A100111,2024-05-12,PL,103190,36,0.2508,5023,56,3,22852,35,12,Phuket,Y
A100112,2022-04-30,HP,180789,60,0.2611,6946,31,1,26666,24,17,Rayong,
A100113,2024-02-09,CC,72976,0,0.2343,0,47,1,27400,38,13,Bangkok,
A100114,2024-05-19,PL,232521,48,0.1621,7985,36,1,65397,73,9,Nakhon Ratchasima,Y
A100115,2025-07-18,PL,122761,48,0.1087,3669,27,3,26774,110,25,Chiang Mai,Y
A100116,2023-02-24,HP,798072,48,0.1403,25957,37,1,,15,13,Phuket,
A100117,2023-03-06,HP,170085,72,0.1939,5110,24,3,35117,209,15,Phuket,
A100118,2023-11-06,PL,124696,36,0.2648,6215,54,2,,84,3,Chiang Mai,
A100119,2022-06-14,CC,34137,0,0.0952,0,22,3,23356,0,6,Nakhon Ratchasima,
A100120,2025-10-31,HP,618805,36,0.2465,29900,29,2,47095,120,17,Samut Prakan,Y
A100121,2022-02-20,HP,84108,48,0.2567,3551,20,1,18437,47,17,Ubon Ratchathani,
A100122,2024-05-11,CC,39384,0,0.2677,0,37,9,,37,11,Nakhon Ratchasima,Y
A100123,2025-08-02,PL,96985,48,0.103,2852,34,1,34571,40,12,Nakhon Ratchasima,Y
A100124,2024-04-08,HP,341972,48,0.1984,12778,20,1,,34,6,Khon Kaen,Y
A100125,2022-05-06,CC,45090,0,0.0,0,59,2,35572,111,5,Udon Thani,
A100126,2024-03-30,PL,108789,48,0.1334,3475,50,1,20923,47,15,Ubon Ratchathani,
A100127,2025-04-18,HP,350982,36,0.1619,14484,31,1,28311,153,8,Khon Kaen,N
A100128,2022-08-05,PL,184441,48,0.1453,6075,55,1,,22,13,Ubon Ratchathani,
A100129,2024-10-11,HP,185288,72,0.2403,6283,24,2,,10,999,Nakhon Ratchasima,Y
A100130,2024-06-20,PL,117333,48,0.0942,3365,25,1,40678,61,10,Chiang Mai,Y
A100131,2023-06-28,CC,27001,0,0.0911,0,45,1,66794,45,20,Songkhla,
A100132,2022-08-13,PL,165177,36,0.1315,6398,36,1,51074,9,0,Ubon Ratchathani,
A100133,2025-01-24,HP,389378,48,0.2615,16597,50,3,22452,53,999,Phuket,N
A100134,2022-12-03,PL,52430,24,0.1539,2856,46,1,28740,135,12,Chiang Mai,
A100135,2025-08-06,CC,70540,0,0.222,0,44,1,18441,79,11,Samut Prakan,N
A100136,2022-11-11,PL,60547,36,0.101,2191,56,1,77410,3,3,Nonthaburi,
A100137,2024-08-16,CC,43059,0,0.2562,0,48,1,22741,34,8,Ubon Ratchathani,N
A100138,2024-01-26,HP,247613,60,0.251,9306,36,3,11019,29,999,Nakhon Ratchasima,
A100139,2024-02-18,PL,115301,12,0.1174,10736,20,2,31903,26,999,Khon Kaen,
A100140,2024-07-18,CC,52532,0,0.1468,0,44,2,29828,57,5,Samut Prakan,Y
A100141,2022-10-18,HP,154184,36,0.224,7160,41,1,25509,129,999,Chonburi,
A100142,2025-02-27,CC,58888,0,0.2435,0,20,2,92582,66,14,Nonthaburi,Y
A100143,2025-07-27,PL,144421,48,0.1299,4572,43,1,56181,97,16,Ubon Ratchathani,Y
A100144,2022-01-16,CC,32890,0,0.2301,0,51,1,52355,113,9,Khon Kaen,
A100145,2025-12-27,HP,141417,48,0.1825,5096,20,9,,31,999,Samut Prakan,Y
A100146,2025-03-20,PL,132310,12,0.171,12911,32,1,33556,65,13,Chiang Mai,Y
A100147,2023-09-08,PL,94405,48,0.1228,2932,22,3,32913,90,4,Songkhla,
A100148,2023-07-16,HP,400587,36,0.2095,18120,31,1,16453,64,23,Phuket,
A100149,2024-08-26,HP,393495,36,0.1238,14989,42,1,35660,79,7,Samut Prakan,Y
A100150,2025-09-22,CC,18840,0,0.1003,0,38,3,29616,104,9,Samut Prakan,N
A100151,2023-04-02,CC,10131,0,0.1828,0,43,1,56040,37,12,Khon Kaen,
A100152,2025-02-03,PL,154527,36,0.2647,7701,25,1,32249,9,999,Rayong,N
A100153,2023-09-25,PL,35802,12,0.2302,3670,37,1,30988,92,8,Bangkok,
A100154,2025-12-31,PL,247027,48,0.222,9716,43,1,54922,19,20,Rayong,Y
A100155,2025-12-21,PL,98089,36,0.1411,3878,29,1,11195,70,17,Bangkok,Y
A100156,2025-09-08,HP,146674,48,0.1822,5282,31,3,32508,5,25,Phuket,Y
A100157,2025-10-17,PL,97830,48,0.2352,3955,47,3,16496,43,11,Nonthaburi,Y
A100158,2025-01-01,PL,162052,36,0.1593,6652,46,3,22523,50,6,Songkhla,Y
A100159,2024-07-21,PL,44095,48,0.2712,1915,20,3,14776,92,17,Songkhla,Y
A100160,2024-01-16,PL,209706,48,0.1373,6768,33,3,44098,60,4,Ubon Ratchathani,
A100161,2024-04-15,PL,310685,24,0.1539,16929,46,1,29495,46,999,Ubon Ratchathani,Y
A100162,2022-04-01,PL,164822,48,0.24,6730,28,2,43282,4,1,Bangkok,
A100163,2024-01-28,HP,459018,48,0.266,19737,24,1,27571,14,0,Samut Prakan,
A100164,2022-10-25,HP,274592,48,0.1164,8384,33,9,,39,5,Samut Prakan,
A100165,2022-12-31,HP,340935,48,0.2307,13657,27,1,26965,98,2,Udon Thani,
A100166,2022-11-26,PL,74967,24,0.237,4604,44,1,36908,58,8,Chiang Mai,
A100167,2022-04-22,PL,60381,12,0.2284,6181,47,2,11123,76,10,Rayong,
A100168,2023-02-14,HP,572810,60,0.261,22005,31,1,42326,37,24,Ubon Ratchathani,
A100169,2025-12-26,PL,124896,36,0.155,5082,41,1,26642,50,13,Ubon Ratchathani,Y
A100170,2022-03-31,HP,234108,36,0.1584,9593,52,2,,23,999,Songkhla,
A100171,2023-12-09,HP,141081,60,0.207,4784,33,1,36528,55,12,Nakhon Ratchasima,
A100172,2025-09-09,PL,61308,48,0.2214,2408,33,2,35537,15,5,Udon Thani,N
A100173,2023-07-18,PL,154904,12,0.2436,16053,20,1,32438,154,12,Bangkok,
A100174,2025-11-03,HP,507379,48,0.1559,17162,39,1,48208,50,16,Phuket,Y
A100175,2023-12-16,CC,31786,0,0.0,0,29,1,39055,49,4,Samut Prakan,
A100176,2025-11-09,PL,138344,48,0.1945,5124,41,1,23970,32,9,Khon Kaen,Y
A100177,2024-05-09,HP,449026,60,0.2572,17107,41,2,,97,5,Nonthaburi,N
A100178,2025-01-03,PL,284599,24,0.2125,16898,34,1,,71,6,Phuket,Y
A100179,2023-03-30,CC,62416,0,0.1453,0,43,1,18764,100,5,Samut Prakan,
A100180,2024-11-04,HP,157647,48,0.1108,4739,35,1,16197,4,10,Bangkok,Y
A100181,2023-11-15,PL,68610,24,0.2101,4059,48,2,87695,109,5,Bangkok,
A100182,2023-10-13,PL,121598,36,0.1589,4987,33,2,,16,0,Nonthaburi,
A100183,2024-11-16,HP,247533,48,0.1813,8896,40,1,33814,37,15,Nakhon Ratchasima,N
A100184,2022-05-22,CC,42600,0,0.1303,0,40,3,22006,35,7,Nonthaburi,
A100185,2024-04-08,PL,90309,48,0.1,2634,29,2,101394,49,3,Ubon Ratchathani,Y
A100186,2025-04-30,PL,122210,24,0.0976,6086,28,2,63751,77,8,Khon Kaen,Y
A100187,2025-05-28,HP,290306,36,0.1106,10739,20,1,25271,12,999,Samut Prakan,Y
A100188,2023-02-10,PL,60905,24,0.2294,3702,22,1,,33,22,Rayong,
A100189,2025-08-05,HP,166645,48,0.1067,4953,41,3,19079,51,8,Nakhon Ratchasima,Y
A100190,2024-03-04,HP,432822,48,0.2164,16822,29,1,29211,92,18,Nonthaburi,
A100191,2023-01-19,CC,15131,0,0.2705,0,37,1,18428,41,7,Songkhla,
A100192,2025-10-24,CC,48003,0,0.1103,0,27,1,31521,10,999,Chiang Mai,Y
A100193,2022-11-01,CC,75320,0,0.2441,0,32,2,,29,14,Songkhla,
A100194,2022-06-25,PL,62394,24,0.2472,3885,38,1,41806,76,12,Chonburi,
A100195,2025-07-07,CC,65179,0,0.2386,0,56,1,43581,31,7,Bangkok,N
A100196,2023-04-01,PL,138339,48,0.2759,6062,35,3,41200,169,9,Nakhon Ratchasima,
A100197,2023-02-15,PL,171123,36,0.2139,7803,42,2,43102,101,17,Bangkok,
A100198,2022-03-20,HP,412094,36,0.1306,15932,38,1,128102,21,12,Bangkok,
A100199,2022-10-30,HP,352097,48,0.163,12118,43,1,40074,78,999,Khon Kaen,
A100200,2022-04-20,HP,251467,60,0.1415,7156,50,3,18909,73,6,Nonthaburi,
A100201,2022-07-21,PL,45960,24,0.1824,2613,20,1,22280,38,13,Nakhon Ratchasima,
A100202,2023-10-05,PL,135300,24,0.2666,8643,23,2,42050,48,16,Chiang Mai,
A100203,2022-12-06,PL,111735,24,0.2353,6846,29,3,33603,76,9,Udon Thani,
A100204,2023-11-20,HP,276322,48,0.202,10408,42,1,40643,106,10,Bangkok,
A100205,2024-05-20,HP,611514,36,0.1042,22296,32,1,15554,39,0,Khon Kaen,Y
A100206,2024-11-18,PL,46353,36,0.2599,2291,24,1,41253,50,2,Rayong,Y
A100207,2022-02-08,CC,30105,0,0.1943,0,48,2,,58,0,Bangkok,
A100208,2024-09-16,HP,208984,72,0.1932,6267,45,3,52868,50,1,Phuket,Y
A100209,2023-10-08,PL,105318,48,0.2743,4601,55,2,40662,143,6,Phuket,
A100210,2023-04-22,HP,222480,60,0.0973,5511,65,3,28187,102,8,Songkhla,
A100211,2022-04-02,PL,159049,24,0.1721,8908,52,1,29190,41,999,Rayong,
A100212,2024-08-25,HP,284529,48,0.1861,10340,36,2,,112,999,Phuket,Y
A100213,2024-11-05,PL,119048,48,0.2329,4790,21,1,23085,10,0,Songkhla,N
A100214,2022-03-24,PL,64186,48,0.1246,2003,58,2,,90,3,Songkhla,
A100215,2024-11-20,PL,213617,24,0.0903,10508,55,1,34509,9,6,Samut Prakan,Y
A100216,2022-09-06,PL,111401,48,0.1717,3914,49,3,41019,32,11,Songkhla,
A100217,2025-08-16,PL,148017,24,0.1142,7576,30,1,26623,53,17,Udon Thani,N
A100218,2022-07-12,CC,57551,0,0.2596,0,22,1,42365,34,12,Songkhla,
A100219,2025-06-16,CC,64825,0,0.2743,0,37,3,29631,49,7,Rayong,Y
A100220,2022-08-24,PL,51547,24,0.1922,2973,48,3,27982,2,11,Udon Thani,
A100221,2025-04-25,HP,314855,48,0.1016,9225,36,3,22273,69,999,Bangkok,Y
A100222,2024-12-17,PL,173636,36,0.1796,7421,41,2,16337,113,10,Songkhla,Y
A100223,2022-01-25,HP,189595,72,0.2512,6602,48,3,14852,112,19,Nonthaburi,
A100224,2024-08-27,PL,60203,36,0.1128,2238,37,2,,123,1,Nonthaburi,Y
A100225,2024-06-28,PL,123211,36,0.1969,5444,29,3,30271,1,999,Phuket,N
A100226,2025-12-06,HP,621204,36,0.1842,26791,29,3,27955,100,6,Phuket,N
A100227,2025-09-21,HP,710930,72,0.1012,15869,34,3,18768,40,16,Khon Kaen,Y
A100228,2022-09-04,PL,111335,36,0.2465,5379,46,3,26432,78,6,Ubon Ratchathani,
A100229,2023-09-28,HP,817265,60,0.2356,29666,24,1,45649,56,9,Chiang Mai,
A100230,2022-11-10,PL,114974,36,0.2336,5431,28,2,95872,0,5,Nakhon Ratchasima,
A100231,2024-08-14,PL,86494,24,0.2551,5442,39,1,29196,121,9,Chiang Mai,N
A100232,2024-11-09,PL,214385,48,0.1115,6458,32,2,,71,9,Nakhon Ratchasima,Y
A100233,2025-02-28,CC,67970,0,0.268,0,41,1,83305,27,19,Nonthaburi,Y
A100234,2024-12-28,CC,114624,0,0.1809,0,41,1,27813,75,8,Khon Kaen,Y
A100235,2022-07-26,PL,39069,24,0.2623,2481,50,1,34489,32,25,Nonthaburi,
A100236,2024-11-13,HP,1131230,36,0.1616,46656,46,1,22187,132,10,Nakhon Ratchasima,Y
A100237,2025-07-12,PL,39515,48,0.1419,1290,35,1,35948,34,3,Chonburi,Y
A100238,2024-08-30,HP,384214,72,0.0967,8432,26,1,25162,16,7,Samut Prakan,Y
A100239,2024-05-05,CC,71258,0,0.1659,0,42,1,,105,0,Samut Prakan,N
A100240,2024-11-18,HP,190168,48,0.1946,7045,41,3,41122,40,25,Chonburi,Y
A100241,2025-07-15,HP,287732,48,0.2264,11422,37,2,32832,69,9,Bangkok,N
A100242,2022-07-07,PL,113552,24,0.2757,7340,25,1,,57,11,Udon Thani,
A100243,2024-05-21,HP,822806,72,0.128,20204,35,3,15495,97,10,Bangkok,Y
A100244,2022-04-22,PL,81694,48,0.2159,3171,42,1,58746,67,1,Ubon Ratchathani,
A100245,2025-08-02,CC,62747,0,0.0,0,36,3,21212,26,15,Ubon Ratchathani,N
A100246,2022-05-22,PL,126426,36,0.1122,4693,34,2,,52,4,Khon Kaen,
A100247,2024-09-12,PL,81769,24,0.2591,5172,38,1,31493,62,6,Udon Thani,Y
A100248,2025-10-08,PL,160084,48,0.2402,6539,32,1,39421,11,8,Chonburi,N
A100249,2022-08-04,PL,27786,36,0.1372,1089,36,1,28569,172,3,Bangkok,
A100250,2025-05-08,HP,178165,36,0.2309,8377,35,1,21400,67,24,Ubon Ratchathani,Y
A100251,2024-07-17,PL,133724,12,0.2764,14223,27,3,32972,70,3,Khon Kaen,Y
A100252,2022-02-03,PL,153441,48,0.2407,6274,33,2,27088,7,0,Phuket,
A100253,2024-03-06,PL,190195,48,0.2292,7595,32,1,42513,100,999,Chiang Mai,
A100254,2022-08-23,HP,479202,72,0.1525,12745,23,1,47650,118,2,Khon Kaen,
A100255,2024-05-30,PL,109982,12,0.1396,10444,49,1,55727,187,11,Bangkok,Y
A100256,2024-05-26,PL,180436,36,0.0959,6454,39,1,17554,67,12,Songkhla,Y
A100257,2022-07-31,PL,143895,12,0.1142,13360,62,1,23746,35,999,Nakhon Ratchasima,
A100258,2023-01-11,HP,360491,48,0.2775,15846,44,2,17719,135,9,Chiang Mai,
A100259,2022-12-02,PL,153953,48,0.1128,4654,53,1,,58,10,Ubon Ratchathani,
A100260,2022-10-07,CC,32924,0,0.0994,0,23,2,60055,55,9,Nonthaburi,
A100261,2023-12-16,PL,105176,48,0.151,3514,28,2,127139,21,17,Samut Prakan,
A100262,2022-10-02,PL,23644,48,0.1049,699,29,1,36970,41,3,Bangkok,
A100263,2024-05-06,PL,142391,12,0.1839,14048,37,1,44991,24,14,Nonthaburi,Y
A100264,2025-04-27,PL,130046,48,0.1801,4661,38,1,24941,80,17,Phuket,Y
A100265,2025-02-27,HP,232701,48,0.1837,8410,47,1,20389,90,12,Chonburi,Y
A100266,2024-01-19,PL,95527,48,0.2529,4003,47,2,63358,88,15,Khon Kaen,
A100267,2023-09-06,PL,64146,24,0.239,3950,48,1,19997,81,14,Songkhla,
A100268,2024-08-02,PL,194834,48,0.0991,5668,44,1,59616,75,3,Bangkok,Y
A100269,2024-07-01,PL,72563,12,0.236,7473,29,2,,22,20,Ubon Ratchathani,Y
A100270,2024-09-30,PL,128921,48,0.2224,5075,37,1,22130,59,999,Khon Kaen,N
A100271,2024-07-24,HP,207774,60,0.1965,6865,33,1,24900,151,7,Udon Thani,Y
A100272,2024-08-12,PL,86881,12,0.1059,8006,34,1,21837,42,25,Ubon Ratchathani,N
A100273,2022-01-31,HP,310287,48,0.2595,13174,36,2,74357,35,12,Udon Thani,
A100274,2023-12-21,HP,434616,36,0.1324,16867,37,9,,67,11,Bangkok,
A100275,2023-11-11,PL,91545,48,0.2574,3870,27,2,,12,18,Chiang Mai,
A100276,2023-02-17,PL,107966,36,0.2212,4989,44,2,85223,4,17,Khon Kaen,
A100277,2025-10-29,PL,97534,24,0.1824,5546,48,1,39266,76,8,Nakhon Ratchasima,Y
A100278,2022-09-12,PL,142581,36,0.1227,5418,36,1,27328,30,26,Chonburi,
A100279,2024-10-18,PL,140342,36,0.1041,5115,53,2,45566,78,3,Phuket,N
A100280,2022-02-12,HP,295524,72,0.2153,9406,47,1,16651,74,12,Chonburi,
A100281,2023-12-07,PL,117141,36,0.2469,5664,25,3,36953,66,28,Samut Prakan,
A100282,2023-12-26,PL,121970,48,0.1379,3942,20,2,15204,23,17,Nakhon Ratchasima,
A100283,2022-09-20,HP,390249,48,0.1328,12448,20,2,,32,8,Chonburi,
A100284,2023-08-18,PL,222847,24,0.2069,13127,47,2,27435,9,1,Udon Thani,
A100285,2024-12-15,PL,170010,48,0.2115,6538,28,1,24724,76,12,Ubon Ratchathani,Y
A100286,2023-07-04,HP,680202,48,0.093,19442,33,1,20393,119,999,Nonthaburi,
A100287,2022-03-30,HP,344713,60,0.0921,8390,44,1,42765,76,5,Nakhon Ratchasima,
A100288,2025-01-31,HP,1886695,60,0.1301,51899,33,1,56071,77,0,Nonthaburi,Y
A100289,2024-01-31,CC,126751,0,0.0,0,27,1,32204,80,3,Bangkok,
A100290,2024-02-20,CC,23182,0,0.2369,0,31,1,32814,74,4,Rayong,
A100291,2022-03-15,PL,104937,12,0.254,10965,55,1,50408,103,12,Songkhla,
A100292,2023-11-01,CC,171567,0,0.2566,0,58,3,27800,44,22,Chonburi,
A100293,2024-12-20,CC,91055,0,0.2762,0,47,2,,96,13,Nakhon Ratchasima,Y
A100294,2022-06-20,CC,27550,0,0.1758,0,21,3,23287,47,23,Rayong,
A100295,2023-07-27,HP,334496,72,0.1499,8824,55,1,34457,18,25,Rayong,
A100296,2025-06-20,PL,75730,12,0.1081,6993,42,2,,50,7,Chiang Mai,Y
A100297,2023-10-23,PL,143146,12,0.1213,13375,41,1,45093,104,8,Chiang Mai,
A100298,2023-06-11,PL,153820,12,0.1163,14309,26,9,,36,9,Ubon Ratchathani,
A100299,2022-07-18,PL,117201,24,0.1895,6734,45,1,25865,7,8,Udon Thani,
A100300,2025-04-13,PL,77765,48,0.2589,3297,23,2,36833,139,23,Chiang Mai,Y
A100301,2023-03-09,CC,69648,0,0.2411,0,52,2,23832,13,999,Chiang Mai,
A100302,2024-09-13,CC,24541,0,0.2397,0,51,1,17227,95,20,Khon Kaen,Y
A100303,2025-05-13,PL,120939,12,0.1803,11895,35,1,38645,77,8,Bangkok,Y
A100304,2024-09-10,HP,382779,36,0.1482,15360,36,3,16281,40,0,Chonburi,Y
A100305,2022-07-14,HP,259321,36,0.1068,9511,35,2,40809,20,25,Khon Kaen,
A100306,2024-04-28,PL,105086,36,0.1246,4010,38,3,23944,143,23,Khon Kaen,Y
A100307,2024-07-05,PL,85113,24,0.1997,4962,41,1,23046,71,17,Songkhla,Y
A100308,2022-08-17,HP,245700,60,0.2573,9363,39,1,24815,26,9,Samut Prakan,
A100309,2022-01-13,HP,173405,48,0.2196,6785,28,1,13935,59,1,Ubon Ratchathani,
A100310,2025-04-26,HP,271054,48,0.1614,9292,22,1,34198,42,13,Nonthaburi,Y
A100311,2022-04-05,PL,226533,48,0.1696,7921,53,1,18583,50,16,Ubon Ratchathani,
A100312,2023-05-17,HP,690786,72,0.1337,17290,29,1,20786,54,6,Rayong,
A100313,2025-12-01,HP,452260,48,0.2192,17683,38,3,9000,37,999,Nakhon Ratchasima,Y
A100314,2022-02-12,PL,107148,12,0.1103,9913,29,1,26283,167,6,Samut Prakan,
A100315,2022-05-11,PL,147391,36,0.2655,7355,27,1,53330,68,17,Chonburi,
A100316,2024-02-06,HP,249920,36,0.2288,11707,42,1,26526,87,5,Nakhon Ratchasima,
A100317,2025-12-11,PL,187202,48,0.2336,7544,25,1,16618,156,1,Samut Prakan,N
A100318,2025-09-12,PL,45362,24,0.1493,2454,44,1,49124,24,15,Udon Thani,Y
A100319,2025-12-11,CC,74474,0,0.2565,0,33,1,21749,19,14,Khon Kaen,Y
A100320,2023-08-31,PL,55844,48,0.2338,2251,26,1,28025,20,10,Chiang Mai,
A100321,2024-03-27,CC,79777,0,0.2626,0,21,1,26413,1,18,Chonburi,
A100322,2023-01-30,HP,284992,72,0.1395,7271,30,2,,63,2,Nonthaburi,
A100323,2022-01-16,PL,61945,48,0.1894,2268,30,3,21748,12,19,Nonthaburi,
A100324,2022-11-06,PL,74755,48,0.2123,2879,30,2,23117,105,25,Samut Prakan,
A100325,2023-11-26,PL,125766,48,0.2536,5277,20,1,30881,102,18,Nonthaburi,
A100326,2025-06-07,CC,31364,0,0.2373,0,33,1,,53,7,Phuket,Y
A100327,2024-10-28,CC,72748,0,0.2038,0,25,2,,109,5,Chiang Mai,Y
A100328,2023-10-30,CC,33474,0,0.0,0,40,2,32888,87,6,Samut Prakan,
A100329,2023-07-19,PL,130919,12,0.1708,12773,27,1,41923,0,22,Bangkok,
A100330,2024-02-28,CC,66342,0,0.2405,0,42,2,111542,38,8,Rayong,
A100331,2022-06-21,PL,125884,36,0.2468,6085,50,1,19892,22,13,Samut Prakan,
A100332,2025-10-08,CC,17571,0,0.232,0,31,1,,66,11,Nonthaburi,Y
A100333,2022-05-30,HP,567776,60,0.1966,18764,34,1,48679,48,8,Chonburi,
A100334,2023-03-04,PL,177406,48,0.1301,5619,42,1,15426,20,17,Rayong,
A100335,2022-12-10,PL,115404,36,0.1978,5107,20,3,20088,0,3,Ubon Ratchathani,
A100336,2023-11-09,CC,32620,0,0.1797,0,20,2,,102,29,Nakhon Ratchasima,
A100337,2022-10-28,HP,704462,60,0.246,26182,39,3,46972,68,5,Samut Prakan,
A100338,2025-01-03,HP,749863,60,0.2482,28007,59,2,44818,97,8,Rayong,Y
A100339,2025-06-10,PL,180460,12,0.1767,17695,27,1,19022,2,7,Nonthaburi,Y
A100340,2024-01-11,PL,143133,12,0.2005,14319,33,3,14950,11,5,Samut Prakan,
A100341,2023-01-07,PL,142343,12,0.142,13546,37,1,24651,45,20,Songkhla,
A100342,2024-05-10,PL,239460,12,0.2526,24995,53,1,47174,60,4,Chiang Mai,Y
A100343,2023-05-11,PL,41505,48,0.248,1722,26,3,36985,84,7,Rayong,
A100344,2025-04-30,CC,38731,0,0.2394,0,42,1,24315,5,10,Chiang Mai,N
A100345,2023-02-09,PL,173278,24,0.2683,11094,40,2,59492,42,2,Ubon Ratchathani,
A100346,2022-07-22,HP,245997,72,0.1844,7196,47,1,,62,14,Ubon Ratchathani,
A100347,2023-08-03,CC,92422,0,0.0,0,38,1,,54,8,Udon Thani,
A100348,2022-01-03,CC,33992,0,0.0997,0,37,1,20568,72,0,Samut Prakan,
A100349,2022-05-08,HP,156162,72,0.2019,4796,55,1,10645,57,3,Khon Kaen,
A100350,2025-01-16,HP,96983,72,0.253,3391,31,1,35022,77,20,Chiang Mai,Y
A100351,2022-04-11,HP,221687,72,0.12,5295,30,1,38882,101,11,Songkhla,
A100352,2023-09-30,PL,136618,12,0.2554,14292,38,9,,96,8,Rayong,
A100353,2022-05-15,CC,10023,0,0.1171,0,30,3,40607,37,999,Songkhla,
A100354,2022-12-19,PL,262506,36,0.2326,12380,40,1,21348,30,3,Chiang Mai,
A100355,2023-10-09,PL,88623,24,0.1367,4702,32,2,,93,0,Chiang Mai,
A100356,2023-04-19,PL,82743,36,0.246,3994,37,1,30989,135,18,Rayong,
A100357,2023-09-28,HP,261596,36,0.194,11495,42,3,18758,20,6,Phuket,
A100358,2022-05-09,PL,363796,12,0.2379,37528,29,1,34916,44,16,Chiang Mai,
A100359,2024-02-04,PL,56872,48,0.1739,2009,20,3,,6,2,Ubon Ratchathani,
A100360,2022-05-13,PL,175218,36,0.1507,7067,36,2,23021,97,22,Samut Prakan,
A100361,2024-12-11,PL,115567,36,0.1385,4544,30,1,27171,62,19,Chonburi,Y
A100362,2024-09-01,PL,78638,36,0.2209,3631,39,2,,43,0,Nakhon Ratchasima,Y
A100363,2022-03-01,PL,163777,24,0.2181,9800,41,1,25685,77,5,Chiang Mai,
A100364,2023-11-07,HP,190658,48,0.195,7070,36,1,12532,60,14,Nonthaburi,
A100365,2024-09-28,PL,76498,12,0.1758,7495,35,2,,42,10,Nakhon Ratchasima,Y
A100366,2022-01-11,CC,55328,0,0.0,0,32,1,36758,108,7,Bangkok,
A100367,2025-08-31,HP,504282,72,0.1642,13904,39,1,,78,22,Ubon Ratchathani,Y
A100368,2024-11-07,PL,87739,24,0.1024,4404,35,1,27023,144,1,Chiang Mai,Y
A100369,2023-07-28,HP,493838,36,0.1366,19339,32,9,,6,10,Nonthaburi,
A100370,2023-01-14,HP,918071,72,0.1327,22903,51,1,51770,14,999,Samut Prakan,
A100371,2023-11-10,CC,116729,0,0.2356,0,35,2,,18,23,Chiang Mai,
A100372,2022-06-05,PL,84887,36,0.1875,3684,24,1,34638,92,6,Chiang Mai,
A100373,2022-04-29,HP,233957,72,0.1482,6138,39,2,87393,84,4,Bangkok,
A100374,2022-07-27,HP,1025266,36,0.2591,50616,28,2,42196,110,0,Songkhla,
A100375,2023-08-21,HP,233491,72,0.1253,5680,33,1,16774,2,10,Ubon Ratchathani,
A100376,2022-05-11,HP,411036,60,0.2111,14081,47,1,41476,57,10,Nonthaburi,
A100377,2025-05-08,PL,207914,12,0.2697,21999,20,2,,5,4,Bangkok,Y
A100378,2023-12-27,HP,473626,60,0.2444,17539,38,1,50270,71,15,Phuket,
A100379,2022-05-24,PL,166505,48,0.1136,5045,28,3,24338,115,5,Rayong,
A100380,2022-03-22,HP,290411,60,0.0901,7020,30,1,63621,84,0,Nakhon Ratchasima,
A100381,2023-10-05,CC,76476,0,0.1657,0,36,1,74560,32,999,Chiang Mai,
A100382,2023-11-28,HP,256664,60,0.1672,7853,24,1,22778,121,999,Chonburi,
A100383,2023-12-28,CC,42728,0,0.1636,0,49,1,,11,999,Rayong,
A100384,2023-11-09,PL,114469,36,0.1634,4738,27,9,22431,72,16,Ubon Ratchathani,
A100385,2023-08-15,CC,175708,0,0.0,0,45,1,23017,38,999,Ubon Ratchathani,
A100386,2024-05-29,PL,93345,48,0.1129,2822,44,1,51475,61,0,Samut Prakan,Y
A100387,2024-10-15,PL,128545,12,0.2677,13579,33,1,38338,31,999,Nonthaburi,Y
A100388,2024-03-16,CC,28071,0,0.1815,0,36,2,,88,0,Khon Kaen,
A100389,2022-08-23,PL,156812,48,0.2478,6505,32,2,,43,1,Nakhon Ratchasima,
A100390,2025-04-11,CC,22313,0,0.1372,0,34,2,36529,30,13,Nakhon Ratchasima,Y
A100391,2025-04-28,PL,61606,12,0.2771,6556,47,1,32786,89,6,Ubon Ratchathani,N
A100392,2025-08-13,CC,55745,0,0.1726,0,27,9,,66,8,Samut Prakan,Y
A100393,2025-04-20,HP,329270,60,0.1582,9828,48,1,17226,22,4,Bangkok,Y
A100394,2025-07-23,CC,52873,0,0.208,0,30,3,28750,66,0,Rayong,Y
A100395,2022-03-04,HP,370245,48,0.1307,11746,22,3,21091,49,0,Nonthaburi,
A100396,2025-03-17,CC,20610,0,0.2791,0,38,1,23654,63,7,Ubon Ratchathani,N
A100397,2022-10-17,CC,20126,0,0.0,0,53,1,23439,47,0,Khon Kaen,
A100398,2025-02-10,HP,766094,60,0.2218,26928,22,1,34642,66,3,Rayong,Y
A100399,2022-09-15,HP,284553,60,0.1411,8088,58,3,26817,78,0,Udon Thani,
A100400,2024-04-19,HP,525417,48,0.2199,20574,21,2,22628,66,16,Khon Kaen,Y
A100401,2024-06-20,PL,112405,36,0.2769,5716,20,2,,42,2,Phuket,Y
A100402,2023-05-01,CC,88424,0,0.1178,0,20,1,38076,2,2,Chonburi,
A100403,2022-09-12,PL,152734,48,0.2743,6673,26,1,14165,15,999,Nonthaburi,
A100404,2025-04-22,HP,307258,48,0.1113,9251,24,3,37327,44,6,Songkhla,N
A100405,2025-02-05,PL,109427,48,0.1772,3895,41,2,,63,14,Chiang Mai,Y
A100406,2023-05-13,HP,573520,36,0.1373,22493,34,2,86586,17,2,Chiang Mai,
A100407,2023-07-18,PL,78957,12,0.1797,7762,57,1,22525,74,2,Nakhon Ratchasima,
A100408,2025-01-05,PL,110907,48,0.2305,4440,34,1,24504,5,15,Samut Prakan,Y
A100409,2023-05-06,HP,445889,48,0.1617,15297,34,2,,85,16,Rayong,
A100410,2025-07-01,PL,131739,24,0.2363,8083,40,1,23821,1,7,Samut Prakan,Y
A100411,2023-09-23,PL,240143,24,0.1804,13616,44,1,21153,46,2,Samut Prakan,
A100412,2023-12-29,CC,49122,0,0.1193,0,49,2,,10,12,Samut Prakan,
A100413,2024-08-29,PL,69963,36,0.2354,3315,21,2,,64,4,Rayong,Y
A100414,2025-06-09,CC,81900,0,0.2566,0,20,1,28721,85,6,Bangkok,N
A100415,2022-05-05,PL,75373,48,0.1359,2423,31,1,24201,155,10,Khon Kaen,
A100416,2025-08-13,CC,23813,0,0.275,0,39,9,,52,0,Nakhon Ratchasima,Y
A100417,2023-10-01,HP,720246,48,0.119,22147,29,1,38373,118,10,Bangkok,
A100418,2022-08-30,CC,32750,0,0.2449,0,49,1,39258,129,20,Phuket,
A100419,2025-11-07,PL,333353,24,0.2115,19765,42,1,,45,15,Samut Prakan,Y
A100420,2022-01-24,HP,1108890,72,0.226,36285,38,3,30620,52,6,Nonthaburi,
A100421,2024-12-12,HP,333409,60,0.1556,9880,39,3,39191,95,1,Chiang Mai,Y
A100422,2025-03-25,PL,87765,24,0.2676,5614,50,3,32843,55,13,Rayong,Y
A100423,2025-12-04,CC,34525,0,0.1347,0,20,1,26252,56,18,Nonthaburi,N
A100424,2022-02-14,CC,57111,0,0.2322,0,20,3,22327,119,20,Rayong,
A100425,2022-01-17,HP,242169,60,0.0925,5902,43,1,21608,2,4,Rayong,
A100426,2024-07-08,CC,61159,0,0.1128,0,47,1,36403,95,0,Ubon Ratchathani,Y
A100427,2023-05-20,PL,63305,24,0.1639,3502,41,2,62775,114,7,Songkhla,
A100428,2022-10-01,PL,209745,24,0.1179,10800,34,2,,3,999,Samut Prakan,
A100429,2025-07-15,HP,375681,36,0.1519,15191,20,2,,52,999,Songkhla,Y
A100430,2022-01-13,PL,235845,24,0.2035,13826,37,1,18839,79,1,Bangkok,
A100431,2022-02-05,PL,148712,48,0.2479,6170,30,2,52206,33,3,Rayong,
A100432,2022-05-05,PL,93772,36,0.2544,4592,47,1,22281,16,3,Samut Prakan,
A100433,2022-05-20,CC,54792,0,0.1436,0,46,1,,63,23,Chiang Mai,
A100434,2023-03-09,CC,28682,0,0.1028,0,26,1,31998,12,3,Udon Thani,
A100435,2023-12-09,CC,40273,0,0.1813,0,55,1,28089,17,15,Chiang Mai,
A100436,2025-10-12,CC,12965,0,0.0,0,38,1,32662,97,7,Rayong,Y
A100437,2024-08-20,PL,115109,24,0.1412,6150,63,1,,1,9,Nonthaburi,Y
A100438,2024-02-27,PL,93881,12,0.0978,8588,34,2,,129,6,Phuket,
A100439,2025-10-27,CC,34793,0,0.1022,0,47,1,24170,92,6,Phuket,N
A100440,2025-02-10,PL,55406,24,0.221,3328,27,1,38260,93,8,Ubon Ratchathani,Y
A100441,2025-09-11,PL,102408,48,0.2591,4344,46,3,28661,16,999,Khon Kaen,Y
A100442,2023-05-11,PL,184336,48,0.1807,6616,50,1,39111,76,6,Chiang Mai,
A100443,2025-05-14,PL,37224,36,0.1215,1410,33,1,42285,87,7,Samut Prakan,Y
A100444,2023-10-09,HP,881695,48,0.2577,37303,52,2,9805,73,4,Bangkok,
A100445,2022-09-01,HP,326759,60,0.2791,13045,46,2,40611,6,18,Phuket,
A100446,2024-03-28,PL,87636,24,0.233,5353,30,9,,98,12,Nonthaburi,
A100447,2022-05-16,PL,116537,24,0.1185,6006,27,1,22952,126,20,Ubon Ratchathani,
A100448,2024-05-12,PL,105025,24,0.1332,5541,44,1,19355,121,11,Songkhla,N
A100449,2023-06-12,PL,100618,36,0.2183,4625,42,3,43385,20,6,Chiang Mai,
A100450,2022-07-28,PL,104236,36,0.2272,4868,25,2,23015,55,8,Ubon Ratchathani,
A100451,2023-03-19,HP,327723,72,0.2422,11166,34,1,17234,75,31,Nakhon Ratchasima,
A100452,2024-04-25,PL,56716,36,0.1152,2119,31,1,41772,33,13,Rayong,Y
A100453,2025-11-27,HP,276755,72,0.1625,7591,43,9,26653,37,7,Bangkok,Y
A100454,2024-06-20,PL,57492,12,0.1771,5639,33,1,22436,86,18,Ubon Ratchathani,N
A100455,2025-08-31,PL,56537,24,0.1644,3130,22,2,,46,9,Bangkok,Y
A100456,2025-02-23,PL,234212,48,0.2216,9204,51,3,14031,123,999,Chonburi,Y
A100457,2023-05-14,CC,49067,0,0.1258,0,34,1,,45,999,Chonburi,
A100458,2024-05-24,PL,99588,12,0.1535,9572,31,1,,5,1,Rayong,N
A100459,2022-01-19,PL,54348,36,0.1285,2091,47,2,45339,106,6,Rayong,
A100460,2023-09-18,HP,116218,36,0.1713,4887,53,3,,52,4,Phuket,
A100461,2024-09-11,CC,30462,0,0.2311,0,26,1,16744,69,27,Nakhon Ratchasima,Y
A100462,2022-08-05,PL,77518,36,0.1102,2865,34,3,12113,153,8,Nonthaburi,
A100463,2022-08-31,PL,102696,24,0.2565,6474,38,2,,89,10,Phuket,
A100464,2025-11-13,HP,593310,36,0.1995,26344,33,2,23015,45,12,Rayong,Y
A100465,2025-04-12,HP,321171,36,0.2264,14980,56,3,49934,137,2,Rayong,Y
A100466,2024-12-12,HP,596489,72,0.0985,13180,36,1,29754,67,0,Bangkok,Y
A100467,2025-11-10,PL,89340,12,0.2552,9344,28,1,25448,55,0,Samut Prakan,N
A100468,2025-08-11,CC,34512,0,0.0,0,38,1,47244,44,10,Samut Prakan,Y
A100469,2024-02-03,HP,173292,72,0.2157,5521,33,2,30110,10,12,Songkhla,
A100470,2022-08-21,CC,19761,0,0.1082,0,33,1,16527,63,0,Chiang Mai,
A100471,2023-06-24,PL,79067,12,0.2222,8052,41,1,,111,9,Songkhla,
A100472,2025-03-05,CC,24862,0,0.1636,0,20,1,49950,5,21,Nonthaburi,N
A100473,2025-08-11,HP,173857,48,0.1583,5915,36,1,15448,57,15,Chiang Mai,Y
A100474,2022-12-23,CC,30450,0,0.116,0,45,2,,41,16,Chiang Mai,
A100475,2024-09-30,HP,245202,72,0.1414,6294,20,9,,1,12,Nonthaburi,Y
A100476,2025-08-10,CC,31894,0,0.2448,0,26,2,,43,18,Udon Thani,Y
A100477,2022-10-31,HP,458814,36,0.228,21462,31,2,40143,68,1,Nakhon Ratchasima,
A100478,2024-04-09,CC,104338,0,0.1432,0,33,1,39560,21,6,Udon Thani,Y
A100479,2023-05-02,PL,199342,24,0.1794,11286,62,1,22749,87,3,Samut Prakan,
A100480,2024-09-29,CC,49290,0,0.2357,0,64,1,38610,2,999,Rayong,Y
A100481,2023-01-20,PL,86591,48,0.2123,3335,30,2,,22,999,Rayong,
A100482,2024-12-30,CC,163371,0,0.1718,0,30,3,23436,95,10,Nonthaburi,Y
A100483,2024-07-30,CC,16702,0,0.1138,0,29,1,46715,77,14,Chonburi,Y
A100484,2024-08-18,PL,75396,36,0.1489,3029,34,2,31725,132,3,Samut Prakan,Y
A100485,2025-08-30,CC,36891,0,0.2787,0,43,1,35024,72,12,Udon Thani,N
A100486,2024-09-21,HP,424620,48,0.2462,17558,20,9,,79,4,Phuket,N
A100487,2023-12-19,HP,99684,72,0.1803,2882,39,2,,60,10,Phuket,
A100488,2023-06-18,HP,186673,60,0.1229,5023,40,3,,97,12,Chonburi,
A100489,2022-09-26,PL,288989,12,0.0937,26338,32,1,24300,171,13,Songkhla,
A100490,2022-05-10,HP,144842,48,0.2107,5560,42,1,67253,86,14,Udon Thani,
A100491,2024-07-10,HP,380208,36,0.2217,17585,41,1,57149,45,11,Samut Prakan,Y
A100492,2022-12-15,HP,368326,72,0.167,10241,43,1,45524,48,15,Bangkok,
A100493,2022-09-08,HP,176086,60,0.1913,5741,40,2,21276,57,999,Samut Prakan,
A100494,2025-10-06,PL,95562,36,0.2045,4283,38,2,27945,4,6,Ubon Ratchathani,N
A100495,2024-01-14,HP,445052,48,0.1654,15406,44,3,28220,46,9,Chonburi,
A100496,2025-05-31,PL,110413,48,0.1806,3961,50,3,35842,137,8,Nakhon Ratchasima,Y
A100497,2022-06-07,PL,76856,48,0.1841,2780,35,1,10760,35,1,Nakhon Ratchasima,
A100498,2025-09-21,PL,179102,48,0.2379,7281,43,1,28225,113,7,Bangkok,N
A100499,2025-06-10,HP,524153,36,0.1953,23090,32,1,36570,85,19,Phuket,N
A100500,2023-06-14,HP,645621,48,0.1985,24130,37,3,47723,6,12,Chonburi,
A100501,2025-04-27,CC,24325,0,0.2242,0,43,2,68044,23,10,Nonthaburi,Y
A100502,2024-03-30,PL,159027,36,0.1803,6806,30,1,31568,38,4,Chiang Mai,
A100503,2023-01-04,CC,63682,0,0.1724,0,35,1,30208,13,18,Rayong,
A100504,2025-08-30,PL,230937,48,0.2694,9995,42,2,,67,6,Songkhla,Y
A100505,2024-10-03,HP,423711,60,0.0963,10462,41,1,29904,58,2,Udon Thani,Y
A100506,2025-03-10,PL,190209,24,0.2384,11704,29,3,,48,999,Chiang Mai,N
A100507,2022-05-12,CC,67247,0,0.1658,0,41,1,26557,105,999,Udon Thani,
A100508,2025-05-02,CC,62070,0,0.0,0,34,1,30419,117,3,Samut Prakan,Y
A100509,2025-09-11,HP,1489325,36,0.1189,56126,45,2,62147,106,999,Chonburi,Y
A100510,2023-10-22,HP,328821,36,0.0954,11748,26,3,14513,20,999,Phuket,
A100511,2022-08-23,PL,82599,24,0.2796,5366,24,1,45315,9,8,Songkhla,
A100512,2025-05-16,HP,112451,48,0.169,3926,40,1,15366,52,6,Samut Prakan,Y
A100513,2022-12-08,PL,203410,24,0.2293,12362,49,3,37052,30,14,Khon Kaen,
A100514,2024-09-08,HP,1837710,72,0.23,60746,48,1,16304,45,4,Bangkok,Y
A100515,2023-04-21,HP,239868,72,0.1944,7217,22,2,,25,6,Songkhla,
A100516,2023-06-02,PL,125380,36,0.1437,4984,44,1,12520,8,6,Chonburi,
A100517,2025-03-09,CC,10992,0,0.2634,0,40,1,24888,21,19,Nakhon Ratchasima,Y
A100518,2024-01-05,HP,368522,72,0.2361,12369,20,3,11170,156,16,Bangkok,
A100519,2022-11-16,PL,87622,24,0.1717,4904,45,1,32408,23,10,Ubon Ratchathani,
A100520,2024-07-11,HP,213059,36,0.1144,7949,46,1,,18,26,Khon Kaen,N
A100521,2022-11-29,PL,83527,36,0.1341,3253,39,1,26853,2,2,Khon Kaen,
A100522,2025-06-24,PL,93623,24,0.1013,4691,50,9,37850,67,5,Rayong,N
A100523,2025-01-07,HP,241616,48,0.1094,7236,37,2,52847,168,2,Nonthaburi,Y
A100524,2025-02-22,PL,91805,48,0.1225,2849,26,2,,43,15,Phuket,Y
A100525,2023-11-16,HP,340873,72,0.1136,7961,31,1,34397,30,999,Phuket,
A100526,2024-11-05,HP,466637,72,0.2218,15106,47,1,20666,34,13,Rayong,Y
A100527,2024-09-15,PL,44580,36,0.1153,1666,30,1,16878,5,7,Songkhla,N
A100528,2022-05-28,CC,61629,0,0.1922,0,39,1,12380,4,5,Ubon Ratchathani,
A100529,2023-03-31,HP,371626,36,0.0961,13299,47,1,54480,3,10,Udon Thani,
A100530,2024-11-26,PL,107153,24,0.2107,6346,29,2,16963,24,17,Nakhon Ratchasima,Y
A100531,2022-09-15,PL,41087,12,0.1203,3835,47,1,30578,20,4,Songkhla,
A100532,2024-08-29,PL,53125,24,0.1179,2735,33,2,,67,10,Nakhon Ratchasima,N
A100533,2023-12-07,PL,86221,48,0.2378,3504,47,3,26639,58,18,Ubon Ratchathani,
A100534,2024-11-24,PL,38738,24,0.2096,2290,40,3,45849,48,23,Songkhla,Y
A100535,2025-07-01,HP,457163,36,0.2042,20478,38,3,21716,47,1,Khon Kaen,Y
A100536,2022-09-21,HP,273975,48,0.1405,8915,55,3,25983,46,7,Khon Kaen,
A100537,2022-05-31,CC,64003,0,0.2626,0,38,2,8479,94,9,Ubon Ratchathani,
A100538,2024-02-01,CC,41349,0,0.2085,0,51,1,11686,28,11,Ubon Ratchathani,
A100539,2023-01-07,PL,69476,48,0.1152,2114,34,1,74605,21,13,Bangkok,
A100540,2024-12-26,HP,401880,72,0.2413,13662,27,1,25057,61,6,Chonburi,Y
A100541,2024-05-14,HP,250947,36,0.1467,10038,41,1,21670,40,7,Rayong,N
A100542,2025-08-10,PL,90848,12,0.1844,8966,20,3,28647,33,9,Rayong,Y
A100543,2022-01-20,CC,42076,0,0.216,0,43,3,,68,16,Nonthaburi,
A100544,2025-09-16,HP,237028,48,0.2062,9011,31,1,17724,49,5,Samut Prakan,Y
A100545,2024-02-01,HP,178183,36,0.1769,7576,42,9,49494,26,16,Chonburi,
A100546,2025-08-24,CC,78321,0,0.2368,0,56,1,,14,10,Ubon Ratchathani,N
A100547,2022-09-07,PL,134379,24,0.254,8443,27,1,29296,93,4,Rayong,
A100548,2025-10-09,PL,253189,12,0.1469,24198,35,3,17707,19,13,Phuket,Y
A100549,2024-09-16,HP,159491,60,0.2069,5408,20,1,9000,32,16,Samut Prakan,Y
A100550,2025-09-23,PL,180898,48,0.2606,7697,50,3,,93,14,Songkhla,Y
A100551,2024-11-16,PL,141291,24,0.1938,8168,23,3,26165,94,22,Udon Thani,Y
A100552,2024-03-21,PL,94826,24,0.1579,5198,46,1,37962,47,11,Nonthaburi,
A100553,2022-04-16,PL,113556,48,0.2149,4399,43,3,16245,71,9,Khon Kaen,
A100554,2023-11-09,CC,37362,0,0.1574,0,48,1,20426,125,15,Khon Kaen,
A100555,2022-01-07,HP,318981,48,0.2244,12610,33,2,,52,11,Samut Prakan,
A100556,2024-08-22,HP,144983,36,0.1494,5832,57,1,37866,54,0,Samut Prakan,N
A100557,2025-03-11,CC,66075,0,0.2078,0,23,1,14047,126,6,Khon Kaen,Y
A100558,2025-04-22,HP,218122,48,0.1559,7377,25,9,,47,12,Bangkok,Y
A100559,2023-01-20,HP,210834,60,0.1095,5437,35,1,19452,22,11,Khon Kaen,
A100560,2023-01-22,PL,213531,24,0.276,13808,23,1,38465,37,999,Nonthaburi,
A100561,2025-01-29,PL,53288,36,0.124,2030,20,9,26295,3,19,Rayong,N
A100562,2022-03-16,HP,191327,72,0.1411,4907,29,1,29054,104,8,Nakhon Ratchasima,
A100563,2023-10-09,HP,324898,72,0.1641,8955,70,1,19811,33,8,Samut Prakan,
A100564,2025-10-29,PL,77113,24,0.1715,4315,35,1,,134,999,Khon Kaen,Y
A100565,2025-03-14,HP,436646,72,0.1564,11755,35,1,17320,55,9,Udon Thani,Y
A100566,2023-05-03,HP,461142,48,0.1983,17227,35,1,23132,31,999,Ubon Ratchathani,
A100567,2023-08-02,CC,122577,0,0.1254,0,27,1,21818,18,5,Bangkok,
A100568,2023-06-10,CC,79056,0,0.2359,0,34,1,,12,4,Khon Kaen,
A100569,2022-12-06,HP,625571,72,0.22,20157,58,1,21474,4,4,Nonthaburi,
A100570,2024-05-26,HP,531671,60,0.1369,14926,38,1,26957,84,2,Songkhla,N
A100571,2025-09-07,HP,183570,60,0.1882,5938,64,1,28078,37,10,Nakhon Ratchasima,N
A100572,2024-01-07,HP,717327,60,0.2174,24951,26,1,14426,124,2,Bangkok,
A100573,2022-01-11,CC,113056,0,0.0909,0,30,2,,32,1,Khon Kaen,
A100574,2025-06-24,HP,431585,72,0.1082,9885,47,1,31476,84,2,Udon Thani,Y
A100575,2022-09-06,HP,134295,48,0.2066,5109,25,2,,72,11,Udon Thani,
A100576,2025-06-21,PL,80758,24,0.096,4010,36,3,38900,51,11,Chiang Mai,Y
A100577,2022-06-22,HP,532187,36,0.27,26757,47,3,11291,23,15,Samut Prakan,
A100578,2025-04-10,HP,622366,60,0.095,15299,39,2,34225,33,999,Khon Kaen,N
A100579,2023-12-12,PL,92871,48,0.2288,3705,32,3,,4,10,Songkhla,
A100580,2024-05-24,HP,441783,48,0.1815,15885,53,2,32165,87,2,Ubon Ratchathani,Y
A100581,2023-08-16,PL,48388,12,0.1396,4595,22,1,24406,130,12,Chonburi,
A100582,2022-02-11,HP,174565,60,0.1551,5165,36,1,34702,97,12,Phuket,
A100583,2025-07-11,PL,132214,24,0.2021,7735,29,3,34239,14,8,Nonthaburi,Y
A100584,2023-04-15,HP,331536,48,0.2207,13004,46,1,30936,39,4,Chonburi,
A100585,2025-01-10,PL,219750,12,0.2734,23319,37,2,66370,65,17,Songkhla,N
A100586,2022-02-23,PL,240817,36,0.2223,11150,31,1,20402,4,4,Chiang Mai,
A100587,2023-11-03,CC,18563,0,0.133,0,46,2,39700,14,18,Udon Thani,
A100588,2022-01-20,PL,98537,12,0.2501,10265,35,1,50519,50,1,Chonburi,
A100589,2023-06-15,PL,148076,36,0.1958,6529,30,1,17580,55,11,Nakhon Ratchasima,
A100590,2022-03-17,CC,12034,0,0.1818,0,31,1,22504,26,22,Khon Kaen,
A100591,2024-04-18,PL,175294,48,0.2733,7644,48,9,,59,13,Chonburi,Y
A100592,2022-06-09,HP,375524,36,0.1633,15541,55,1,15618,46,4,Udon Thani,
A100593,2025-11-25,CC,81312,0,0.0922,0,28,1,,102,5,Phuket,Y
A100594,2023-06-20,PL,205141,24,0.2663,13099,29,2,28778,79,3,Samut Prakan,
A100595,2025-09-20,CC,86266,0,0.2742,0,49,1,42190,155,4,Chonburi,Y
A100596,2022-09-10,CC,61967,0,0.1881,0,62,2,,129,7,Rayong,
A100597,2025-01-29,HP,556544,72,0.1524,14797,21,1,39788,72,8,Nakhon Ratchasima,Y
A100598,2023-01-25,CC,74581,0,0.1018,0,34,3,21878,105,23,Ubon Ratchathani,
A100599,2023-03-22,CC,37882,0,0.2301,0,42,1,30528,17,29,Phuket,
A100600,2023-09-03,HP,501483,36,0.1036,18259,53,2,34247,42,1,Udon Thani,
A100601,2023-01-10,CC,36563,0,0.0,0,29,1,17291,131,18,Udon Thani,
A100602,2025-08-29,HP,765036,60,0.176,23971,41,1,29463,49,2,Udon Thani,Y
A100603,2023-04-16,HP,293461,72,0.2387,9913,44,3,21812,1,999,Khon Kaen,
A100604,2022-04-18,HP,254549,72,0.2436,8702,51,1,20358,62,12,Nonthaburi,
A100605,2025-08-11,HP,257903,36,0.1292,9940,20,2,,89,5,Samut Prakan,Y
A100606,2023-11-28,PL,235341,24,0.2567,14840,38,1,25836,47,15,Ubon Ratchathani,
A100607,2025-09-28,HP,255092,48,0.1124,7703,36,1,18285,156,8,Khon Kaen,Y
A100608,2024-10-09,CC,35654,0,0.175,0,27,2,58250,38,0,Chonburi,N
A100609,2024-10-21,PL,313108,36,0.2032,13999,46,1,21418,2,10,Nakhon Ratchasima,Y
A100610,2023-07-07,HP,414340,60,0.1639,12564,33,3,12171,19,29,Nonthaburi,
A100611,2024-10-13,CC,56748,0,0.1515,0,51,1,46001,32,5,Nakhon Ratchasima,Y
A100612,2022-03-07,PL,242992,24,0.1192,12538,46,9,,17,13,Nakhon Ratchasima,
A100613,2024-03-07,PL,60212,12,0.1918,5980,43,1,37087,12,9,Udon Thani,
A100614,2022-06-13,HP,77539,48,0.1078,2311,53,3,18964,13,13,Rayong,
A100615,2023-05-23,PL,90401,24,0.1486,4886,41,1,38283,17,11,Ubon Ratchathani,
A100616,2024-11-17,PL,99358,48,0.1312,3156,39,1,,108,5,Songkhla,Y
A100617,2024-11-19,PL,151323,12,0.2388,15621,35,1,20547,48,6,Ubon Ratchathani,Y
A100618,2023-02-26,PL,173202,12,0.143,16497,23,1,25762,61,18,Ubon Ratchathani,
A100619,2023-06-01,PL,110140,36,0.1086,4056,51,1,36206,30,999,Ubon Ratchathani,
A100620,2023-03-17,HP,411464,60,0.1712,12727,40,1,37295,25,7,Bangkok,
A100621,2024-04-27,PL,112662,48,0.1739,3979,46,3,64055,4,14,Bangkok,N
A100622,2023-02-23,HP,313224,36,0.0919,11099,38,3,52946,55,4,Nakhon Ratchasima,
A100623,2025-05-08,PL,170819,36,0.1521,6910,37,3,50085,42,21,Nakhon Ratchasima,Y
A100624,2022-11-19,PL,170542,12,0.1748,16696,23,3,13167,73,8,Samut Prakan,
A100625,2024-07-19,PL,236567,12,0.1257,22191,31,1,19556,3,17,Songkhla,Y
A100626,2025-06-05,CC,55717,0,0.1226,0,36,2,,88,16,Phuket,Y
A100627,2024-11-10,PL,88329,36,0.2134,4024,37,1,24136,52,16,Nonthaburi,Y
A100628,2022-01-15,HP,143455,72,0.1581,3882,28,1,113015,24,14,Chiang Mai,
A100629,2023-10-24,CC,23239,0,0.2249,0,36,1,19178,74,999,Samut Prakan,
A100630,2025-02-22,PL,173658,12,0.2632,18280,32,2,55619,147,16,Songkhla,Y
A100631,2024-08-22,PL,80045,36,0.1721,3371,43,1,23669,48,1,Bangkok,Y
A100632,2025-01-29,CC,87473,0,0.1331,0,37,1,51061,41,7,Nonthaburi,Y
A100633,2022-04-29,PL,116259,36,0.2354,5510,22,2,,14,13,Bangkok,
A100634,2024-03-04,HP,340248,60,0.1976,11273,42,3,27333,71,11,Phuket,
A100635,2024-11-28,CC,48068,0,0.2029,0,34,2,,94,2,Chiang Mai,Y
A100636,2025-02-27,PL,236983,48,0.0988,6888,39,1,11633,60,16,Bangkok,N
A100637,2025-07-22,HP,273438,36,0.1655,11366,51,2,68207,107,18,Khon Kaen,Y
A100638,2022-03-10,HP,243207,60,0.2213,8538,30,2,34996,80,0,Nakhon Ratchasima,
A100639,2022-07-12,PL,68061,36,0.1319,2638,50,3,95339,31,8,Ubon Ratchathani,
A100640,2024-08-03,HP,187301,36,0.2147,8553,58,1,56206,80,7,Nakhon Ratchasima,Y
A100641,2025-08-04,HP,227259,60,0.1613,6842,38,1,17925,51,9,Samut Prakan,Y
A100642,2023-07-26,CC,27547,0,0.1198,0,31,1,59184,83,7,Songkhla,
A100643,2025-09-27,PL,73252,36,0.1876,3179,50,1,17330,73,6,Chonburi,Y
A100644,2022-12-04,PL,116299,36,0.2306,5465,20,1,20571,5,14,Khon Kaen,
A100645,2024-01-14,PL,56132,36,0.1187,2114,24,1,17696,25,5,Chiang Mai,
A100646,2024-08-22,HP,328715,60,0.2244,11625,20,1,17100,86,8,Khon Kaen,Y
A100647,2023-08-05,CC,34311,0,0.1163,0,39,1,70922,84,2,Nakhon Ratchasima,
A100648,2023-04-14,HP,349641,72,0.0907,7498,33,1,21303,14,13,Chonburi,
A100649,2025-07-28,HP,180789,48,0.1959,6717,29,2,29969,38,4,Phuket,Y
A100650,2022-12-15,CC,40706,0,0.2503,0,21,1,20482,142,2,Nonthaburi,
A100651,2023-12-31,CC,21038,0,0.0,0,52,2,34378,49,5,Samut Prakan,
A100652,2022-10-27,PL,224085,12,0.1652,21758,56,9,,10,10,Chiang Mai,
A100653,2024-03-22,HP,303342,60,0.1434,8680,42,1,44294,40,8,Nakhon Ratchasima,
A100654,2025-11-09,HP,364520,36,0.233,17203,52,1,32920,34,6,Ubon Ratchathani,N
A100655,2025-03-04,HP,163739,60,0.2693,6403,39,9,,68,14,Samut Prakan,Y
A100656,2022-06-25,PL,153752,12,0.1724,15021,37,1,30336,27,4,Bangkok,
A100657,2022-09-09,PL,100751,24,0.1733,5652,49,1,,28,6,Chonburi,
A100658,2023-10-14,HP,398962,72,0.1082,9138,44,9,,61,16,Chonburi,
A100659,2023-11-01,HP,136232,48,0.1462,4497,49,2,,82,11,Khon Kaen,
A100660,2024-06-14,HP,450160,72,0.1166,10626,37,1,,11,3,Samut Prakan,N
A100661,2022-01-12,CC,48518,0,0.1271,0,56,2,36228,7,5,Khon Kaen,
A100662,2023-02-06,HP,505857,60,0.1197,13476,44,1,,69,0,Songkhla,
A100663,2022-03-29,PL,123153,24,0.1818,6997,45,1,49211,67,8,Phuket,
A100664,2023-01-08,CC,35914,0,0.1904,0,20,1,39130,7,999,Phuket,
A100665,2024-04-10,CC,43400,0,0.2333,0,37,1,32871,96,20,Chiang Mai,Y
A100666,2025-11-26,HP,203614,72,0.1403,5208,20,2,,32,5,Chiang Mai,Y
A100667,2025-07-12,PL,249404,12,0.1219,23317,52,2,,91,15,Songkhla,N
A100668,2025-03-03,PL,235825,36,0.2579,11618,24,3,14089,62,1,Chonburi,Y
A100669,2025-12-03,PL,37777,48,0.1684,1317,43,1,15014,13,0,Rayong,Y
A100670,2025-06-20,HP,294475,72,0.1687,8229,36,1,32832,146,2,Ubon Ratchathani,Y
A100671,2022-06-13,PL,47400,12,0.1224,4433,37,1,,78,14,Songkhla,
A100672,2023-04-20,HP,273553,36,0.0907,9666,52,9,31708,15,1,Bangkok,
A100673,2024-05-19,CC,104991,0,0.2235,0,27,1,14055,79,6,Chonburi,Y
A100674,2025-12-14,PL,231272,36,0.2411,11070,52,2,,34,12,Chonburi,Y
A100675,2025-04-14,HP,343508,72,0.2654,12368,27,1,62542,91,7,Udon Thani,Y
A100676,2022-09-01,HP,403689,60,0.1011,10129,37,1,35795,44,10,Udon Thani,
A100677,2024-09-01,HP,167964,36,0.1016,6087,31,2,,117,999,Rayong,Y
A100678,2022-03-13,PL,66036,36,0.1567,2696,42,1,21844,80,18,Phuket,
A100679,2024-12-13,HP,367007,36,0.1621,15152,48,1,,13,12,Chiang Mai,Y
A100680,2025-08-12,HP,714762,36,0.1762,30349,46,1,,4,13,Songkhla,N
A100681,2023-10-30,HP,250488,36,0.1333,9740,26,1,35374,79,1,Phuket,
A100682,2023-02-24,PL,97327,48,0.1321,3099,22,9,41329,49,7,Ubon Ratchathani,
A100683,2023-11-22,PL,38022,24,0.1872,2177,27,1,36713,48,28,Songkhla,
A100684,2023-09-30,CC,25623,0,0.0,0,30,3,24117,75,8,Nonthaburi,
A100685,2025-05-25,PL,91647,12,0.1348,8666,23,1,31681,107,11,Nakhon Ratchasima,Y
A100686,2024-03-16,CC,66760,0,0.1354,0,57,1,37578,20,1,Phuket,
A100687,2023-07-07,PL,432290,48,0.2559,18224,35,1,16299,18,12,Songkhla,
A100688,2025-04-16,HP,391412,36,0.1949,17229,28,1,24463,4,14,Udon Thani,Y
A100689,2024-02-04,CC,35632,0,0.1244,0,31,1,36565,6,999,Chonburi,
A100690,2024-07-06,PL,171019,24,0.2178,10229,45,1,15720,45,1,Phuket,Y
A100691,2025-12-18,PL,126819,12,0.2673,13393,20,1,,20,17,Udon Thani,Y
A100692,2023-01-28,PL,107531,36,0.2032,4807,34,2,39924,64,12,Chiang Mai,
A100693,2025-02-11,PL,174972,24,0.2707,11237,46,1,30976,97,8,Khon Kaen,Y
A100694,2024-10-24,HP,459888,60,0.1332,12769,26,1,75906,116,12,Nonthaburi,N
A100695,2022-03-13,PL,128901,24,0.1513,6996,20,1,,43,7,Phuket,
A100696,2025-07-05,HP,432588,72,0.1693,12111,49,1,18565,63,2,Ubon Ratchathani,Y
A100697,2023-10-27,HP,454070,48,0.2323,18249,32,3,16174,66,2,Udon Thani,
A100698,2024-11-29,PL,88174,12,0.1881,8729,36,1,16193,70,999,Rayong,Y
A100699,2022-11-18,PL,142625,12,0.1338,13475,33,3,28232,131,22,Phuket,
A100700,2022-12-29,HP,580207,48,0.0964,16748,44,3,34805,80,3,Rayong,
A100701,2024-10-01,PL,135344,24,0.1404,7222,54,1,28742,75,4,Ubon Ratchathani,Y
A100702,2025-04-09,PL,114344,24,0.1544,6235,47,1,18930,66,4,Chiang Mai,Y
A100703,2023-05-25,PL,165264,12,0.1959,16469,32,2,27724,56,15,Phuket,
A100704,2025-06-10,PL,66431,36,0.1557,2707,20,1,15873,102,1,Phuket,Y
A100705,2025-09-16,CC,30238,0,0.1305,0,47,3,34680,49,9,Nakhon Ratchasima,N
A100706,2025-06-23,PL,431792,36,0.1013,15639,34,3,,17,10,Chiang Mai,Y
A100707,2023-09-21,HP,467350,36,0.2712,23544,33,1,42695,101,9,Chiang Mai,
A100708,2024-07-21,CC,35284,0,0.2637,0,56,1,32429,99,10,Rayong,Y
A100709,2025-08-17,CC,57247,0,0.1403,0,20,1,31917,68,13,Phuket,Y
A100710,2024-12-24,HP,424659,60,0.1126,11062,43,2,,112,3,Ubon Ratchathani,N
A100711,2023-03-25,HP,269480,72,0.179,7762,43,2,,11,5,Bangkok,
A100712,2022-01-15,PL,240316,24,0.1259,12534,25,1,17042,39,8,Chonburi,
A100713,2025-10-15,PL,62330,36,0.1581,2552,36,1,42071,28,17,Khon Kaen,Y
A100714,2024-05-27,PL,135544,24,0.1482,7321,47,3,27007,55,9,Nonthaburi,Y
A100715,2023-03-19,HP,140862,36,0.1629,5825,32,1,25382,102,4,Nakhon Ratchasima,
A100716,2023-08-16,PL,116660,48,0.207,4442,25,1,27415,16,3,Bangkok,
A100717,2024-11-05,PL,186954,24,0.2433,11580,57,3,27870,27,3,Bangkok,N
A100718,2022-09-09,PL,87576,48,0.2039,3312,23,1,27318,67,4,Nakhon Ratchasima,
A100719,2022-06-16,PL,152177,36,0.1595,6249,56,1,,30,9,Nonthaburi,
A100720,2025-10-23,CC,15068,0,0.2384,0,47,2,49879,24,18,Chiang Mai,Y
A100721,2025-10-18,CC,35967,0,0.093,0,49,1,24785,48,9,Udon Thani,Y
A100722,2023-08-28,HP,178598,60,0.1174,4723,41,1,14059,80,16,Songkhla,
A100723,2025-02-24,CC,116952,0,0.1549,0,54,2,,57,10,Phuket,Y
A100724,2023-11-14,PL,82162,48,0.1779,2929,20,3,21733,75,17,Chiang Mai,
A100725,2024-03-14,CC,18940,0,0.1766,0,41,1,25999,32,2,Samut Prakan,
A100726,2023-10-28,PL,319498,36,0.1149,11934,32,3,33565,1,10,Phuket,
A100727,2022-01-21,HP,141452,72,0.2199,4556,40,2,,49,2,Chiang Mai,
A100728,2023-11-29,CC,66105,0,0.1649,0,23,1,62152,44,999,Phuket,
A100729,2024-12-06,PL,87365,24,0.2385,5376,51,2,,93,0,Chonburi,Y
A100730,2023-07-05,PL,164468,24,0.1528,8947,33,2,,34,5,Phuket,
A100731,2022-09-20,HP,303548,36,0.1196,11457,33,1,32106,9,999,Chonburi,
A100732,2025-04-01,HP,92869,36,0.2643,4625,23,2,20730,11,10,Chonburi,Y
A100733,2025-10-07,HP,183541,72,0.1237,4441,56,1,21903,13,16,Nakhon Ratchasima,Y
A100734,2025-10-05,CC,61711,0,0.1003,0,42,1,38150,67,16,Nonthaburi,Y
A100735,2025-12-05,PL,83884,12,0.2683,8865,31,2,,110,6,Songkhla,Y
A100736,2025-09-19,PL,138671,12,0.0937,12638,39,1,50494,12,21,Khon Kaen,Y
A100737,2023-04-20,PL,95940,24,0.2201,5757,44,3,40411,11,15,Chonburi,
A100738,2023-11-07,CC,57675,0,0.1333,0,20,1,33139,37,3,Khon Kaen,
A100739,2025-11-17,PL,206050,12,0.199,20587,38,1,29245,19,8,Chiang Mai,Y
A100740,2025-01-03,HP,364140,36,0.1884,15831,43,9,32291,155,11,Bangkok,Y
A100741,2023-04-20,HP,165617,60,0.1241,4473,45,1,70239,70,999,Nonthaburi,
A100742,2025-10-10,PL,64100,12,0.1947,6381,45,2,13952,44,13,Nakhon Ratchasima,Y
A100743,2025-01-14,PL,432128,12,0.1731,42244,29,1,31779,91,11,Samut Prakan,Y
A100744,2025-07-14,HP,227678,72,0.2014,6983,24,3,10198,15,25,Bangkok,Y
A100745,2022-08-04,PL,279180,24,0.1785,15785,34,9,,17,14,Khon Kaen,
A100746,2023-11-12,PL,160230,36,0.2679,8027,20,1,,71,999,Khon Kaen,
A100747,2023-03-08,HP,172240,60,0.2636,6654,57,3,81941,12,18,Udon Thani,
A100748,2022-03-07,HP,232295,48,0.2012,8734,44,3,35264,21,14,Ubon Ratchathani,
A100749,2025-07-08,HP,417313,48,0.213,16101,43,3,15176,192,0,Nakhon Ratchasima,Y
A100750,2025-09-01,PL,112494,12,0.232,11549,39,1,,52,15,Chonburi,Y
A100751,2025-10-08,PL,140221,48,0.1826,5054,20,1,33153,15,11,Nakhon Ratchasima,Y
A100752,2024-05-08,HP,276790,36,0.1889,12045,38,2,27312,104,999,Udon Thani,Y
A100753,2023-08-18,CC,44591,0,0.2686,0,43,2,18855,55,16,Udon Thani,
A100754,2023-11-15,PL,95723,12,0.1478,9155,20,2,28642,108,999,Rayong,
A100755,2024-05-09,PL,143976,48,0.1984,5379,52,3,31442,11,11,Rayong,N
A100756,2022-07-15,HP,605940,72,0.2635,21721,47,3,,81,4,Khon Kaen,
A100757,2022-08-08,CC,36366,0,0.1693,0,36,1,,62,3,Phuket,
A100758,2024-01-17,CC,24762,0,0.1201,0,39,3,18865,80,11,Samut Prakan,
A100759,2024-04-23,PL,167058,36,0.1623,6899,20,1,32283,119,12,Phuket,Y
A100760,2024-09-27,HP,213740,60,0.1465,6171,31,1,77627,78,10,Udon Thani,Y
A100761,2022-05-22,HP,218452,60,0.2077,7421,47,1,22720,34,8,Udon Thani,
A100762,2024-10-15,PL,103254,48,0.2203,4046,35,3,19581,10,3,Ubon Ratchathani,Y
A100763,2024-07-08,HP,297753,72,0.108,6815,20,1,38205,56,8,Ubon Ratchathani,Y
A100764,2024-08-22,PL,73438,24,0.1732,4119,44,9,37262,62,3,Nakhon Ratchasima,Y
A100765,2024-04-19,PL,94036,48,0.1926,3468,37,1,31894,126,14,Phuket,Y
A100766,2024-03-06,PL,240019,12,0.1941,23883,39,2,,68,6,Songkhla,
A100767,2023-12-20,CC,58424,0,0.17,0,42,1,,62,999,Ubon Ratchathani,
A100768,2022-12-07,HP,680821,60,0.1818,21661,34,2,62197,21,8,Chiang Mai,
A100769,2022-05-25,CC,146094,0,0.2312,0,29,2,23486,19,11,Samut Prakan,
A100770,2024-07-12,PL,41711,48,0.1344,1336,35,1,44129,77,15,Khon Kaen,Y
A100771,2025-08-31,CC,24909,0,0.0,0,20,1,35006,102,1,Chiang Mai,Y
A100772,2023-04-29,PL,77774,48,0.1291,2457,41,1,32610,35,4,Bangkok,
A100773,2024-07-10,PL,222437,12,0.234,22873,21,1,29924,17,3,Nonthaburi,Y
A100774,2024-12-02,PL,72319,12,0.2404,7475,39,1,48493,84,18,Chiang Mai,Y
A100775,2024-08-24,PL,150318,12,0.1685,14637,50,1,,11,11,Rayong,Y
A100776,2023-11-29,CC,49664,0,0.203,0,34,1,23640,41,6,Samut Prakan,
A100777,2022-02-20,CC,31038,0,0.1199,0,37,2,,71,15,Khon Kaen,
A100778,2024-08-22,PL,120010,48,0.169,4190,28,1,31625,30,10,Udon Thani,Y
A100779,2023-06-14,PL,238478,36,0.2453,11499,34,3,26217,93,6,Bangkok,
A100780,2023-07-29,HP,264963,72,0.1368,6700,27,2,,86,1,Phuket,
A100781,2024-04-18,HP,546266,48,0.098,15841,32,1,32575,73,1,Rayong,Y
A100782,2023-07-18,HP,235546,36,0.279,12019,48,1,93628,28,15,Khon Kaen,
A100783,2022-05-26,HP,244884,36,0.1221,9294,20,2,,61,7,Nakhon Ratchasima,
A100784,2025-10-25,CC,50964,0,0.2368,0,31,3,23428,76,14,Phuket,Y
A100785,2022-06-12,PL,121448,12,0.202,12165,33,1,17881,65,2,Songkhla,
A100786,2022-07-27,HP,159451,48,0.18,5713,31,1,29680,86,16,Rayong,
A100787,2023-10-23,PL,96256,24,0.1495,5209,53,1,,28,2,Chonburi,
A100788,2025-11-30,HP,222277,36,0.1849,9599,46,1,27728,60,6,Nakhon Ratchasima,N
A100789,2023-10-08,HP,414083,36,0.2277,19359,22,1,18607,64,8,Udon Thani,
A100790,2025-11-05,PL,126960,12,0.1622,12296,28,1,,57,999,Samut Prakan,Y
A100791,2023-07-22,PL,91243,48,0.2507,3807,46,2,79416,25,2,Chonburi,
A100792,2024-08-20,HP,654708,72,0.1896,19437,43,2,29717,30,0,Ubon Ratchathani,Y
A100793,2025-10-20,PL,64238,24,0.0929,3173,38,1,20829,152,8,Nonthaburi,Y
A100794,2025-04-26,HP,454154,60,0.2455,16860,27,1,16152,31,14,Rayong,Y
A100795,2022-04-17,PL,103946,12,0.1821,10239,29,1,19543,65,999,Songkhla,
A100796,2024-01-05,CC,44621,0,0.1251,0,29,1,29925,28,999,Udon Thani,
A100797,2024-04-18,PL,91678,36,0.2052,4114,44,1,28042,23,999,Chiang Mai,Y
A100798,2024-03-21,HP,62800,36,0.1032,2284,27,3,13643,19,6,Udon Thani,
A100799,2023-09-02,PL,58097,48,0.2254,2301,24,3,21943,89,9,Udon Thani,
A100800,2024-07-22,PL,53959,36,0.2078,2433,29,1,20533,133,999,Nakhon Ratchasima,N
A100801,2022-12-25,HP,958019,36,0.142,37948,33,1,39002,104,0,Rayong,
A100802,2025-09-07,CC,31190,0,0.136,0,44,1,,78,8,Rayong,Y
A100803,2022-08-03,CC,36056,0,0.1494,0,26,1,86146,39,8,Rayong,
A100804,2025-02-22,HP,871336,60,0.0955,21456,20,1,23386,33,11,Chiang Mai,Y
A100805,2022-03-31,PL,124279,24,0.2402,7665,31,2,,88,8,Bangkok,
A100806,2023-02-28,HP,624057,60,0.152,18305,39,2,21442,47,999,Khon Kaen,
A100807,2023-03-11,HP,327241,72,0.1969,9914,43,2,,24,0,Ubon Ratchathani,
A100808,2024-09-17,HP,241750,60,0.2069,8197,34,1,22550,47,4,Nonthaburi,Y
A100809,2023-03-18,CC,29317,0,0.2295,0,32,2,53848,140,7,Nakhon Ratchasima,
A100810,2022-01-24,HP,418420,48,0.1665,14522,25,3,14699,103,15,Songkhla,
A100811,2025-03-15,PL,108046,36,0.127,4144,49,1,115035,17,4,Phuket,Y
A100812,2023-01-22,CC,52093,0,0.1645,0,38,3,19418,23,5,Rayong,
A100813,2023-03-09,PL,85978,12,0.1458,8209,31,1,,12,21,Nonthaburi,
A100814,2022-10-15,HP,422427,36,0.2753,21425,34,2,,75,7,Nonthaburi,
A100815,2023-07-04,PL,181731,36,0.2268,8482,53,1,34370,3,3,Ubon Ratchathani,
A100816,2023-08-22,PL,241627,24,0.2167,14431,33,1,56537,51,11,Ubon Ratchathani,
A100817,2023-04-24,HP,287492,48,0.2789,12671,29,3,20100,87,7,Songkhla,
A100818,2023-04-17,HP,283843,48,0.1212,8780,49,1,23085,12,16,Ubon Ratchathani,
A100819,2024-10-25,PL,210770,48,0.1749,7463,20,2,,32,0,Nonthaburi,Y
A100820,2024-09-02,HP,252824,36,0.1944,11118,38,1,14247,5,999,Ubon Ratchathani,Y
A100821,2025-06-20,HP,345444,60,0.1089,8892,53,1,28698,60,15,Udon Thani,Y
A100822,2025-11-15,PL,73790,24,0.1876,4228,47,1,66137,120,14,Rayong,Y
A100823,2025-12-26,HP,241275,36,0.1905,10532,48,2,36877,31,6,Chonburi,Y
A100824,2024-01-07,PL,154204,12,0.1076,14233,56,2,13384,20,0,Rayong,
A100825,2024-03-12,HP,322547,36,0.1389,12693,38,3,42685,72,14,Nonthaburi,
A100826,2024-09-22,PL,199877,36,0.2085,9025,46,1,24760,53,11,Chiang Mai,Y
A100827,2022-06-17,HP,452235,48,0.1423,14784,20,2,,67,7,Samut Prakan,
A100828,2022-11-08,PL,134756,24,0.2195,8079,45,1,23107,85,10,Ubon Ratchathani,
A100829,2024-02-15,HP,344151,48,0.1922,12681,27,1,16312,81,6,Udon Thani,
A100830,2022-07-01,PL,66686,24,0.0975,3320,22,1,23098,107,15,Samut Prakan,
A100831,2022-10-08,HP,220952,36,0.117,8291,48,3,21333,45,6,Nonthaburi,
A100832,2024-05-08,HP,160077,48,0.1968,5960,31,1,22045,118,11,Songkhla,Y
A100833,2022-01-22,CC,23061,0,0.0921,0,24,1,21066,83,22,Nonthaburi,
A100834,2022-06-12,PL,216544,36,0.0991,7803,45,2,33158,73,7,Khon Kaen,
A100835,2022-03-19,HP,193276,48,0.2138,7470,29,1,20936,56,4,Khon Kaen,
A100836,2023-06-27,PL,276090,12,0.2396,28520,27,1,15069,8,2,Phuket,
A100837,2025-01-25,PL,60351,36,0.2255,2810,35,3,16352,107,12,Samut Prakan,N
A100838,2022-03-28,PL,348733,36,0.2795,17809,33,2,42567,5,4,Chonburi,
A100839,2024-11-12,PL,72881,48,0.1818,2622,34,1,18354,18,1,Udon Thani,Y
A100840,2025-11-02,PL,202452,48,0.0979,5869,48,1,34255,61,7,Songkhla,Y
A100841,2023-07-26,PL,91888,12,0.1334,8678,46,1,61509,7,20,Samut Prakan,
A100842,2024-12-17,HP,725980,60,0.2413,26697,20,1,21528,36,16,Rayong,Y
A100843,2022-05-20,HP,145992,72,0.1236,3531,22,2,23639,62,999,Nakhon Ratchasima,
A100844,2022-04-14,PL,144882,48,0.125,4527,33,1,39441,102,0,Songkhla,
A100845,2024-07-02,PL,95826,24,0.1204,4954,41,2,,32,999,Samut Prakan,Y
A100846,2022-04-29,PL,397228,48,0.1097,11906,33,9,46015,89,11,Nakhon Ratchasima,
A100847,2025-06-22,PL,114998,24,0.2268,6965,42,9,25695,48,18,Songkhla,Y
A100848,2023-01-27,CC,39898,0,0.2703,0,36,1,22615,78,15,Ubon Ratchathani,
A100849,2024-09-15,CC,36429,0,0.0928,0,37,1,34497,71,22,Songkhla,Y
A100850,2025-09-25,HP,345615,72,0.23,11424,29,2,87580,74,16,Udon Thani,Y
A100851,2022-10-25,PL,243587,12,0.1778,23908,29,3,26039,46,11,Chonburi,
A100852,2024-02-18,PL,58213,12,0.1241,5453,52,1,14726,63,0,Samut Prakan,
A100853,2022-12-12,HP,405039,48,0.2752,17727,38,1,52330,158,15,Songkhla,
A100854,2025-02-12,CC,40972,0,0.2373,0,41,1,13386,49,4,Nakhon Ratchasima,Y
A100855,2023-06-02,CC,29718,0,0.2752,0,25,1,19117,43,13,Ubon Ratchathani,
A100856,2022-11-15,CC,44766,0,0.1473,0,33,3,39959,43,9,Nakhon Ratchasima,
A100857,2022-10-03,PL,176412,12,0.1647,17122,42,1,20934,6,4,Nakhon Ratchasima,
A100858,2025-12-03,PL,152890,24,0.2433,9470,28,1,30648,35,7,Phuket,Y
A100859,2024-01-06,PL,89343,12,0.1074,8244,49,3,36647,62,13,Phuket,
A100860,2022-12-08,HP,378367,48,0.1977,14116,32,3,,36,7,Samut Prakan,
A100861,2023-10-01,CC,41534,0,0.2085,0,34,2,,98,999,Khon Kaen,
A100862,2024-03-23,PL,55350,12,0.1041,5092,46,1,13087,3,7,Chiang Mai,
A100863,2023-09-09,PL,91315,48,0.1482,3030,28,1,30302,37,999,Songkhla,
A100864,2025-06-11,PL,398246,48,0.2694,17237,45,1,,35,5,Phuket,Y
A100865,2023-04-27,PL,234514,24,0.1883,13451,22,3,31702,58,2,Bangkok,
A100866,2025-10-13,CC,65583,0,0.1366,0,29,2,38363,108,17,Chiang Mai,N
A100867,2023-11-25,HP,358636,60,0.2604,13759,30,2,,71,999,Songkhla,
A100868,2024-07-13,HP,990923,60,0.1295,27209,32,1,31382,41,26,Rayong,N
A100869,2022-08-23,HP,415265,60,0.2565,15797,38,1,19230,31,999,Nonthaburi,
A100870,2024-07-02,PL,166656,12,0.1494,15962,36,1,19457,89,1,Phuket,Y
A100871,2022-10-28,HP,927395,60,0.2419,34151,37,1,43026,101,10,Udon Thani,
A100872,2025-12-08,HP,535819,36,0.1034,19500,30,1,25837,79,19,Phuket,N
A100873,2024-01-23,HP,202614,60,0.2339,7326,42,1,,79,999,Chonburi,
A100874,2025-11-15,HP,309373,36,0.0988,11140,43,3,37158,94,2,Nakhon Ratchasima,Y
A100875,2023-08-28,CC,50860,0,0.0,0,31,2,59090,88,0,Songkhla,
A100876,2025-02-15,PL,151127,48,0.1921,5567,40,1,43492,22,11,Bangkok,Y
A100877,2025-11-12,PL,238076,36,0.147,9529,38,3,16828,13,18,Nonthaburi,Y
A100878,2023-10-30,PL,82630,48,0.1716,2903,42,3,21323,22,999,Khon Kaen,
A100879,2024-05-23,PL,246569,48,0.2128,9509,53,2,68539,105,11,Bangkok,Y
A100880,2024-11-27,HP,581851,36,0.1329,22606,47,2,,15,13,Chonburi,Y
A100881,2023-01-18,CC,43581,0,0.2134,0,20,1,18242,25,15,Rayong,
A100882,2023-08-17,PL,129854,12,0.1558,12507,37,3,25866,87,3,Khon Kaen,
A100883,2023-01-01,CC,67960,0,0.1719,0,20,1,,83,5,Chiang Mai,
A100884,2025-05-08,HP,536140,72,0.2034,16533,42,1,31377,24,6,Samut Prakan,Y
A100885,2023-08-21,HP,409275,60,0.2592,15661,35,1,36309,1,22,Phuket,
A100886,2022-05-22,PL,65847,24,0.1001,3292,35,3,67602,63,6,Songkhla,
A100887,2022-06-15,HP,664089,48,0.2477,27543,34,3,29933,7,999,Rayong,
A100888,2023-11-14,PL,125990,48,0.2517,5267,20,1,29764,113,7,Khon Kaen,
A100889,2025-03-03,CC,42957,0,0.255,0,38,3,21641,93,5,Udon Thani,Y
A100890,2023-07-09,PL,158814,36,0.1189,5985,27,2,,44,13,Songkhla,
A100891,2024-01-08,CC,59613,0,0.2174,0,39,9,,73,999,Khon Kaen,
A100892,2025-07-03,CC,68996,0,0.221,0,31,9,,130,8,Udon Thani,Y
A100893,2022-05-02,HP,297119,72,0.1344,7454,24,2,,110,999,Ubon Ratchathani,
A100894,2022-10-30,PL,81692,24,0.2401,5038,42,2,,98,17,Nonthaburi,
A100895,2025-02-01,PL,117633,24,0.0984,5865,20,3,40708,72,0,Phuket,N
A100896,2024-10-15,HP,229685,60,0.2633,8867,35,1,25192,87,9,Nakhon Ratchasima,N
A100897,2025-11-07,HP,435339,48,0.1152,13248,40,2,38416,133,12,Nakhon Ratchasima,Y
A100898,2022-08-23,PL,153622,12,0.1495,14715,32,2,36031,62,0,Chiang Mai,
A100899,2025-09-18,PL,69336,12,0.2134,7011,42,1,15197,69,0,Samut Prakan,Y
A100900,2025-10-07,PL,96970,48,0.1249,3029,32,1,42565,117,12,Bangkok,N
A100901,2024-10-24,PL,241342,48,0.1964,8977,35,1,24277,93,3,Udon Thani,Y
A100902,2022-08-17,HP,546188,72,0.2256,17854,45,2,8729,118,2,Samut Prakan,
A100903,2023-03-11,HP,333554,48,0.2103,12794,39,2,,158,20,Nonthaburi,
A100904,2025-11-25,HP,179884,72,0.2577,6361,31,3,33807,133,5,Udon Thani,N
A100905,2024-01-26,HP,123194,36,0.2188,5668,21,2,19271,50,19,Samut Prakan,
A100906,2024-06-19,PL,67116,36,0.26,3318,22,1,37650,7,999,Bangkok,Y
A100907,2023-06-08,PL,129160,12,0.2136,13062,26,2,,80,6,Khon Kaen,
A100908,2024-11-24,HP,181851,36,0.1174,6830,26,1,36764,82,11,Rayong,Y
A100909,2022-07-26,CC,35235,0,0.2097,0,37,2,,10,999,Songkhla,
A100910,2024-02-26,HP,402893,60,0.1787,12714,26,2,,0,13,Chonburi,
A100911,2024-02-23,PL,124508,48,0.2332,5013,52,2,,70,7,Bangkok,
A100912,2022-12-23,CC,113213,0,0.1066,0,29,2,36922,82,10,Nakhon Ratchasima,
A100913,2024-08-09,PL,189713,36,0.2178,8713,36,1,30719,57,999,Bangkok,Y
A100914,2022-12-23,HP,439102,72,0.2173,14050,45,1,39201,112,3,Songkhla,
A100915,2023-11-17,CC,48454,0,0.0989,0,28,1,13679,51,19,Phuket,
A100916,2025-03-18,PL,60942,36,0.2343,2882,52,1,35192,42,999,Khon Kaen,Y
A100917,2025-03-09,PL,151789,12,0.2713,16080,61,3,58861,166,3,Nonthaburi,Y
A100918,2025-07-22,PL,89190,12,0.1918,8858,27,1,31450,95,14,Rayong,Y
A100919,2025-03-07,PL,117095,24,0.2235,7059,45,3,54685,110,1,Rayong,N
A100920,2023-02-04,HP,651465,72,0.0967,14297,47,9,,199,999,Chiang Mai,
A100921,2024-07-29,CC,40002,0,0.2451,0,40,1,27268,76,16,Chiang Mai,Y
A100922,2025-06-11,PL,89484,24,0.1586,4911,51,1,26153,65,14,Chiang Mai,Y
A100923,2023-10-06,CC,30827,0,0.2046,0,46,1,31953,30,8,Chonburi,
A100924,2024-08-16,CC,79460,0,0.1219,0,35,1,28489,60,999,Nonthaburi,Y
A100925,2022-04-10,PL,82617,12,0.2456,8575,47,1,,98,0,Samut Prakan,
A100926,2022-01-09,HP,352404,48,0.2168,13708,20,3,24363,74,6,Udon Thani,
A100927,2025-12-26,HP,355675,48,0.2022,13403,28,2,,14,7,Bangkok,Y
A100928,2023-07-13,CC,44529,0,0.2616,0,31,1,26787,80,9,Phuket,
A100929,2024-04-25,CC,78124,0,0.1908,0,32,2,,123,9,Chiang Mai,Y
A100930,2025-12-23,PL,41621,48,0.1533,1398,42,1,24704,89,10,Udon Thani,N
A100931,2023-08-16,HP,284179,60,0.1709,8783,49,1,13033,19,3,Khon Kaen,
A100932,2022-04-02,PL,136911,24,0.1639,7574,36,2,38324,30,14,Khon Kaen,
A100933,2025-12-24,PL,193068,36,0.2072,8696,36,2,,51,2,Chiang Mai,Y
A100934,2025-08-15,HP,678505,60,0.0966,16770,54,1,15771,65,999,Bangkok,Y
A100935,2023-03-31,PL,70212,12,0.1016,6445,49,1,48948,78,28,Chiang Mai,
A100936,2022-12-26,PL,250718,48,0.1469,8292,32,2,55103,0,8,Udon Thani,
A100937,2022-03-18,PL,220747,36,0.0982,7938,37,1,,23,13,Chonburi,
A100938,2025-08-23,HP,269078,48,0.1003,7854,60,2,,69,0,Bangkok,Y
A100939,2022-03-07,CC,51776,0,0.2526,0,31,1,13934,39,14,Chonburi,
A100940,2022-03-04,CC,24135,0,0.119,0,43,3,32256,59,8,Songkhla,
A100941,2025-04-06,CC,36039,0,0.17,0,40,2,,30,2,Bangkok,Y
A100942,2023-06-09,PL,176084,36,0.2213,8138,48,3,26310,68,999,Nakhon Ratchasima,
A100943,2023-06-26,PL,28467,48,0.1024,835,29,1,12695,158,5,Nakhon Ratchasima,
A100944,2023-07-29,PL,211594,24,0.1487,11438,36,1,,25,11,Songkhla,
A100945,2024-10-14,PL,36123,36,0.1817,1550,25,3,36877,149,25,Ubon Ratchathani,N
A100946,2023-10-01,PL,139177,24,0.0904,6847,20,3,31859,40,3,Ubon Ratchathani,
A100947,2022-01-19,CC,58168,0,0.2451,0,36,1,26906,0,9,Phuket,
A100948,2022-06-14,PL,232311,24,0.194,13435,22,2,46629,46,8,Ubon Ratchathani,
A100949,2024-11-03,PL,134080,12,0.1844,13233,29,1,21254,11,20,Ubon Ratchathani,N
A100950,2025-10-04,PL,148094,24,0.2597,9375,45,3,44323,5,22,Nakhon Ratchasima,Y
A100951,2023-02-06,HP,357033,48,0.1805,12808,35,1,61995,67,14,Rayong,
A100952,2022-04-30,PL,285778,36,0.2192,13158,40,1,36139,22,14,Ubon Ratchathani,
A100953,2024-06-29,HP,517535,36,0.2029,23126,43,1,56587,57,9,Songkhla,N
A100954,2022-01-23,PL,76451,12,0.2431,7919,21,1,35818,63,3,Phuket,
A100955,2022-04-10,PL,98047,48,0.1426,3207,20,1,44438,62,17,Rayong,
A100956,2023-04-30,HP,185234,36,0.1451,7385,40,3,29935,28,999,Songkhla,
A100957,2023-03-08,PL,129011,36,0.1137,4806,48,1,41057,40,17,Phuket,
A100958,2023-02-05,HP,184611,60,0.1464,5329,45,1,77344,11,18,Chonburi,
A100959,2023-07-10,HP,460567,48,0.1927,16991,41,2,22807,85,21,Songkhla,
A100960,2023-12-16,HP,224382,48,0.1262,7034,34,1,17572,35,5,Chonburi,
A100961,2024-03-20,CC,58775,0,0.1414,0,37,1,21545,71,15,Udon Thani,
A100962,2025-06-20,PL,115348,36,0.1539,4683,40,1,31227,58,13,Phuket,N
A100963,2025-08-15,HP,386708,60,0.1186,10267,28,1,25884,83,1,Phuket,Y
A100964,2022-02-02,HP,254139,60,0.2688,9928,48,1,27295,60,9,Nakhon Ratchasima,
A100965,2025-05-10,CC,129537,0,0.1301,0,41,1,33926,81,10,Songkhla,N
A100966,2023-04-01,CC,31351,0,0.0,0,34,2,,67,999,Ubon Ratchathani,
A100967,2025-06-30,CC,134923,0,0.2045,0,41,1,28903,42,17,Udon Thani,Y
A100968,2023-10-03,CC,16701,0,0.1564,0,23,1,30354,62,1,Samut Prakan,
A100969,2024-07-10,CC,36394,0,0.2355,0,60,2,,17,999,Rayong,Y
A100970,2023-02-23,PL,320365,36,0.1743,13552,38,1,15189,104,17,Ubon Ratchathani,
A100971,2022-07-09,CC,16973,0,0.1362,0,39,1,38294,59,1,Nonthaburi,
A100972,2023-07-07,CC,44776,0,0.1541,0,32,1,38402,4,12,Samut Prakan,
A100973,2023-04-27,CC,133865,0,0.0,0,34,1,34945,7,6,Ubon Ratchathani,
A100974,2025-09-17,CC,31462,0,0.0,0,45,2,,84,2,Bangkok,N
A100975,2022-04-08,CC,49328,0,0.1732,0,38,1,43037,80,8,Songkhla,
A100976,2022-06-27,HP,212246,36,0.1258,8120,28,2,,77,999,Udon Thani,
A100977,2022-09-15,HP,456301,72,0.234,15235,24,1,62542,53,999,Phuket,
A100978,2022-02-03,CC,22785,0,0.2362,0,35,1,9411,106,19,Songkhla,
A100979,2024-07-07,PL,188540,12,0.1288,17735,43,3,18883,38,0,Udon Thani,Y
A100980,2025-10-26,PL,166527,36,0.1083,6128,44,3,33876,78,2,Samut Prakan,Y
A100981,2022-07-22,PL,134315,36,0.1734,5671,37,1,20163,27,19,Bangkok,
A100982,2022-11-16,CC,46457,0,0.0951,0,34,1,35569,29,6,Songkhla,
A100983,2022-04-07,HP,558546,72,0.2484,19319,33,1,12469,68,999,Nakhon Ratchasima,
A100984,2023-03-18,CC,22912,0,0.2346,0,41,3,22010,27,5,Phuket,
A100985,2023-09-25,PL,572135,36,0.2642,28489,30,2,53829,70,9,Khon Kaen,
A100986,2024-12-26,CC,42013,0,0.1756,0,33,1,53486,61,18,Khon Kaen,Y
A100987,2024-09-14,HP,410776,60,0.1936,13473,47,2,30084,67,8,Udon Thani,Y
A100988,2022-05-07,PL,100167,36,0.258,4936,26,1,32812,97,29,Phuket,
A100989,2022-07-05,HP,191027,48,0.1278,6014,28,1,15263,137,999,Bangkok,
A100990,2025-02-10,PL,220338,12,0.1298,20744,39,1,19639,41,10,Phuket,Y
A100991,2022-01-03,CC,36419,0,0.2767,0,40,2,30911,34,1,Udon Thani,
A100992,2023-07-19,CC,205623,0,0.1599,0,20,2,68060,131,999,Udon Thani,
A100993,2022-09-22,HP,95982,48,0.1747,3396,47,3,22211,21,17,Songkhla,
A100994,2024-06-18,HP,348246,72,0.2216,11267,34,1,21740,68,11,Samut Prakan,Y
A100995,2025-03-27,CC,77555,0,0.1052,0,33,3,,131,14,Chiang Mai,Y
A100996,2022-11-03,HP,397294,60,0.1158,10455,55,3,23515,2,19,Nonthaburi,
A100997,2024-01-27,PL,114800,36,0.1492,4616,25,1,47872,9,28,Chiang Mai,
A100998,2022-04-28,CC,66122,0,0.2557,0,37,2,,33,17,Songkhla,
A100999,2022-09-27,CC,21676,0,0.1667,0,29,1,20566,64,999,Samut Prakan,
A101000,2025-11-23,HP,461446,72,0.1669,12826,31,1,43998,55,15,Udon Thani,N
A101001,2024-09-02,PL,54279,48,0.1677,1889,44,3,24291,23,14,Phuket,N
A101002,2024-05-14,PL,90560,24,0.1843,5164,32,2,,44,19,Rayong,N
A101003,2025-03-11,HP,246087,36,0.1635,10188,53,2,33006,34,6,Songkhla,Y
A101004,2024-05-04,HP,293702,60,0.1516,8605,28,3,16141,131,999,Phuket,Y
A101005,2023-06-30,PL,140380,24,0.1057,7085,36,3,38212,60,3,Nakhon Ratchasima,
A101006,2022-09-01,CC,33703,0,0.2356,0,49,2,,75,10,Songkhla,
A101007,2024-02-22,CC,51441,0,0.0,0,29,2,,127,17,Khon Kaen,
A101008,2024-01-09,PL,182096,36,0.1156,6812,37,9,,71,999,Samut Prakan,
A101009,2025-06-11,PL,64407,48,0.2064,2449,28,1,37847,110,11,Udon Thani,N
A101010,2024-02-17,HP,279484,48,0.1123,8438,54,2,,88,2,Udon Thani,
A101011,2025-06-25,HP,190769,36,0.1065,6992,34,2,12075,21,14,Khon Kaen,Y
A101012,2025-11-04,PL,166305,36,0.2231,7711,54,3,23067,31,999,Rayong,Y
A101013,2025-11-10,HP,406184,60,0.1726,12612,55,3,18477,40,2,Songkhla,N
A101014,2024-02-22,PL,287063,12,0.2478,29849,20,1,,100,13,Udon Thani,
A101015,2025-07-05,PL,123787,36,0.1434,4917,23,1,23256,3,1,Nakhon Ratchasima,Y
A101016,2023-11-02,HP,252251,72,0.1909,7516,59,9,,23,2,Udon Thani,
A101017,2023-01-04,HP,226904,36,0.1346,8847,41,1,26311,35,1,Phuket,
A101018,2022-04-06,PL,335810,24,0.1011,16821,25,1,12687,109,5,Bangkok,
A101019,2024-02-06,PL,146431,24,0.2264,8863,47,3,30211,27,999,Udon Thani,
A101020,2024-11-15,PL,116215,24,0.1062,5870,43,3,33709,45,999,Samut Prakan,Y
A101021,2024-09-15,PL,63664,36,0.2662,3180,22,2,,186,24,Chiang Mai,N
A101022,2022-10-12,PL,93892,12,0.0952,8569,29,1,17765,66,1,Nakhon Ratchasima,
A101023,2024-02-09,HP,352333,72,0.1429,9089,37,1,26712,12,21,Rayong,
A101024,2023-10-10,HP,238229,60,0.2795,9519,36,1,20788,42,999,Chonburi,
A101025,2022-11-01,HP,436200,48,0.2091,16688,42,2,34084,23,11,Ubon Ratchathani,
A101026,2022-08-12,HP,182743,72,0.2536,6400,20,3,86161,54,8,Chonburi,
A101027,2023-09-08,PL,165095,36,0.1831,7105,22,2,30444,104,8,Nakhon Ratchasima,
A101028,2022-04-11,HP,271358,72,0.1603,7393,37,1,49240,57,10,Udon Thani,
A101029,2022-03-10,HP,97510,60,0.2791,3893,34,1,38549,65,6,Phuket,
A101030,2022-06-23,PL,79972,36,0.2341,3781,46,3,,114,14,Udon Thani,
A101031,2024-08-10,PL,238610,36,0.1145,8904,36,2,,117,999,Nakhon Ratchasima,N
A101032,2022-02-25,CC,50903,0,0.0,0,31,3,45115,46,20,Udon Thani,
A101033,2025-12-11,PL,55920,48,0.1051,1654,20,3,20416,82,15,Phuket,Y
A101034,2022-05-25,PL,135899,36,0.1944,5976,26,1,,20,999,Nakhon Ratchasima,
A101035,2022-08-16,CC,17820,0,0.1555,0,42,1,,43,3,Samut Prakan,
A101036,2025-12-14,HP,203749,72,0.1239,4933,62,3,16919,50,0,Nonthaburi,Y
A101037,2024-12-10,PL,114317,36,0.1316,4429,37,2,24964,59,17,Chiang Mai,Y
A101038,2025-02-15,HP,242434,48,0.2754,10614,36,1,25252,13,17,Phuket,Y
A101039,2025-12-21,PL,70157,36,0.1519,2836,35,3,10801,105,1,Chiang Mai,Y
A101040,2024-08-31,HP,183114,72,0.0953,3997,36,3,15699,18,5,Chiang Mai,Y
A101041,2023-12-26,PL,91061,12,0.1841,8985,38,1,25501,103,1,Songkhla,
A101042,2023-07-28,HP,466274,48,0.1247,14559,32,2,,118,9,Nakhon Ratchasima,
A101043,2022-08-18,CC,19516,0,0.2328,0,49,1,17073,15,12,Songkhla,
A101044,2025-12-27,PL,230920,24,0.2219,13891,38,1,25846,112,7,Nakhon Ratchasima,N
A101045,2023-09-08,PL,50499,36,0.1123,1875,46,1,25519,53,12,Phuket,
A101046,2024-10-27,HP,652254,48,0.1498,21730,20,9,,124,3,Bangkok,Y
A101047,2024-08-30,HP,359754,60,0.196,11871,54,2,,120,1,Bangkok,Y
A101048,2022-08-25,CC,20848,0,0.1716,0,33,1,14650,11,4,Rayong,
A101049,2023-08-08,PL,299443,12,0.2468,31112,27,2,32960,61,999,Samut Prakan,
A101050,2024-06-24,HP,435509,36,0.1364,17047,39,2,15894,5,16,Udon Thani,N
A101051,2024-03-27,HP,1131580,48,0.1101,33956,47,2,,58,17,Udon Thani,
A101052,2024-11-12,PL,115315,36,0.249,5595,39,2,,131,999,Bangkok,Y
A101053,2025-01-11,HP,131066,60,0.2318,4716,39,2,31848,21,10,Ubon Ratchathani,Y
A101054,2025-04-26,HP,279915,36,0.107,10271,33,2,29454,36,6,Phuket,Y
A101055,2022-05-25,HP,225774,36,0.1839,9731,37,1,21964,5,7,Nakhon Ratchasima,
A101056,2024-12-09,PL,154297,48,0.0946,4430,36,1,,65,6,Chiang Mai,N
A101057,2025-02-16,PL,131448,12,0.2234,13401,23,1,25750,55,13,Rayong,N
A101058,2022-02-12,PL,197472,36,0.2084,8914,38,1,65374,41,999,Khon Kaen,
A101059,2024-12-28,CC,37957,0,0.1395,0,50,1,29272,53,0,Nakhon Ratchasima,Y
A101060,2025-05-15,HP,296679,60,0.1713,9179,30,2,60854,6,999,Bangkok,Y
A101061,2025-02-08,PL,65341,24,0.2528,4099,22,3,14077,0,999,Nakhon Ratchasima,Y
A101062,2022-08-03,CC,21928,0,0.1684,0,29,1,45798,22,12,Chiang Mai,
A101063,2024-02-16,CC,46373,0,0.0,0,32,3,33340,73,15,Rayong,
A101064,2024-08-22,PL,53527,36,0.1288,2061,29,1,23663,25,2,Nakhon Ratchasima,N
A101065,2022-03-11,CC,60760,0,0.1784,0,27,3,,113,1,Samut Prakan,
A101066,2023-11-06,PL,74816,48,0.2266,2971,32,1,42556,102,7,Rayong,
A101067,2024-11-06,CC,31197,0,0.2174,0,39,3,24596,83,0,Samut Prakan,N
A101068,2023-02-28,HP,340315,48,0.1189,10461,32,2,,61,11,Khon Kaen,
A101069,2022-12-20,HP,246804,36,0.2383,11756,39,1,61307,22,10,Bangkok,
A101070,2025-12-12,HP,113334,60,0.1126,2952,51,1,11705,51,12,Phuket,Y
A101071,2024-01-18,CC,62714,0,0.1169,0,22,1,25372,48,1,Khon Kaen,
A101072,2024-03-20,PL,150154,24,0.2343,9188,20,1,26631,90,6,Songkhla,
A101073,2022-04-18,PL,164111,48,0.1708,5754,46,1,37813,100,999,Chiang Mai,
A101074,2025-10-04,PL,64001,12,0.1868,6329,40,3,23450,80,25,Ubon Ratchathani,Y
A101075,2025-08-12,HP,111404,36,0.142,4412,22,2,,58,7,Chonburi,Y
A101076,2025-12-09,PL,70900,24,0.1597,3897,54,1,27473,95,4,Nonthaburi,Y
A101077,2023-02-08,PL,142420,36,0.2073,6416,50,1,16260,123,12,Chiang Mai,
A101078,2022-08-29,HP,270567,72,0.0995,6001,34,1,,38,22,Udon Thani,
A101079,2022-04-26,PL,74551,24,0.2513,4667,34,1,,70,5,Rayong,
A101080,2022-11-10,PL,189438,36,0.1185,7132,42,2,,4,14,Bangkok,
A101081,2025-12-16,HP,194192,48,0.1985,7257,43,1,27305,121,16,Bangkok,Y
A101082,2024-04-02,CC,56117,0,0.1572,0,27,2,,114,999,Nakhon Ratchasima,Y
A101083,2024-04-02,HP,294051,48,0.2648,12614,29,1,15260,37,4,Samut Prakan,Y
A101084,2022-08-06,PL,70808,48,0.0959,2041,37,2,32796,34,2,Khon Kaen,
A101085,2022-02-10,PL,94940,12,0.1909,9422,20,1,20953,75,3,Udon Thani,
A101086,2022-10-27,HP,418590,48,0.2102,16052,20,1,58009,128,9,Phuket,
A101087,2023-05-12,PL,108885,12,0.1302,10255,48,1,42562,70,5,Rayong,
A101088,2024-08-10,PL,92443,24,0.1853,5279,28,2,72486,82,14,Bangkok,Y
A101089,2022-05-22,PL,178444,48,0.2599,7582,46,1,36405,25,13,Nonthaburi,
A101090,2022-05-07,HP,356517,48,0.1551,12035,41,2,39754,159,5,Chonburi,
A101091,2022-09-13,CC,37778,0,0.2173,0,44,2,,51,999,Bangkok,
A101092,2023-06-01,CC,28516,0,0.1838,0,41,3,31156,21,999,Samut Prakan,
A101093,2025-03-13,HP,679801,36,0.196,29986,54,1,14456,41,21,Chiang Mai,Y
A101094,2023-10-06,HP,537196,48,0.1324,17118,24,2,60539,79,999,Udon Thani,
A101095,2022-12-14,HP,657683,48,0.2419,26959,35,1,19606,35,2,Chonburi,
A101096,2024-11-06,HP,382451,60,0.2576,14584,41,1,31974,128,25,Nakhon Ratchasima,Y
A101097,2022-08-13,PL,163702,36,0.1348,6386,47,9,28636,94,11,Nakhon Ratchasima,
A101098,2023-07-13,PL,90524,36,0.1228,3440,41,1,36411,140,5,Khon Kaen,
A101099,2023-10-21,PL,83665,48,0.1077,2493,31,1,28425,111,16,Khon Kaen,
A101100,2022-04-16,PL,478839,36,0.1009,17327,46,1,20084,26,21,Bangkok,
A101101,2022-05-23,HP,218023,36,0.1946,9591,20,1,29299,45,16,Chiang Mai,
A101102,2025-06-30,PL,63139,36,0.1817,2709,38,1,35579,102,3,Bangkok,N
A101103,2024-02-15,PL,133822,48,0.171,4694,24,1,33787,40,14,Chiang Mai,
A101104,2023-05-02,HP,280802,72,0.1261,6850,63,2,34959,23,8,Rayong,
A101105,2024-12-18,PL,286396,24,0.2113,16976,21,3,29415,97,18,Songkhla,Y
A101106,2022-01-13,HP,136437,36,0.1063,4998,50,2,32189,16,999,Nonthaburi,
A101107,2023-03-04,PL,92176,24,0.1783,5210,44,3,29397,73,999,Nonthaburi,
A101108,2023-04-02,PL,242017,36,0.2201,11161,33,1,35474,26,11,Samut Prakan,
A101109,2025-12-31,HP,511546,48,0.144,16795,31,1,38586,6,11,Khon Kaen,Y
A101110,2023-04-13,PL,85574,24,0.1995,4988,20,2,69001,94,4,Rayong,
A101111,2022-08-25,PL,94295,36,0.1037,3434,38,1,37708,9,6,Phuket,
A101112,2022-08-05,HP,534508,72,0.2458,18372,24,2,83079,114,13,Ubon Ratchathani,
A101113,2025-07-23,CC,32632,0,0.1972,0,44,1,35286,131,9,Phuket,Y
A101114,2024-09-14,PL,49987,36,0.2032,2234,34,2,,26,5,Songkhla,Y
A101115,2024-12-04,PL,166576,36,0.1558,6789,42,1,41190,53,0,Nonthaburi,Y
A101116,2022-06-14,PL,69345,48,0.1848,2512,45,1,,84,1,Nonthaburi,
A101117,2023-06-10,PL,105843,24,0.2363,6494,21,2,15922,9,4,Ubon Ratchathani,
A101118,2022-01-29,HP,479285,36,0.1748,20295,37,1,23778,71,13,Khon Kaen,
A101119,2025-11-14,PL,179108,24,0.2011,10464,29,3,23645,24,2,Rayong,Y
A101120,2023-09-23,CC,11417,0,0.1523,0,41,1,18256,54,6,Chiang Mai,
A101121,2024-05-05,PL,260596,36,0.1946,11464,33,1,40668,100,21,Samut Prakan,Y
A101122,2023-10-04,PL,139029,24,0.2681,8899,47,1,48365,81,9,Nonthaburi,
A101123,2023-08-29,CC,54809,0,0.0,0,49,1,27462,82,1,Bangkok,
A101124,2022-12-20,HP,328930,48,0.2343,13275,58,2,100418,94,7,Udon Thani,
A101125,2025-11-24,CC,78587,0,0.2187,0,29,1,10289,8,11,Bangkok,Y
A101126,2024-06-09,HP,281132,72,0.1354,7076,23,2,23265,50,9,Khon Kaen,Y
A101127,2024-11-23,PL,335217,12,0.1369,31759,45,1,15905,34,999,Phuket,Y
A101128,2022-07-13,CC,93764,0,0.2617,0,41,1,22738,72,10,Chiang Mai,
A101129,2025-12-23,PL,144444,36,0.1226,5488,39,1,18669,44,21,Chiang Mai,N
A101130,2023-02-25,CC,73732,0,0.1228,0,26,1,15965,23,18,Samut Prakan,
A101131,2025-10-02,PL,56767,36,0.2234,2633,26,1,19870,82,4,Phuket,Y
A101132,2023-01-06,PL,328930,12,0.1897,32610,38,1,22475,56,4,Phuket,
A101133,2022-02-06,PL,97923,36,0.2652,4884,29,2,62791,36,13,Nakhon Ratchasima,
A101134,2022-05-24,CC,23071,0,0.1411,0,46,3,29083,9,2,Nonthaburi,
A101135,2024-11-04,HP,835417,48,0.2708,36257,44,1,24294,22,6,Nakhon Ratchasima,N
A101136,2024-09-18,PL,111371,48,0.1771,3963,32,9,,13,3,Chiang Mai,Y
A101137,2023-12-21,PL,107610,24,0.2066,6336,53,9,45188,10,16,Nakhon Ratchasima,
A101138,2024-01-02,CC,59116,0,0.1993,0,39,2,42158,33,7,Ubon Ratchathani,
A101139,2024-06-15,CC,61739,0,0.1439,0,51,2,35272,8,26,Samut Prakan,Y
A101140,2022-01-30,CC,52097,0,0.2714,0,50,3,103716,19,5,Ubon Ratchathani,
A101141,2025-11-11,CC,18782,0,0.24,0,45,1,68184,23,13,Phuket,N
A101142,2024-05-15,CC,66327,0,0.1328,0,32,1,9000,63,3,Bangkok,N
A101143,2022-10-27,CC,31987,0,0.1883,0,28,3,21543,37,9,Bangkok,
A101144,2025-04-02,PL,147736,24,0.172,8273,31,1,,52,0,Bangkok,N
A101145,2023-08-13,CC,67235,0,0.1276,0,62,1,15435,40,0,Chiang Mai,
A101146,2022-07-03,HP,307837,48,0.172,10825,35,1,22957,27,1,Samut Prakan,
A101147,2024-12-16,PL,205476,36,0.1844,8865,40,2,,44,3,Udon Thani,N
A101148,2022-04-27,HP,408160,48,0.1048,12067,35,3,16260,87,7,Chonburi,
A101149,2025-08-09,PL,52069,36,0.1117,1931,39,3,46221,44,7,Chiang Mai,Y
A101150,2025-02-05,PL,38738,36,0.2504,1884,29,2,54876,103,2,Nakhon Ratchasima,Y
A101151,2024-10-15,HP,133651,48,0.1866,4862,32,1,23500,81,7,Songkhla,Y
A101152,2024-12-03,PL,60494,24,0.1258,3154,29,1,15782,106,0,Chiang Mai,Y
A101153,2023-02-18,PL,54748,36,0.176,2323,50,2,,19,11,Khon Kaen,
A101154,2024-04-12,PL,168578,12,0.265,17770,40,3,28171,6,2,Samut Prakan,Y
A101155,2023-05-24,PL,27958,24,0.191,1609,41,2,44364,47,16,Udon Thani,
A101156,2022-04-22,HP,695138,48,0.092,19811,37,2,33863,134,0,Songkhla,
A101157,2024-09-17,CC,44759,0,0.0949,0,36,1,,71,23,Chiang Mai,N
A101158,2022-09-25,CC,130831,0,0.2234,0,42,1,12527,42,12,Rayong,
A101159,2025-05-24,HP,275010,72,0.1315,6833,44,1,26325,41,17,Udon Thani,N
A101160,2025-10-08,CC,45100,0,0.1519,0,36,1,16756,88,14,Nakhon Ratchasima,Y
A101161,2023-03-31,PL,133586,12,0.2289,13680,23,1,23057,64,9,Chonburi,
A101162,2025-11-24,PL,84543,24,0.242,5227,66,1,17846,111,16,Nonthaburi,N
A101163,2022-10-12,HP,146685,36,0.1902,6399,21,1,19832,71,5,Khon Kaen,
A101164,2023-06-23,CC,48718,0,0.0915,0,31,1,68293,13,8,Rayong,
A101165,2023-08-12,PL,485695,24,0.2705,31185,33,3,15408,59,18,Bangkok,
A101166,2023-04-23,PL,204208,24,0.1105,10389,27,3,24927,108,6,Rayong,
A101167,2025-03-24,HP,683100,60,0.1203,18233,20,1,38597,74,9,Songkhla,Y
A101168,2025-01-08,CC,14760,0,0.1938,0,46,1,32781,67,999,Rayong,Y
A101169,2022-06-13,HP,375219,36,0.1856,16226,34,2,,108,999,Samut Prakan,
A101170,2023-03-19,HP,186667,48,0.1752,6614,34,1,9000,65,0,Khon Kaen,
A101171,2025-07-21,HP,661991,72,0.1207,15852,37,1,16371,62,999,Samut Prakan,N
A101172,2023-03-04,HP,420160,36,0.1407,16597,60,1,76305,118,2,Rayong,
A101173,2025-10-07,HP,419240,72,0.2005,12827,20,3,22752,80,0,Chonburi,N
A101174,2024-07-28,CC,80262,0,0.1908,0,22,1,11445,1,9,Chiang Mai,Y
A101175,2022-08-10,PL,130231,24,0.201,7607,36,3,108290,31,999,Nonthaburi,
A101176,2022-04-05,PL,241695,12,0.2799,25778,47,3,28866,146,11,Ubon Ratchathani,
A101177,2024-04-23,PL,201835,12,0.1964,20122,24,2,,6,21,Songkhla,Y
A101178,2023-10-16,PL,207433,48,0.1305,6577,20,1,20920,106,7,Nonthaburi,
A101179,2022-12-05,HP,283941,36,0.2429,13634,47,1,28414,68,1,Ubon Ratchathani,
A101180,2022-11-19,HP,212239,60,0.2034,7134,28,2,43283,57,7,Udon Thani,
A101181,2022-11-07,CC,71445,0,0.0,0,40,1,24804,68,4,Khon Kaen,
A101182,2023-08-31,HP,378340,48,0.2327,15218,26,3,49458,38,13,Nonthaburi,
A101183,2024-01-05,CC,50145,0,0.2558,0,35,3,24388,156,1,Khon Kaen,
A101184,2025-01-25,HP,374725,60,0.2281,13368,57,2,,82,999,Chonburi,Y
A101185,2024-02-22,HP,668631,48,0.2723,29102,20,3,24051,169,9,Phuket,
A101186,2025-03-14,PL,132232,48,0.0911,3758,43,1,37954,117,9,Chiang Mai,Y
A101187,2025-01-23,CC,60792,0,0.2128,0,44,1,46089,83,14,Chiang Mai,N
A101188,2024-06-27,HP,470276,36,0.1752,19929,42,1,14101,48,1,Samut Prakan,Y
A101189,2022-04-20,PL,119540,48,0.2736,5215,45,2,37637,75,16,Ubon Ratchathani,
A101190,2023-05-24,PL,72313,48,0.1315,2298,59,1,24439,48,12,Nakhon Ratchasima,
A101191,2024-08-01,PL,159435,36,0.214,7272,45,1,41346,92,10,Bangkok,N
A101192,2025-10-04,CC,39528,0,0.1537,0,41,1,29131,10,12,Udon Thani,Y
A101193,2024-08-11,PL,148020,12,0.2769,15750,59,1,,114,1,Samut Prakan,N
A101194,2023-07-27,PL,190941,24,0.2351,11696,30,1,29465,38,14,Nakhon Ratchasima,
A101195,2025-07-31,CC,28567,0,0.1758,0,35,1,35030,19,2,Nakhon Ratchasima,Y
A101196,2022-10-16,PL,109600,36,0.2139,4998,32,3,43010,28,6,Chiang Mai,
A101197,2023-03-23,PL,118777,12,0.1864,11743,29,3,32913,75,0,Songkhla,
A101198,2022-12-05,PL,90003,12,0.0984,8238,43,3,43683,117,7,Chonburi,
A101199,2023-12-01,HP,206147,48,0.1311,6546,53,3,27441,21,1,Khon Kaen,
A101200,2023-09-26,HP,269621,60,0.1365,7560,45,1,17818,1,8,Bangkok,
A101201,2022-12-26,HP,194562,72,0.24,6593,56,1,29626,90,13,Udon Thani,
A101202,2022-01-27,PL,285491,12,0.0923,25986,58,3,44154,50,4,Phuket,
A101203,2024-10-01,PL,196172,36,0.2034,8774,47,1,51591,37,19,Ubon Ratchathani,Y
A101204,2025-03-19,PL,75311,48,0.2585,3191,37,1,21444,104,3,Udon Thani,Y
A101205,2024-09-25,PL,108185,24,0.2608,6858,54,1,24803,66,13,Rayong,Y
A101206,2025-01-27,HP,508418,48,0.1488,16896,52,1,33426,68,16,Rayong,Y
A101207,2024-05-08,PL,83029,24,0.1727,4654,46,1,22800,21,16,Khon Kaen,Y
A101208,2025-08-12,PL,68199,48,0.1136,2066,45,3,19768,59,3,Khon Kaen,Y
A101209,2024-05-07,PL,252089,12,0.119,23507,44,3,25532,46,13,Nakhon Ratchasima,Y
A101210,2024-05-05,PL,110183,24,0.1754,6201,30,2,37350,1,21,Khon Kaen,Y
A101211,2022-02-18,CC,81042,0,0.1493,0,20,2,,67,12,Khon Kaen,
A101212,2022-09-13,CC,39246,0,0.0,0,38,1,31108,36,4,Udon Thani,
A101213,2025-05-24,PL,148052,12,0.2561,15497,43,1,12566,27,2,Rayong,Y
A101214,2025-06-04,CC,38124,0,0.1399,0,60,1,23754,33,3,Nonthaburi,N
A101215,2023-12-08,PL,86546,12,0.2184,8787,41,1,10554,127,999,Bangkok,
A101216,2022-12-16,PL,215412,36,0.2228,9983,39,1,53084,15,6,Ubon Ratchathani,
A101217,2025-06-25,PL,246585,24,0.1772,13915,54,2,,2,4,Udon Thani,Y
A101218,2022-11-30,CC,43233,0,0.1677,0,38,1,43638,3,999,Khon Kaen,
A101219,2023-11-12,HP,538043,60,0.1996,17916,21,1,34736,38,3,Udon Thani,
A101220,2023-11-21,HP,283560,60,0.1285,7762,31,1,26004,33,20,Nakhon Ratchasima,
A101221,2024-07-29,HP,285487,60,0.2678,11129,49,1,25954,28,0,Chonburi,Y
A101222,2023-01-14,PL,58608,36,0.2068,2638,42,3,24123,40,5,Chonburi,
A101223,2022-03-22,HP,337207,72,0.2642,12107,20,3,51870,136,2,Nonthaburi,
A101224,2023-09-05,PL,85595,24,0.1017,4291,40,1,37329,75,14,Samut Prakan,
A101225,2024-09-09,HP,280632,36,0.1402,11074,38,1,30672,126,0,Chonburi,N
A101226,2025-01-24,PL,215490,24,0.224,13001,20,3,20004,55,0,Ubon Ratchathani,Y
A101227,2023-05-05,CC,27102,0,0.1324,0,36,3,45121,120,999,Phuket,
A101228,2022-06-15,PL,105845,36,0.2069,4765,65,1,103413,9,16,Samut Prakan,
A101229,2023-02-10,PL,173743,24,0.165,9628,21,1,,65,15,Nonthaburi,
A101230,2022-01-10,PL,64103,48,0.1513,2143,26,1,21333,81,3,Rayong,
A101231,2023-01-23,PL,112745,24,0.1944,6524,39,1,56593,0,25,Nonthaburi,
A101232,2025-02-08,CC,41768,0,0.2086,0,20,1,,56,11,Udon Thani,N
A101233,2023-10-27,CC,26825,0,0.1263,0,22,2,33698,44,17,Chonburi,
A101234,2022-10-04,PL,152191,48,0.2776,6691,40,1,12993,48,999,Songkhla,
A101235,2023-09-14,CC,18503,0,0.2706,0,30,1,13594,37,17,Samut Prakan,
A101236,2022-07-24,HP,215902,48,0.2043,8173,24,9,,19,13,Chiang Mai,
A101237,2025-01-28,HP,330971,36,0.0965,11855,64,1,60901,44,12,Chonburi,Y
A101238,2023-07-02,HP,769904,72,0.1023,17256,20,9,17334,125,1,Samut Prakan,
A101239,2022-12-19,PL,36411,24,0.1383,1936,32,2,,87,13,Nonthaburi,
A101240,2025-06-09,HP,430879,48,0.161,14757,53,3,28268,35,6,Nakhon Ratchasima,N
A101241,2024-10-30,CC,42647,0,0.2738,0,31,2,,150,27,Chiang Mai,Y
A101242,2022-08-13,CC,35733,0,0.132,0,23,1,,10,8,Rayong,
A101243,2024-12-12,HP,715058,48,0.1619,24544,33,3,17298,38,6,Songkhla,Y
A101244,2023-03-13,PL,82478,36,0.1436,3278,39,1,22517,89,6,Chiang Mai,
A101245,2023-04-07,CC,43576,0,0.0,0,45,2,,86,13,Chonburi,
A101246,2024-11-30,PL,165539,24,0.1554,9041,23,2,22506,57,26,Rayong,Y
A101247,2025-05-20,CC,80206,0,0.1825,0,43,1,48694,96,11,Nonthaburi,Y
A101248,2024-11-06,HP,599040,60,0.208,20367,39,1,33585,39,5,Khon Kaen,N
A101249,2025-05-11,PL,95666,48,0.0978,2772,44,2,13240,81,18,Songkhla,N
A101250,2022-05-28,HP,465635,60,0.2135,16045,44,1,37284,75,999,Khon Kaen,
A101251,2022-10-16,HP,658285,60,0.148,19090,34,1,44037,8,9,Udon Thani,
A101252,2022-08-24,HP,367355,60,0.2562,13965,51,1,24637,59,999,Udon Thani,
A101253,2022-11-26,PL,132047,12,0.1802,12986,27,2,36580,35,6,Bangkok,
A101254,2022-05-05,PL,364301,24,0.2601,23075,20,2,37315,30,10,Chiang Mai,
A101255,2024-02-10,PL,121031,12,0.1504,11602,37,2,,80,11,Songkhla,
A101256,2023-12-23,PL,164894,48,0.2501,6871,41,2,,77,18,Khon Kaen,
A101257,2022-02-04,PL,111327,48,0.1019,3264,23,1,13440,97,11,Rayong,
A101258,2023-10-22,PL,30911,12,0.1937,3074,31,9,,38,7,Phuket,
A101259,2025-02-07,HP,242382,60,0.2572,9234,25,2,,5,7,Khon Kaen,Y
A101260,2023-08-22,PL,51715,24,0.2491,3228,32,1,17972,51,999,Ubon Ratchathani,
A101261,2024-06-26,HP,155607,48,0.2747,6803,29,1,18281,115,1,Nonthaburi,Y
A101262,2022-04-21,PL,366036,12,0.2084,36859,37,1,,80,13,Phuket,
A101263,2022-12-01,PL,157910,24,0.2481,9844,47,1,27433,73,11,Chonburi,
A101264,2024-10-30,HP,113064,36,0.1324,4388,32,1,25890,19,1,Phuket,Y
A101265,2022-03-28,PL,182021,24,0.1946,10535,29,1,35442,65,11,Samut Prakan,
A101266,2023-07-07,HP,392643,72,0.2545,13780,31,1,14738,72,7,Chonburi,
A101267,2022-02-28,PL,141584,48,0.0927,4043,25,2,,9,12,Samut Prakan,
A101268,2024-03-08,CC,41139,0,0.1767,0,59,3,19887,66,12,Ubon Ratchathani,
A101269,2025-05-24,HP,106409,48,0.2362,4311,49,3,25263,37,13,Songkhla,N
A101270,2025-02-22,CC,47961,0,0.1415,0,38,2,,52,16,Chiang Mai,Y
A101271,2022-03-28,PL,166946,12,0.2554,17465,50,1,33178,18,1,Chonburi,
A101272,2022-06-02,PL,98521,48,0.1899,3611,41,2,,100,7,Chonburi,
A101273,2024-06-09,PL,264241,12,0.2523,27575,35,2,62800,66,4,Rayong,Y
A101274,2024-07-31,HP,164171,36,0.1207,6211,42,1,32502,48,11,Phuket,Y
A101275,2023-09-22,PL,180231,12,0.2405,18631,37,9,54478,56,999,Phuket,
A101276,2022-11-15,HP,369339,60,0.2658,14336,21,1,40837,75,12,Rayong,
A101277,2022-07-12,PL,58386,36,0.1807,2501,37,9,14008,51,11,Bangkok,
A101278,2023-09-18,PL,57564,36,0.1039,2097,38,1,39951,26,9,Udon Thani,
A101279,2024-07-31,HP,161587,48,0.2139,6246,38,2,,102,14,Chonburi,N
A101280,2024-05-17,HP,198734,72,0.1168,4694,32,1,21134,126,999,Bangkok,Y
A101281,2024-01-13,PL,106878,24,0.1768,6027,30,2,,80,5,Rayong,
A101282,2024-06-04,HP,688278,60,0.2156,23837,26,1,14927,5,8,Udon Thani,Y
A101283,2025-05-08,PL,88101,36,0.1171,3306,47,3,24106,5,16,Chonburi,N
A101284,2024-12-15,CC,34255,0,0.159,0,40,1,10968,84,13,Phuket,Y
A101285,2024-07-08,PL,152497,48,0.207,5807,32,1,16138,51,11,Bangkok,Y
A101286,2023-07-27,CC,52191,0,0.1605,0,28,1,35225,45,999,Udon Thani,
A101287,2025-08-18,HP,374007,60,0.1026,9431,27,9,,11,6,Songkhla,Y
A101288,2023-08-06,PL,137120,48,0.2524,5740,39,1,24269,26,9,Samut Prakan,
A101289,2025-07-31,HP,419676,36,0.1057,15354,42,1,,117,11,Nonthaburi,N
A101290,2022-01-01,PL,53277,12,0.2131,5385,41,1,28875,97,9,Chiang Mai,
A101291,2022-12-29,HP,537946,48,0.144,17662,36,2,,132,14,Rayong,
A101292,2022-07-30,HP,594547,48,0.1885,21725,25,9,18227,78,14,Rayong,
A101293,2023-06-26,HP,504722,72,0.2591,17907,41,3,17955,49,5,Rayong,
A101294,2025-05-07,CC,56578,0,0.1796,0,20,3,20073,67,10,Bangkok,N
A101295,2022-10-01,HP,650578,72,0.1424,16755,43,3,34017,64,10,Rayong,
A101296,2023-05-30,CC,60161,0,0.1067,0,44,1,,44,3,Songkhla,
A101297,2023-03-15,PL,171612,36,0.1411,6784,52,3,27540,6,17,Chonburi,
A101298,2025-03-31,PL,82544,24,0.25,5159,20,9,22413,51,9,Nakhon Ratchasima,Y
A101299,2022-11-16,HP,453085,48,0.1106,13615,46,3,21202,23,2,Nakhon Ratchasima,
A101300,2022-05-08,HP,257420,72,0.2364,8646,32,3,82874,60,2,Ubon Ratchathani,
A101301,2022-04-06,HP,413921,36,0.2205,19103,20,2,,1,9,Chiang Mai,
A101302,2022-07-19,PL,279792,12,0.1118,25922,35,2,61569,90,11,Ubon Ratchathani,
A101303,2025-11-28,CC,51957,0,0.2721,0,20,2,54688,15,12,Chonburi,Y
A101304,2025-10-07,PL,138442,36,0.1682,5786,40,3,,68,14,Chiang Mai,Y
A101305,2024-01-23,HP,240572,48,0.1329,7676,20,2,41892,35,7,Rayong,
A101306,2023-06-22,HP,273852,72,0.2625,9794,33,1,30569,0,4,Udon Thani,
A101307,2024-08-10,CC,42522,0,0.1137,0,26,2,,84,15,Udon Thani,Y
A101308,2024-11-11,HP,290700,60,0.1819,9251,44,1,36160,51,3,Udon Thani,Y
A101309,2022-11-06,CC,60083,0,0.1707,0,31,3,,1,0,Bangkok,
A101310,2025-10-16,PL,65700,36,0.1443,2615,23,2,68457,29,3,Songkhla,Y
A101311,2025-10-10,PL,54348,48,0.1647,1878,50,1,29922,2,12,Khon Kaen,N
A101312,2023-11-04,PL,65516,48,0.2292,2616,38,1,28376,53,999,Chiang Mai,
A101313,2024-01-15,PL,102249,12,0.0913,9298,34,1,21799,137,8,Ubon Ratchathani,
A101314,2022-03-31,PL,91527,24,0.109,4644,24,1,28602,140,2,Nakhon Ratchasima,
A101315,2023-08-07,PL,102294,48,0.2733,4460,25,3,33776,2,0,Ubon Ratchathani,
A101316,2022-06-27,PL,85136,12,0.1534,8182,33,1,35490,52,20,Nakhon Ratchasima,
A101317,2023-01-10,PL,154589,24,0.2541,9714,28,3,17970,36,10,Phuket,
A101318,2023-01-03,HP,269478,60,0.1445,7736,20,3,9000,65,7,Nakhon Ratchasima,
A101319,2024-11-25,HP,526482,72,0.2466,18131,31,1,18804,123,12,Ubon Ratchathani,N
A101320,2024-02-09,CC,46408,0,0.2211,0,40,1,17051,40,3,Khon Kaen,
A101321,2024-07-11,HP,316756,48,0.212,12195,20,1,27457,16,999,Chiang Mai,Y
A101322,2023-05-23,PL,123074,36,0.1795,5259,46,2,35023,90,9,Bangkok,
A101323,2023-12-02,HP,347022,48,0.1666,12047,32,3,18551,59,13,Udon Thani,
A101324,2025-09-13,CC,94525,0,0.1635,0,29,2,,100,7,Chiang Mai,Y
A101325,2023-09-17,HP,343239,72,0.1452,8920,36,3,71428,105,30,Nakhon Ratchasima,
A101326,2025-05-03,HP,314107,60,0.1026,7920,20,3,38795,72,1,Chiang Mai,N
A101327,2022-06-24,PL,106961,36,0.1801,4576,68,1,14612,98,5,Nakhon Ratchasima,
A101328,2023-07-09,PL,127525,24,0.2024,7464,49,2,,88,15,Chonburi,
A101329,2022-05-19,CC,54941,0,0.1919,0,43,1,28775,90,15,Ubon Ratchathani,
A101330,2022-06-24,CC,25379,0,0.2005,0,48,1,23768,46,11,Songkhla,
A101331,2025-03-12,PL,108403,12,0.2251,11067,53,3,34397,45,15,Chiang Mai,Y
A101332,2025-09-19,PL,81696,12,0.2702,8647,37,1,39012,99,999,Nakhon Ratchasima,Y
A101333,2023-11-05,PL,191885,36,0.1483,7701,57,9,,11,18,Nakhon Ratchasima,
A101334,2023-05-11,PL,143964,12,0.1314,13573,20,2,,43,8,Phuket,
A101335,2022-02-02,HP,407101,72,0.2545,14288,40,1,24910,111,999,Bangkok,
A101336,2025-01-18,PL,131198,24,0.1757,7387,33,2,12744,73,14,Chonburi,Y
A101337,2023-07-29,HP,510008,72,0.2584,18065,36,1,20877,40,28,Chiang Mai,
A101338,2024-06-13,HP,232283,72,0.1905,6913,39,1,50744,76,999,Nakhon Ratchasima,Y
A101339,2023-02-14,PL,206788,12,0.149,19799,51,1,20586,55,2,Samut Prakan,
A101340,2022-01-10,HP,495425,72,0.1555,13300,44,1,38254,25,7,Bangkok,
A101341,2022-03-25,CC,16768,0,0.2581,0,41,1,29292,54,4,Samut Prakan,
A101342,2025-05-27,HP,390594,60,0.2659,15164,29,1,15708,37,999,Chiang Mai,Y
A101343,2022-02-15,CC,43463,0,0.2302,0,28,1,66050,41,15,Songkhla,
A101344,2022-12-05,PL,45883,36,0.1146,1712,34,3,26660,5,19,Rayong,
A101345,2022-01-18,PL,226099,24,0.2734,14572,31,1,,118,13,Chonburi,
A101346,2025-07-20,HP,91425,48,0.2671,3939,51,1,24248,46,2,Samut Prakan,N
A101347,2025-07-23,PL,115434,24,0.2765,7469,33,1,30123,59,999,Ubon Ratchathani,Y
A101348,2024-05-26,PL,63426,24,0.253,3979,23,1,50288,63,4,Ubon Ratchathani,N
A101349,2025-11-17,HP,239817,48,0.2623,10238,46,1,28631,32,999,Samut Prakan,Y
A101350,2022-07-09,HP,306374,36,0.2709,15426,55,1,34309,33,26,Khon Kaen,
A101351,2025-04-29,CC,23703,0,0.2024,0,43,1,22228,12,999,Nakhon Ratchasima,Y
A101352,2025-05-29,HP,150168,48,0.1028,4414,32,3,28833,59,15,Udon Thani,N
A101353,2023-03-04,PL,268850,48,0.1326,8571,45,1,15501,36,3,Nakhon Ratchasima,
A101354,2024-12-30,HP,961098,60,0.2341,34767,39,1,27124,101,4,Ubon Ratchathani,Y
A101355,2022-05-05,HP,318196,36,0.125,12153,45,2,,77,2,Chiang Mai,
A101356,2023-12-19,CC,67226,0,0.0,0,44,3,27864,82,14,Nonthaburi,
A101357,2023-05-20,CC,30906,0,0.2051,0,50,1,40558,116,18,Udon Thani,
A101358,2025-04-28,HP,190423,60,0.2439,7044,28,3,51785,79,21,Bangkok,Y
A101359,2025-11-22,HP,262101,60,0.2008,8754,38,3,14523,26,7,Nakhon Ratchasima,N
A101360,2023-12-27,HP,508870,36,0.0973,18261,30,1,44066,48,7,Bangkok,
A101361,2025-10-25,PL,161406,24,0.1339,8526,54,1,30047,73,15,Chonburi,Y
A101362,2023-01-01,CC,55270,0,0.1142,0,33,1,55505,92,12,Ubon Ratchathani,
A101363,2024-10-25,PL,46644,48,0.0935,1335,29,2,20747,1,11,Chonburi,Y
A101364,2022-04-22,HP,839405,60,0.1606,25224,46,2,,133,11,Ubon Ratchathani,
A101365,2025-04-11,PL,44402,48,0.1273,1396,20,3,35636,111,17,Nakhon Ratchasima,Y
A101366,2025-05-13,PL,106926,48,0.1667,3713,39,2,28513,79,1,Songkhla,Y
A101367,2023-03-13,CC,56647,0,0.1039,0,22,2,,13,6,Chiang Mai,
A101368,2022-11-10,PL,101220,48,0.1748,3583,46,2,29286,83,0,Udon Thani,
A101369,2025-07-01,PL,119834,48,0.2381,4874,29,1,11557,5,16,Rayong,Y
A101370,2024-07-14,HP,340844,60,0.2275,12142,20,1,,10,14,Chonburi,Y
A101371,2025-04-05,CC,53001,0,0.2004,0,47,1,23008,80,14,Rayong,Y
A101372,2025-10-16,HP,436105,48,0.13,13809,52,1,9000,86,5,Rayong,Y
A101373,2022-05-17,CC,47901,0,0.1174,0,29,1,,69,10,Songkhla,
A101374,2025-11-14,PL,69842,48,0.1549,2356,25,1,27971,15,999,Rayong,Y
A101375,2024-02-24,PL,128400,24,0.2417,7936,20,3,25277,29,999,Khon Kaen,
A101376,2023-05-01,CC,16026,0,0.2518,0,30,3,21557,7,3,Rayong,
A101377,2025-12-14,HP,315264,36,0.1682,13176,23,1,32855,110,16,Nakhon Ratchasima,Y
A101378,2025-08-14,HP,221247,48,0.2707,9600,46,2,29415,86,17,Udon Thani,Y
A101379,2025-08-27,PL,163515,24,0.1424,8753,29,3,22950,42,9,Nonthaburi,N
A101380,2024-10-28,PL,148709,48,0.09,4213,33,1,25456,13,999,Rayong,N
A101381,2025-05-26,HP,252836,72,0.167,7030,58,2,,109,8,Nakhon Ratchasima,Y
A101382,2023-01-10,CC,55183,0,0.149,0,37,3,25900,48,17,Rayong,
A101383,2023-07-16,HP,231209,48,0.1762,8211,37,1,34388,23,23,Chiang Mai,
A101384,2022-07-25,CC,93840,0,0.1086,0,43,1,17405,17,0,Ubon Ratchathani,
A101385,2023-05-30,CC,87161,0,0.2767,0,55,1,35798,25,5,Khon Kaen,
A101386,2022-02-28,HP,192124,48,0.2325,7724,31,1,31458,49,8,Nonthaburi,
A101387,2024-08-23,HP,380406,72,0.2139,12064,26,1,9906,8,5,Khon Kaen,Y
A101388,2024-10-19,PL,188941,24,0.1093,9593,28,1,27542,37,7,Songkhla,Y
A101389,2023-04-21,HP,507237,36,0.2409,24272,42,2,,1,8,Chonburi,
A101390,2023-11-02,CC,29064,0,0.2661,0,53,3,43425,34,5,Chonburi,
A101391,2022-03-15,PL,130959,48,0.1031,3853,31,2,64465,146,11,Bangkok,
A101392,2023-03-17,PL,67199,36,0.1141,2505,37,1,38702,100,7,Samut Prakan,
A101393,2024-04-25,PL,554617,24,0.188,31798,33,1,33719,68,11,Nakhon Ratchasima,Y
A101394,2024-12-18,CC,25586,0,0.1126,0,34,1,22017,55,1,Chiang Mai,N
A101395,2025-07-04,CC,37279,0,0.1453,0,33,1,58880,58,27,Ubon Ratchathani,N
A101396,2022-06-22,HP,385922,72,0.2668,13940,24,3,31044,87,9,Chonburi,
A101397,2022-11-07,PL,124459,24,0.2268,7538,48,2,33827,4,13,Chonburi,
A101398,2025-12-08,CC,21557,0,0.2208,0,39,2,,20,999,Songkhla,Y
A101399,2025-09-12,HP,443836,72,0.208,13857,38,1,44800,85,9,Ubon Ratchathani,Y
A101400,2025-07-21,HP,346641,72,0.1041,7821,52,1,35413,5,14,Ubon Ratchathani,Y
A101401,2023-03-24,PL,210219,36,0.1369,8237,33,1,40523,88,3,Phuket,
A101402,2024-11-27,HP,238479,48,0.2757,10447,36,1,40730,42,9,Nakhon Ratchasima,Y
A101403,2022-08-08,CC,24965,0,0.1777,0,37,1,49511,64,16,Nakhon Ratchasima,
A101404,2025-10-31,HP,171633,48,0.1399,5576,43,1,42908,121,9,Nakhon Ratchasima,Y
A101405,2025-03-14,PL,170252,24,0.1823,9680,46,1,23985,26,5,Songkhla,Y
A101406,2023-01-08,PL,365983,24,0.2156,21824,20,1,27085,13,0,Chiang Mai,
A101407,2024-04-16,HP,369761,60,0.2332,13348,31,1,34440,2,9,Bangkok,N
A101408,2023-02-26,HP,252409,48,0.1774,8989,38,2,39128,71,20,Ubon Ratchathani,
A101409,2023-06-11,PL,59326,12,0.2115,5989,32,1,,14,999,Nonthaburi,
A101410,2024-05-22,CC,64704,0,0.2751,0,45,1,24760,107,7,Ubon Ratchathani,Y
A101411,2025-12-13,PL,132699,12,0.2141,13425,37,3,25252,58,18,Ubon Ratchathani,Y
A101412,2023-12-24,PL,56037,12,0.1806,5513,23,2,54691,70,19,Chiang Mai,
A101413,2023-06-15,HP,225419,48,0.1371,7271,52,1,12158,18,4,Nonthaburi,
A101414,2025-01-09,PL,78538,36,0.1713,3302,27,2,16184,52,11,Samut Prakan,Y
A101415,2023-01-14,HP,323127,72,0.1884,9560,31,2,,24,3,Samut Prakan,
A101416,2025-01-18,CC,50697,0,0.0,0,60,2,39430,32,1,Udon Thani,Y
A101417,2023-08-25,HP,486567,72,0.1531,12965,20,1,28687,33,22,Nakhon Ratchasima,
A101418,2025-05-26,PL,33038,36,0.236,1567,23,1,72698,41,17,Chiang Mai,Y
A101419,2025-05-03,HP,376302,36,0.1057,13767,33,3,49440,64,8,Udon Thani,Y
A101420,2024-09-15,HP,402416,60,0.1814,12790,55,1,43033,147,999,Songkhla,Y
A101421,2024-05-08,HP,326889,60,0.1451,9400,44,1,17152,87,11,Nakhon Ratchasima,Y
A101422,2025-11-18,HP,413301,60,0.2484,15443,43,2,,144,5,Nonthaburi,Y
A101423,2024-01-02,PL,93760,48,0.1118,2826,49,1,24554,21,7,Nakhon Ratchasima,
A101424,2024-05-04,CC,43824,0,0.1435,0,47,3,36203,40,2,Chiang Mai,Y
A101425,2024-07-04,HP,580387,36,0.2125,26399,20,2,,6,11,Khon Kaen,Y
A101426,2023-08-07,PL,93364,12,0.2537,9754,37,2,21962,10,5,Ubon Ratchathani,
A101427,2023-11-03,HP,237640,60,0.2643,9194,32,1,15682,47,14,Songkhla,
A101428,2024-11-23,HP,463476,36,0.1083,17057,35,1,23752,124,22,Nonthaburi,N
A101429,2022-12-02,CC,40416,0,0.1667,0,20,2,,42,12,Phuket,
A101430,2024-12-15,PL,169714,12,0.2069,17068,59,1,55021,21,999,Phuket,Y
A101431,2022-02-10,HP,272536,60,0.2217,9577,27,2,,70,999,Songkhla,
A101432,2024-08-10,PL,630065,24,0.1244,32784,31,1,26717,95,17,Khon Kaen,Y
A101433,2022-12-04,HP,515576,48,0.1643,17800,37,1,,104,999,Ubon Ratchathani,
A101434,2023-06-27,PL,151515,12,0.0916,13782,40,1,21233,74,2,Bangkok,
A101435,2024-10-05,HP,392902,60,0.2327,14167,40,2,,71,999,Chiang Mai,N
A101436,2023-01-02,HP,168787,36,0.1164,6325,29,2,,63,10,Samut Prakan,
A101437,2025-11-01,HP,249635,72,0.1504,6595,32,3,23340,11,9,Rayong,Y
A101438,2022-01-26,PL,182460,36,0.1589,7484,48,3,24509,52,15,Chiang Mai,
A101439,2025-07-24,HP,372645,72,0.0984,8231,20,1,33996,44,1,Chonburi,N
A101440,2024-12-23,PL,101369,36,0.1476,4062,59,1,9000,20,15,Udon Thani,Y
A101441,2024-08-23,CC,105286,0,0.1943,0,37,2,,80,20,Khon Kaen,Y
A101442,2022-01-11,CC,23320,0,0.1128,0,27,1,24888,68,7,Rayong,
A101443,2025-12-12,HP,940102,60,0.1003,23526,44,1,24750,75,7,Nakhon Ratchasima,Y
A101444,2022-11-08,PL,152216,48,0.1871,5544,44,1,17060,41,4,Songkhla,
A101445,2025-12-15,HP,187598,48,0.1466,6200,43,9,,105,10,Chiang Mai,Y
A101446,2022-01-11,HP,137649,60,0.1831,4394,53,1,,11,24,Nonthaburi,
A101447,2024-08-15,HP,370984,48,0.2343,14972,35,3,20066,77,999,Udon Thani,Y
A101448,2023-03-01,PL,121716,12,0.1467,11630,33,1,43597,52,9,Samut Prakan,
A101449,2024-05-17,HP,962218,48,0.1645,33236,23,1,35428,62,14,Udon Thani,N
A101450,2022-12-13,PL,150017,36,0.1969,6628,35,3,53613,89,7,Songkhla,
A101451,2025-04-29,HP,931556,36,0.2408,44569,44,1,23055,1,0,Khon Kaen,Y
A101452,2022-11-16,PL,67445,36,0.0976,2422,42,1,28288,38,1,Phuket,
A101453,2022-05-22,HP,394549,72,0.2759,14551,30,3,21696,90,9,Nonthaburi,
A101454,2024-01-04,CC,102437,0,0.1725,0,42,1,66377,21,1,Phuket,
A101455,2024-10-08,HP,130069,72,0.1649,3593,28,3,22945,26,3,Nonthaburi,Y
A101456,2022-10-06,PL,65338,36,0.2399,3121,22,1,27579,34,15,Nakhon Ratchasima,
A101457,2023-09-25,HP,303657,60,0.2006,10137,37,3,28607,40,11,Songkhla,
A101458,2024-04-16,PL,151931,36,0.1511,6133,43,3,36271,46,25,Phuket,Y
A101459,2024-03-22,PL,152503,12,0.1802,14998,20,2,,163,1,Chonburi,
A101460,2025-09-17,PL,111873,24,0.2579,7065,32,2,46604,65,4,Ubon Ratchathani,Y
A101461,2022-09-30,PL,85213,12,0.2399,8804,39,3,,64,5,Samut Prakan,
A101462,2022-05-07,HP,198462,48,0.1779,7076,49,2,,32,10,Samut Prakan,
A101463,2025-01-12,PL,242963,12,0.161,23506,39,2,,17,0,Chiang Mai,Y
A101464,2023-08-07,PL,118166,48,0.1594,4031,45,1,,45,8,Ubon Ratchathani,
A101465,2023-02-25,PL,53330,12,0.2646,5620,51,1,32119,8,999,Songkhla,
A101466,2022-10-19,PL,117289,36,0.137,4597,24,1,,92,1,Khon Kaen,
A101467,2022-09-13,PL,188300,36,0.2049,8445,51,1,41511,78,999,Nakhon Ratchasima,
A101468,2022-02-25,HP,199715,72,0.2648,7180,32,1,,37,18,Ubon Ratchathani,
A101469,2023-04-07,PL,243920,12,0.1619,23617,43,2,,15,20,Nonthaburi,
A101470,2025-08-30,HP,504296,48,0.2325,20276,23,1,41888,2,11,Songkhla,Y
A101471,2023-01-08,HP,617513,36,0.1464,24686,40,3,43466,25,1,Ubon Ratchathani,
A101472,2024-04-11,HP,544534,72,0.1316,13534,34,2,,16,10,Rayong,N
A101473,2024-05-19,PL,29810,24,0.2489,1860,39,9,,48,17,Khon Kaen,Y
A101474,2022-04-10,HP,162191,72,0.2427,5532,21,2,,17,3,Phuket,
A101475,2025-08-18,PL,90846,24,0.2322,5543,38,1,21865,44,999,Nakhon Ratchasima,Y
A101476,2022-07-10,PL,170581,24,0.138,9069,44,3,16434,31,9,Rayong,
A101477,2025-05-21,CC,73323,0,0.175,0,20,1,19989,74,2,Songkhla,Y
A101478,2023-01-13,PL,82916,36,0.272,4182,20,1,35657,20,2,Songkhla,
A101479,2025-05-30,PL,170385,24,0.1589,9355,32,2,,68,16,Khon Kaen,Y
A101480,2022-02-15,HP,381059,48,0.2734,16620,51,1,24950,21,19,Chonburi,
A101481,2024-10-19,PL,97153,24,0.16,5343,46,1,30284,85,999,Songkhla,Y
A101482,2023-10-02,CC,19590,0,0.1252,0,33,1,26419,80,28,Nonthaburi,
A101483,2024-07-09,PL,175274,48,0.2586,7428,34,1,,6,7,Nonthaburi,Y
A101484,2023-02-02,HP,275371,60,0.1766,8642,52,1,34440,40,0,Songkhla,
A101485,2025-11-06,HP,348716,36,0.1346,13597,41,1,43215,89,999,Khon Kaen,N
A101486,2022-03-21,PL,122572,36,0.1028,4454,31,1,37456,44,20,Chonburi,
A101487,2022-01-25,PL,115581,12,0.2091,11645,66,1,87306,43,14,Ubon Ratchathani,
A101488,2023-11-21,PL,44333,36,0.0911,1568,61,3,55985,9,0,Samut Prakan,
A101489,2023-03-10,PL,145450,48,0.1413,4742,26,3,60271,40,19,Songkhla,
A101490,2025-01-05,PL,81769,12,0.1725,7989,38,1,32022,133,1,Chonburi,Y
A101491,2025-04-16,PL,117342,24,0.1369,6227,44,1,22800,86,999,Rayong,N
A101492,2024-08-12,HP,565934,72,0.0991,12533,55,3,,17,9,Udon Thani,N
A101493,2024-11-02,CC,12872,0,0.1938,0,42,3,31618,67,7,Nonthaburi,Y
A101494,2022-01-05,HP,225256,72,0.2092,7055,48,1,20955,34,10,Bangkok,
A101495,2022-03-20,HP,142323,72,0.1397,3633,24,1,20800,83,6,Rayong,
A101496,2023-02-22,PL,178553,24,0.1337,9429,33,2,,150,2,Rayong,
A101497,2022-05-06,PL,184955,12,0.1256,17348,36,1,22477,74,4,Nakhon Ratchasima,
A101498,2022-06-11,HP,284929,36,0.151,11500,20,3,24535,7,8,Chiang Mai,
A101499,2023-06-13,CC,31967,0,0.2147,0,54,3,30997,52,24,Samut Prakan,
A101500,2023-02-27,PL,202329,48,0.2717,8796,31,2,16700,59,8,Khon Kaen,
A101501,2022-05-14,CC,40081,0,0.229,0,34,1,32706,140,4,Nakhon Ratchasima,
A101502,2022-02-09,HP,375540,60,0.2695,14693,35,1,39676,130,15,Bangkok,
A101503,2022-06-13,PL,137223,36,0.1903,5987,32,1,36893,1,0,Khon Kaen,
A101504,2023-03-31,HP,666384,36,0.2782,33959,27,1,9000,68,7,Ubon Ratchathani,
A101505,2025-04-01,HP,397560,60,0.2084,13530,35,3,66916,25,9,Chiang Mai,Y
A101506,2022-10-11,CC,50169,0,0.2482,0,52,3,35140,25,9,Bangkok,
A101507,2023-09-08,HP,544785,36,0.1543,22137,23,1,15709,102,3,Udon Thani,
A101508,2024-03-24,HP,688410,48,0.1946,25505,44,2,,88,14,Nakhon Ratchasima,
A101509,2023-09-13,HP,182871,72,0.1686,5109,37,1,75539,59,16,Phuket,
A101510,2025-07-06,PL,149131,24,0.1103,7584,36,2,,121,10,Songkhla,N
A101511,2024-06-19,HP,257404,72,0.245,8830,20,2,,62,9,Ubon Ratchathani,Y
A101512,2022-05-18,PL,114156,36,0.2503,5552,61,3,10663,44,8,Udon Thani,
A101513,2022-08-29,HP,230035,60,0.2326,8292,38,1,30180,24,9,Nakhon Ratchasima,
A101514,2022-02-10,PL,79110,24,0.2757,5113,25,2,39236,78,13,Nakhon Ratchasima,
A101515,2023-03-02,HP,367405,60,0.2321,13229,37,1,25790,35,7,Nakhon Ratchasima,
A101516,2024-03-27,PL,294733,12,0.0923,26828,21,1,55758,125,9,Songkhla,
A101517,2024-12-29,PL,143971,12,0.1788,14142,47,1,20831,1,8,Songkhla,N
A101518,2024-07-15,HP,124722,36,0.2339,5895,33,2,47335,19,13,Udon Thani,Y
A101519,2022-08-08,HP,288050,36,0.2699,14480,29,2,,37,999,Bangkok,
A101520,2023-06-08,HP,260081,72,0.1705,7307,35,3,37521,22,2,Nonthaburi,
A101521,2023-08-31,CC,63526,0,0.1915,0,28,1,67953,69,2,Chiang Mai,
A101522,2025-09-03,PL,277589,48,0.2387,11304,42,2,,13,3,Chonburi,Y
A101523,2024-09-07,HP,674850,48,0.2454,27860,32,1,24298,73,999,Rayong,N
A101524,2022-08-10,PL,64945,36,0.2268,3031,31,1,16194,91,17,Rayong,
A101525,2022-10-25,HP,283443,36,0.2103,12840,51,3,25688,55,14,Chiang Mai,
A101526,2025-11-21,PL,172417,24,0.1615,9504,27,1,12725,31,14,Bangkok,Y
A101527,2024-10-07,CC,85674,0,0.1536,0,25,2,41591,73,3,Songkhla,Y
A101528,2024-10-14,PL,81520,48,0.2781,3587,20,1,,51,13,Khon Kaen,Y
A101529,2024-08-27,CC,112406,0,0.1658,0,46,2,14261,99,13,Khon Kaen,N
A101530,2023-12-24,PL,96691,36,0.2692,4854,36,2,,88,16,Udon Thani,
A101531,2023-04-26,PL,137418,48,0.1785,4906,20,1,22779,87,5,Rayong,
A101532,2024-10-07,PL,207886,12,0.1664,20206,53,1,16386,74,13,Chonburi,Y
A101533,2023-09-19,HP,464507,72,0.1016,10384,57,2,53698,15,5,Udon Thani,
A101534,2022-03-28,CC,40708,0,0.1883,0,38,1,13850,66,999,Chiang Mai,
A101535,2024-04-14,CC,33412,0,0.1207,0,48,2,,78,4,Rayong,Y
A101536,2022-05-21,PL,164411,36,0.2338,7770,46,1,39770,1,0,Khon Kaen,
A101537,2024-01-11,PL,124173,48,0.1032,3654,39,1,,33,12,Rayong,
A101538,2024-10-24,PL,39386,36,0.2387,1877,22,1,21689,121,3,Khon Kaen,N
A101539,2024-01-24,HP,435049,60,0.1306,11985,40,1,21068,160,2,Ubon Ratchathani,
A101540,2025-12-23,HP,283419,72,0.1014,6331,61,1,43456,95,2,Phuket,N
A101541,2023-09-25,HP,344281,72,0.2102,10812,51,1,35663,47,999,Songkhla,
A101542,2022-01-27,PL,40442,24,0.2094,2390,33,1,28138,18,20,Samut Prakan,
A101543,2022-05-12,PL,84161,48,0.1454,2773,35,2,,95,14,Chonburi,
A101544,2025-04-14,CC,98435,0,0.2145,0,20,2,34385,121,21,Samut Prakan,Y
A101545,2023-11-21,CC,44316,0,0.1472,0,31,1,23084,87,999,Chiang Mai,
A101546,2025-04-30,CC,39994,0,0.1776,0,34,2,91330,95,24,Songkhla,N
A101547,2024-06-06,HP,175042,36,0.2455,8443,36,3,25557,28,8,Nonthaburi,N
A101548,2023-12-14,PL,94653,12,0.1327,8934,24,1,32028,17,17,Bangkok,
A101549,2025-08-02,PL,201704,48,0.1883,7367,21,1,15566,77,1,Nakhon Ratchasima,Y
A101550,2024-10-01,PL,156800,24,0.0954,7779,33,2,32242,61,6,Chiang Mai,N
A101551,2023-12-08,PL,119034,24,0.2219,7160,41,3,30818,50,5,Nakhon Ratchasima,
A101552,2025-01-08,PL,199756,12,0.2399,20639,42,1,,6,13,Ubon Ratchathani,N
A101553,2024-06-18,HP,219490,60,0.2363,7980,47,3,11970,74,12,Bangkok,Y
A101554,2025-10-01,HP,348918,36,0.2776,17763,34,1,,33,4,Chonburi,N
A101555,2024-10-15,HP,260146,72,0.1101,5999,39,1,41787,97,6,Phuket,Y
A101556,2025-08-07,PL,218152,36,0.1137,8126,24,2,44512,23,2,Rayong,N
A101557,2023-07-18,CC,63391,0,0.1482,0,46,1,16592,23,4,Songkhla,
A101558,2022-01-29,HP,155498,72,0.105,3520,38,2,,50,9,Nonthaburi,
A101559,2023-01-05,HP,399333,36,0.1909,17445,22,1,,33,11,Phuket,
A101560,2022-08-10,HP,172023,36,0.1756,7295,45,1,19858,9,4,Phuket,
A101561,2025-10-26,HP,496436,36,0.2724,25058,36,1,32476,27,16,Ubon Ratchathani,Y
A101562,2022-07-06,PL,223304,48,0.2247,8833,48,2,,111,14,Chiang Mai,
A101563,2024-02-10,CC,55508,0,0.2148,0,25,3,13154,26,14,Songkhla,
A101564,2023-02-22,PL,113430,48,0.1284,3576,52,2,58519,37,2,Ubon Ratchathani,
A101565,2025-01-04,PL,147069,36,0.1021,5336,29,1,36358,11,999,Songkhla,Y
A101566,2025-10-10,PL,129844,36,0.1232,4939,38,1,63387,69,8,Phuket,N
A101567,2022-05-22,PL,151840,48,0.2096,5815,43,1,32235,43,14,Phuket,
A101568,2024-12-07,CC,39064,0,0.1789,0,25,1,28661,52,999,Khon Kaen,Y
A101569,2025-04-12,PL,235012,36,0.1725,9906,35,1,34046,109,17,Khon Kaen,Y
A101570,2025-05-22,HP,228959,72,0.1926,6854,34,1,22003,3,8,Chiang Mai,Y
A101571,2022-04-28,PL,127505,48,0.1617,4374,43,1,24222,5,999,Chiang Mai,
A101572,2024-10-05,PL,60397,36,0.2587,2979,39,2,23622,10,0,Bangkok,Y
A101573,2025-01-08,PL,121692,12,0.1829,11995,39,3,25765,32,6,Chonburi,Y
A101574,2022-03-04,PL,192094,48,0.241,7859,57,3,26669,130,10,Phuket,
A101575,2022-04-23,PL,120999,12,0.2284,12386,35,9,26822,11,0,Nonthaburi,
A101576,2022-09-15,PL,54255,12,0.2703,5743,20,1,68654,16,12,Nakhon Ratchasima,
A101577,2024-08-12,CC,35059,0,0.2198,0,21,3,27634,41,12,Songkhla,Y
A101578,2024-01-12,HP,147002,60,0.2286,5250,21,3,,91,7,Songkhla,
A101579,2025-02-16,CC,31808,0,0.1717,0,37,1,14547,132,26,Songkhla,N
A101580,2025-01-25,HP,165408,60,0.1178,4380,21,3,16146,13,11,Songkhla,N
A101581,2022-09-30,PL,167856,24,0.2291,10198,27,1,39441,53,20,Nonthaburi,
A101582,2025-05-14,PL,75531,48,0.2282,3009,38,1,37465,60,20,Bangkok,Y
A101583,2024-08-28,HP,637751,36,0.1132,23731,46,3,43709,75,999,Chiang Mai,N
A101584,2024-02-26,PL,190729,24,0.1874,10925,23,1,18342,5,2,Songkhla,
A101585,2024-02-28,HP,274416,48,0.1052,8122,32,1,59467,53,4,Samut Prakan,
A101586,2024-10-06,PL,75865,48,0.1983,2834,20,1,16421,95,5,Samut Prakan,Y
A101587,2025-08-02,HP,344392,48,0.2476,14280,61,1,18342,14,1,Khon Kaen,Y
A101588,2025-11-09,CC,48698,0,0.114,0,34,2,,75,999,Udon Thani,Y
A101589,2022-09-24,PL,85783,48,0.2544,3605,33,1,26062,10,24,Ubon Ratchathani,
A101590,2025-09-09,PL,59626,48,0.1988,2230,38,2,28023,11,3,Udon Thani,N
A101591,2022-04-25,CC,19817,0,0.2282,0,50,1,25665,91,11,Samut Prakan,
A101592,2022-06-01,HP,496216,72,0.2028,15277,34,3,17984,1,5,Nakhon Ratchasima,
A101593,2022-03-26,PL,204805,36,0.2026,9146,44,2,17403,98,16,Phuket,
A101594,2025-02-08,PL,96706,48,0.1047,2858,37,1,13112,54,1,Rayong,N
A101595,2024-07-23,HP,478900,36,0.1947,21072,44,2,,44,10,Phuket,N
A101596,2023-08-25,HP,226492,72,0.1682,6320,39,3,51104,58,999,Chonburi,
A101597,2024-08-20,HP,230637,72,0.1709,6487,47,1,49809,9,1,Songkhla,Y
A101598,2025-11-29,PL,132373,48,0.1231,4115,28,1,32081,50,22,Rayong,Y
A101599,2022-01-11,PL,262619,12,0.1229,24574,46,2,13339,30,24,Bangkok,
A101600,2024-09-30,HP,308881,72,0.1434,7981,23,9,,7,0,Samut Prakan,N
A101601,2022-10-04,HP,155685,36,0.1055,5693,42,1,19768,118,25,Samut Prakan,
A101602,2022-05-17,PL,121036,12,0.1665,11765,32,1,59037,31,12,Udon Thani,
A101603,2023-08-30,PL,204964,36,0.2602,10137,50,2,,11,3,Samut Prakan,
A101604,2025-11-29,CC,52900,0,0.1787,0,39,2,18879,46,9,Bangkok,N
A101605,2024-09-20,PL,70848,48,0.1877,2584,31,2,34071,107,12,Chonburi,Y
A101606,2024-12-14,CC,50542,0,0.2297,0,35,1,45442,12,11,Udon Thani,Y
A101607,2023-08-30,CC,39750,0,0.0,0,60,1,40309,121,15,Nonthaburi,
A101608,2022-05-21,PL,109279,48,0.092,3114,43,9,,21,1,Khon Kaen,
A101609,2023-11-22,PL,490532,36,0.2497,23833,31,1,18804,2,999,Udon Thani,
A101610,2025-09-04,HP,223808,72,0.2228,7263,20,1,32039,27,0,Rayong,Y
A101611,2023-05-25,PL,274791,36,0.1367,10763,43,2,,4,5,Nonthaburi,
A101612,2023-05-05,CC,35564,0,0.1343,0,55,1,43329,48,4,Udon Thani,
A101613,2022-07-31,PL,228262,12,0.2214,23233,37,1,33798,80,6,Udon Thani,
A101614,2023-06-25,PL,192355,48,0.1494,6402,28,1,24530,15,999,Phuket,
A101615,2025-04-17,PL,40131,24,0.2176,2399,38,1,32103,122,1,Ubon Ratchathani,Y
A101616,2023-07-21,PL,207330,36,0.2678,10386,41,2,,83,2,Samut Prakan,
A101617,2024-08-26,PL,137975,48,0.15,4599,24,1,16828,2,6,Chiang Mai,Y
A101618,2023-10-11,HP,423458,48,0.2519,17711,52,9,,110,0,Bangkok,
A101619,2024-06-12,CC,162702,0,0.2125,0,39,3,13231,97,16,Chiang Mai,N
A101620,2025-11-27,HP,184266,60,0.0939,4512,43,1,55584,11,13,Songkhla,N
A101621,2024-05-09,HP,694466,36,0.2522,33886,24,1,21660,30,999,Bangkok,Y
A101622,2024-08-19,HP,160310,48,0.1439,5262,57,3,36988,8,14,Bangkok,N
A101623,2025-06-24,PL,93698,36,0.1983,4151,37,3,28695,124,8,Bangkok,N
A101624,2024-11-05,HP,191465,60,0.2642,7406,43,2,22505,48,8,Chiang Mai,Y
A101625,2023-05-13,HP,401398,72,0.2509,13967,48,2,23933,44,6,Nakhon Ratchasima,
A101626,2025-05-30,CC,20915,0,0.263,0,72,3,28058,81,11,Nonthaburi,Y
A101627,2022-02-05,HP,176084,72,0.1697,4935,46,1,27297,43,12,Nakhon Ratchasima,
A101628,2025-11-26,CC,42842,0,0.2028,0,37,1,19452,42,17,Rayong,Y
A101629,2023-12-09,PL,116504,36,0.2145,5318,32,1,41635,123,3,Chonburi,
A101630,2023-05-05,PL,103486,36,0.1383,4067,45,1,67462,69,7,Nakhon Ratchasima,
A101631,2025-09-18,PL,322185,24,0.1097,16369,33,1,20527,6,5,Rayong,Y
A101632,2022-06-26,PL,237620,12,0.2783,25312,40,2,,6,5,Chonburi,
A101633,2023-12-29,PL,176762,12,0.1224,16533,38,1,29941,13,14,Udon Thani,
A101634,2025-03-23,CC,47752,0,0.1602,0,44,1,18101,41,1,Khon Kaen,Y
A101635,2025-08-10,PL,147167,12,0.2648,15511,46,1,52079,108,10,Nakhon Ratchasima,Y
A101636,2024-09-09,HP,356800,48,0.2128,13760,33,1,22443,48,4,Nakhon Ratchasima,Y
A101637,2022-06-30,HP,430199,48,0.173,15164,34,3,34040,61,6,Nakhon Ratchasima,
A101638,2024-09-23,CC,66495,0,0.0929,0,29,3,26754,41,6,Udon Thani,Y
A101639,2022-03-15,PL,72226,48,0.1428,2364,21,1,,128,12,Phuket,
A101640,2023-07-02,PL,98055,48,0.2725,4269,32,3,36093,64,999,Bangkok,
A101641,2023-04-19,PL,132827,12,0.1752,13008,47,1,19675,44,4,Nonthaburi,
A101642,2023-10-05,HP,1032794,60,0.2512,38833,32,1,,90,7,Nonthaburi,
A101643,2022-01-22,CC,32324,0,0.1947,0,30,1,9000,58,13,Songkhla,
A101644,2025-02-24,HP,176590,60,0.1834,5642,34,2,,26,12,Udon Thani,Y
A101645,2024-03-19,PL,206237,48,0.2351,8337,26,1,28628,98,5,Udon Thani,
A101646,2024-10-06,PL,102958,36,0.265,5133,23,3,,29,999,Udon Thani,Y
A101647,2023-03-25,PL,213091,36,0.0975,7650,41,1,,79,16,Nonthaburi,
A101648,2023-06-01,CC,55764,0,0.2715,0,39,3,22040,71,10,Songkhla,
A101649,2022-04-07,CC,28692,0,0.1312,0,33,1,24558,33,12,Phuket,
A101650,2025-08-23,PL,55541,12,0.1361,5258,45,2,,54,11,Chiang Mai,Y
A101651,2022-07-13,CC,82939,0,0.2229,0,31,1,56879,87,11,Chonburi,
A101652,2023-04-03,HP,208557,48,0.1948,7730,35,1,27267,105,3,Rayong,
A101653,2023-12-30,CC,65465,0,0.1775,0,20,3,36231,51,6,Phuket,
A101654,2025-04-06,HP,235697,72,0.1154,5540,42,1,,71,16,Ubon Ratchathani,N
A101655,2024-01-18,HP,551388,72,0.0926,11913,32,2,45009,54,33,Chiang Mai,
A101656,2025-03-30,PL,61415,36,0.2561,3016,45,2,24813,83,4,Udon Thani,N
A101657,2024-08-03,PL,252784,12,0.1775,24804,38,2,,14,8,Songkhla,Y
A101658,2025-03-06,PL,106433,24,0.099,5312,43,1,27934,50,2,Rayong,Y
A101659,2023-11-30,PL,184340,24,0.2515,11544,25,2,,30,16,Khon Kaen,
A101660,2023-03-08,PL,80646,12,0.1196,7524,46,1,32092,65,999,Nonthaburi,
A101661,2023-10-30,HP,342482,48,0.1797,12263,39,1,31759,29,14,Bangkok,
A101662,2022-03-02,CC,27766,0,0.2077,0,33,1,25069,8,4,Bangkok,
A101663,2022-06-24,HP,151075,72,0.201,4628,20,1,28901,56,1,Bangkok,
A101664,2023-01-20,HP,186041,72,0.1948,5603,21,1,28078,115,11,Bangkok,
A101665,2024-01-03,CC,38609,0,0.1294,0,47,2,,12,16,Samut Prakan,
A101666,2023-12-16,CC,38536,0,0.1314,0,34,1,16665,66,16,Khon Kaen,
A101667,2024-05-26,HP,346104,36,0.1508,13963,46,2,145610,41,3,Chonburi,N
A101668,2023-06-30,CC,82241,0,0.2165,0,42,1,,25,14,Khon Kaen,
A101669,2024-10-04,HP,450761,48,0.1093,13496,64,3,33317,85,17,Samut Prakan,N
A101670,2023-04-29,PL,125192,24,0.2528,7853,30,2,83763,61,999,Rayong,
A101671,2024-09-15,PL,190138,24,0.245,11804,38,3,15932,37,999,Phuket,Y
A101672,2022-05-11,HP,226573,60,0.1526,6657,30,1,63256,23,15,Khon Kaen,
A101673,2024-01-06,CC,59489,0,0.22,0,36,2,,49,11,Khon Kaen,
A101674,2023-08-25,PL,45268,48,0.2235,1786,44,1,,18,8,Rayong,
A101675,2024-12-06,PL,81379,24,0.1644,4505,20,1,44338,13,9,Udon Thani,Y
A101676,2022-03-31,CC,52719,0,0.2727,0,31,3,55492,49,18,Nonthaburi,
A101677,2024-01-22,HP,442918,72,0.2041,13684,27,2,,0,999,Rayong,
A101678,2022-01-24,PL,168464,48,0.2099,6456,37,2,9641,60,17,Chiang Mai,
A101679,2023-12-07,HP,415621,60,0.2394,15218,35,3,49041,0,10,Ubon Ratchathani,
A101680,2025-09-13,CC,62380,0,0.2598,0,42,3,25199,51,7,Khon Kaen,Y
A101681,2025-02-10,PL,49898,24,0.1696,2784,24,2,19046,24,21,Chiang Mai,Y
A101682,2024-12-31,PL,181252,24,0.2488,11310,39,1,34949,103,1,Khon Kaen,N
A101683,2022-10-24,HP,142962,72,0.2763,5277,43,3,20355,127,999,Chonburi,
A101684,2025-07-22,HP,860521,36,0.0957,30766,20,2,,53,1,Samut Prakan,Y
A101685,2022-02-03,PL,124945,36,0.2379,5947,39,3,16217,10,5,Bangkok,
A101686,2023-02-23,PL,100003,48,0.2787,4405,27,2,,53,1,Nonthaburi,
A101687,2022-04-12,HP,781524,60,0.2244,27639,21,9,,4,999,Samut Prakan,
A101688,2023-06-21,PL,77529,12,0.1017,7117,45,1,22421,50,4,Ubon Ratchathani,
A101689,2022-02-09,HP,343542,72,0.2571,12131,35,1,27684,59,11,Samut Prakan,
A101690,2025-04-16,PL,164761,36,0.1574,6737,21,2,,52,0,Samut Prakan,Y
A101691,2022-06-21,PL,124106,36,0.1475,4972,50,1,49801,47,3,Ubon Ratchathani,
A101692,2022-10-31,HP,193551,60,0.1881,6259,47,2,42897,33,20,Songkhla,
A101693,2023-01-26,CC,22496,0,0.1543,0,22,1,20564,9,999,Phuket,
A101694,2023-08-13,HP,693011,36,0.2419,33220,46,1,23053,49,6,Songkhla,
A101695,2024-11-18,PL,91656,36,0.2148,4186,52,2,43172,55,19,Nakhon Ratchasima,N
A101696,2025-06-16,PL,54031,12,0.1948,5379,20,1,,37,4,Samut Prakan,N
A101697,2025-09-15,PL,92734,48,0.2267,3683,47,1,30200,69,8,Phuket,Y
A101698,2024-10-25,PL,164436,36,0.1425,6520,46,1,33609,12,7,Songkhla,N
A101699,2025-08-05,CC,55106,0,0.1331,0,32,3,35342,68,7,Bangkok,Y
A101700,2023-05-04,HP,225392,36,0.2499,10954,20,1,26707,25,999,Rayong,
A101701,2024-02-24,HP,203372,72,0.1075,4646,28,1,37894,37,0,Bangkok,
A101702,2024-09-02,PL,184372,36,0.2369,8761,47,2,,49,10,Chonburi,Y
A101703,2024-05-13,CC,55021,0,0.0,0,38,3,21024,52,4,Udon Thani,Y
A101704,2022-12-28,PL,46306,36,0.2697,2327,30,1,31017,23,6,Nakhon Ratchasima,
A101705,2023-01-08,PL,169927,36,0.1224,6453,37,1,51494,65,1,Samut Prakan,
A101706,2022-03-16,CC,63537,0,0.1511,0,20,2,,9,11,Phuket,
A101707,2025-10-09,HP,238835,72,0.1146,5598,38,1,24091,1,12,Chonburi,Y
A101708,2023-12-30,PL,125914,24,0.2196,7550,47,1,27105,53,999,Nonthaburi,
A101709,2024-09-24,HP,125530,48,0.1056,3719,31,2,,0,9,Nakhon Ratchasima,N
A101710,2024-01-02,CC,99991,0,0.2663,0,44,1,39868,27,1,Nakhon Ratchasima,
A101711,2024-03-09,CC,48864,0,0.2352,0,31,1,39877,36,1,Khon Kaen,
A101712,2025-07-04,CC,37657,0,0.1942,0,58,2,40352,45,7,Udon Thani,Y
A101713,2023-03-11,CC,31281,0,0.1194,0,36,1,20003,78,6,Bangkok,
A101714,2024-09-18,HP,250601,36,0.2074,11292,26,2,33784,61,8,Phuket,Y
A101715,2024-06-21,HP,471550,36,0.1616,19448,21,2,33501,76,999,Phuket,Y
A101716,2024-09-14,HP,473920,36,0.175,20075,21,1,,71,19,Nonthaburi,N
A101717,2025-03-25,HP,327542,72,0.2324,10892,51,2,,17,2,Songkhla,Y
A101718,2022-09-03,CC,55501,0,0.2579,0,38,3,16572,61,8,Phuket,
A101719,2024-12-10,CC,75672,0,0.2632,0,44,1,16556,57,17,Ubon Ratchathani,N
A101720,2022-02-17,PL,65198,12,0.1035,5995,39,1,19485,21,8,Khon Kaen,
A101721,2022-05-04,HP,263534,36,0.1306,10188,37,2,48462,6,7,Songkhla,
A101722,2025-10-22,HP,313305,48,0.2769,13756,38,1,,69,17,Rayong,N
A101723,2025-10-07,PL,239145,36,0.1852,10333,20,3,,42,2,Rayong,N
A101724,2023-10-22,CC,16511,0,0.1769,0,45,2,49476,68,8,Chiang Mai,
A101725,2023-04-28,HP,136064,48,0.1056,4032,35,1,24960,49,999,Ubon Ratchathani,
A101726,2024-02-06,CC,45405,0,0.2382,0,27,2,,73,5,Rayong,
A101727,2025-05-10,PL,95455,24,0.1059,4819,23,1,,35,13,Bangkok,Y
A101728,2022-06-14,HP,241867,60,0.17,7457,33,1,28998,61,2,Nakhon Ratchasima,
A101729,2024-11-29,PL,127380,12,0.2767,13552,20,2,21716,75,0,Rayong,Y
A101730,2022-08-08,HP,453178,48,0.2188,17704,32,3,25894,33,13,Samut Prakan,
A101731,2025-12-27,PL,281114,36,0.1703,11798,34,1,13687,16,999,Ubon Ratchathani,Y
A101732,2024-02-10,PL,281597,12,0.2119,28438,47,1,31504,64,15,Phuket,
A101733,2025-07-19,HP,352108,36,0.1026,12791,24,1,25539,56,9,Songkhla,Y
A101734,2023-06-29,HP,310029,36,0.1541,12593,39,2,37941,75,22,Chiang Mai,
A101735,2023-09-06,CC,35922,0,0.1383,0,39,1,11834,18,14,Bangkok,
A101736,2024-12-05,PL,54598,12,0.1626,5289,35,1,37637,47,28,Bangkok,Y
A101737,2023-03-18,PL,171770,36,0.1033,6250,32,1,59600,87,19,Nonthaburi,
A101738,2023-10-25,HP,264980,36,0.2357,12565,56,2,37177,12,1,Chiang Mai,
A101739,2023-07-12,CC,37028,0,0.1719,0,32,2,33877,98,12,Udon Thani,
A101740,2024-01-25,PL,104360,36,0.1553,4249,50,3,21434,25,12,Nonthaburi,
A101741,2023-04-28,HP,375400,48,0.0942,10767,34,1,23745,65,9,Ubon Ratchathani,
A101742,2023-03-26,PL,77656,24,0.1624,4286,22,3,31159,136,5,Samut Prakan,
A101743,2024-03-17,CC,16491,0,0.2306,0,29,2,,22,6,Bangkok,
A101744,2025-10-18,PL,76539,36,0.1053,2797,42,2,,89,8,Ubon Ratchathani,Y
A101745,2023-07-02,HP,446412,36,0.1132,16611,20,1,,23,11,Chonburi,
A101746,2022-07-09,CC,32703,0,0.2266,0,51,1,16416,71,14,Phuket,
A101747,2024-12-08,PL,113410,48,0.2416,4646,42,3,,38,999,Samut Prakan,N
A101748,2023-07-29,PL,170964,12,0.2209,17394,43,2,,4,14,Ubon Ratchathani,
A101749,2024-10-26,PL,53378,12,0.1475,5104,49,1,21817,23,999,Chonburi,Y
A101750,2024-02-24,HP,315605,48,0.1698,11040,40,2,37609,27,0,Nonthaburi,
A101751,2022-09-19,PL,199878,12,0.2163,20259,39,9,19498,50,0,Udon Thani,
A101752,2024-06-06,HP,496854,60,0.1424,14176,38,1,36021,118,7,Rayong,N
A101753,2022-10-11,HP,239604,48,0.1384,7755,36,1,26948,55,999,Udon Thani,
A101754,2022-08-06,HP,153274,36,0.2778,7805,54,3,26634,5,0,Rayong,
A101755,2022-04-11,PL,150456,12,0.2393,15538,56,1,65739,126,0,Rayong,
A101756,2025-09-21,PL,155598,24,0.1268,8127,42,1,30343,95,999,Bangkok,Y
A101757,2022-08-06,PL,137264,12,0.2161,13910,22,2,,21,21,Samut Prakan,
A101758,2024-12-26,CC,132970,0,0.0907,0,40,1,21657,19,0,Udon Thani,Y
A101759,2022-03-17,PL,84266,12,0.2745,8949,20,3,18839,26,3,Nonthaburi,
A101760,2023-09-22,HP,328193,72,0.1747,9336,49,2,76318,51,5,Nakhon Ratchasima,
A101761,2022-09-18,HP,675706,48,0.1446,22219,35,1,37680,123,15,Ubon Ratchathani,
A101762,2023-09-18,PL,98422,12,0.1056,9067,43,1,30326,90,9,Samut Prakan,
A101763,2024-02-23,HP,107241,60,0.1699,3305,49,1,42867,45,12,Chonburi,
A101764,2023-10-31,HP,648435,36,0.1645,26901,36,2,,78,12,Bangkok,
A101765,2025-10-05,HP,153649,36,0.2757,7798,66,1,45466,59,12,Udon Thani,Y
A101766,2024-12-06,PL,53598,24,0.157,2934,41,2,51447,44,7,Nakhon Ratchasima,N
A101767,2022-08-11,HP,204665,36,0.2065,9207,55,1,26722,57,9,Chonburi,
A101768,2022-01-25,PL,38181,48,0.248,1584,37,3,36571,153,19,Samut Prakan,
A101769,2024-04-28,CC,14759,0,0.2224,0,24,1,18936,26,5,Udon Thani,Y
A101770,2025-08-19,HP,253985,72,0.1566,6842,20,2,47311,131,8,Rayong,Y
A101771,2023-08-24,CC,49425,0,0.2378,0,37,3,55339,47,31,Phuket,
A101772,2024-06-28,PL,84361,24,0.1323,4445,25,1,,58,5,Phuket,Y
A101773,2025-11-09,HP,459799,48,0.2088,17579,28,1,21313,17,3,Nonthaburi,Y
A101774,2022-09-19,PL,111849,36,0.2416,5358,20,1,17401,39,13,Chonburi,
A101775,2024-04-18,HP,136274,72,0.2245,4442,35,1,,60,30,Chiang Mai,Y
A101776,2024-06-01,HP,154157,48,0.2774,6775,53,1,20011,72,10,Chonburi,N
A101777,2025-03-24,HP,1289003,48,0.2482,53515,44,1,52611,1,14,Udon Thani,Y
A101778,2022-10-30,HP,486068,48,0.1721,17097,56,1,16484,40,5,Chonburi,
A101779,2022-03-21,PL,94826,48,0.2251,3754,51,1,31143,13,2,Samut Prakan,
A101780,2024-01-18,CC,78568,0,0.1966,0,29,1,20055,76,3,Udon Thani,
A101781,2024-10-08,CC,41451,0,0.2038,0,27,2,34081,77,14,Rayong,N
A101782,2022-02-13,PL,162752,36,0.2014,7252,26,1,16783,14,17,Samut Prakan,
A101783,2025-09-25,HP,611584,60,0.1978,20274,40,1,18893,62,17,Chonburi,N
A101784,2022-12-12,CC,30016,0,0.2751,0,35,3,31879,34,8,Chonburi,
A101785,2024-02-23,CC,36089,0,0.2712,0,40,3,30615,24,10,Nakhon Ratchasima,
A101786,2022-04-13,PL,86467,48,0.2336,3484,43,1,30513,105,8,Songkhla,
A101787,2025-06-13,PL,104764,24,0.2358,6423,28,2,,47,10,Chonburi,Y
A101788,2023-07-17,PL,110281,12,0.1534,10599,27,9,,127,2,Nonthaburi,
A101789,2023-08-04,CC,68389,0,0.2341,0,20,1,15937,62,13,Nonthaburi,
A101790,2022-06-23,HP,201286,72,0.1921,6017,32,3,26031,142,14,Nonthaburi,
A101791,2022-12-03,PL,82614,12,0.1209,7716,60,1,17696,106,16,Chiang Mai,
A101792,2024-04-02,PL,91588,36,0.1792,3911,39,2,,84,6,Songkhla,Y
A101793,2022-10-13,PL,93364,48,0.1856,3389,61,1,53441,22,2,Bangkok,
A101794,2024-07-19,HP,267440,60,0.137,7510,44,1,24293,15,0,Udon Thani,Y
A101795,2024-05-11,PL,202941,36,0.277,10321,35,1,47846,118,10,Bangkok,Y
A101796,2024-07-25,PL,110026,36,0.1707,4621,20,2,29705,63,10,Khon Kaen,Y
A101797,2022-05-30,HP,308586,60,0.1508,9020,37,2,48682,96,999,Songkhla,
A101798,2025-08-12,HP,90273,48,0.1234,2808,27,2,14385,64,4,Nonthaburi,Y
A101799,2022-08-01,PL,113944,12,0.171,11119,40,9,36832,58,999,Ubon Ratchathani,
A101800,2024-07-20,HP,136867,36,0.1024,4969,28,2,37455,81,13,Phuket,Y
A101801,2022-09-21,HP,171987,72,0.189,5097,28,1,23088,46,4,Phuket,
A101802,2024-09-14,HP,213075,48,0.181,7652,39,1,19049,35,999,Ubon Ratchathani,Y
A101803,2024-11-01,PL,47558,12,0.2081,4787,51,2,40991,35,1,Rayong,Y
A101804,2025-10-14,PL,76793,36,0.1607,3161,31,3,36882,46,9,Chonburi,N
A101805,2024-12-20,HP,237118,36,0.0981,8525,23,1,41549,40,9,Songkhla,Y
A101806,2024-01-01,PL,98933,36,0.0957,3537,46,3,94149,14,12,Rayong,
A101807,2025-09-17,HP,249379,36,0.1437,9913,33,2,54576,19,0,Songkhla,Y
A101808,2025-09-23,HP,166447,72,0.2293,5492,49,3,16043,87,9,Bangkok,Y
A101809,2024-01-21,PL,238594,48,0.1408,7770,24,2,64524,21,0,Samut Prakan,
A101810,2024-10-05,PL,166704,48,0.1206,5148,33,3,37479,42,13,Phuket,N
A101811,2024-12-20,HP,304244,36,0.2471,14716,20,1,35978,45,6,Chonburi,Y
A101812,2025-06-07,PL,157868,24,0.1305,8294,57,1,59294,21,6,Chiang Mai,Y
A101813,2025-11-17,PL,71781,24,0.1538,3910,57,1,24348,53,999,Khon Kaen,N
A101814,2023-06-15,HP,413665,60,0.2354,15009,40,1,18712,24,5,Bangkok,
A101815,2025-07-01,CC,47655,0,0.1921,0,25,1,42721,29,8,Chonburi,N
A101816,2025-09-10,HP,391592,72,0.1463,10212,53,3,42097,86,0,Phuket,N
A101817,2022-09-05,CC,45823,0,0.1732,0,33,1,41135,55,999,Khon Kaen,
A101818,2023-05-07,CC,22975,0,0.2497,0,38,2,21569,92,3,Phuket,
A101819,2024-11-15,HP,447113,60,0.2539,16912,20,1,13230,101,19,Phuket,Y
A101820,2025-03-28,PL,52583,12,0.1291,4947,26,3,21015,109,3,Bangkok,N
A101821,2023-06-13,PL,36412,24,0.1304,1912,49,1,,74,4,Nonthaburi,
A101822,2023-06-08,PL,144251,36,0.1392,5680,52,1,16561,115,6,Chonburi,
A101823,2025-10-18,CC,66114,0,0.1205,0,20,3,17915,37,999,Songkhla,Y
A101824,2024-12-25,CC,52183,0,0.2747,0,20,2,,102,7,Udon Thani,Y
A101825,2022-10-19,PL,185782,12,0.2733,19713,26,1,38486,1,7,Songkhla,
A101826,2025-02-02,HP,321977,36,0.1484,12925,45,2,,69,23,Khon Kaen,Y
A101827,2025-08-05,CC,45376,0,0.1015,0,49,1,26720,58,25,Khon Kaen,Y
A101828,2025-07-17,HP,175169,72,0.1258,4269,51,1,22998,56,4,Songkhla,Y
A101829,2025-01-01,HP,1377437,36,0.2012,61357,27,1,32603,81,14,Udon Thani,N
A101830,2024-07-20,PL,244579,12,0.1035,22491,20,1,10479,106,0,Nonthaburi,Y
A101831,2022-10-10,PL,339169,12,0.2028,33996,37,2,32918,85,999,Chonburi,
A101832,2023-04-07,HP,295971,72,0.2272,9714,55,1,55247,37,23,Chiang Mai,
A101833,2025-03-31,PL,67729,24,0.1201,3499,22,1,42186,2,5,Rayong,Y
A101834,2024-09-28,HP,287145,48,0.1897,10521,36,1,21799,59,3,Chonburi,Y
A101835,2024-06-06,PL,129004,36,0.1016,4675,47,1,12944,134,3,Udon Thani,Y
A101836,2024-11-22,HP,139134,48,0.1837,5028,34,1,32028,20,999,Phuket,Y
A101837,2022-07-19,CC,77288,0,0.2223,0,49,2,114450,57,23,Phuket,
A101838,2023-10-28,HP,420074,36,0.2408,20098,32,2,,56,2,Samut Prakan,
A101839,2023-12-08,HP,312452,48,0.2356,12643,44,9,23486,112,10,Chonburi,
A101840,2025-07-05,PL,99924,24,0.2773,6472,43,9,,2,3,Nakhon Ratchasima,N
A101841,2025-11-11,PL,73216,24,0.1126,3737,50,1,60537,52,12,Ubon Ratchathani,N
A101842,2025-01-14,PL,222674,48,0.2303,8912,45,2,29340,113,11,Phuket,N
A101843,2022-07-25,CC,75501,0,0.2163,0,36,2,,156,1,Udon Thani,
A101844,2024-11-11,HP,389554,60,0.183,12433,46,2,,38,12,Nonthaburi,Y
A101845,2023-06-06,CC,52733,0,0.1096,0,23,3,25588,67,0,Khon Kaen,
A101846,2025-07-23,HP,531914,36,0.2782,27106,38,1,40367,35,12,Samut Prakan,Y
A101847,2022-09-20,HP,275978,48,0.1951,10236,42,3,17891,3,19,Bangkok,
A101848,2023-10-20,PL,150306,24,0.1095,7634,39,1,14135,25,21,Ubon Ratchathani,
A101849,2024-02-04,HP,200806,48,0.0995,5848,37,3,14998,107,23,Chonburi,
A101850,2022-01-23,HP,512947,48,0.2275,20411,32,1,27959,49,1,Samut Prakan,
A101851,2025-02-12,CC,30397,0,0.1549,0,37,1,28669,92,0,Chiang Mai,N
A101852,2023-10-09,HP,161863,60,0.181,5139,31,1,,69,8,Phuket,
A101853,2024-03-28,HP,276083,48,0.2125,10640,24,3,26078,24,1,Rayong,
A101854,2025-08-07,HP,304942,36,0.2588,15047,37,2,,11,13,Samut Prakan,Y
A101855,2025-03-30,HP,138378,48,0.2217,5439,33,1,73344,91,20,Bangkok,Y
A101856,2022-06-06,HP,246589,36,0.1724,10392,41,3,31381,69,15,Samut Prakan,
A101857,2022-11-09,HP,154033,60,0.2465,5731,56,3,30876,70,7,Bangkok,
A101858,2024-01-28,HP,1377705,36,0.2698,69244,28,1,23279,10,1,Ubon Ratchathani,
A101859,2022-09-30,HP,291468,36,0.1998,12949,32,1,55399,46,16,Phuket,
A101860,2025-06-24,HP,373258,72,0.1973,11321,35,3,27646,65,2,Rayong,N
A101861,2023-12-19,HP,272192,60,0.1324,7539,42,1,45225,2,3,Nakhon Ratchasima,
A101862,2023-09-05,PL,220122,48,0.2713,9562,36,1,20878,39,2,Ubon Ratchathani,
A101863,2023-08-17,HP,213667,60,0.1255,5795,32,1,,61,8,Khon Kaen,
A101864,2022-02-18,CC,124623,0,0.0,0,31,1,23039,12,999,Chonburi,
A101865,2023-07-02,HP,576127,60,0.1118,14969,30,3,23862,106,999,Nonthaburi,
A101866,2023-03-04,PL,79215,12,0.2087,7978,26,1,,66,16,Nonthaburi,
A101867,2024-08-28,PL,153640,48,0.0969,4441,36,1,31815,50,1,Rayong,N
A101868,2025-05-24,HP,336454,36,0.2097,15225,33,3,12197,51,13,Khon Kaen,N
A101869,2023-05-25,PL,131431,12,0.1709,12824,32,1,19456,10,999,Khon Kaen,
A101870,2024-07-24,PL,74353,24,0.2211,4467,20,3,17139,86,8,Songkhla,N
A101871,2025-04-14,PL,91242,12,0.2392,9422,35,1,32774,127,7,Samut Prakan,Y
A101872,2023-09-30,PL,76042,48,0.2154,2949,30,1,30113,58,11,Chiang Mai,
A101873,2023-12-23,CC,44203,0,0.1064,0,50,3,33433,112,15,Chiang Mai,
A101874,2024-12-22,HP,448289,36,0.2617,22228,32,2,51198,84,3,Khon Kaen,Y
A101875,2025-05-04,PL,96244,36,0.1057,3521,22,1,13909,16,6,Udon Thani,N
A101876,2024-07-22,CC,43514,0,0.1188,0,36,1,54320,25,20,Samut Prakan,Y
A101877,2024-01-09,CC,15107,0,0.147,0,38,1,28077,84,999,Bangkok,
A101878,2025-12-14,PL,131309,36,0.0938,4673,49,3,,65,5,Nonthaburi,Y
A101879,2023-11-11,HP,277824,36,0.1699,11650,21,1,33748,9,12,Nakhon Ratchasima,
A101880,2023-12-01,PL,66486,36,0.2108,3014,49,3,11489,60,14,Phuket,
A101881,2025-03-06,CC,85608,0,0.2191,0,22,3,38192,141,5,Bangkok,Y
A101882,2024-05-11,PL,189958,12,0.27,20103,35,1,19402,48,11,Songkhla,N
A101883,2024-04-22,PL,191018,24,0.2631,12147,36,3,49276,89,999,Chiang Mai,Y
A101884,2022-07-03,HP,119961,72,0.1583,3248,46,1,56004,38,21,Chonburi,
A101885,2023-06-13,PL,81620,24,0.1969,4740,27,2,,122,999,Phuket,
A101886,2024-10-21,PL,172875,36,0.1039,6298,45,1,14689,121,5,Khon Kaen,Y
A101887,2025-04-27,PL,183711,12,0.2149,18599,49,1,16431,32,8,Nakhon Ratchasima,N
A101888,2022-09-25,HP,377438,60,0.2776,15022,46,2,29845,36,12,Khon Kaen,
A101889,2025-06-15,HP,150695,36,0.1983,6676,20,1,57926,22,16,Ubon Ratchathani,Y
A101890,2025-04-17,CC,36387,0,0.1995,0,22,1,74732,11,9,Nakhon Ratchasima,Y
A101891,2024-05-21,HP,344995,36,0.1612,14217,42,9,21171,71,999,Khon Kaen,Y
A101892,2023-12-23,PL,67886,12,0.2148,6872,20,3,19874,77,5,Bangkok,
A101893,2022-09-13,HP,529516,48,0.1626,18206,64,2,50438,50,12,Ubon Ratchathani,
A101894,2024-07-23,HP,358975,72,0.1955,10834,51,2,,198,2,Chiang Mai,Y
A101895,2025-02-18,PL,169048,48,0.2657,7264,26,2,41938,41,4,Samut Prakan,Y
A101896,2022-05-29,PL,129096,36,0.1918,5649,47,1,24138,16,12,Nakhon Ratchasima,
A101897,2025-08-13,HP,190914,72,0.1415,4902,21,3,19921,5,19,Samut Prakan,Y
A101898,2025-02-10,PL,36311,48,0.2182,1416,63,2,34018,60,0,Songkhla,Y
A101899,2023-11-21,CC,71807,0,0.1222,0,31,1,,178,2,Chonburi,
A101900,2022-02-09,PL,152449,36,0.1949,6710,37,1,31038,13,12,Songkhla,
A101901,2022-10-26,PL,168250,36,0.0923,5967,34,1,44157,61,6,Bangkok,
A101902,2024-03-17,HP,130950,48,0.2049,4964,21,1,25523,76,3,Ubon Ratchathani,
A101903,2025-07-15,PL,132326,24,0.189,7597,30,1,43167,21,8,Chiang Mai,Y
A101904,2022-08-08,HP,311665,36,0.278,15877,26,3,31744,116,10,Ubon Ratchathani,
A101905,2023-12-25,HP,169517,60,0.1518,4969,36,3,44653,110,19,Phuket,
A101906,2022-06-02,PL,84177,36,0.1566,3436,25,2,,79,13,Chiang Mai,
A101907,2023-07-21,PL,42211,48,0.1701,1477,48,3,15342,37,999,Khon Kaen,
A101908,2024-12-06,HP,234994,60,0.1681,7208,37,1,36220,73,10,Ubon Ratchathani,Y
A101909,2024-03-20,PL,73499,48,0.2649,3153,32,1,,9,1,Songkhla,
A101910,2025-07-14,PL,196417,36,0.1965,8672,34,1,,84,16,Nonthaburi,Y
A101911,2023-08-18,PL,437923,36,0.1162,16405,51,1,37318,74,1,Khon Kaen,
A101912,2024-01-21,CC,21730,0,0.1958,0,41,1,57540,40,5,Nakhon Ratchasima,
A101913,2022-09-15,PL,181441,48,0.1734,6401,28,2,9487,66,5,Phuket,
A101914,2024-06-02,PL,88132,24,0.2784,5716,47,1,42379,82,21,Samut Prakan,Y
A101915,2023-09-24,HP,737242,36,0.2529,36016,40,3,23337,59,12,Songkhla,
A101916,2024-07-24,PL,99832,36,0.1913,4364,27,1,,40,8,Songkhla,Y
A101917,2022-01-26,PL,44442,24,0.2254,2686,23,3,18307,88,5,Ubon Ratchathani,
A101918,2023-11-03,PL,70117,48,0.1537,2358,43,3,44003,2,0,Ubon Ratchathani,
A101919,2025-09-02,CC,69524,0,0.1075,0,34,1,13523,20,5,Udon Thani,N
A101920,2025-03-07,HP,280079,48,0.1864,10185,29,1,27249,4,6,Nakhon Ratchasima,Y
A101921,2023-05-10,PL,138021,48,0.1498,4598,28,3,21260,29,4,Rayong,
A101922,2022-04-16,CC,52943,0,0.2396,0,52,1,16183,135,999,Samut Prakan,
A101923,2022-07-19,HP,221716,72,0.1034,4989,37,3,54606,80,9,Ubon Ratchathani,
A101924,2025-03-07,PL,138519,36,0.2513,6748,24,2,22741,94,13,Nakhon Ratchasima,N
A101925,2024-12-14,HP,413769,48,0.1234,12875,29,1,21408,26,9,Chonburi,Y
A101926,2022-11-12,HP,91285,60,0.1992,3036,49,1,,109,1,Nonthaburi,
A101927,2022-07-31,PL,333518,48,0.183,12034,31,1,16824,3,7,Ubon Ratchathani,
A101928,2024-01-27,CC,39574,0,0.2291,0,23,1,34586,43,13,Ubon Ratchathani,
A101929,2023-08-13,PL,87757,48,0.2305,3513,20,1,11414,47,2,Bangkok,
A101930,2024-06-07,HP,246737,36,0.1776,10505,32,2,,92,19,Bangkok,Y
A101931,2023-12-06,CC,27412,0,0.1178,0,42,1,10828,9,28,Nakhon Ratchasima,
A101932,2022-03-06,PL,175985,48,0.1143,5342,34,2,,117,2,Nakhon Ratchasima,
A101933,2023-05-02,CC,26186,0,0.2431,0,33,1,25516,51,10,Ubon Ratchathani,
A101934,2023-09-12,CC,23172,0,0.1798,0,20,1,33236,5,999,Udon Thani,
A101935,2024-06-19,HP,869539,48,0.1642,30013,58,1,24669,27,999,Phuket,Y
A101936,2022-03-23,HP,299824,36,0.2562,14729,47,2,,1,26,Khon Kaen,
A101937,2022-01-18,PL,120997,48,0.1997,4534,32,2,14021,72,8,Phuket,
A101938,2023-07-17,HP,530316,48,0.2761,23249,45,2,,16,12,Chiang Mai,
A101939,2023-07-03,PL,70409,24,0.2307,4287,43,1,20662,76,0,Samut Prakan,
A101940,2023-05-25,HP,491697,60,0.2736,19405,40,3,56999,31,0,Udon Thani,
A101941,2023-07-20,CC,36443,0,0.2469,0,20,1,26739,152,3,Chiang Mai,
A101942,2025-04-08,HP,460641,36,0.2418,22077,30,1,27101,72,999,Phuket,Y
A101943,2022-11-19,HP,148594,72,0.1825,4323,28,2,,140,12,Ubon Ratchathani,
A101944,2025-08-07,PL,205428,36,0.1404,8109,44,3,42828,100,999,Udon Thani,Y
A101945,2024-04-01,PL,236461,12,0.1995,23636,57,1,32030,17,11,Udon Thani,Y
A101946,2025-08-15,PL,127465,48,0.2717,5541,46,3,14350,7,999,Samut Prakan,Y
A101947,2023-02-03,CC,23919,0,0.142,0,48,2,,64,999,Samut Prakan,
A101948,2022-06-24,PL,73335,24,0.1445,3938,46,3,20380,68,14,Bangkok,
A101949,2025-01-17,CC,49910,0,0.1523,0,27,2,30059,14,1,Rayong,Y
A101950,2024-03-15,HP,250068,60,0.2091,8525,31,9,,14,2,Rayong,
A101951,2022-04-26,PL,648443,48,0.1491,21566,40,1,28965,39,9,Rayong,
A101952,2025-02-24,HP,368950,60,0.1316,10195,52,1,37374,114,13,Khon Kaen,N
A101953,2025-08-17,PL,380633,12,0.1181,35465,41,3,60434,3,7,Rayong,N
A101954,2022-08-30,HP,229617,60,0.2498,8606,39,1,21078,91,8,Ubon Ratchathani,
A101955,2022-05-01,HP,207565,60,0.1517,6083,29,1,31154,3,15,Chiang Mai,
A101956,2022-08-27,HP,187737,72,0.2433,6413,32,3,24369,91,999,Ubon Ratchathani,
A101957,2023-01-19,PL,220702,48,0.2228,8695,37,2,,67,8,Bangkok,
A101958,2022-01-18,HP,237218,36,0.1186,8933,20,1,24048,89,14,Ubon Ratchathani,
A101959,2024-12-09,PL,115626,36,0.2281,5409,40,1,38075,3,4,Chonburi,Y
A101960,2025-08-18,PL,111517,36,0.1985,4942,38,1,32271,46,6,Nakhon Ratchasima,Y
A101961,2025-04-08,CC,41203,0,0.0937,0,52,1,13075,66,15,Songkhla,N
A101962,2024-08-02,CC,75190,0,0.2332,0,23,1,33276,84,3,Samut Prakan,Y
A101963,2023-01-21,HP,348076,48,0.1919,12817,38,3,21793,24,10,Chonburi,
A101964,2023-03-06,HP,117938,48,0.2662,5073,37,1,26224,3,19,Udon Thani,
A101965,2024-07-08,PL,140916,36,0.194,6192,20,3,40670,97,4,Phuket,Y
A101966,2025-01-10,CC,60662,0,0.2399,0,20,9,27224,112,11,Udon Thani,N
A101967,2024-07-22,HP,381452,72,0.1225,9191,32,1,37714,27,6,Ubon Ratchathani,Y
A101968,2025-03-01,PL,175252,12,0.1208,16368,49,3,37257,56,13,Ubon Ratchathani,Y
A101969,2024-07-11,PL,92355,48,0.2734,4028,21,1,17231,46,17,Udon Thani,N
A101970,2025-03-14,PL,146539,24,0.2616,9300,44,1,30601,24,2,Nakhon Ratchasima,Y
A101971,2024-02-22,HP,280811,48,0.1707,9844,20,3,20299,107,999,Ubon Ratchathani,
A101972,2022-01-17,PL,166018,24,0.1027,8338,25,1,,117,6,Chonburi,
A101973,2022-02-23,HP,330181,60,0.1114,8568,33,2,,48,999,Bangkok,
A101974,2022-08-05,PL,179042,12,0.1843,17669,26,1,26411,242,999,Phuket,
A101975,2023-06-24,PL,129949,36,0.095,4638,21,1,29422,143,8,Chonburi,
A101976,2024-04-09,CC,21393,0,0.2024,0,30,1,25756,81,25,Nonthaburi,Y
A101977,2024-02-17,HP,502301,48,0.1657,17400,47,1,60277,86,9,Samut Prakan,
A101978,2025-06-15,PL,123526,36,0.1253,4721,40,1,36063,93,16,Bangkok,N
A101979,2022-09-16,PL,165342,48,0.2341,6670,44,2,,24,0,Bangkok,
A101980,2025-10-19,PL,139792,24,0.2331,8540,20,1,33843,89,12,Bangkok,Y
A101981,2024-11-03,HP,73091,36,0.2252,3401,38,1,15347,25,3,Ubon Ratchathani,Y
A101982,2022-12-12,PL,195740,48,0.0963,5648,40,1,18550,62,7,Rayong,
A101983,2025-08-30,HP,302117,60,0.1125,7867,45,1,19100,110,2,Ubon Ratchathani,Y
A101984,2025-10-10,PL,191180,36,0.2719,9642,45,2,36830,57,15,Samut Prakan,Y
A101985,2025-11-17,PL,100937,48,0.1456,3327,40,1,21608,41,1,Nonthaburi,Y
A101986,2024-06-09,PL,168877,36,0.1921,7394,48,1,,10,19,Bangkok,Y
A101987,2022-05-31,HP,200474,48,0.1547,6760,47,2,51790,10,14,Rayong,
A101988,2022-05-21,PL,86539,12,0.1311,8157,35,3,26013,144,5,Ubon Ratchathani,
A101989,2022-12-04,PL,117224,24,0.1438,6289,36,1,42047,16,6,Ubon Ratchathani,
A101990,2025-02-17,HP,381638,60,0.2055,12896,26,2,,29,17,Bangkok,Y
A101991,2025-01-29,PL,273405,24,0.2259,16538,36,1,28001,72,1,Bangkok,Y
A101992,2024-09-28,PL,82561,24,0.1383,4391,40,2,42331,82,18,Khon Kaen,Y
A101993,2022-10-20,HP,468555,36,0.204,20980,40,1,,37,4,Rayong,
A101994,2023-02-16,HP,600456,48,0.1653,20780,20,1,15304,43,2,Khon Kaen,
A101995,2022-03-15,HP,300481,72,0.2543,10541,34,3,49809,127,999,Samut Prakan,
A101996,2022-09-02,PL,184010,48,0.2233,7257,47,1,28098,28,20,Nakhon Ratchasima,
A101997,2023-12-31,HP,548365,36,0.1687,22941,40,1,14517,90,16,Nakhon Ratchasima,
A101998,2022-01-10,PL,231314,24,0.1032,11627,29,2,,57,5,Rayong,
A101999,2024-12-20,PL,167914,48,0.1589,5721,58,3,19642,14,0,Ubon Ratchathani,Y
A102000,2024-07-11,PL,143281,48,0.2739,6255,48,2,19003,107,5,Chonburi,Y
A102001,2024-10-02,PL,137335,12,0.1223,12844,38,1,25876,42,5,Samut Prakan,Y
A102002,2024-03-16,PL,78642,24,0.2217,4729,33,1,36925,60,5,Nakhon Ratchasima,
A102003,2022-07-12,PL,85958,24,0.1597,4725,33,1,39477,161,4,Rayong,
A102004,2024-12-15,PL,92368,12,0.2079,9297,37,1,18543,2,999,Chonburi,Y
A102005,2022-05-16,PL,51948,12,0.1698,5064,29,1,25328,0,17,Khon Kaen,
A102006,2024-03-10,CC,107652,0,0.1588,0,26,1,16923,48,5,Samut Prakan,
A102007,2022-05-22,PL,146743,12,0.0971,13415,43,1,22532,113,38,Songkhla,
A102008,2023-10-22,CC,19788,0,0.148,0,39,2,,31,24,Rayong,
A102009,2025-04-23,PL,297672,36,0.2761,15117,53,2,,21,3,Rayong,Y
A102010,2023-04-23,HP,423511,60,0.1057,10788,27,1,34089,105,7,Chiang Mai,
A102011,2024-12-04,CC,46386,0,0.0,0,25,1,31509,3,5,Rayong,Y
A102012,2023-02-14,PL,166666,24,0.2376,10244,43,1,55384,15,13,Ubon Ratchathani,
A102013,2024-08-09,PL,88998,24,0.0935,4401,47,3,45417,27,2,Udon Thani,N
A102014,2025-04-27,HP,227926,48,0.2004,8554,38,1,17625,50,8,Udon Thani,Y
A102015,2024-01-15,HP,173223,60,0.2148,5987,30,3,22205,79,23,Rayong,
A102016,2024-03-15,CC,20535,0,0.1454,0,46,3,16440,129,12,Khon Kaen,
A102017,2022-02-13,HP,409656,48,0.1397,13303,34,9,22206,34,14,Rayong,
A102018,2025-07-05,HP,262301,48,0.1343,8400,28,3,21728,16,22,Phuket,Y
A102019,2022-07-28,HP,369912,36,0.1002,13364,34,2,,56,5,Rayong,
A102020,2023-11-18,CC,79232,0,0.2184,0,33,3,24725,56,13,Songkhla,
A102021,2022-05-21,HP,419732,72,0.1824,12209,43,1,32564,94,1,Nonthaburi,
A102022,2024-06-11,PL,212334,24,0.1838,12099,39,1,23009,98,9,Chonburi,N
A102023,2023-11-17,PL,84879,12,0.1958,8458,30,2,20508,41,999,Nakhon Ratchasima,
A102024,2022-09-25,HP,541418,60,0.2467,20154,47,1,37248,141,999,Khon Kaen,
A102025,2024-10-28,PL,63689,24,0.2464,3961,49,1,17863,71,19,Nonthaburi,Y
A102026,2022-07-19,PL,222168,36,0.1755,9420,48,1,25894,15,999,Khon Kaen,
A102027,2025-03-28,CC,31438,0,0.1165,0,38,2,,133,18,Songkhla,Y
A102028,2023-07-15,PL,122772,12,0.2459,12746,41,2,30031,59,0,Chonburi,
A102029,2025-09-09,PL,88596,12,0.1596,8561,51,3,45577,58,1,Bangkok,Y
A102030,2022-12-04,HP,337222,48,0.099,9807,32,3,41691,70,5,Samut Prakan,
A102031,2023-09-15,PL,239810,48,0.2207,9406,37,2,39452,93,9,Songkhla,
A102032,2024-10-06,HP,97539,36,0.2533,4768,20,1,17051,55,10,Samut Prakan,N
A102033,2023-04-18,PL,46779,24,0.1916,2696,30,1,16402,7,999,Chiang Mai,
A102034,2025-11-13,PL,145727,36,0.1131,5421,32,1,31598,83,10,Chonburi,Y
A102035,2022-10-01,PL,114570,48,0.1102,3439,38,3,24519,47,1,Chonburi,
A102036,2023-03-13,CC,35100,0,0.2522,0,46,1,25909,44,22,Khon Kaen,
A102037,2025-02-06,PL,211050,36,0.1243,8048,40,2,57182,55,5,Chonburi,N
A102038,2023-02-21,CC,24227,0,0.186,0,45,2,,107,8,Rayong,
A102039,2022-02-12,CC,26148,0,0.2115,0,56,1,18882,87,999,Phuket,
A102040,2022-06-14,PL,127794,36,0.2533,6247,29,2,60096,7,18,Phuket,
A102041,2023-09-04,CC,29071,0,0.1245,0,40,1,22509,25,5,Nakhon Ratchasima,
A102042,2022-07-09,HP,376100,72,0.239,12714,37,1,29838,64,1,Songkhla,
A102043,2024-07-21,CC,130247,0,0.1296,0,39,1,25009,4,14,Udon Thani,Y
A102044,2024-04-11,CC,44082,0,0.1954,0,50,1,25598,52,6,Khon Kaen,N
A102045,2025-02-28,CC,18681,0,0.0,0,44,1,22943,111,28,Samut Prakan,Y
A102046,2022-10-15,PL,206736,12,0.2277,21150,40,3,18886,88,15,Chiang Mai,
A102047,2025-04-22,HP,311062,72,0.2505,10813,41,1,34757,26,14,Ubon Ratchathani,N
A102048,2025-09-27,HP,288863,48,0.1633,9948,20,2,105503,12,11,Bangkok,N
A102049,2024-06-27,CC,37907,0,0.1954,0,25,9,,150,21,Chiang Mai,N
A102050,2024-10-24,HP,221081,36,0.1016,8012,56,9,30132,33,999,Songkhla,Y
A102051,2022-01-16,CC,31234,0,0.1605,0,47,1,24949,5,999,Nakhon Ratchasima,
A102052,2022-03-29,CC,21874,0,0.0,0,26,1,,45,999,Bangkok,
A102053,2022-08-19,HP,199886,48,0.2761,8763,41,2,38950,1,12,Udon Thani,
A102054,2025-07-28,PL,125916,24,0.2274,7632,20,2,34480,27,5,Chiang Mai,Y
A102055,2023-05-04,PL,106780,24,0.1448,5737,21,1,49232,11,7,Bangkok,
A102056,2024-11-08,PL,69330,48,0.2723,3017,30,1,,22,17,Rayong,Y
A102057,2022-03-06,CC,40744,0,0.187,0,32,1,,59,999,Nakhon Ratchasima,
A102058,2025-05-26,PL,116890,24,0.2084,6900,40,3,16261,67,11,Chiang Mai,N
A102059,2024-04-20,PL,96148,48,0.1486,3193,34,1,31899,14,15,Chiang Mai,N
A102060,2022-09-06,HP,428239,48,0.2126,16508,31,1,30993,150,16,Nonthaburi,
A102061,2024-03-23,HP,474797,36,0.1775,20211,30,1,22247,46,9,Nakhon Ratchasima,
A102062,2023-09-13,PL,71021,12,0.2366,7318,46,9,19617,35,9,Udon Thani,
A102063,2022-07-15,HP,695501,60,0.2128,23925,23,3,28701,62,17,Chonburi,
A102064,2022-07-09,PL,152910,48,0.1127,4621,45,9,,69,2,Nonthaburi,
A102065,2023-07-22,CC,95467,0,0.2548,0,30,1,30818,3,11,Chonburi,
A102066,2022-05-17,HP,257670,72,0.1145,6037,40,1,29569,169,5,Phuket,
A102067,2024-11-24,HP,585379,60,0.1417,16668,55,2,27012,50,6,Khon Kaen,Y
A102068,2022-04-04,HP,527665,72,0.1154,12403,32,1,50657,109,12,Khon Kaen,
A102069,2022-02-22,PL,176579,12,0.2382,18220,43,2,20841,78,6,Khon Kaen,
A102070,2023-02-28,PL,133351,24,0.1192,6880,32,1,42354,70,999,Chonburi,
A102071,2025-01-16,HP,240377,60,0.2481,8976,20,1,18781,74,20,Khon Kaen,Y
A102072,2022-05-19,CC,24125,0,0.1808,0,54,1,25015,124,14,Chiang Mai,
A102073,2024-04-06,PL,105509,48,0.2223,4152,24,1,18463,102,2,Nonthaburi,Y
A102074,2025-02-13,CC,44442,0,0.112,0,37,1,24901,107,14,Udon Thani,Y
A102075,2025-04-11,PL,112638,24,0.2663,7192,46,3,16739,9,19,Chiang Mai,Y
A102076,2025-01-15,PL,224246,36,0.2705,11283,41,1,16450,59,10,Rayong,Y
A102077,2023-04-17,HP,488638,60,0.1811,15518,46,1,30698,6,5,Songkhla,
A102078,2023-03-20,CC,40182,0,0.2764,0,59,2,,50,30,Nonthaburi,
A102079,2025-09-30,CC,43302,0,0.1918,0,51,1,31680,22,20,Phuket,Y
A102080,2022-09-17,HP,484191,60,0.1412,13767,49,3,19963,105,6,Chonburi,
A102081,2024-02-12,PL,79981,48,0.1743,2827,72,1,15474,64,999,Rayong,
A102082,2023-12-20,HP,236416,36,0.2759,12002,26,1,23357,64,999,Samut Prakan,
A102083,2022-07-04,PL,246907,48,0.2198,9666,32,1,25619,122,18,Rayong,
A102084,2024-12-11,CC,61773,0,0.1055,0,28,1,,59,16,Ubon Ratchathani,Y
A102085,2022-12-20,PL,111478,48,0.173,3929,43,2,,112,999,Chiang Mai,
A102086,2023-06-04,CC,165872,0,0.0946,0,50,1,25376,33,22,Udon Thani,
A102087,2025-04-12,HP,67995,72,0.1596,1848,26,2,,130,3,Khon Kaen,N
A102088,2024-11-22,HP,209567,60,0.2715,8234,40,1,16576,14,4,Songkhla,Y
A102089,2023-09-25,CC,19975,0,0.2456,0,31,3,44231,13,6,Nonthaburi,
A102090,2024-12-29,PL,97695,36,0.1889,4251,43,1,55393,135,11,Samut Prakan,N
A102091,2025-10-30,CC,24078,0,0.1787,0,38,3,59872,107,5,Khon Kaen,Y
A102092,2022-04-06,CC,78014,0,0.0,0,50,3,37080,33,16,Samut Prakan,
A102093,2022-05-14,PL,129494,36,0.2288,6066,32,3,31263,107,10,Bangkok,
A102094,2022-12-27,PL,71245,48,0.1325,2270,46,1,23611,10,18,Nakhon Ratchasima,
A102095,2025-01-11,PL,59825,36,0.2739,3027,30,2,,77,13,Phuket,Y
A102096,2025-10-20,HP,209559,48,0.1639,7228,63,2,120490,25,10,Songkhla,N
A102097,2022-12-31,PL,68108,36,0.246,3288,54,3,21455,44,999,Chiang Mai,
A102098,2023-05-17,PL,141836,12,0.2523,14801,32,1,25633,38,12,Phuket,
A102099,2022-02-08,PL,58088,36,0.1097,2144,46,3,19701,74,999,Nonthaburi,
A102100,2025-07-27,HP,894318,60,0.2225,31487,42,1,32643,83,2,Songkhla,Y
A102101,2022-12-19,PL,158657,12,0.0945,14470,33,1,26864,68,2,Khon Kaen,
A102102,2022-07-27,PL,119199,48,0.0907,3384,53,1,49581,59,8,Phuket,
A102103,2024-08-05,PL,86755,12,0.1118,8037,37,2,,46,10,Chiang Mai,Y
A102104,2022-11-16,PL,73578,12,0.2046,7386,40,1,25310,13,8,Bangkok,
A102105,2023-04-16,PL,111967,24,0.2672,7158,39,1,31784,55,7,Rayong,
A102106,2022-11-06,CC,25610,0,0.2597,0,36,2,,80,4,Phuket,
A102107,2022-12-04,HP,227791,48,0.1766,8097,39,3,,118,1,Ubon Ratchathani,
A102108,2023-09-20,PL,234403,24,0.0998,11716,32,9,24313,23,11,Nakhon Ratchasima,
A102109,2023-04-04,PL,160404,48,0.2505,6690,46,1,14523,101,17,Chonburi,
A102110,2023-01-19,PL,168093,12,0.1419,15995,35,1,27930,112,18,Udon Thani,
A102111,2023-11-23,CC,20000,0,0.2429,0,29,1,29718,170,13,Nakhon Ratchasima,
A102112,2023-07-24,PL,107875,48,0.1086,3223,44,1,38408,54,17,Khon Kaen,
A102113,2025-03-06,PL,130399,48,0.0986,3788,26,2,29202,22,3,Ubon Ratchathani,Y
A102114,2024-04-14,PL,48435,12,0.1153,4501,56,2,22752,120,18,Khon Kaen,Y
A102115,2023-04-09,PL,111051,12,0.1188,10353,35,2,,52,16,Chiang Mai,
A102116,2023-02-09,HP,537697,36,0.109,19820,52,1,23767,61,19,Khon Kaen,
A102117,2024-04-09,PL,283062,24,0.0977,14098,41,3,17346,40,14,Nakhon Ratchasima,Y
A102118,2025-02-19,HP,254646,36,0.1196,9611,34,1,,6,0,Songkhla,Y
A102119,2022-08-12,CC,37357,0,0.1057,0,45,1,9188,52,7,Ubon Ratchathani,
A102120,2022-06-04,PL,106556,24,0.2537,6692,20,1,82426,66,999,Nakhon Ratchasima,
A102121,2023-12-21,HP,379500,72,0.2544,13316,38,2,21783,140,5,Phuket,
A102122,2022-04-08,PL,161761,12,0.167,15731,55,3,32592,68,4,Ubon Ratchathani,
A102123,2024-12-06,HP,248360,60,0.2603,9526,27,3,25695,73,999,Chonburi,Y
A102124,2024-11-19,PL,214416,48,0.1676,7461,20,1,33185,2,8,Rayong,Y
A102125,2025-02-24,HP,225643,72,0.2092,7067,49,1,16309,110,6,Phuket,Y
A102126,2024-09-06,HP,100387,36,0.1917,4392,21,1,19057,29,17,Khon Kaen,Y
A102127,2023-03-03,CC,87437,0,0.1659,0,27,2,,72,3,Phuket,
A102128,2022-12-20,PL,176902,36,0.1492,7113,23,3,16705,15,12,Phuket,
A102129,2023-02-11,PL,47797,24,0.1566,2615,41,1,,85,13,Samut Prakan,
A102130,2024-12-15,PL,169578,24,0.1767,9562,36,2,,102,17,Ubon Ratchathani,Y
A102131,2025-02-11,PL,214829,12,0.2164,21776,54,1,22875,70,7,Chiang Mai,Y
A102132,2023-04-30,HP,409816,60,0.2119,14066,55,1,18861,81,12,Rayong,
A102133,2025-08-25,PL,47486,12,0.2188,4822,38,2,54896,112,8,Khon Kaen,Y
A102134,2025-01-31,HP,242593,36,0.239,11570,25,1,21824,124,11,Ubon Ratchathani,Y
A102135,2024-10-12,PL,73308,36,0.25,3563,30,2,,73,9,Rayong,Y
A102136,2025-09-05,PL,74108,36,0.1282,2850,42,1,27024,62,23,Ubon Ratchathani,Y
A102137,2024-08-29,CC,12708,0,0.2623,0,30,2,,121,0,Rayong,Y
A102138,2024-09-26,CC,66206,0,0.2734,0,32,9,32027,89,18,Samut Prakan,Y
A102139,2022-02-18,PL,123725,24,0.2456,7687,20,1,26844,42,4,Songkhla,
A102140,2022-07-07,PL,422489,12,0.1111,39118,44,3,32434,125,10,Samut Prakan,
A102141,2022-09-30,HP,669390,72,0.1995,20425,36,3,30126,69,2,Samut Prakan,
A102142,2023-08-23,PL,215679,48,0.1711,7568,20,3,42075,129,17,Samut Prakan,
A102143,2022-12-07,CC,39462,0,0.1635,0,54,3,28655,36,4,Chonburi,
A102144,2025-08-18,HP,765848,60,0.1015,19241,34,9,,65,1,Phuket,N
A102145,2024-12-06,HP,198114,36,0.2747,10038,34,3,20035,66,18,Samut Prakan,N
A102146,2025-01-04,PL,131173,12,0.1682,12769,35,2,,74,1,Songkhla,Y
A102147,2023-10-03,HP,391495,60,0.1198,10433,32,3,,46,2,Khon Kaen,
A102148,2025-05-10,PL,192509,48,0.2685,8317,63,1,37247,76,11,Rayong,Y
A102149,2022-08-05,PL,162632,12,0.2303,16673,44,1,20268,60,3,Ubon Ratchathani,
A102150,2025-02-21,CC,42888,0,0.231,0,33,3,33255,53,3,Khon Kaen,N
A102151,2022-03-06,PL,119844,24,0.1991,6981,35,2,42867,85,999,Chiang Mai,
A102152,2025-02-28,PL,58617,12,0.1608,5670,29,2,,84,3,Rayong,Y
A102153,2022-05-02,CC,18932,0,0.1066,0,50,3,24454,95,0,Samut Prakan,
A102154,2023-04-26,CC,22342,0,0.2087,0,38,9,,39,0,Songkhla,
A102155,2024-07-18,CC,53041,0,0.2643,0,27,2,,23,8,Samut Prakan,Y
A102156,2025-02-24,HP,217372,72,0.2614,7754,20,1,34745,10,999,Samut Prakan,Y
A102157,2022-01-11,PL,124979,12,0.2764,13293,52,2,,93,4,Songkhla,
A102158,2023-12-17,HP,895871,36,0.1741,37882,41,3,27193,115,18,Rayong,
A102159,2025-09-03,PL,111268,48,0.1196,3427,20,1,64826,37,15,Udon Thani,Y
A102160,2022-09-05,HP,224474,72,0.2564,7913,43,3,46752,38,19,Phuket,
A102161,2024-02-04,PL,56855,24,0.1878,3258,34,1,22665,146,4,Phuket,
A102162,2022-07-29,PL,92029,36,0.2109,4173,43,2,,18,3,Rayong,
A102163,2025-08-03,PL,109275,48,0.2368,4432,41,1,,135,8,Samut Prakan,Y
A102164,2024-10-23,HP,663439,48,0.2331,26708,20,1,31778,19,9,Chiang Mai,N
A102165,2024-12-17,PL,198748,24,0.1364,10540,37,1,20161,15,2,Udon Thani,Y
A102166,2024-06-09,CC,79991,0,0.1712,0,27,2,,66,14,Udon Thani,Y
A102167,2024-12-28,PL,207466,48,0.1692,7247,55,1,62188,14,11,Ubon Ratchathani,Y
A102168,2025-09-08,CC,36119,0,0.2329,0,66,3,23678,74,10,Nakhon Ratchasima,Y
A102169,2023-02-04,PL,49657,24,0.2119,2945,32,1,48869,60,16,Rayong,
A102170,2023-11-25,HP,664030,48,0.2469,27496,44,2,,56,13,Nakhon Ratchasima,
A102171,2023-11-16,PL,247767,36,0.1021,8990,23,1,26862,67,20,Bangkok,
A102172,2022-11-02,PL,126180,36,0.2226,5845,32,1,19174,57,3,Nonthaburi,
A102173,2024-08-01,HP,236886,72,0.1327,5909,39,1,24437,38,14,Ubon Ratchathani,Y
A102174,2025-10-11,HP,148327,60,0.1337,4124,39,1,32496,154,4,Songkhla,Y
A102175,2024-01-16,PL,214042,12,0.2067,21523,30,2,11189,38,10,Nakhon Ratchasima,
A102176,2023-02-04,PL,117375,36,0.1566,4792,43,1,32437,0,12,Bangkok,
A102177,2022-04-28,HP,479253,72,0.1626,13150,36,3,,100,7,Nakhon Ratchasima,
A102178,2022-03-29,HP,320297,48,0.2102,12283,38,2,44340,63,19,Chonburi,
A102179,2025-02-04,CC,26364,0,0.2577,0,35,3,,63,0,Bangkok,N
A102180,2025-07-16,CC,173947,0,0.2539,0,47,2,51233,41,10,Samut Prakan,Y
A102181,2025-08-10,PL,77492,24,0.1639,4287,27,1,12302,79,6,Rayong,N
A102182,2022-07-24,CC,54445,0,0.137,0,34,9,,0,19,Phuket,
A102183,2025-11-05,PL,146466,12,0.1365,13871,53,3,24245,72,16,Nakhon Ratchasima,Y
A102184,2024-09-28,CC,47579,0,0.2436,0,20,1,49603,20,1,Rayong,Y
A102185,2023-12-27,PL,114939,36,0.1764,4882,24,2,,34,14,Samut Prakan,
A102186,2024-07-08,PL,266623,36,0.2478,12911,24,2,14525,26,14,Songkhla,Y
A102187,2023-02-03,PL,158271,12,0.2153,16028,43,1,24146,7,14,Udon Thani,
A102188,2024-07-16,HP,981581,72,0.2467,33812,20,1,26222,40,5,Songkhla,Y
A102189,2025-10-21,HP,299654,48,0.1595,10225,27,2,,67,3,Ubon Ratchathani,Y
A102190,2024-01-15,CC,27135,0,0.1359,0,40,2,39574,33,3,Ubon Ratchathani,
A102191,2022-02-27,PL,58423,24,0.1296,3065,42,2,54910,28,7,Bangkok,
A102192,2023-11-08,PL,174879,12,0.1117,16201,35,1,28408,81,15,Bangkok,
A102193,2025-04-21,CC,61256,0,0.227,0,30,3,30519,14,10,Chiang Mai,Y
A102194,2024-08-01,PL,226657,36,0.1396,8932,26,1,9000,57,23,Songkhla,N
A102195,2024-01-24,CC,72427,0,0.1257,0,35,1,110739,100,17,Songkhla,
A102196,2024-01-07,HP,214643,36,0.2353,10171,45,1,26674,43,11,Nakhon Ratchasima,
A102197,2022-12-09,PL,45029,48,0.2726,1961,44,3,13644,9,14,Rayong,
A102198,2024-04-09,HP,196666,48,0.2635,8415,20,1,23270,8,18,Phuket,Y
A102199,2022-05-05,PL,121903,36,0.1179,4583,28,9,25453,21,4,Phuket,
A102200,2025-11-05,HP,289863,60,0.1769,9104,35,3,56569,94,24,Nakhon Ratchasima,Y
A102201,2022-07-07,PL,250109,36,0.1075,9188,46,1,,60,3,Samut Prakan,
A102202,2022-08-23,PL,392930,24,0.1215,20350,49,9,38707,105,16,Rayong,
A102203,2024-10-24,PL,69914,24,0.1026,3510,55,1,44761,63,999,Bangkok,N
A102204,2023-05-15,HP,113806,36,0.1018,4126,47,2,94308,56,4,Nakhon Ratchasima,
A102205,2022-12-20,PL,97506,48,0.1209,3013,41,1,37538,131,9,Bangkok,
A102206,2022-04-01,CC,47074,0,0.2683,0,36,1,50929,81,999,Songkhla,
A102207,2023-01-03,CC,56253,0,0.2774,0,32,2,,17,18,Nonthaburi,
A102208,2023-05-30,PL,219612,36,0.096,7857,59,1,41092,102,12,Samut Prakan,
A102209,2022-12-29,PL,99553,12,0.2174,10099,36,1,24662,50,21,Ubon Ratchathani,
A102210,2024-03-08,HP,386655,36,0.2165,17716,20,9,,48,24,Ubon Ratchathani,
A102211,2023-04-29,HP,147823,48,0.192,5444,31,1,33809,101,4,Samut Prakan,
A102212,2024-10-14,HP,225596,48,0.2112,8670,54,1,,100,27,Khon Kaen,Y
A102213,2022-10-26,HP,398311,60,0.1562,11823,25,3,61073,141,999,Phuket,
A102214,2024-10-03,PL,141910,24,0.1116,7232,40,1,20942,36,12,Songkhla,Y
A102215,2024-12-05,PL,93913,12,0.1629,9100,44,1,28889,37,20,Rayong,Y
A102216,2025-05-26,PL,61157,12,0.1899,6064,36,3,,44,1,Chiang Mai,Y
A102217,2022-06-08,CC,50161,0,0.1208,0,20,3,39131,77,999,Udon Thani,
A102218,2022-08-31,HP,394246,60,0.1793,12461,33,1,36524,95,17,Chiang Mai,
A102219,2023-11-22,HP,349783,60,0.1007,8764,20,1,20681,6,21,Phuket,
A102220,2025-05-28,HP,637684,72,0.1365,16110,48,1,49370,3,6,Songkhla,N
A102221,2023-10-02,CC,23989,0,0.0,0,36,3,,80,0,Songkhla,
A102222,2024-10-25,HP,478777,60,0.2317,17224,29,3,19401,69,19,Udon Thani,Y
A102223,2025-06-23,PL,142900,24,0.1819,8120,26,2,,12,14,Phuket,N
A102224,2025-01-03,PL,268701,12,0.2138,27179,38,1,,27,4,Bangkok,Y
A102225,2023-04-14,PL,131594,36,0.1275,5053,20,1,48003,1,11,Chonburi,
A102226,2022-04-23,CC,38502,0,0.1488,0,22,3,19254,70,14,Phuket,
A102227,2024-04-16,PL,92809,12,0.2286,9502,42,1,43662,26,10,Khon Kaen,Y
A102228,2024-06-29,PL,167375,24,0.1399,8925,39,1,17130,3,16,Chiang Mai,Y
A102229,2024-06-20,HP,176604,48,0.2294,7055,33,1,37758,42,15,Nonthaburi,N
A102230,2024-03-18,PL,209674,48,0.2063,7972,52,2,,68,2,Khon Kaen,
A102231,2023-12-17,PL,171153,24,0.2194,10260,47,1,44417,22,10,Chonburi,
A102232,2024-11-14,HP,294293,60,0.1357,8232,30,1,31276,19,12,Rayong,Y
A102233,2025-07-09,PL,305993,36,0.1466,12238,46,2,,53,15,Phuket,Y
A102234,2022-10-26,PL,115036,12,0.2332,11821,48,1,32238,10,4,Chonburi,
A102235,2025-05-03,HP,484527,48,0.1989,18125,40,2,,69,2,Samut Prakan,N
A102236,2022-04-22,HP,611263,60,0.1502,17838,36,1,35309,102,8,Samut Prakan,
A102237,2025-12-11,PL,146626,24,0.2782,9508,41,2,,80,9,Songkhla,N
A102238,2022-09-10,PL,88888,36,0.2436,4273,34,2,,11,29,Samut Prakan,
A102239,2025-10-31,PL,201605,24,0.1412,10772,52,3,17705,49,13,Bangkok,Y
A102240,2022-05-14,CC,69662,0,0.1853,0,41,9,53280,11,9,Chiang Mai,
A102241,2023-09-29,PL,152622,12,0.1796,15002,21,1,27843,28,13,Nonthaburi,
A102242,2022-11-16,PL,129054,24,0.2742,8326,37,1,40674,23,6,Chiang Mai,
A102243,2024-08-14,CC,42682,0,0.1619,0,50,3,23766,69,10,Udon Thani,N
A102244,2022-08-26,PL,182957,24,0.1078,9266,34,1,15918,2,7,Phuket,
A102245,2024-08-10,PL,64762,12,0.1663,6294,32,1,38519,90,20,Samut Prakan,Y
A102246,2025-03-22,CC,24083,0,0.1278,0,27,1,26605,25,12,Nakhon Ratchasima,Y
A102247,2023-03-10,HP,229758,48,0.2663,9885,30,1,70501,54,999,Bangkok,
A102248,2022-05-30,PL,177959,24,0.2328,10867,33,1,33402,25,1,Khon Kaen,
A102249,2025-03-04,CC,45164,0,0.111,0,44,1,62472,32,15,Nonthaburi,Y
A102250,2024-06-27,CC,37715,0,0.2428,0,30,2,34600,19,0,Udon Thani,Y
A102251,2022-10-15,PL,129025,12,0.1853,12744,48,1,29490,19,22,Songkhla,
A102252,2024-03-06,HP,137900,48,0.1351,4425,47,1,42399,0,9,Phuket,
A102253,2022-02-25,PL,213631,24,0.0995,10672,23,1,22496,132,12,Chiang Mai,
A102254,2025-10-09,HP,448051,72,0.1005,9975,44,1,21759,79,15,Nonthaburi,Y
A102255,2024-04-26,HP,773161,60,0.2749,30597,22,2,31290,53,9,Songkhla,Y
A102256,2022-07-24,HP,527875,72,0.153,14062,51,3,33056,23,19,Bangkok,
A102257,2023-06-05,PL,275266,36,0.1392,10839,23,1,32971,49,20,Chiang Mai,
A102258,2024-07-23,CC,43984,0,0.1563,0,39,1,42262,127,8,Songkhla,Y
A102259,2023-01-09,PL,202937,36,0.2077,9149,35,3,65230,94,0,Samut Prakan,
A102260,2023-12-23,HP,239277,36,0.0958,8556,54,1,23708,77,7,Nakhon Ratchasima,
A102261,2024-12-23,PL,416549,24,0.2388,25645,28,1,14693,84,19,Khon Kaen,Y
A102262,2022-02-22,HP,421088,60,0.1891,13653,67,1,,12,2,Bangkok,
A102263,2022-10-13,HP,621411,48,0.2238,24535,34,2,,113,10,Ubon Ratchathani,
A102264,2023-01-22,PL,206886,24,0.1021,10380,20,2,,65,28,Chonburi,
A102265,2025-12-17,PL,45009,12,0.1652,4370,51,1,9000,17,10,Songkhla,N
A102266,2022-05-07,HP,415371,36,0.2384,19790,29,1,25660,116,5,Chiang Mai,
A102267,2025-08-15,PL,259063,36,0.207,11665,22,1,13774,81,11,Rayong,Y
A102268,2022-08-08,CC,26833,0,0.2257,0,32,1,14337,49,13,Udon Thani,
A102269,2024-04-12,CC,48787,0,0.146,0,24,1,33960,36,16,Udon Thani,N
A102270,2025-04-04,HP,394630,48,0.2474,16357,20,1,46757,87,10,Udon Thani,Y
A102271,2022-09-11,PL,73243,36,0.1991,3249,37,1,23190,24,14,Khon Kaen,
A102272,2022-05-20,PL,84867,12,0.2194,8623,20,3,19596,73,2,Phuket,
A102273,2024-04-08,PL,188222,36,0.1735,7949,37,1,45886,60,999,Nonthaburi,Y
A102274,2025-08-03,PL,157962,24,0.2369,9700,46,2,27777,32,16,Samut Prakan,Y
A102275,2025-11-30,CC,57176,0,0.2615,0,50,3,15680,60,999,Bangkok,Y
A102276,2022-05-26,HP,346808,72,0.1215,8328,59,3,25352,76,23,Samut Prakan,
A102277,2023-06-19,HP,213320,60,0.2032,7167,35,3,26960,85,18,Songkhla,
A102278,2024-05-18,PL,118727,12,0.0921,10805,31,1,20450,68,4,Chiang Mai,N
A102279,2023-04-23,HP,142219,60,0.2663,5526,38,1,19875,26,21,Khon Kaen,
A102280,2025-03-08,CC,31250,0,0.121,0,45,1,,20,4,Ubon Ratchathani,Y
A102281,2025-08-30,PL,88096,24,0.1365,4672,37,3,20522,126,3,Ubon Ratchathani,Y
A102282,2025-04-03,HP,206052,60,0.1829,6574,35,1,25435,67,0,Nonthaburi,Y
A102283,2024-05-04,HP,226600,48,0.1753,8031,31,1,22889,49,7,Samut Prakan,Y
A102284,2022-12-05,CC,33289,0,0.0,0,50,1,16044,38,1,Rayong,
A102285,2024-04-25,CC,45494,0,0.1482,0,31,1,,57,8,Ubon Ratchathani,Y
A102286,2022-09-03,CC,57839,0,0.1153,0,72,1,,103,7,Songkhla,
A102287,2022-10-16,CC,10815,0,0.0,0,29,1,30866,12,2,Ubon Ratchathani,
A102288,2025-01-26,CC,24687,0,0.2359,0,20,2,30530,106,7,Khon Kaen,Y
A102289,2023-09-06,HP,160086,48,0.2537,6719,24,2,20333,11,14,Rayong,
A102290,2024-11-26,PL,100286,24,0.2379,6166,37,2,,8,4,Chonburi,Y
A102291,2025-07-29,CC,33511,0,0.1588,0,43,2,,28,999,Nonthaburi,N
A102292,2022-05-27,PL,110317,12,0.1088,10193,27,1,16773,60,21,Khon Kaen,
A102293,2023-06-17,CC,36699,0,0.1479,0,46,1,26456,61,16,Chonburi,
A102294,2022-11-03,CC,61632,0,0.247,0,56,1,22894,163,2,Rayong,
A102295,2024-06-20,HP,590937,60,0.1183,15674,24,1,25462,53,1,Chiang Mai,N
A102296,2023-01-22,PL,92599,48,0.1835,3345,46,2,29796,78,5,Nonthaburi,
A102297,2022-10-17,CC,35706,0,0.2348,0,35,2,,13,999,Chiang Mai,
A102298,2025-06-26,CC,19053,0,0.1699,0,45,3,17523,85,8,Chonburi,Y
A102299,2022-11-13,PL,164913,48,0.2263,6545,26,1,21400,20,10,Khon Kaen,
A102300,2024-06-01,HP,198209,60,0.1662,6048,42,1,15165,1,3,Ubon Ratchathani,N
A102301,2025-06-15,HP,203520,48,0.1634,7011,46,1,11026,1,999,Chonburi,Y
A102302,2025-05-13,PL,98540,12,0.2616,10359,20,1,30100,73,11,Phuket,Y
A102303,2025-08-26,HP,193271,48,0.2604,8220,23,2,,35,2,Nakhon Ratchasima,N
A102304,2024-12-29,PL,246445,24,0.2316,15024,33,3,13582,91,3,Nonthaburi,Y
A102305,2024-01-01,HP,137683,60,0.1899,4473,41,3,66295,133,999,Nakhon Ratchasima,
A102306,2023-06-23,HP,694775,60,0.1375,19540,40,9,,117,5,Khon Kaen,
A102307,2023-10-07,CC,69557,0,0.2416,0,36,2,,78,10,Bangkok,
A102308,2023-01-23,HP,262298,36,0.2128,11937,39,2,67261,45,11,Nakhon Ratchasima,
A102309,2022-12-05,HP,388056,48,0.0915,11043,48,3,,68,9,Samut Prakan,
A102310,2023-05-20,PL,134843,24,0.1076,6827,34,2,,91,4,Songkhla,
A102311,2023-10-11,PL,134307,36,0.1762,5702,43,2,92905,135,27,Udon Thani,
A102312,2022-06-24,CC,52417,0,0.1328,0,46,2,20289,0,999,Rayong,
A102313,2022-08-06,HP,498962,60,0.2352,18095,48,1,18868,95,999,Chonburi,
A102314,2022-04-26,HP,250480,36,0.1769,10650,47,1,55038,13,16,Rayong,
A102315,2024-05-26,CC,45793,0,0.1521,0,44,1,34985,80,8,Udon Thani,Y
A102316,2023-05-21,PL,148974,48,0.1342,4769,23,1,22609,73,999,Rayong,
A102317,2024-06-29,HP,167201,60,0.209,5698,41,1,,37,15,Bangkok,N
A102318,2025-10-16,PL,95431,36,0.1748,4040,55,9,15997,68,14,Nonthaburi,N
A102319,2025-09-29,PL,169437,36,0.2089,7656,35,3,17118,134,13,Chonburi,Y
A102320,2022-08-14,CC,44736,0,0.0911,0,37,2,,25,19,Udon Thani,
A102321,2023-10-18,CC,32479,0,0.1978,0,49,2,80749,56,15,Rayong,
A102322,2022-03-30,PL,132253,48,0.1479,4385,30,1,,97,999,Udon Thani,
A102323,2024-11-19,CC,40818,0,0.1371,0,42,2,,14,8,Nonthaburi,Y
A102324,2023-03-13,HP,548389,36,0.1963,24203,27,1,,38,9,Udon Thani,
A102325,2024-05-23,CC,59190,0,0.1628,0,40,2,35310,85,29,Samut Prakan,Y
A102326,2022-12-24,HP,477524,48,0.1853,17322,20,1,26934,3,0,Songkhla,
A102327,2024-01-14,PL,153565,24,0.2147,9146,29,1,11071,21,999,Udon Thani,
A102328,2025-04-04,CC,41986,0,0.1995,0,43,2,,34,18,Chonburi,Y
A102329,2024-12-11,HP,263995,36,0.0932,9383,29,1,25908,3,13,Samut Prakan,Y
A102330,2024-03-06,PL,305415,36,0.1872,13248,30,3,28758,14,18,Nakhon Ratchasima,
A102331,2024-02-08,CC,32287,0,0.1681,0,33,9,,73,14,Nakhon Ratchasima,
A102332,2024-11-02,HP,382571,36,0.1929,16776,29,2,,23,14,Phuket,Y
A102333,2025-02-03,HP,408714,72,0.27,14872,42,3,24954,37,12,Udon Thani,Y
A102334,2025-03-03,HP,492991,48,0.2175,19206,43,1,34035,12,13,Samut Prakan,Y
A102335,2022-02-03,HP,408018,60,0.183,13022,20,1,26566,25,9,Nonthaburi,
A102336,2024-04-17,CC,33138,0,0.1956,0,37,2,,94,8,Ubon Ratchathani,Y
A102337,2025-07-11,PL,144858,36,0.0946,5165,37,1,31115,117,10,Phuket,Y
A102338,2023-07-09,PL,95096,12,0.2401,9827,30,1,49381,85,6,Samut Prakan,
A102339,2025-06-23,PL,246217,24,0.2172,14715,46,9,39788,31,15,Udon Thani,Y
A102340,2024-01-21,HP,301302,48,0.2019,11346,34,2,,38,10,Ubon Ratchathani,
A102341,2025-09-05,HP,354985,60,0.2564,13501,57,1,20214,108,14,Nonthaburi,Y
A102342,2023-01-21,PL,70347,48,0.0952,2023,22,3,50306,53,5,Udon Thani,
A102343,2024-06-01,CC,35476,0,0.1394,0,37,1,26168,63,16,Khon Kaen,Y
A102344,2024-07-20,PL,156395,48,0.1504,5218,23,1,9000,45,13,Ubon Ratchathani,Y
A102345,2022-11-20,CC,73846,0,0.0,0,39,1,28839,21,10,Bangkok,
A102346,2022-02-04,HP,324482,48,0.2471,13441,47,2,,59,11,Chonburi,
A102347,2024-08-25,PL,160667,12,0.2544,16795,30,2,,47,10,Ubon Ratchathani,Y
A102348,2022-08-24,PL,76725,12,0.1849,7575,33,1,31170,36,16,Phuket,
A102349,2022-04-10,PL,342756,48,0.1088,10248,20,1,38511,29,5,Rayong,
A102350,2023-03-11,HP,701183,72,0.0989,15517,49,1,42446,52,3,Phuket,
A102351,2022-04-08,CC,85366,0,0.0,0,45,2,36343,18,10,Phuket,
A102352,2025-05-24,HP,458627,60,0.099,11427,39,1,10678,45,7,Nakhon Ratchasima,Y
A102353,2022-02-10,HP,419653,72,0.1745,11930,50,1,15812,52,13,Udon Thani,
A102354,2025-10-09,HP,635100,36,0.2665,31746,40,1,44579,8,6,Udon Thani,Y
A102355,2023-04-01,HP,307464,48,0.0955,8852,26,1,24834,0,21,Ubon Ratchathani,
A102356,2024-01-12,PL,152244,12,0.1006,13963,24,2,83048,98,21,Rayong,
A102357,2022-09-22,CC,43418,0,0.1097,0,41,3,36100,103,5,Songkhla,
A102358,2022-04-18,HP,117224,36,0.1671,4888,42,3,32209,6,2,Bangkok,
A102359,2022-09-17,PL,291977,36,0.1538,11852,40,1,44317,132,14,Chonburi,
A102360,2023-02-10,PL,102304,48,0.2271,4067,45,2,,54,14,Chiang Mai,
A102361,2023-06-12,PL,94365,24,0.2226,5682,37,1,9000,96,3,Chiang Mai,
A102362,2025-05-02,PL,86965,36,0.1594,3570,46,1,,100,11,Khon Kaen,N
A102363,2023-07-20,HP,316329,36,0.2184,14544,36,1,34724,14,18,Nonthaburi,
A102364,2023-04-10,HP,331508,36,0.1871,14377,32,1,13652,69,999,Chonburi,
A102365,2024-12-31,HP,304057,48,0.1051,8997,21,2,57462,36,1,Nonthaburi,Y
A102366,2023-10-17,HP,380968,36,0.1918,16671,29,1,,11,19,Chonburi,
A102367,2023-03-26,PL,82537,12,0.2441,8557,37,1,39760,69,15,Udon Thani,
A102368,2025-04-24,HP,610110,72,0.2503,21199,20,2,31236,110,7,Rayong,N
A102369,2025-09-14,CC,41522,0,0.2106,0,54,2,,71,999,Songkhla,Y
A102370,2023-02-27,CC,75467,0,0.172,0,30,1,31446,4,999,Phuket,
A102371,2023-06-09,PL,41674,36,0.1304,1610,47,1,23699,5,7,Phuket,
A102372,2024-12-02,HP,244939,60,0.2464,9111,23,3,,22,16,Bangkok,Y
A102373,2025-07-04,PL,82897,24,0.1722,4643,46,1,35148,55,12,Nakhon Ratchasima,N
A102374,2022-07-04,HP,212030,48,0.2578,8972,33,1,17973,12,10,Chiang Mai,
A102375,2024-11-05,PL,173867,24,0.1236,9035,45,3,53439,81,18,Nakhon Ratchasima,Y
A102376,2025-07-07,HP,316156,60,0.2544,11971,48,2,24905,72,13,Bangkok,Y
A102377,2023-11-28,PL,129504,48,0.1307,4108,38,1,31069,20,3,Bangkok,
A102378,2023-10-07,PL,241819,48,0.2107,9283,34,2,37890,84,17,Chiang Mai,
A102379,2025-09-05,CC,70516,0,0.1727,0,39,2,,46,2,Nakhon Ratchasima,N
A102380,2024-11-15,CC,73850,0,0.2667,0,25,2,60091,146,17,Khon Kaen,Y
A102381,2023-01-03,CC,43731,0,0.2329,0,50,2,43487,121,3,Udon Thani,
A102382,2024-05-25,PL,88124,36,0.1673,3676,46,1,21390,24,11,Bangkok,Y
A102383,2023-05-11,HP,178532,72,0.1836,5211,49,1,,23,999,Udon Thani,
A102384,2023-02-24,PL,216095,36,0.1637,8950,49,2,51581,37,15,Nonthaburi,
A102385,2022-07-14,HP,451975,48,0.1233,14060,58,1,24249,57,7,Rayong,
A102386,2024-08-28,PL,91850,48,0.1226,2851,42,2,36029,0,24,Udon Thani,Y
A102387,2025-06-17,HP,239187,48,0.1908,8786,44,2,,70,14,Chiang Mai,Y
A102388,2025-04-27,CC,40638,0,0.1403,0,30,1,51317,62,17,Chonburi,Y
A102389,2024-08-31,PL,113620,36,0.2733,5743,38,1,35897,23,16,Khon Kaen,N
A102390,2023-01-15,PL,94257,48,0.1358,3030,33,1,49011,22,15,Songkhla,
A102391,2023-12-27,PL,80591,36,0.1654,3349,29,1,39261,94,14,Nonthaburi,
A102392,2024-03-30,PL,63774,24,0.2419,3942,22,3,46301,38,6,Rayong,
A102393,2023-09-13,PL,399542,24,0.1765,22524,53,2,,38,4,Samut Prakan,
A102394,2025-05-05,PL,75240,36,0.1685,3146,29,1,21163,47,25,Nakhon Ratchasima,Y
A102395,2025-01-15,CC,25737,0,0.2759,0,57,2,,72,5,Udon Thani,Y
A102396,2025-07-21,PL,197418,12,0.2534,20620,30,2,32472,54,11,Bangkok,Y
A102397,2022-07-03,PL,47148,12,0.1324,4449,40,2,35809,40,12,Ubon Ratchathani,
A102398,2025-08-29,PL,157482,12,0.1529,15130,42,2,38766,111,23,Nonthaburi,Y
A102399,2025-10-26,PL,168522,12,0.1152,15661,40,1,49125,21,27,Chiang Mai,Y
A102400,2025-05-15,CC,43076,0,0.1395,0,49,1,47098,87,12,Chiang Mai,Y
A102401,2025-08-12,HP,215197,36,0.1403,8493,20,1,22838,123,7,Chiang Mai,N
A102402,2023-09-20,HP,664795,48,0.1292,21007,41,2,,43,15,Chiang Mai,
A102403,2022-10-04,PL,96451,48,0.1018,2827,32,1,28160,84,9,Rayong,
A102404,2024-12-29,HP,170566,48,0.1583,5803,43,3,30572,47,12,Nonthaburi,Y
A102405,2023-07-24,HP,185895,48,0.2507,7756,39,1,,54,6,Songkhla,
A102406,2022-05-04,HP,170160,36,0.1648,7063,47,1,39528,117,4,Bangkok,
A102407,2025-11-25,HP,169357,36,0.2255,7886,46,1,29960,85,11,Songkhla,Y
A102408,2022-07-17,CC,30583,0,0.2453,0,33,1,26792,47,1,Nakhon Ratchasima,
A102409,2024-11-09,PL,99897,12,0.197,9964,46,1,31466,62,9,Khon Kaen,Y
A102410,2024-10-17,PL,63517,24,0.2039,3725,49,1,52507,98,999,Phuket,Y
A102411,2025-08-01,HP,227634,72,0.0943,4950,41,1,36700,12,15,Chiang Mai,Y
A102412,2023-08-14,HP,747373,60,0.2366,27191,44,3,38608,87,6,Chonburi,
A102413,2024-07-25,HP,254365,72,0.0966,5580,45,1,26249,31,8,Samut Prakan,Y
A102414,2024-01-11,PL,240353,24,0.1395,12808,53,1,45800,41,32,Phuket,
A102415,2022-07-17,CC,131743,0,0.1758,0,61,1,22021,149,6,Chonburi,
A102416,2024-12-31,HP,272793,72,0.0953,5955,23,3,67344,53,7,Ubon Ratchathani,Y
A102417,2022-03-22,PL,114670,12,0.1008,10519,59,1,,22,14,Songkhla,
A102418,2024-06-28,PL,133777,24,0.1662,7426,36,3,,14,999,Udon Thani,Y
A102419,2024-04-06,PL,259439,36,0.1198,9796,29,1,51661,134,8,Nonthaburi,Y
A102420,2025-02-07,CC,43797,0,0.1279,0,22,1,33508,8,3,Nonthaburi,N
A102421,2022-05-10,PL,26440,12,0.2194,2686,55,1,17626,8,13,Udon Thani,
A102422,2023-09-22,HP,266348,60,0.1159,7011,34,1,15032,76,13,Chonburi,
A102423,2023-04-12,CC,40350,0,0.1013,0,32,1,41210,35,4,Khon Kaen,
A102424,2025-01-20,HP,409699,72,0.1183,9729,31,3,45174,57,9,Phuket,Y
A102425,2024-08-29,CC,67589,0,0.1042,0,44,1,13958,27,6,Chonburi,Y
A102426,2022-08-06,HP,304736,36,0.2001,13546,37,1,22333,21,999,Nakhon Ratchasima,
A102427,2022-10-15,PL,141566,36,0.1347,5521,48,1,18764,65,11,Khon Kaen,
A102428,2025-12-15,PL,98610,12,0.2687,10425,26,2,26899,63,12,Rayong,Y
A102429,2025-10-19,PL,238532,12,0.1093,22050,48,1,34408,100,23,Chonburi,Y
A102430,2024-08-16,PL,95271,48,0.1859,3460,37,1,71477,157,5,Samut Prakan,N
A102431,2025-09-10,HP,485646,72,0.2112,15292,47,9,,53,4,Chiang Mai,Y
A102432,2023-12-06,HP,166168,72,0.2743,6106,30,2,95978,6,15,Samut Prakan,
A102433,2022-08-01,PL,174997,24,0.1267,9139,34,1,53387,11,999,Songkhla,
A102434,2025-07-18,CC,58616,0,0.1631,0,44,2,,102,3,Phuket,Y
A102435,2024-09-23,HP,341796,36,0.2223,15826,46,2,,11,18,Chonburi,Y
A102436,2025-01-15,HP,744537,60,0.2323,26821,42,2,109980,12,8,Bangkok,Y
A102437,2025-07-24,HP,316959,60,0.1669,9691,20,2,,27,1,Rayong,N
A102438,2022-08-11,PL,48619,12,0.1559,4683,25,1,50180,0,7,Phuket,
A102439,2023-06-16,PL,147581,12,0.2777,15713,34,2,14084,45,4,Nakhon Ratchasima,
A102440,2023-09-03,HP,456676,72,0.2605,16256,31,1,15536,13,999,Udon Thani,
A102441,2025-07-19,PL,176469,12,0.1891,17486,24,2,,134,15,Nonthaburi,Y
A102442,2022-04-07,CC,25334,0,0.2338,0,35,2,44648,11,13,Songkhla,
A102443,2022-11-16,HP,196122,60,0.2516,7380,40,2,12417,68,5,Ubon Ratchathani,
A102444,2022-04-10,CC,30734,0,0.1789,0,44,1,,19,9,Udon Thani,
A102445,2025-10-23,HP,619282,36,0.2492,30062,27,3,37616,47,21,Nonthaburi,Y
A102446,2022-08-22,HP,283832,72,0.134,7111,37,1,20924,75,999,Ubon Ratchathani,
A102447,2023-08-02,HP,173856,48,0.1236,5412,58,2,,81,7,Khon Kaen,
A102448,2025-01-30,HP,229620,36,0.1646,9527,30,1,32301,1,22,Chiang Mai,Y
A102449,2023-12-22,HP,313971,36,0.241,15027,37,2,29773,42,15,Nakhon Ratchasima,
A102450,2025-02-02,HP,727644,48,0.1515,24345,35,2,31125,45,16,Bangkok,Y
A102451,2022-06-24,PL,162937,12,0.1902,16160,40,2,14344,76,6,Samut Prakan,
A102452,2022-03-01,PL,100574,12,0.2377,10373,25,1,48963,50,13,Nonthaburi,
A102453,2024-02-23,PL,138947,24,0.1497,7522,28,2,,39,999,Chiang Mai,
A102454,2024-07-04,CC,43428,0,0.2057,0,66,1,32058,31,17,Chonburi,Y
A102455,2022-09-11,PL,200756,24,0.136,10640,23,2,33671,27,999,Nonthaburi,
A102456,2023-12-20,HP,788057,60,0.158,23510,36,9,58326,11,16,Bangkok,
A102457,2025-07-25,PL,201430,12,0.1892,19961,35,1,41479,3,11,Chonburi,N
A102458,2024-01-14,PL,147988,24,0.1319,7792,27,1,13180,2,25,Ubon Ratchathani,
A102459,2024-02-04,PL,77883,12,0.2143,7881,49,2,64516,64,5,Nakhon Ratchasima,
A102460,2025-02-25,CC,87510,0,0.215,0,20,1,18585,96,16,Nonthaburi,N
A102461,2022-01-15,HP,875122,60,0.1774,27522,20,1,,9,999,Nonthaburi,
A102462,2023-02-23,PL,79909,48,0.1668,2775,29,1,33768,22,8,Nakhon Ratchasima,
A102463,2024-12-05,PL,207491,24,0.1569,11358,33,1,57101,111,16,Udon Thani,Y
A102464,2022-12-15,HP,160236,48,0.138,5180,61,3,55285,69,16,Songkhla,
A102465,2024-09-09,PL,342604,24,0.1095,17401,42,1,,22,3,Udon Thani,N
A102466,2022-12-29,HP,227822,48,0.2484,9462,43,1,19735,55,3,Nonthaburi,
A102467,2023-06-21,PL,72936,24,0.1557,3985,41,9,54823,10,10,Samut Prakan,
A102468,2025-04-13,PL,133142,48,0.099,3872,33,2,,37,8,Chonburi,Y
A102469,2022-10-05,CC,18420,0,0.1052,0,39,3,36053,9,999,Chiang Mai,
A102470,2024-08-09,CC,53600,0,0.2465,0,34,1,29976,135,6,Songkhla,Y
A102471,2022-09-02,PL,121903,12,0.1718,11903,42,3,39776,25,27,Songkhla,
A102472,2022-01-05,HP,320110,60,0.2453,11878,27,1,33594,7,999,Songkhla,
A102473,2025-03-16,HP,370026,48,0.2327,14884,40,2,,148,1,Ubon Ratchathani,N
A102474,2024-10-06,HP,319058,48,0.2423,13089,67,2,,119,15,Udon Thani,Y
A102475,2025-09-16,HP,343157,72,0.1361,8658,38,2,43330,102,11,Ubon Ratchathani,N
A102476,2025-11-10,HP,438492,60,0.2176,15259,40,2,,10,999,Nonthaburi,N
A102477,2023-11-19,CC,29355,0,0.1539,0,41,1,52788,50,18,Ubon Ratchathani,
A102478,2025-12-09,HP,680061,60,0.1953,22402,31,1,64485,42,6,Nonthaburi,N
A102479,2022-05-07,CC,16453,0,0.2661,0,31,1,20045,34,2,Bangkok,
A102480,2025-01-01,HP,242038,36,0.2531,11828,38,2,58234,61,4,Phuket,Y
A102481,2024-04-26,PL,119250,36,0.1363,4666,26,2,26059,186,9,Nonthaburi,Y
A102482,2025-07-07,PL,148238,36,0.199,6576,49,3,19133,25,999,Chiang Mai,Y
A102483,2024-07-21,PL,54535,24,0.0917,2689,53,1,54231,109,10,Songkhla,Y
A102484,2023-10-20,PL,195834,36,0.1883,8512,24,1,,83,22,Rayong,
A102485,2022-03-12,PL,152518,12,0.2069,15339,35,2,,10,6,Ubon Ratchathani,
A102486,2023-07-21,CC,18038,0,0.2476,0,30,1,12153,40,12,Khon Kaen,
A102487,2025-01-21,HP,298878,36,0.2258,13926,46,3,41946,90,10,Songkhla,Y
A102488,2025-01-24,PL,182983,48,0.0959,5274,30,2,37582,37,999,Khon Kaen,N
A102489,2025-05-27,HP,215767,36,0.0934,7672,22,1,36884,49,3,Udon Thani,N
A102490,2024-04-14,CC,50336,0,0.1953,0,37,1,,13,7,Rayong,N
A102491,2025-03-13,HP,270214,72,0.1089,6205,34,3,26419,86,10,Phuket,N
A102492,2024-10-31,PL,102424,12,0.1102,9475,25,2,,9,8,Phuket,Y
A102493,2025-07-29,CC,36401,0,0.2397,0,47,1,29915,40,22,Bangkok,Y
A102494,2025-06-11,HP,160931,48,0.2653,6910,40,1,27643,44,11,Bangkok,Y
A102495,2022-08-19,HP,438667,72,0.1929,13144,46,3,19436,13,9,Rayong,
A102496,2023-05-16,HP,353942,48,0.2677,15269,31,1,28060,1,26,Nakhon Ratchasima,
A102497,2024-09-26,PL,226219,48,0.2323,9092,29,1,29186,23,999,Bangkok,Y
A102498,2025-08-11,CC,51973,0,0.1502,0,20,1,24175,57,2,Chiang Mai,Y
A102499,2022-11-17,PL,182065,12,0.174,17812,51,1,55806,114,13,Rayong,
A102500,2023-09-17,HP,185593,72,0.1521,4930,33,3,29480,34,999,Ubon Ratchathani,
A102501,2022-05-23,PL,69653,12,0.2729,7388,46,1,29984,122,4,Chonburi,
A102502,2023-08-24,HP,160631,36,0.2692,8065,45,2,,63,1,Khon Kaen,
A102503,2023-11-30,HP,312332,48,0.1042,9218,44,1,21245,65,2,Nakhon Ratchasima,
A102504,2023-11-13,HP,354215,72,0.0945,7709,20,2,,5,999,Chonburi,
A102505,2025-11-06,PL,62717,48,0.2735,2736,33,1,45158,35,0,Nakhon Ratchasima,Y
A102506,2025-10-20,HP,330324,60,0.0979,8200,33,1,14456,25,15,Songkhla,Y
A102507,2022-02-10,PL,178200,48,0.2508,7436,33,1,,36,12,Bangkok,
A102508,2024-08-16,PL,311528,24,0.1586,17097,30,3,,9,24,Phuket,Y
A102509,2024-12-22,HP,217127,48,0.1899,7959,42,3,30267,105,999,Chiang Mai,Y
A102510,2023-08-15,CC,14822,0,0.1875,0,31,1,20599,109,9,Ubon Ratchathani,
A102511,2024-09-15,PL,152609,36,0.1089,5624,30,1,19605,114,23,Chonburi,Y
A102512,2025-09-19,CC,46291,0,0.1786,0,20,1,28541,28,4,Samut Prakan,Y
A102513,2024-05-04,PL,166468,12,0.1013,15277,43,1,39246,81,14,Chonburi,Y
A102514,2023-12-04,HP,520863,36,0.1522,21074,51,1,23513,31,11,Udon Thani,
A102515,2025-05-25,HP,317987,36,0.1776,13539,42,1,31523,81,9,Nonthaburi,Y
A102516,2024-10-05,PL,112089,48,0.2455,4628,42,1,26870,72,999,Phuket,N
A102517,2022-03-06,HP,612628,48,0.1188,18828,30,3,35266,33,14,Bangkok,
A102518,2024-09-21,PL,131201,36,0.2456,6329,44,1,37660,136,20,Songkhla,Y
A102519,2024-09-18,HP,129913,48,0.2328,5226,42,1,18584,75,6,Samut Prakan,Y
A102520,2024-12-29,PL,91147,12,0.1196,8504,38,1,49308,55,15,Rayong,Y
A102521,2024-03-26,PL,105272,48,0.1349,3376,30,1,36393,30,5,Bangkok,
A102522,2023-08-22,PL,142140,48,0.1182,4361,32,1,32402,72,6,Khon Kaen,
A102523,2022-05-03,PL,132104,12,0.2631,13905,47,2,,28,1,Rayong,
A102524,2025-02-22,HP,274607,48,0.207,10457,31,1,44290,54,9,Chonburi,Y
A102525,2025-01-30,HP,211204,60,0.1057,5380,20,9,,72,15,Songkhla,Y
A102526,2022-03-06,PL,40291,36,0.1706,1691,29,1,20907,19,10,Phuket,
A102527,2022-05-13,CC,75129,0,0.1553,0,22,3,42043,108,7,Udon Thani,
A102528,2023-06-06,HP,328783,36,0.2379,15650,31,2,,88,8,Ubon Ratchathani,
A102529,2022-07-05,PL,61187,36,0.1106,2263,35,1,14006,36,9,Songkhla,
A102530,2025-08-03,PL,112142,36,0.139,4414,38,2,,12,11,Chonburi,Y
A102531,2022-09-21,PL,91204,12,0.1843,9001,29,3,40344,18,4,Khon Kaen,
A102532,2022-04-24,PL,150714,48,0.1758,5347,41,1,21587,77,999,Rayong,
A102533,2023-12-03,PL,229858,12,0.2139,23252,37,3,20185,6,999,Phuket,
A102534,2024-07-07,PL,36008,12,0.1632,3490,50,3,28227,38,17,Bangkok,Y
A102535,2023-04-30,CC,47839,0,0.2312,0,31,1,45868,65,7,Phuket,
A102536,2023-08-09,CC,17188,0,0.1392,0,32,1,16676,46,12,Chonburi,
A102537,2024-10-05,HP,392134,36,0.2773,19954,35,1,15476,90,9,Udon Thani,Y
A102538,2022-03-06,HP,212314,60,0.2753,8409,56,2,75310,87,12,Chonburi,
A102539,2023-11-19,CC,69408,0,0.144,0,21,1,34109,72,12,Nakhon Ratchasima,
A102540,2022-12-23,HP,470999,48,0.1322,15001,42,1,27932,86,999,Nakhon Ratchasima,
A102541,2022-05-06,PL,63749,48,0.1136,1931,36,3,25031,12,3,Nakhon Ratchasima,
A102542,2023-07-06,CC,28497,0,0.1452,0,40,2,68302,94,0,Samut Prakan,
A102543,2023-12-01,HP,440413,72,0.1355,11089,43,1,65999,87,3,Nakhon Ratchasima,
A102544,2025-04-23,PL,285512,12,0.1276,26828,43,3,26987,112,13,Udon Thani,N
A102545,2022-11-02,CC,16372,0,0.2778,0,53,3,35145,84,999,Khon Kaen,
A102546,2023-12-12,PL,98999,24,0.116,5081,21,1,,19,6,Rayong,
A102547,2024-05-04,PL,130454,12,0.1004,11962,25,1,21052,5,16,Nonthaburi,Y
A102548,2022-01-14,HP,323228,48,0.2481,13416,42,2,39198,94,0,Songkhla,
A102549,2025-10-02,PL,115900,36,0.1277,4452,20,1,25566,92,10,Songkhla,N
A102550,2025-12-26,CC,20874,0,0.1104,0,41,2,28963,58,19,Chiang Mai,N
A102551,2025-09-18,HP,220856,60,0.2137,7614,42,1,50802,130,11,Chonburi,Y
A102552,2022-10-18,HP,539193,60,0.2712,21172,37,2,,37,11,Nonthaburi,
A102553,2022-07-27,PL,99254,48,0.1756,3520,49,3,32457,1,999,Chonburi,
A102554,2023-09-12,PL,181722,36,0.1824,7810,35,3,18484,72,1,Khon Kaen,
A102555,2022-01-04,CC,129399,0,0.2006,0,44,1,29737,74,8,Phuket,
A102556,2023-02-20,CC,47180,0,0.2616,0,41,3,32184,27,999,Bangkok,
A102557,2023-02-11,PL,142132,24,0.2547,8938,47,3,40483,5,4,Udon Thani,
A102558,2024-12-20,HP,510575,60,0.2222,17963,20,3,15848,74,7,Nakhon Ratchasima,N
A102559,2023-06-05,HP,321157,60,0.1383,9053,28,2,114714,115,10,Chonburi,
A102560,2022-08-04,CC,58454,0,0.1318,0,34,1,14552,88,9,Chonburi,
A102561,2024-04-18,PL,221105,24,0.2388,13612,43,2,33856,44,2,Chonburi,Y
A102562,2022-06-30,HP,266151,48,0.0989,7738,26,1,32183,70,8,Rayong,
A102563,2022-11-17,CC,24338,0,0.1411,0,42,3,35941,103,8,Songkhla,
A102564,2025-04-07,PL,254345,24,0.2015,14868,43,3,32685,31,17,Nonthaburi,Y
A102565,2023-09-27,HP,180227,72,0.255,6332,33,1,26051,46,999,Nakhon Ratchasima,
A102566,2022-02-19,HP,163171,36,0.1727,6880,39,1,16498,39,6,Nonthaburi,
A102567,2025-07-31,CC,99450,0,0.2712,0,41,1,18385,37,13,Ubon Ratchathani,N
A102568,2022-04-06,HP,489779,60,0.163,14815,49,1,45893,19,999,Rayong,
A102569,2022-10-13,HP,191858,60,0.2094,6545,22,2,,63,999,Bangkok,
A102570,2023-07-09,PL,110203,48,0.2481,4574,30,3,53685,158,999,Songkhla,
A102571,2022-06-25,PL,107969,12,0.222,10994,28,1,28945,29,3,Rayong,
A102572,2023-07-31,HP,190977,36,0.2682,9573,29,3,29199,94,9,Songkhla,
A102573,2025-08-21,HP,507342,72,0.2274,16660,34,1,12694,117,12,Udon Thani,Y
A102574,2024-08-20,PL,120244,12,0.2518,12543,59,3,30906,79,5,Samut Prakan,Y
A102575,2024-11-02,PL,235856,48,0.2715,10249,36,1,17745,20,2,Nakhon Ratchasima,N
A102576,2023-12-08,PL,229601,24,0.2061,13510,30,2,25720,80,8,Phuket,
A102577,2025-07-30,PL,246892,48,0.1676,8591,38,1,66770,2,3,Nakhon Ratchasima,Y
A102578,2023-10-01,CC,77461,0,0.1378,0,26,3,23223,49,14,Bangkok,
A102579,2025-01-27,CC,33876,0,0.0,0,20,1,65720,45,4,Chonburi,Y
A102580,2025-08-27,PL,114550,48,0.2178,4465,27,2,,37,8,Samut Prakan,Y
A102581,2023-09-07,PL,91119,12,0.1606,8812,36,1,19078,8,19,Chiang Mai,
A102582,2023-06-29,HP,447382,36,0.2798,22858,42,1,21687,24,15,Khon Kaen,
A102583,2022-11-01,PL,111730,24,0.2567,7045,32,2,28957,117,2,Khon Kaen,
A102584,2022-09-29,PL,234640,24,0.1375,12465,41,1,38866,23,8,Bangkok,
A102585,2024-11-03,CC,76048,0,0.1741,0,20,3,13011,5,6,Nonthaburi,Y
A102586,2022-08-24,HP,107892,48,0.1926,3979,38,1,72547,87,17,Ubon Ratchathani,
A102587,2022-04-15,PL,75241,48,0.0975,2178,54,3,28817,47,14,Rayong,
A102588,2023-12-12,CC,38319,0,0.1805,0,54,2,,74,5,Samut Prakan,
A102589,2024-05-06,HP,1155515,36,0.1583,47340,32,1,20873,78,10,Phuket,Y
A102590,2023-03-06,PL,182185,36,0.1694,7632,50,1,34575,0,14,Rayong,
A102591,2025-09-20,HP,482187,60,0.141,13702,43,1,47082,85,999,Nakhon Ratchasima,Y
A102592,2025-11-10,CC,93661,0,0.1992,0,39,2,,66,10,Songkhla,Y
A102593,2024-06-22,PL,100666,24,0.2497,6289,45,1,21327,89,27,Nakhon Ratchasima,Y
A102594,2023-02-04,PL,155739,24,0.2622,9892,56,1,22746,65,4,Ubon Ratchathani,
A102595,2022-06-10,HP,241073,60,0.1219,6466,22,1,14822,124,14,Phuket,
A102596,2022-10-07,HP,218259,60,0.2343,7899,31,2,,112,6,Phuket,
A102597,2025-07-22,HP,215098,60,0.227,7653,29,9,,74,11,Chonburi,Y
A102598,2025-01-15,HP,399082,72,0.2343,13334,42,1,13795,71,16,Ubon Ratchathani,N
A102599,2025-05-20,CC,35837,0,0.1168,0,40,1,27292,42,1,Udon Thani,N
A102600,2024-06-26,PL,90308,36,0.105,3298,53,1,22810,88,9,Chiang Mai,Y
A102601,2023-04-16,CC,42565,0,0.1933,0,43,1,46368,92,999,Songkhla,
A102602,2022-02-15,CC,94233,0,0.1878,0,45,2,,23,999,Nakhon Ratchasima,
A102603,2025-12-24,CC,83584,0,0.2615,0,39,1,26272,122,18,Songkhla,N
A102604,2022-03-16,PL,193967,12,0.2502,20208,31,3,,48,1,Samut Prakan,
A102605,2025-07-25,CC,36333,0,0.2556,0,23,1,,132,15,Bangkok,Y
A102606,2023-10-13,HP,266444,72,0.1281,6544,47,1,21207,36,7,Ubon Ratchathani,
A102607,2025-12-17,HP,353553,48,0.1127,10686,45,1,34219,174,3,Rayong,N
A102608,2025-02-15,PL,354392,24,0.2282,21505,47,2,42963,32,999,Nakhon Ratchasima,Y
A102609,2025-03-31,PL,149273,48,0.1138,4525,37,1,38665,1,5,Samut Prakan,Y
A102610,2022-09-10,PL,78670,36,0.2641,3916,29,1,34881,114,5,Nonthaburi,
A102611,2025-06-25,PL,121702,24,0.1048,6133,43,1,,47,14,Nonthaburi,Y
A102612,2022-05-03,CC,32812,0,0.1041,0,28,3,17782,68,8,Songkhla,
A102613,2023-07-08,HP,514532,48,0.164,17751,30,3,12097,47,11,Udon Thani,
A102614,2025-11-18,HP,389683,36,0.1697,16335,32,1,25324,38,18,Nonthaburi,Y
A102615,2024-10-08,HP,373552,36,0.1154,13968,38,1,24378,123,1,Nonthaburi,N
A102616,2024-08-14,HP,204285,60,0.2459,7590,42,2,,27,8,Udon Thani,Y
A102617,2024-06-17,HP,171715,72,0.1186,4082,39,3,38341,86,9,Samut Prakan,Y
A102618,2022-06-08,PL,124606,12,0.0925,11344,22,1,11289,51,30,Bangkok,
A102619,2025-08-23,CC,23887,0,0.2761,0,39,1,25396,39,2,Udon Thani,Y
A102620,2025-04-25,PL,166826,36,0.1228,6341,22,1,12046,27,7,Bangkok,Y
A102621,2025-12-19,CC,98191,0,0.1236,0,42,3,33458,15,8,Khon Kaen,Y
A102622,2022-11-02,HP,107693,36,0.1806,4612,20,3,40612,19,10,Bangkok,
A102623,2025-04-16,HP,438793,48,0.1453,14454,32,3,34589,80,2,Rayong,N
A102624,2025-08-24,HP,476897,36,0.1481,19132,63,1,,52,21,Nonthaburi,N
A102625,2022-10-13,PL,96816,12,0.1262,9086,47,1,35785,37,13,Khon Kaen,
A102626,2023-09-17,HP,297144,36,0.1103,10985,39,1,27322,141,9,Chonburi,
A102627,2025-03-25,PL,127706,48,0.2527,5349,31,3,51288,0,20,Rayong,N
A102628,2024-02-14,HP,366685,48,0.0945,10526,38,1,21602,12,1,Songkhla,
A102629,2023-03-30,PL,115298,12,0.1305,10862,37,1,,67,0,Khon Kaen,
A102630,2024-06-21,HP,382819,48,0.2232,15095,48,2,16712,17,6,Ubon Ratchathani,Y
A102631,2023-08-31,PL,263087,48,0.1183,8074,50,1,26500,33,5,Bangkok,
A102632,2023-03-03,PL,197221,12,0.1934,19613,45,2,11850,68,22,Songkhla,
A102633,2025-03-30,PL,139516,48,0.236,5650,41,3,27541,34,20,Songkhla,Y
A102634,2023-08-29,CC,58979,0,0.1509,0,55,1,27528,59,7,Chiang Mai,
A102635,2023-05-23,PL,40435,24,0.1645,2239,49,3,14821,12,10,Ubon Ratchathani,
A102636,2025-10-21,PL,136458,48,0.2488,5672,38,1,77811,60,4,Songkhla,Y
A102637,2025-03-23,PL,108505,48,0.1126,3278,43,1,13587,66,4,Bangkok,Y
A102638,2023-02-26,HP,320467,60,0.1603,9622,40,2,,67,5,Phuket,
A102639,2024-03-15,PL,153706,12,0.1961,15320,49,2,,21,1,Songkhla,
A102640,2022-03-09,PL,50937,12,0.254,5322,27,2,37334,1,19,Chonburi,
A102641,2024-09-17,PL,129073,24,0.1828,7344,32,3,9000,0,8,Chiang Mai,N
A102642,2023-10-31,CC,16672,0,0.1037,0,32,1,54098,120,6,Phuket,
A102643,2025-06-15,HP,222255,72,0.1099,5122,26,3,46158,87,3,Nonthaburi,N
A102644,2025-07-12,PL,176853,36,0.2094,7998,41,1,24163,41,9,Bangkok,Y
A102645,2023-11-14,PL,219292,24,0.2173,13108,46,3,,7,999,Ubon Ratchathani,
A102646,2022-03-16,HP,667845,72,0.1284,16421,35,1,44703,42,19,Udon Thani,
A102647,2025-08-20,HP,373456,36,0.0971,13395,20,3,26383,25,4,Nonthaburi,Y
A102648,2023-09-24,HP,366474,36,0.1394,14437,32,1,,39,6,Khon Kaen,
A102649,2022-05-24,PL,135232,48,0.137,4361,37,1,16481,40,5,Nonthaburi,
A102650,2024-11-10,CC,102567,0,0.2651,0,31,1,,100,11,Chonburi,Y
A102651,2022-10-19,HP,382601,48,0.1049,11315,38,2,,27,3,Chiang Mai,
A102652,2023-09-07,PL,151384,36,0.2437,7279,39,1,41895,104,12,Phuket,
A102653,2024-09-28,HP,755370,60,0.2291,27010,24,1,35664,46,7,Khon Kaen,N
A102654,2022-06-24,PL,311955,36,0.1054,11405,40,1,,144,7,Phuket,
A102655,2023-12-03,PL,62850,12,0.2058,6315,47,3,19158,57,4,Chonburi,
A102656,2025-11-11,CC,32172,0,0.2058,0,46,1,67345,124,2,Nakhon Ratchasima,Y
A102657,2022-09-03,HP,174208,60,0.156,5168,34,3,21523,64,4,Chiang Mai,
A102658,2024-08-22,PL,83164,12,0.1811,8185,26,1,,86,7,Songkhla,Y
A102659,2025-05-06,PL,87871,24,0.2674,5619,41,2,42821,154,1,Phuket,Y
A102660,2022-05-13,PL,85748,48,0.2371,3480,32,1,29610,13,999,Udon Thani,
A102661,2025-02-18,PL,104431,48,0.1487,3469,39,1,19825,34,7,Chonburi,Y
A102662,2025-01-25,HP,179936,72,0.2672,6505,33,2,,40,19,Chiang Mai,N
A102663,2022-09-10,CC,116440,0,0.2496,0,65,1,21420,60,1,Songkhla,
A102664,2025-03-28,CC,134444,0,0.1249,0,24,1,42355,113,9,Samut Prakan,Y
A102665,2023-09-08,HP,405239,60,0.2017,13565,51,3,34980,96,12,Nakhon Ratchasima,
A102666,2024-07-10,PL,55447,12,0.1601,5360,33,2,20101,50,5,Nonthaburi,N
A102667,2023-12-07,HP,447097,72,0.232,14853,20,1,33752,38,25,Chonburi,
A102668,2025-04-19,PL,81839,36,0.157,3344,37,3,18360,35,22,Rayong,Y
A102669,2024-05-22,PL,127490,24,0.212,7564,24,2,68746,53,999,Chonburi,Y
A102670,2022-08-05,HP,179575,72,0.2126,5675,40,3,21628,57,7,Nakhon Ratchasima,
A102671,2025-01-23,PL,281447,48,0.2142,10887,44,2,,66,9,Nonthaburi,Y
A102672,2023-09-28,HP,385089,36,0.1253,14717,38,3,24630,91,999,Chiang Mai,
A102673,2023-09-18,CC,36163,0,0.2098,0,60,1,,70,1,Ubon Ratchathani,
A102674,2023-03-14,PL,121231,48,0.2173,4720,31,1,27162,17,5,Nonthaburi,
A102675,2025-01-30,PL,36800,12,0.1551,3542,34,1,38260,116,8,Khon Kaen,Y
A102676,2025-07-18,CC,81112,0,0.2438,0,42,3,29860,129,6,Udon Thani,Y
A102677,2024-11-30,CC,55467,0,0.0981,0,24,2,,65,20,Bangkok,Y
A102678,2025-01-12,PL,77012,12,0.1701,7509,45,3,18754,49,7,Nonthaburi,Y
A102679,2022-11-27,PL,80834,12,0.1258,7583,47,1,31916,7,12,Rayong,
A102680,2022-10-31,HP,505857,72,0.2741,18580,22,3,15633,86,4,Nakhon Ratchasima,
A102681,2023-09-25,CC,22094,0,0.1531,0,38,1,27971,100,2,Phuket,
A102682,2022-06-21,HP,348041,36,0.1499,14015,30,3,34593,37,999,Rayong,
A102683,2023-01-15,PL,49537,24,0.245,3075,48,3,18085,75,3,Songkhla,
A102684,2025-07-10,PL,195557,12,0.1594,18894,39,2,,24,5,Nonthaburi,Y
A102685,2024-08-24,CC,55122,0,0.162,0,44,2,,142,11,Ubon Ratchathani,Y
A102686,2023-11-22,HP,303997,72,0.1974,9222,39,2,19104,55,22,Songkhla,
A102687,2024-07-02,PL,179036,24,0.2561,11280,26,1,42539,83,7,Khon Kaen,Y
A102688,2024-05-24,HP,385848,36,0.2426,18518,47,1,38480,71,20,Rayong,Y
A102689,2023-08-20,PL,372890,36,0.2496,18114,40,1,42061,73,10,Khon Kaen,
A102690,2023-07-21,HP,126277,60,0.2459,4692,46,1,24889,6,13,Chiang Mai,
A102691,2024-11-22,HP,261200,36,0.2768,13280,47,9,16747,62,9,Chiang Mai,N
A102692,2023-08-06,HP,83606,72,0.1274,2048,43,1,,16,999,Udon Thani,
A102693,2024-07-07,CC,26737,0,0.1336,0,40,2,,31,10,Phuket,Y
A102694,2024-07-18,CC,33990,0,0.2165,0,20,2,32965,22,15,Nonthaburi,N
A102695,2023-09-11,HP,312891,60,0.1441,8972,44,1,,98,4,Nakhon Ratchasima,
A102696,2024-02-27,PL,71764,36,0.2792,3663,50,3,29446,37,4,Rayong,
A102697,2023-10-05,HP,396055,60,0.2792,15815,39,2,24135,57,9,Udon Thani,
A102698,2024-04-24,CC,8206,0,0.1915,0,46,1,,34,5,Nakhon Ratchasima,Y
A102699,2023-03-31,HP,432126,48,0.235,17465,33,1,62630,79,2,Songkhla,
A102700,2023-05-16,HP,431610,72,0.2173,13810,40,3,21738,107,10,Khon Kaen,
A102701,2025-04-07,PL,143078,24,0.0914,7051,24,1,26630,20,25,Samut Prakan,Y
A102702,2025-08-02,HP,297800,72,0.2347,9960,43,1,46372,124,14,Songkhla,N
A102703,2024-06-25,PL,108855,48,0.2315,4367,45,2,,108,11,Samut Prakan,Y
A102704,2024-03-09,PL,234035,24,0.1165,12023,42,1,24925,84,5,Nonthaburi,
A102705,2023-11-07,PL,175080,48,0.1454,5768,57,1,66224,95,18,Samut Prakan,
A102706,2022-10-25,HP,336808,48,0.1338,10772,40,9,30556,52,6,Chiang Mai,
A102707,2023-06-29,CC,59908,0,0.1389,0,44,1,50617,59,999,Ubon Ratchathani,
A102708,2023-02-01,PL,41561,48,0.2702,1801,41,1,16908,55,11,Phuket,
A102709,2024-03-03,HP,273511,36,0.274,13842,51,2,,82,4,Chiang Mai,
A102710,2024-12-27,PL,161550,48,0.096,4658,33,3,12772,34,1,Udon Thani,N
A102711,2023-05-20,HP,355935,60,0.1062,9082,26,1,22653,138,21,Udon Thani,
A102712,2025-01-05,PL,101905,48,0.1509,3404,42,1,20990,10,21,Khon Kaen,Y
A102713,2022-09-07,HP,365057,36,0.1253,13952,25,3,27187,2,0,Chiang Mai,
A102714,2023-01-16,HP,825269,60,0.11,21319,62,2,53693,63,16,Songkhla,
A102715,2024-02-26,PL,182955,12,0.1132,16972,33,1,,68,23,Phuket,
A102716,2025-12-01,CC,24188,0,0.1548,0,42,1,31854,85,999,Nonthaburi,Y
A102717,2023-02-16,HP,131363,72,0.1103,3031,34,9,24077,21,7,Phuket,
A102718,2024-08-08,PL,117974,12,0.1958,11756,32,1,10968,10,0,Phuket,Y
A102719,2024-12-11,HP,608264,48,0.155,20528,28,3,18110,88,10,Samut Prakan,Y
A102720,2023-06-30,HP,309791,72,0.0937,6721,31,3,9429,97,10,Chonburi,
A102721,2023-11-03,PL,142691,24,0.2478,8892,35,1,44175,73,11,Khon Kaen,
A102722,2024-12-03,CC,53960,0,0.0,0,31,2,22177,48,3,Nonthaburi,Y
A102723,2022-11-21,HP,670482,48,0.2194,26227,40,1,28678,83,27,Chonburi,
A102724,2023-10-30,HP,327738,60,0.2447,12145,34,3,41617,88,30,Nakhon Ratchasima,
A102725,2023-03-27,HP,338360,36,0.1098,12494,24,1,19012,77,0,Bangkok,
A102726,2024-04-18,HP,189582,72,0.2784,7031,27,1,38679,102,9,Chonburi,N
A102727,2025-09-01,HP,83465,72,0.1158,1964,48,1,35841,24,18,Samut Prakan,Y
A102728,2024-06-17,HP,315983,48,0.2302,12644,37,1,22530,70,999,Udon Thani,Y
A102729,2024-05-11,PL,163281,36,0.2063,7342,42,1,,72,14,Phuket,Y
A102730,2025-08-08,CC,37733,0,0.1248,0,56,1,25735,24,19,Udon Thani,N
A102731,2024-04-15,PL,109691,12,0.1127,10171,31,1,20041,0,5,Udon Thani,Y
A102732,2023-10-16,PL,193789,48,0.2526,8116,43,3,24807,21,13,Chiang Mai,
A102733,2022-06-18,PL,156532,48,0.1267,4913,45,3,17912,53,0,Chiang Mai,
A102734,2024-09-03,PL,78598,48,0.2271,3124,20,3,37596,79,2,Udon Thani,Y
A102735,2024-05-05,PL,126544,12,0.1323,11940,31,3,22785,65,20,Samut Prakan,Y
A102736,2023-03-02,PL,259681,12,0.2012,25994,39,1,32825,93,3,Phuket,
A102737,2023-03-12,CC,40008,0,0.174,0,31,3,16203,6,10,Bangkok,
A102738,2022-03-05,PL,93305,24,0.2186,5587,39,1,,126,9,Udon Thani,
A102739,2022-08-18,CC,51363,0,0.1678,0,56,3,32089,84,10,Songkhla,
A102740,2023-07-21,PL,110392,24,0.2586,6978,20,1,,79,8,Ubon Ratchathani,
A102741,2025-06-25,HP,709433,36,0.255,34781,25,1,59027,1,8,Nonthaburi,Y
A102742,2025-09-26,HP,211620,36,0.1686,8851,29,1,14985,6,2,Songkhla,N
A102743,2023-04-25,PL,63999,12,0.209,6447,45,1,23230,13,7,Rayong,
A102744,2025-12-27,PL,80657,12,0.1607,7801,24,1,19972,32,999,Udon Thani,Y
A102745,2023-09-08,PL,399252,12,0.211,40291,38,1,9550,66,999,Songkhla,
A102746,2022-07-06,PL,279076,12,0.1516,26781,36,9,,20,8,Nonthaburi,
A102747,2023-09-07,CC,87164,0,0.1031,0,43,3,17018,54,8,Chonburi,
A102748,2024-10-18,HP,399927,36,0.2069,18004,36,1,29790,39,11,Khon Kaen,Y
A102749,2023-08-04,HP,306773,60,0.1949,10095,29,1,29841,84,7,Khon Kaen,
A102750,2023-05-30,HP,257951,36,0.1314,9989,27,3,36634,2,14,Udon Thani,
A102751,2025-03-15,HP,292114,36,0.1493,11748,39,1,,17,5,Udon Thani,N
A102752,2022-09-01,PL,128164,24,0.24,7903,39,1,46137,96,8,Udon Thani,
A102753,2023-05-17,PL,58989,24,0.1261,3077,35,2,,76,11,Nakhon Ratchasima,
A102754,2025-06-29,PL,74535,24,0.1132,3808,22,2,27527,69,11,Ubon Ratchathani,Y
A102755,2025-01-16,CC,29038,0,0.2437,0,31,1,40849,83,13,Nonthaburi,N
A102756,2024-05-22,HP,644581,72,0.2044,19931,20,1,41198,61,5,Chonburi,Y
A102757,2024-10-22,PL,254586,12,0.1624,24660,32,1,30933,21,8,Khon Kaen,Y
A102758,2025-06-16,PL,126461,24,0.2283,7675,42,3,45907,53,10,Bangkok,Y
A102759,2024-09-05,HP,513603,48,0.2406,20997,35,1,26073,58,7,Khon Kaen,Y
A102760,2022-03-18,PL,96013,24,0.0995,4796,33,1,32790,86,10,Samut Prakan,
A102761,2025-06-02,PL,113600,36,0.0936,4041,47,1,19892,44,3,Chonburi,Y
A102762,2025-02-03,PL,108509,36,0.1278,4169,36,3,19459,130,0,Chonburi,Y
A102763,2023-11-02,PL,89906,12,0.2595,9436,33,1,20509,42,4,Songkhla,
A102764,2025-03-16,HP,394409,48,0.1539,13275,26,9,,53,9,Ubon Ratchathani,N
A102765,2023-10-16,PL,80655,12,0.254,8428,20,1,,20,16,Chiang Mai,
A102766,2023-12-26,HP,375281,60,0.2411,13794,38,2,,110,11,Ubon Ratchathani,
A102767,2024-10-31,HP,596133,60,0.1396,16870,30,1,38021,22,9,Khon Kaen,Y
A102768,2024-11-07,CC,46386,0,0.0926,0,38,1,30590,164,5,Udon Thani,Y
A102769,2024-09-24,HP,595374,72,0.1507,15745,53,1,49231,1,999,Phuket,Y
A102770,2024-03-03,PL,112702,36,0.2221,5216,44,2,,87,13,Ubon Ratchathani,
A102771,2024-06-13,PL,59183,24,0.1,2959,20,1,40580,84,999,Samut Prakan,Y
A102772,2024-01-23,PL,119160,48,0.2635,5099,42,1,23582,70,11,Songkhla,
A102773,2024-01-01,HP,391996,48,0.0994,11413,33,1,34102,23,12,Nonthaburi,
A102774,2025-10-07,PL,92557,24,0.1729,5190,47,1,22018,64,1,Nonthaburi,Y
A102775,2025-04-28,CC,64705,0,0.1676,0,31,3,24133,73,17,Khon Kaen,Y
A102776,2025-03-13,CC,45992,0,0.2351,0,38,1,19336,13,0,Phuket,Y
A102777,2023-01-22,HP,366887,60,0.2735,14476,34,1,,64,999,Udon Thani,
A102778,2022-11-18,HP,290707,36,0.2154,13293,34,1,12345,152,17,Songkhla,
A102779,2024-09-26,PL,270621,48,0.1918,9963,40,2,,7,14,Songkhla,N
A102780,2023-05-08,HP,172413,60,0.1367,4837,45,1,30069,35,2,Samut Prakan,
A102781,2023-01-20,HP,294300,36,0.1796,12579,48,1,65880,43,19,Udon Thani,
A102782,2025-05-11,CC,30049,0,0.0,0,25,1,21321,45,9,Bangkok,Y
A102783,2022-03-05,HP,419823,48,0.277,18437,28,2,19692,76,5,Phuket,
A102784,2024-02-18,HP,129743,48,0.2269,5156,62,3,33299,13,21,Nonthaburi,
A102785,2022-02-01,PL,89080,24,0.1974,5177,41,1,43629,62,5,Phuket,
A102786,2023-04-01,PL,103232,48,0.1131,3123,21,1,24912,5,10,Chiang Mai,
A102787,2025-12-15,HP,67306,72,0.147,1759,20,3,,19,16,Khon Kaen,Y
A102788,2024-08-04,HP,496904,48,0.1705,17412,26,2,51979,87,999,Songkhla,Y
A102789,2022-07-29,CC,53955,0,0.2158,0,47,3,28493,63,999,Bangkok,
A102790,2022-04-18,PL,327259,24,0.1191,16883,36,1,28254,73,19,Samut Prakan,
A102791,2022-03-13,CC,32570,0,0.2027,0,38,2,,47,0,Bangkok,
A102792,2024-03-03,HP,126918,36,0.1187,4780,45,2,56519,42,1,Samut Prakan,
A102793,2024-11-16,HP,621663,48,0.257,26265,37,1,19094,12,9,Samut Prakan,Y
A102794,2024-03-09,HP,896430,48,0.1357,28812,34,2,,35,7,Bangkok,
A102795,2025-01-18,PL,92068,12,0.2438,9542,29,1,68002,129,12,Udon Thani,Y
A102796,2025-08-30,HP,163658,60,0.1049,4158,28,1,48479,59,999,Samut Prakan,Y
A102797,2025-06-17,PL,51147,36,0.1601,2103,55,2,,0,3,Chonburi,Y
A102798,2025-03-22,PL,166637,36,0.178,7100,31,1,18813,20,3,Rayong,N
A102799,2023-02-27,PL,65348,24,0.223,3937,32,1,33241,60,15,Nonthaburi,
A102800,2025-01-23,CC,55044,0,0.1032,0,28,1,13287,1,2,Udon Thani,Y
A102801,2022-04-14,PL,118775,48,0.2435,4884,23,3,22352,100,0,Phuket,
A102802,2022-02-16,HP,505739,72,0.1773,14496,33,2,,18,13,Rayong,
A102803,2025-10-12,PL,56088,48,0.1543,1889,36,2,29039,119,17,Songkhla,N
A102804,2022-05-13,PL,178547,36,0.0971,6404,31,2,27584,124,4,Nonthaburi,
A102805,2023-12-07,PL,121995,48,0.1066,3625,33,1,26940,39,15,Chiang Mai,
A102806,2024-09-01,HP,759085,72,0.1439,19645,45,2,29393,11,6,Songkhla,Y
A102807,2022-01-11,PL,89262,12,0.2284,9137,37,1,24584,39,7,Khon Kaen,
A102808,2024-04-27,HP,360738,72,0.1527,9600,26,2,,114,19,Bangkok,Y
A102809,2022-01-05,CC,20072,0,0.258,0,48,1,31181,6,2,Songkhla,
A102810,2024-12-13,CC,52294,0,0.1015,0,20,3,39719,87,999,Chonburi,Y
A102811,2022-12-27,PL,68891,24,0.0923,3400,34,2,,136,999,Songkhla,
A102812,2025-02-17,CC,53657,0,0.1846,0,50,1,25194,198,5,Khon Kaen,Y
A102813,2025-12-16,PL,287933,24,0.1307,15133,41,1,40494,97,999,Rayong,Y
A102814,2025-05-05,HP,204489,48,0.1548,6898,57,9,,3,13,Chonburi,Y
A102815,2023-01-06,HP,300030,72,0.1566,8082,47,1,35002,39,23,Bangkok,
A102816,2022-08-02,HP,340360,60,0.2121,11688,49,2,,107,1,Rayong,
A102817,2023-07-14,PL,175547,24,0.0992,8765,45,2,,76,11,Udon Thani,
A102818,2025-06-05,PL,130542,24,0.1344,6901,49,2,,31,999,Udon Thani,Y
A102819,2023-11-26,PL,163450,36,0.2162,7485,50,3,24264,95,9,Nakhon Ratchasima,
A102820,2023-01-03,HP,153160,60,0.1931,5017,20,3,65835,77,14,Udon Thani,
A102821,2023-12-10,PL,90490,12,0.2696,9573,35,1,76560,61,999,Ubon Ratchathani,
A102822,2025-11-09,PL,88939,36,0.2642,4428,56,2,28284,100,2,Khon Kaen,Y
A102823,2024-12-27,CC,57554,0,0.2701,0,34,1,44960,51,3,Khon Kaen,N
A102824,2024-07-14,PL,186513,48,0.1252,5831,25,1,23576,111,5,Samut Prakan,N
A102825,2025-10-13,PL,72992,12,0.2539,7627,40,1,28593,148,21,Khon Kaen,Y
A102826,2022-12-07,CC,64109,0,0.0,0,42,2,,73,3,Rayong,
A102827,2022-07-27,HP,157315,60,0.1551,4655,41,3,31542,77,4,Udon Thani,
A102828,2025-08-05,PL,95500,24,0.2677,6109,34,2,,56,8,Samut Prakan,Y
A102829,2024-01-04,HP,549656,48,0.1524,18431,38,2,,45,15,Khon Kaen,
A102830,2023-06-03,CC,49036,0,0.2738,0,24,3,58248,1,0,Nonthaburi,
A102831,2024-10-30,HP,598611,48,0.2749,26184,62,1,10963,60,1,Nonthaburi,Y
A102832,2023-08-12,CC,67286,0,0.2202,0,59,2,66564,27,9,Bangkok,
A102833,2025-03-02,PL,45207,12,0.1478,4324,30,1,30770,56,18,Rayong,Y
A102834,2022-09-02,PL,119728,12,0.2734,12705,53,2,,6,10,Udon Thani,
A102835,2025-12-28,HP,261047,60,0.1342,7270,53,1,31660,57,0,Bangkok,Y
A102836,2022-04-02,HP,183194,36,0.1608,7543,27,1,13333,0,10,Samut Prakan,
A102837,2023-09-03,PL,318853,12,0.2559,33370,51,1,22891,38,3,Udon Thani,
A102838,2022-12-18,PL,367185,36,0.2794,18748,45,2,38344,25,7,Chonburi,
A102839,2025-02-10,PL,107581,12,0.139,10211,63,1,15098,66,5,Nonthaburi,N
A102840,2025-11-13,HP,192603,48,0.274,8410,57,3,20793,62,18,Chiang Mai,Y
A102841,2023-08-22,PL,111488,12,0.108,10294,37,1,45249,19,999,Rayong,
A102842,2022-02-03,PL,135867,12,0.1677,13220,37,1,11900,57,4,Khon Kaen,
A102843,2025-12-21,HP,262381,72,0.1521,6969,53,1,59000,105,26,Chonburi,Y
A102844,2024-04-03,PL,83469,12,0.1348,7893,20,1,31755,73,12,Bangkok,Y
A102845,2022-08-13,HP,296150,60,0.091,7181,20,1,27836,45,4,Bangkok,
A102846,2025-11-18,PL,151743,24,0.1095,7707,42,1,42460,73,3,Nonthaburi,Y
A102847,2023-03-11,PL,151362,24,0.241,9346,34,2,113470,57,17,Ubon Ratchathani,
A102848,2022-06-25,PL,174182,24,0.2258,10535,29,3,20974,4,1,Chiang Mai,
A102849,2025-01-02,PL,123883,36,0.1367,4852,58,1,56135,12,6,Samut Prakan,Y
A102850,2025-01-08,PL,107230,24,0.1912,6176,45,1,25583,36,19,Rayong,N
A102851,2025-11-08,CC,38293,0,0.196,0,38,2,36371,111,999,Phuket,N
A102852,2023-10-30,HP,267872,72,0.1583,7254,35,2,,21,14,Bangkok,
A102853,2023-07-27,CC,26220,0,0.1937,0,39,1,39045,106,6,Nonthaburi,
A102854,2022-05-15,PL,227198,12,0.1703,22157,56,1,37464,85,2,Rayong,
A102855,2024-09-13,HP,242412,72,0.1758,6918,72,3,24636,72,13,Samut Prakan,N
A102856,2024-07-26,CC,70590,0,0.1704,0,20,2,20011,101,5,Chiang Mai,N
A102857,2022-07-09,PL,131902,24,0.163,7287,32,2,34133,9,6,Bangkok,
A102858,2023-11-26,PL,95276,24,0.2407,5880,46,1,29611,54,1,Rayong,
A102859,2023-11-22,PL,102032,36,0.0932,3626,20,1,41916,17,19,Khon Kaen,
A102860,2023-08-21,HP,352980,72,0.2515,12300,22,1,83065,26,0,Songkhla,
A102861,2022-09-03,PL,91276,48,0.1871,3324,25,1,39116,49,999,Ubon Ratchathani,
A102862,2025-07-18,PL,197298,48,0.1692,6892,59,1,26453,14,33,Songkhla,Y
A102863,2022-12-27,PL,104871,24,0.1384,5579,27,2,26787,70,11,Nonthaburi,
A102864,2024-08-21,HP,364573,72,0.1571,9836,23,3,26695,50,0,Phuket,Y
A102865,2022-12-12,HP,244403,60,0.2314,8786,20,1,16820,74,0,Udon Thani,
A102866,2024-09-06,PL,93016,36,0.2093,4206,32,2,,96,999,Chiang Mai,Y
A102867,2022-03-10,HP,205625,36,0.1665,8564,43,3,32586,73,8,Chiang Mai,
A102868,2024-04-16,PL,92432,48,0.2396,3771,31,1,52169,64,6,Songkhla,Y
A102869,2025-12-08,HP,261764,36,0.1498,10538,46,1,36131,13,11,Bangkok,Y
A102870,2022-08-13,PL,130016,24,0.2511,8137,53,1,20000,51,5,Songkhla,
A102871,2024-10-20,PL,195659,48,0.2749,8558,46,3,10827,51,3,Rayong,Y
A102872,2023-05-02,CC,34468,0,0.2052,0,53,1,22399,63,7,Nonthaburi,
A102873,2024-04-18,CC,33826,0,0.1576,0,36,1,34756,81,4,Nonthaburi,N
A102874,2023-03-13,HP,297561,60,0.2744,11763,30,2,,53,10,Chonburi,
A102875,2024-01-24,PL,263434,24,0.1382,14010,40,3,,69,6,Udon Thani,
A102876,2025-06-23,PL,202414,24,0.2647,12898,46,2,27917,108,2,Chonburi,Y
A102877,2022-08-01,CC,92665,0,0.1484,0,35,2,43217,121,999,Songkhla,
A102878,2025-05-21,CC,28153,0,0.2647,0,33,1,27398,12,7,Bangkok,Y
A102879,2025-06-15,CC,52652,0,0.1351,0,31,1,61270,80,999,Khon Kaen,Y
A102880,2022-02-08,HP,210324,60,0.092,5117,38,1,18104,34,4,Nonthaburi,
A102881,2025-09-23,HP,217966,72,0.1125,5070,29,3,,71,20,Nonthaburi,N
A102882,2025-04-23,CC,45159,0,0.1004,0,52,3,58550,28,8,Nakhon Ratchasima,Y
A102883,2025-12-21,PL,151659,36,0.2632,7539,33,1,40480,9,6,Nakhon Ratchasima,Y
A102884,2023-08-04,PL,77448,24,0.2076,4566,45,2,19591,12,3,Khon Kaen,
A102885,2022-09-19,HP,452390,72,0.1161,10660,30,2,75137,26,14,Rayong,
A102886,2024-06-13,PL,235922,36,0.2754,11967,32,1,50655,72,14,Ubon Ratchathani,Y
A102887,2022-12-04,HP,478838,48,0.1666,16623,47,1,43784,27,6,Nonthaburi,
A102888,2025-11-22,PL,96863,12,0.0901,8799,20,3,15956,51,5,Khon Kaen,Y
A102889,2023-02-28,PL,150527,48,0.1727,5302,44,1,,76,19,Chiang Mai,
A102890,2022-10-04,PL,207125,24,0.1136,10590,40,2,,31,4,Samut Prakan,
A102891,2023-03-16,PL,42845,48,0.2056,1626,42,2,,173,3,Ubon Ratchathani,
A102892,2025-01-02,CC,58314,0,0.1161,0,24,1,29068,63,5,Rayong,N
A102893,2022-04-01,PL,88566,24,0.2429,5482,20,3,26259,27,9,Chiang Mai,
A102894,2022-12-31,HP,453268,36,0.209,20485,20,1,44037,73,15,Samut Prakan,
A102895,2024-03-22,PL,107577,24,0.1681,5989,20,1,,143,17,Khon Kaen,
A102896,2025-02-15,HP,709779,36,0.2046,31817,26,1,13094,68,1,Nakhon Ratchasima,N
A102897,2024-11-22,HP,305068,60,0.2746,12065,45,1,106821,5,2,Nonthaburi,Y
A102898,2024-07-08,PL,50004,48,0.1348,1603,32,1,20287,70,3,Udon Thani,N
A102899,2023-03-02,PL,84352,24,0.0938,4174,30,3,16072,26,9,Chonburi,
A102900,2025-02-07,HP,650690,48,0.1415,21228,20,1,36375,35,4,Khon Kaen,N
A102901,2025-09-27,HP,390673,60,0.1212,10457,43,1,35134,20,18,Ubon Ratchathani,N
A102902,2023-04-26,HP,493301,60,0.1908,16065,38,2,26620,18,5,Khon Kaen,
A102903,2023-11-28,HP,272581,48,0.1769,9697,36,2,,52,6,Samut Prakan,
A102904,2023-05-05,PL,146632,48,0.1371,4730,24,1,22406,117,0,Chiang Mai,
A102905,2024-10-19,PL,52459,12,0.2252,5356,48,2,71752,83,13,Samut Prakan,Y
A102906,2025-10-08,HP,865940,60,0.2105,29622,53,3,28866,80,7,Songkhla,N
A102907,2024-12-15,HP,300175,36,0.2115,13628,68,2,,67,20,Khon Kaen,N
A102908,2024-06-09,PL,224632,24,0.2211,13498,36,1,34551,96,999,Udon Thani,Y
A102909,2024-07-22,CC,41234,0,0.1745,0,24,1,37158,113,7,Khon Kaen,Y
A102910,2024-11-11,PL,174216,36,0.199,7728,44,1,29413,95,3,Phuket,N
A102911,2023-07-09,PL,218184,24,0.0953,10823,42,1,24939,59,0,Udon Thani,
A102912,2023-11-25,PL,135791,12,0.2591,14247,25,1,36080,52,14,Udon Thani,
A102913,2025-07-21,HP,164076,60,0.1327,4549,41,1,29294,15,7,Phuket,N
A102914,2024-01-14,HP,168339,72,0.1198,4018,46,3,27320,10,4,Chiang Mai,
A102915,2023-07-27,HP,185300,36,0.2343,8765,50,1,,48,15,Phuket,
A102916,2024-08-31,HP,122208,60,0.108,3136,34,1,22337,43,5,Nonthaburi,Y
A102917,2025-03-27,PL,79667,24,0.1562,4356,41,1,12862,28,999,Phuket,Y
A102918,2024-10-17,PL,192314,48,0.2156,7461,37,2,,17,13,Chiang Mai,Y
A102919,2022-04-15,HP,343656,72,0.1713,9678,37,3,23384,13,12,Rayong,
A102920,2025-09-19,PL,75150,24,0.1916,4331,23,2,43707,13,999,Nakhon Ratchasima,Y
A102921,2025-02-27,PL,114784,48,0.1089,3432,25,2,14992,51,3,Songkhla,N
A102922,2022-01-23,CC,21294,0,0.2479,0,35,1,18881,48,3,Udon Thani,
A102923,2022-07-25,PL,48364,24,0.1542,2636,43,1,35980,83,18,Udon Thani,
A102924,2025-06-04,PL,82905,36,0.192,3629,41,3,24746,98,15,Chonburi,N
A102925,2022-12-10,PL,107488,48,0.2485,4465,27,3,39419,47,8,Bangkok,
A102926,2024-10-24,HP,601332,48,0.2679,25952,39,2,47484,37,3,Nakhon Ratchasima,Y
A102927,2022-04-22,CC,30898,0,0.1489,0,30,1,20264,147,5,Songkhla,
A102928,2024-03-23,PL,134214,36,0.236,6367,36,2,,158,13,Rayong,
A102929,2022-06-08,HP,390662,60,0.1422,11140,40,1,13143,35,17,Samut Prakan,
A102930,2023-06-30,PL,80618,48,0.1359,2592,31,1,29606,63,14,Khon Kaen,
A102931,2024-05-27,PL,73870,36,0.144,2938,30,1,32710,65,11,Nonthaburi,Y
A102932,2022-01-14,HP,228978,48,0.2576,9685,33,3,37596,104,14,Nonthaburi,
A102933,2023-01-13,HP,347542,36,0.1475,13925,31,1,29625,9,27,Samut Prakan,
A102934,2025-01-01,PL,114247,36,0.2525,5577,30,1,24826,159,25,Songkhla,Y
A102935,2025-03-13,PL,148452,48,0.1609,5083,31,2,56100,15,3,Songkhla,Y
A102936,2022-07-09,PL,76194,48,0.2345,3076,51,3,40826,134,7,Songkhla,
A102937,2022-08-06,HP,397855,72,0.2421,13552,39,1,,22,11,Samut Prakan,
A102938,2025-05-12,CC,67442,0,0.2013,0,52,1,28126,12,5,Udon Thani,Y
A102939,2022-03-11,PL,182182,24,0.2273,11041,33,1,9000,99,3,Samut Prakan,
A102940,2025-04-22,PL,90929,48,0.1186,2793,39,2,,2,999,Rayong,Y
A102941,2025-01-28,HP,208129,36,0.2702,10467,39,1,29873,32,18,Phuket,N
A102942,2022-07-21,CC,18932,0,0.2331,0,24,1,50995,42,8,Chiang Mai,
A102943,2022-12-29,HP,583426,48,0.1523,19559,29,3,31006,19,999,Khon Kaen,
A102944,2024-05-02,CC,96114,0,0.1181,0,39,1,19419,41,3,Samut Prakan,N
A102945,2023-03-01,PL,89356,12,0.1459,8532,20,1,35597,107,16,Samut Prakan,
A102946,2025-02-07,CC,41462,0,0.1914,0,59,2,,106,999,Khon Kaen,Y
A102947,2025-11-02,PL,256953,12,0.1938,25562,39,1,20532,54,10,Chiang Mai,N
A102948,2025-05-02,PL,99431,24,0.2355,6094,31,2,,53,21,Nonthaburi,N
A102949,2024-08-24,PL,147521,48,0.1417,4815,30,2,51139,31,999,Nakhon Ratchasima,Y
A102950,2025-03-22,PL,210167,24,0.2378,12921,45,1,23070,20,19,Phuket,Y
A102951,2024-07-18,HP,515134,48,0.1471,17046,20,1,64436,19,9,Chonburi,Y
A102952,2025-09-04,PL,113463,24,0.2209,6816,31,1,24541,11,2,Nakhon Ratchasima,Y
A102953,2025-11-06,CC,76294,0,0.2335,0,40,1,15370,20,7,Nakhon Ratchasima,Y
A102954,2025-02-14,PL,197254,36,0.1826,8480,28,1,18650,38,19,Phuket,N
A102955,2024-05-21,PL,185443,12,0.2429,19207,50,1,,10,19,Khon Kaen,Y
A102956,2024-07-08,HP,594090,72,0.2314,19707,50,1,20492,41,999,Samut Prakan,Y
A102957,2024-10-19,CC,38498,0,0.2576,0,23,1,,97,7,Bangkok,Y
A102958,2022-01-06,HP,300535,60,0.1753,9399,45,1,29355,24,3,Ubon Ratchathani,
A102959,2024-09-29,PL,93736,36,0.2478,4539,20,1,19746,70,999,Rayong,Y
A102960,2022-09-18,HP,217977,48,0.1278,6862,30,1,,19,999,Udon Thani,
A102961,2022-10-17,HP,244076,72,0.1336,6107,52,2,68811,65,5,Ubon Ratchathani,
A102962,2023-01-28,HP,302356,60,0.1565,8982,37,2,42323,119,999,Bangkok,
A102963,2023-08-08,HP,446419,60,0.2467,16617,30,1,26446,139,7,Nakhon Ratchasima,
A102964,2025-11-21,HP,524746,36,0.1738,22176,36,1,35055,95,5,Samut Prakan,Y
A102965,2023-03-12,CC,109350,0,0.1622,0,46,2,20060,17,999,Khon Kaen,
A102966,2022-08-15,CC,158168,0,0.2589,0,28,1,16858,164,18,Rayong,
A102967,2022-01-07,PL,95534,12,0.275,10150,26,3,30460,76,13,Rayong,
A102968,2022-06-14,HP,268972,36,0.1784,11470,20,1,25675,70,11,Udon Thani,
A102969,2023-06-13,PL,132898,48,0.1328,4239,43,3,36506,69,23,Udon Thani,
A102970,2025-12-12,PL,115880,24,0.2682,7418,36,1,,84,0,Chiang Mai,N
A102971,2025-06-20,PL,98287,12,0.1195,9169,56,1,17878,127,15,Chonburi,Y
A102972,2023-04-18,HP,386578,48,0.1519,12947,29,1,,37,10,Rayong,
A102973,2025-03-22,HP,310908,60,0.2332,11223,26,9,21759,40,999,Khon Kaen,Y
A102974,2025-10-28,PL,143031,36,0.1068,5246,38,1,,145,999,Bangkok,Y
A102975,2025-06-08,PL,88551,36,0.155,3603,28,1,37999,105,9,Songkhla,Y
A102976,2025-12-02,PL,271070,48,0.1727,9548,38,1,25250,28,8,Chonburi,N
A102977,2025-11-23,PL,156359,48,0.2379,6357,33,2,64895,20,19,Khon Kaen,Y
A102978,2024-08-12,PL,238376,12,0.2593,25015,37,2,,97,13,Chiang Mai,N
A102979,2023-02-09,HP,295580,48,0.1445,9717,27,2,,99,13,Rayong,
A102980,2023-01-25,PL,203045,48,0.189,7428,31,1,58817,50,13,Rayong,
A102981,2022-08-31,HP,595361,60,0.2775,23690,37,1,57021,149,7,Nakhon Ratchasima,
A102982,2022-03-11,HP,630405,36,0.2771,32068,27,9,36663,23,999,Khon Kaen,
A102983,2022-04-01,PL,288776,24,0.128,15112,39,1,31284,163,27,Udon Thani,
A102984,2025-05-16,HP,369890,60,0.2183,12893,50,2,44530,20,999,Chonburi,Y
A102985,2025-02-13,CC,60267,0,0.217,0,35,1,44449,21,13,Phuket,N
A102986,2025-05-13,HP,575543,72,0.1456,14976,20,1,53062,20,0,Rayong,Y
A102987,2023-09-06,HP,274487,72,0.2454,9425,31,1,12071,84,11,Nonthaburi,
A102988,2022-12-01,CC,25076,0,0.0937,0,42,1,16200,106,999,Chiang Mai,
A102989,2023-12-20,PL,239230,24,0.255,15051,35,3,47921,86,13,Khon Kaen,
A102990,2023-01-12,PL,116620,24,0.1377,6197,38,2,,34,999,Ubon Ratchathani,
A102991,2024-07-02,PL,162605,48,0.1406,5292,36,1,14826,3,5,Songkhla,Y
A102992,2024-04-04,HP,653812,36,0.1368,25614,34,9,55572,71,13,Chiang Mai,Y
A102993,2022-03-24,PL,105221,24,0.1774,5939,24,1,36975,33,19,Songkhla,
A102994,2024-01-08,HP,353025,36,0.1657,14680,44,1,,7,20,Phuket,
A102995,2022-08-18,CC,41786,0,0.2132,0,42,3,34789,52,5,Udon Thani,
A102996,2024-09-07,CC,22723,0,0.0949,0,38,1,21560,1,2,Ubon Ratchathani,Y
A102997,2023-02-07,HP,195122,60,0.1786,6156,31,1,26727,63,4,Bangkok,
A102998,2022-01-01,HP,179304,36,0.1322,6955,49,2,,78,4,Songkhla,
A102999,2025-10-15,HP,419815,36,0.1992,18630,20,1,,26,2,Udon Thani,N
A103000,2022-12-01,CC,41072,0,0.1252,0,20,1,29585,60,19,Udon Thani,
A103001,2024-04-05,HP,344598,48,0.2036,13025,21,2,,60,15,Songkhla,Y
A103002,2023-11-21,PL,234001,24,0.2606,14831,35,3,35119,23,16,Samut Prakan,
A103003,2025-01-01,CC,89857,0,0.2735,0,59,3,21724,47,2,Ubon Ratchathani,Y
A103004,2025-11-15,PL,67037,12,0.236,6904,22,1,,40,17,Khon Kaen,N
A103005,2024-10-06,PL,169555,24,0.1057,8558,37,1,72876,4,0,Songkhla,Y
A103006,2024-06-16,PL,518425,36,0.2427,24885,31,9,,90,0,Nakhon Ratchasima,N
A103007,2022-02-01,HP,199336,48,0.1169,6094,33,1,27960,20,12,Samut Prakan,
A103008,2025-12-19,PL,76616,24,0.1191,3952,53,3,37566,71,15,Chiang Mai,Y
A103009,2023-02-17,PL,98439,48,0.1364,3169,41,2,,28,11,Songkhla,
A103010,2024-12-09,CC,55054,0,0.2491,0,28,1,,36,9,Phuket,Y
A103011,2023-11-08,PL,235104,12,0.2702,24885,49,1,39803,104,17,Songkhla,
A103012,2025-04-08,CC,70154,0,0.0,0,20,2,,42,4,Chonburi,Y
A103013,2022-09-25,HP,631735,36,0.153,25602,29,2,57960,52,15,Nakhon Ratchasima,
A103014,2025-06-25,HP,294119,72,0.2371,9896,41,1,22178,106,999,Songkhla,Y
A103015,2024-11-27,PL,94462,48,0.1343,3025,55,3,24488,66,16,Phuket,Y
A103016,2022-05-03,PL,362940,12,0.127,34086,20,1,51330,93,999,Samut Prakan,
A103017,2025-01-27,CC,27310,0,0.1495,0,34,2,51980,6,21,Bangkok,Y
A103018,2025-04-20,PL,166560,36,0.1894,7255,20,9,38384,34,15,Bangkok,Y
A103019,2022-01-08,CC,59593,0,0.1033,0,35,3,15943,26,22,Ubon Ratchathani,
A103020,2025-04-29,CC,47208,0,0.1694,0,54,1,24856,1,4,Rayong,Y
A103021,2024-12-05,HP,654168,48,0.1937,24187,32,3,14246,108,3,Nonthaburi,Y
A103022,2023-02-09,PL,253533,48,0.1481,8410,32,1,19790,86,15,Khon Kaen,
A103023,2024-07-18,PL,119823,12,0.2507,12488,34,1,,20,5,Phuket,N
A103024,2022-04-29,PL,181669,24,0.1446,9758,25,3,22395,101,8,Khon Kaen,
A103025,2022-06-17,CC,29799,0,0.2241,0,40,1,32253,66,6,Phuket,
A103026,2022-07-10,PL,131436,12,0.1724,12841,20,3,20998,39,8,Phuket,
A103027,2023-02-24,CC,37262,0,0.2534,0,38,2,,57,7,Khon Kaen,
A103028,2022-01-03,PL,72009,48,0.2614,3068,31,1,30063,87,7,Chiang Mai,
A103029,2025-09-04,HP,451108,36,0.175,19109,38,3,45132,44,6,Samut Prakan,N
A103030,2023-05-13,HP,440023,60,0.223,15510,28,1,54330,3,1,Rayong,
A103031,2022-06-14,PL,77928,36,0.1814,3342,56,1,22697,11,999,Nonthaburi,
A103032,2024-02-17,HP,391159,48,0.1427,12800,42,3,18791,46,14,Nonthaburi,
A103033,2025-04-27,HP,1106769,48,0.1605,37860,45,1,34813,156,12,Bangkok,Y
A103034,2025-10-25,HP,314510,48,0.2727,13699,39,2,27926,100,10,Ubon Ratchathani,Y
A103035,2023-05-27,HP,155801,72,0.2413,5296,33,1,,67,1,Chiang Mai,
A103036,2023-07-25,HP,200046,60,0.1707,6179,33,1,32267,153,15,Rayong,
A103037,2022-04-20,HP,380269,36,0.2417,18222,36,1,,40,17,Bangkok,
A103038,2025-05-21,CC,39905,0,0.118,0,37,2,47687,33,11,Songkhla,Y
A103039,2023-09-27,PL,359180,12,0.1964,35810,44,1,21243,4,23,Nonthaburi,
A103040,2022-03-04,PL,89820,36,0.213,4089,31,2,40433,25,18,Nonthaburi,
A103041,2025-10-30,CC,94932,0,0.1843,0,53,9,,51,9,Phuket,N
A103042,2025-02-21,HP,378406,60,0.1858,12165,24,1,42654,52,999,Udon Thani,Y
A103043,2025-10-25,PL,100700,12,0.1673,9795,25,1,16805,21,9,Chonburi,N
A103044,2025-05-14,HP,174995,48,0.1242,5456,51,1,24886,91,19,Ubon Ratchathani,Y
A103045,2023-08-26,HP,202556,72,0.1378,5139,26,3,30230,73,999,Chonburi,
A103046,2022-02-27,PL,134213,36,0.1518,5425,32,1,16112,82,0,Khon Kaen,
A103047,2024-09-30,HP,273957,48,0.2586,11611,40,1,20893,57,8,Phuket,Y
A103048,2022-11-25,PL,77271,12,0.1677,7519,22,3,19987,48,15,Ubon Ratchathani,
A103049,2024-09-14,CC,42006,0,0.1074,0,34,1,37711,42,26,Nakhon Ratchasima,Y
A103050,2023-11-15,HP,274440,60,0.2603,10527,37,2,46648,37,11,Bangkok,
A103051,2025-03-14,PL,281236,24,0.2409,17363,40,1,48910,54,11,Chonburi,Y
A103052,2023-08-30,PL,73837,12,0.1853,7293,36,3,33751,52,20,Khon Kaen,
A103053,2025-10-19,PL,129169,12,0.115,12001,56,1,25814,13,4,Ubon Ratchathani,Y
A103054,2024-10-21,HP,111639,72,0.266,4025,34,2,,58,10,Songkhla,N
A103055,2025-08-01,CC,142564,0,0.2053,0,41,3,24446,110,8,Rayong,Y
A103056,2023-02-18,HP,386316,60,0.2266,13733,41,2,67277,108,2,Rayong,
A103057,2025-10-17,CC,35007,0,0.2569,0,41,1,41613,58,3,Phuket,N
A103058,2023-08-30,CC,47817,0,0.1878,0,42,1,35621,95,16,Ubon Ratchathani,
A103059,2025-04-01,PL,122201,36,0.2462,5901,51,3,96595,26,999,Chonburi,N
A103060,2023-07-06,PL,129410,36,0.2512,6303,23,1,28619,134,4,Chonburi,
A103061,2023-01-29,PL,61636,24,0.2407,3804,32,2,76206,14,4,Udon Thani,
A103062,2025-02-16,CC,26707,0,0.1468,0,45,2,,84,5,Phuket,Y
A103063,2022-08-04,HP,418168,36,0.1511,16881,20,1,74194,27,19,Songkhla,
A103064,2022-04-28,CC,94929,0,0.1335,0,20,1,23723,110,17,Nakhon Ratchasima,
A103065,2025-05-20,PL,217702,48,0.1747,7704,25,1,63611,14,10,Ubon Ratchathani,Y
A103066,2023-04-26,HP,175666,48,0.1073,5230,46,2,28009,13,19,Udon Thani,
A103067,2025-12-12,HP,143361,48,0.1916,5275,44,3,19813,93,999,Rayong,Y
A103068,2023-10-07,PL,355986,24,0.2291,21629,24,1,9297,43,14,Khon Kaen,
A103069,2024-03-27,PL,74678,36,0.1469,2988,20,2,,96,999,Ubon Ratchathani,
A103070,2024-10-21,CC,71757,0,0.2329,0,52,2,,0,19,Samut Prakan,N
A103071,2022-08-19,HP,161074,48,0.1072,4794,28,2,,51,14,Nakhon Ratchasima,
A103072,2024-03-20,PL,98470,24,0.1228,5110,22,1,31429,6,12,Samut Prakan,
A103073,2024-11-06,PL,72779,12,0.1347,6881,33,2,,116,6,Khon Kaen,Y
A103074,2025-02-16,PL,88315,48,0.1814,3174,24,2,,27,13,Bangkok,Y
A103075,2025-04-26,PL,228012,24,0.1282,11936,25,1,58689,61,4,Rayong,Y
A103076,2025-05-15,PL,82237,24,0.2459,5111,24,1,23333,82,999,Samut Prakan,Y
A103077,2024-11-22,PL,91849,24,0.2745,5928,34,1,18793,16,0,Chiang Mai,Y
A103078,2023-05-11,HP,231412,60,0.2123,7950,45,1,25540,16,7,Ubon Ratchathani,
A103079,2024-06-03,CC,63459,0,0.2725,0,26,1,24711,59,0,Ubon Ratchathani,Y
A103080,2025-08-27,PL,51389,12,0.0937,4683,62,2,52992,55,999,Songkhla,Y
A103081,2025-01-30,PL,249930,12,0.1834,24647,37,3,16591,21,15,Nakhon Ratchasima,Y
A103082,2025-04-25,PL,88749,12,0.2653,9357,21,1,12250,22,2,Ubon Ratchathani,Y
A103083,2024-10-23,HP,184990,60,0.2111,6337,64,1,15992,99,999,Khon Kaen,Y
A103084,2022-11-19,PL,88556,12,0.2052,8893,39,2,25796,163,16,Nakhon Ratchasima,
A103085,2023-01-29,CC,45728,0,0.2715,0,37,2,,86,2,Samut Prakan,
A103086,2025-01-05,PL,41852,36,0.2212,1934,29,2,,111,17,Phuket,N
A103087,2023-03-12,PL,61154,24,0.2772,3960,48,3,36926,95,18,Khon Kaen,
A103088,2024-05-11,CC,120464,0,0.1131,0,55,1,24443,140,6,Phuket,Y
A103089,2022-03-24,PL,42520,36,0.2746,2154,26,3,48458,49,8,Phuket,
A103090,2022-08-11,CC,74396,0,0.1227,0,46,9,34468,42,21,Bangkok,
A103091,2025-10-31,PL,186762,24,0.1332,9854,47,1,28170,27,0,Samut Prakan,Y
A103092,2024-03-07,HP,393510,72,0.1113,9115,42,1,42241,22,9,Khon Kaen,
A103093,2023-09-15,HP,189759,36,0.2061,8530,45,3,36835,49,5,Nonthaburi,
A103094,2023-10-01,HP,517456,60,0.241,19016,35,3,16814,76,21,Chiang Mai,
A103095,2022-03-14,PL,226434,48,0.2184,8838,25,1,,81,17,Nakhon Ratchasima,
A103096,2022-10-04,CC,91363,0,0.1185,0,29,1,,68,9,Ubon Ratchathani,
A103097,2025-06-15,PL,131216,36,0.2799,6705,32,1,,5,999,Khon Kaen,Y
A103098,2023-09-16,PL,98991,24,0.2235,5968,40,1,52895,87,8,Songkhla,
A103099,2022-10-06,PL,202339,36,0.1172,7596,31,1,18315,111,999,Ubon Ratchathani,
A103100,2022-02-07,PL,72046,12,0.207,7246,48,2,33309,28,4,Udon Thani,
A103101,2024-11-01,PL,166798,12,0.1102,15431,20,2,53747,56,1,Bangkok,Y
A103102,2024-06-19,PL,64237,12,0.1454,6131,33,3,34092,22,999,Phuket,Y
A103103,2024-07-16,HP,521389,36,0.2173,23924,48,1,35202,131,12,Rayong,N
A103104,2024-09-19,PL,103535,24,0.1111,5272,25,3,28418,50,20,Nonthaburi,N
A103105,2024-08-05,HP,828430,72,0.1015,18513,41,1,15514,11,12,Nakhon Ratchasima,Y
A103106,2025-05-12,PL,82409,36,0.2602,4076,20,2,14812,36,2,Rayong,Y
A103107,2024-02-03,PL,112034,12,0.1081,10345,23,1,29021,3,2,Phuket,
A103108,2022-07-05,HP,227200,36,0.2446,10942,50,1,18663,26,9,Bangkok,
A103109,2024-06-04,HP,863288,48,0.1637,29761,22,2,33136,29,8,Songkhla,Y
A103110,2023-10-06,PL,187534,24,0.164,10376,20,9,,46,6,Bangkok,
A103111,2025-06-30,HP,148421,36,0.2765,7542,40,3,9000,29,7,Nonthaburi,Y
A103112,2023-11-07,PL,113886,36,0.2292,5338,36,1,28525,138,10,Phuket,
A103113,2022-04-08,PL,138038,24,0.1954,7999,28,2,,153,21,Chonburi,
A103114,2025-05-14,PL,247648,36,0.145,9871,58,2,,35,2,Chiang Mai,Y
A103115,2025-09-04,HP,452460,60,0.2022,15164,27,1,21301,35,0,Samut Prakan,N
A103116,2023-09-30,HP,386862,48,0.2436,15912,45,2,32257,43,5,Rayong,
A103117,2025-06-27,HP,517090,36,0.268,25911,32,2,25339,29,12,Rayong,Y
A103118,2025-05-31,PL,90922,48,0.1457,2998,31,1,12364,74,4,Ubon Ratchathani,N
A103119,2024-01-28,HP,374469,48,0.2699,16223,31,1,68588,47,11,Udon Thani,
A103120,2024-06-08,PL,344716,48,0.1717,12113,32,1,25877,50,1,Khon Kaen,Y
A103121,2025-10-06,HP,338516,36,0.1488,13600,44,9,,113,7,Bangkok,N
A103122,2024-04-20,PL,33886,48,0.2082,1293,67,1,16589,73,6,Chiang Mai,Y
A103123,2024-05-03,HP,550115,36,0.1188,20727,20,1,33352,28,4,Samut Prakan,Y
A103124,2025-09-20,HP,356671,36,0.1563,14553,43,1,14565,11,12,Phuket,Y
A103125,2024-01-27,HP,172503,72,0.2769,6376,43,1,27336,58,4,Chonburi,
A103126,2024-07-04,PL,85960,12,0.1436,8191,42,1,45720,7,4,Nakhon Ratchasima,N
A103127,2023-03-28,PL,109575,24,0.1395,5839,49,2,87641,22,8,Chonburi,
A103128,2023-01-27,HP,138795,72,0.1053,3145,50,1,20448,36,1,Phuket,
A103129,2022-01-01,HP,671746,48,0.2286,26791,36,1,28193,75,999,Rayong,
A103130,2024-12-28,CC,51398,0,0.175,0,29,9,,28,999,Nakhon Ratchasima,Y
A103131,2023-05-12,CC,34858,0,0.268,0,27,1,29701,148,3,Songkhla,
A103132,2025-12-14,PL,54352,12,0.2379,5606,20,1,85805,56,14,Chonburi,Y
A103133,2025-03-14,PL,234181,36,0.2035,10476,47,2,,120,7,Chonburi,Y
A103134,2022-11-28,PL,260177,36,0.0999,9393,42,3,,66,1,Nakhon Ratchasima,
A103135,2025-03-19,PL,134915,24,0.2223,8120,35,1,,61,999,Chonburi,Y
A103136,2022-07-28,PL,251933,36,0.1592,10340,24,1,50759,44,17,Bangkok,
A103137,2022-07-08,PL,83671,36,0.2192,3852,40,1,39531,161,6,Udon Thani,
A103138,2023-11-02,CC,59483,0,0.2298,0,36,1,25472,61,27,Nonthaburi,
A103139,2025-06-24,PL,69426,12,0.2698,7346,39,1,19017,42,7,Samut Prakan,N
A103140,2025-01-21,PL,107683,12,0.1371,10203,28,1,15570,122,7,Rayong,Y
A103141,2022-06-08,PL,177125,36,0.181,7591,30,3,27415,92,1,Khon Kaen,
A103142,2024-08-01,PL,114213,12,0.1326,10779,34,9,,116,999,Ubon Ratchathani,Y
A103143,2022-02-17,PL,132395,36,0.1889,5761,38,1,20032,21,16,Songkhla,
A103144,2022-06-23,PL,238997,48,0.2669,10294,35,1,19796,80,14,Khon Kaen,
A103145,2022-01-12,PL,101779,12,0.1554,9799,44,2,,11,4,Nakhon Ratchasima,
A103146,2022-01-24,HP,229355,72,0.1392,5846,30,2,,146,6,Songkhla,
A103147,2025-06-06,CC,41574,0,0.2695,0,56,1,,27,23,Rayong,Y
A103148,2023-02-23,PL,116784,36,0.1036,4252,31,1,16821,26,8,Ubon Ratchathani,
A103149,2023-10-06,HP,317148,72,0.2467,10924,23,1,69062,29,17,Chonburi,
A103150,2022-07-09,HP,238948,72,0.1339,5984,37,3,26666,37,12,Nakhon Ratchasima,
A103151,2024-05-18,PL,104458,36,0.142,4137,43,1,33345,10,3,Rayong,N
A103152,2022-03-11,CC,54531,0,0.1241,0,45,1,40889,75,23,Bangkok,
A103153,2025-10-11,CC,48635,0,0.0,0,27,3,27936,99,8,Ubon Ratchathani,N
A103154,2023-07-17,HP,575417,72,0.1997,17567,53,1,41543,27,19,Bangkok,
A103155,2024-03-07,PL,74092,48,0.2258,2937,22,2,118004,9,17,Udon Thani,
A103156,2023-03-29,HP,638768,48,0.2276,25422,37,1,27404,75,2,Samut Prakan,
A103157,2024-11-11,HP,226907,48,0.1581,7716,37,1,,103,10,Chiang Mai,Y
A103158,2023-03-05,CC,49138,0,0.1715,0,50,1,24646,28,999,Songkhla,
A103159,2024-02-27,PL,56877,36,0.1923,2491,29,2,,4,2,Nakhon Ratchasima,
A103160,2025-12-08,HP,820550,48,0.227,32616,26,1,39940,42,999,Chonburi,N
A103161,2023-01-15,HP,974955,48,0.2538,40931,39,3,24027,30,14,Chiang Mai,
A103162,2024-02-03,CC,89067,0,0.2291,0,20,2,28293,28,13,Udon Thani,
A103163,2025-11-12,PL,150357,48,0.229,6001,20,3,41571,17,11,Phuket,N
A103164,2022-03-19,HP,864628,48,0.2242,34167,35,2,,52,22,Nakhon Ratchasima,
A103165,2024-12-22,PL,126451,24,0.2221,7609,30,1,47756,136,8,Khon Kaen,Y
A103166,2023-01-09,CC,52439,0,0.2583,0,26,1,33609,89,8,Samut Prakan,
A103167,2024-12-30,HP,554627,36,0.2652,27663,36,1,43868,65,6,Khon Kaen,Y
A103168,2025-12-27,PL,95843,48,0.1375,3094,48,2,,86,11,Nonthaburi,Y
A103169,2023-01-02,PL,33645,36,0.1862,1456,49,2,,4,10,Nakhon Ratchasima,
A103170,2024-04-28,PL,82359,24,0.1884,4724,35,2,,107,999,Khon Kaen,Y
A103171,2023-04-19,HP,126888,48,0.1079,3784,20,1,33223,64,0,Songkhla,
A103172,2022-05-01,PL,86375,36,0.1947,3800,44,1,22140,111,9,Rayong,
A103173,2023-12-31,CC,23309,0,0.2373,0,44,2,,150,15,Chiang Mai,
A103174,2022-07-19,HP,393626,48,0.26,16729,38,2,,44,1,Khon Kaen,
A103175,2023-07-03,HP,658636,36,0.1917,28817,35,3,,1,6,Bangkok,
A103176,2024-10-03,PL,68428,24,0.1257,3567,64,2,9721,79,6,Chiang Mai,Y
A103177,2023-07-04,HP,156717,60,0.2496,5871,34,1,23981,150,0,Samut Prakan,
A103178,2024-07-30,HP,214350,60,0.0944,5258,44,1,13028,14,5,Nakhon Ratchasima,Y
A103179,2024-06-07,CC,76480,0,0.1639,0,30,1,37403,26,14,Udon Thani,N
A103180,2025-07-04,PL,89600,36,0.2628,4451,43,2,,160,0,Ubon Ratchathani,N
A103181,2022-11-20,PL,122406,48,0.2797,5403,22,3,14377,5,9,Phuket,
A103182,2022-09-13,HP,539465,60,0.2567,20531,42,1,22633,1,15,Chiang Mai,
A103183,2022-01-06,CC,61385,0,0.2482,0,33,1,27352,44,25,Chonburi,
A103184,2024-06-12,PL,207363,24,0.1569,11351,21,3,34120,81,14,Songkhla,N
A103185,2024-05-22,CC,115753,0,0.1528,0,47,1,28155,42,15,Songkhla,N
A103186,2022-04-22,HP,464224,36,0.1204,17552,32,1,15428,34,5,Phuket,
A103187,2023-07-29,HP,238415,36,0.2341,11273,61,1,15367,11,4,Nonthaburi,
A103188,2025-01-27,PL,154178,48,0.1374,4977,30,1,60709,6,21,Phuket,Y
A103189,2025-03-05,HP,324582,60,0.0933,7933,39,2,,118,999,Nakhon Ratchasima,Y
A103190,2025-01-15,PL,105543,12,0.2055,10602,44,1,22978,51,2,Samut Prakan,Y
A103191,2024-09-15,HP,337917,48,0.1464,11162,46,3,24796,37,999,Ubon Ratchathani,Y
A103192,2023-05-11,CC,37055,0,0.2716,0,34,2,,57,7,Samut Prakan,
A103193,2022-08-25,HP,256678,72,0.2609,9145,33,1,63651,67,19,Chiang Mai,
A103194,2024-05-29,PL,111497,36,0.161,4593,50,1,56728,14,10,Ubon Ratchathani,Y
A103195,2024-10-31,HP,1470735,60,0.1131,38373,51,3,21357,99,0,Songkhla,Y
A103196,2024-12-21,HP,268959,60,0.1477,7793,29,2,,140,999,Chonburi,N
A103197,2025-03-05,PL,108388,24,0.134,5726,32,3,52863,87,9,Bangkok,Y
A103198,2024-06-15,CC,58662,0,0.1691,0,35,1,51811,64,19,Nonthaburi,N
A103199,2024-09-11,PL,46872,48,0.1533,1575,20,1,27268,91,23,Nonthaburi,Y
A103200,2022-06-26,PL,154887,36,0.1778,6597,32,2,69057,43,10,Bangkok,
A103201,2022-12-25,PL,188440,36,0.137,7385,50,3,27554,54,2,Phuket,
A103202,2025-10-16,HP,511341,36,0.2735,25858,40,1,23027,94,0,Ubon Ratchathani,Y
A103203,2024-04-03,HP,482289,72,0.1349,12120,24,1,65895,9,16,Khon Kaen,Y
A103204,2025-07-08,PL,139877,36,0.2291,6555,53,2,,70,6,Phuket,Y
A103205,2025-02-01,CC,73444,0,0.1445,0,42,1,40855,64,8,Khon Kaen,Y
A103206,2024-10-14,HP,448126,48,0.2479,18593,59,1,47677,49,5,Ubon Ratchathani,N
A103207,2023-04-21,CC,94702,0,0.228,0,42,1,88695,63,30,Udon Thani,
A103208,2022-04-15,PL,96437,48,0.2132,3722,28,1,33106,80,15,Bangkok,
A103209,2023-03-13,HP,289317,72,0.1173,6846,46,2,,83,20,Nonthaburi,
A103210,2025-10-25,HP,626730,48,0.1818,22551,42,2,,153,8,Nonthaburi,Y
A103211,2024-05-24,HP,120727,72,0.173,3417,46,3,32122,4,8,Nakhon Ratchasima,Y
A103212,2024-08-07,PL,164613,48,0.1957,6114,47,1,47964,61,18,Samut Prakan,N
A103213,2025-04-01,PL,247779,12,0.1022,22758,20,1,19023,73,12,Samut Prakan,Y
A103214,2023-10-14,HP,624159,36,0.1335,24281,47,1,23198,3,10,Samut Prakan,
A103215,2023-10-30,PL,100833,48,0.1169,3082,33,2,,17,12,Phuket,
A103216,2022-03-23,PL,127382,12,0.1501,12208,25,2,,12,17,Songkhla,
A103217,2023-11-03,HP,160160,36,0.1507,6460,31,1,53717,53,15,Samut Prakan,
A103218,2025-05-26,CC,74014,0,0.1115,0,20,1,,41,9,Udon Thani,N
A103219,2025-05-11,PL,87465,48,0.2643,3748,41,9,23404,58,3,Samut Prakan,Y
A103220,2025-02-03,CC,36845,0,0.267,0,34,1,21519,119,999,Khon Kaen,Y
A103221,2024-06-09,CC,84425,0,0.1913,0,55,1,30192,55,6,Phuket,Y
A103222,2024-10-21,HP,693033,36,0.1118,25707,57,1,23141,100,17,Bangkok,Y
A103223,2023-04-12,PL,330684,36,0.1531,13404,29,1,18764,101,999,Nonthaburi,
A103224,2023-05-02,PL,26331,24,0.2572,1661,46,1,19110,89,12,Udon Thani,
A103225,2023-08-31,HP,252545,48,0.1191,7767,40,2,,99,2,Songkhla,
A103226,2025-04-14,HP,304051,60,0.0983,7558,34,2,,12,7,Chonburi,Y
A103227,2024-04-04,PL,86148,36,0.131,3333,59,3,26542,93,9,Udon Thani,Y
A103228,2023-02-06,CC,53113,0,0.2083,0,26,3,28203,25,15,Chiang Mai,
A103229,2025-04-08,PL,115376,12,0.231,11835,32,1,22950,34,2,Chonburi,Y
A103230,2023-08-31,HP,521817,60,0.0938,12775,37,2,,26,16,Udon Thani,
A103231,2025-05-14,CC,34727,0,0.187,0,45,1,32738,98,2,Chonburi,Y
A103232,2022-01-11,CC,32282,0,0.1712,0,42,3,78278,24,999,Samut Prakan,
A103233,2022-04-23,CC,50783,0,0.1538,0,34,2,,25,19,Chiang Mai,
A103234,2023-09-24,PL,160050,24,0.2561,10084,37,3,18193,56,999,Chiang Mai,
A103235,2023-01-15,PL,146445,12,0.215,14827,44,1,39314,55,5,Rayong,
A103236,2024-03-02,HP,601932,36,0.2777,30650,38,1,9000,21,3,Bangkok,
A103237,2023-03-28,HP,238547,60,0.0927,5818,25,9,,22,2,Nonthaburi,
A103238,2024-09-13,PL,209108,48,0.1016,6126,20,2,,10,2,Chonburi,N
A103239,2022-09-07,PL,131223,24,0.1983,7636,32,2,49568,6,16,Ubon Ratchathani,
A103240,2023-06-07,PL,149229,48,0.2661,6418,47,2,,5,999,Rayong,
A103241,2024-03-04,HP,389454,72,0.255,13684,40,2,127793,59,6,Rayong,
A103242,2025-02-13,PL,149218,24,0.1301,7835,52,3,35111,34,17,Samut Prakan,Y
A103243,2025-02-21,CC,54388,0,0.2466,0,29,1,41610,18,10,Songkhla,N
A103244,2023-06-02,PL,82557,12,0.2612,8676,30,3,22000,12,10,Phuket,
A103245,2025-09-08,CC,25593,0,0.1631,0,43,2,58014,120,5,Khon Kaen,Y
A103246,2025-05-15,HP,123399,60,0.2206,4325,34,2,,92,0,Samut Prakan,Y
A103247,2022-03-08,PL,60132,24,0.2081,3548,32,2,,69,999,Rayong,
A103248,2022-08-07,CC,36710,0,0.1986,0,40,1,21206,2,7,Songkhla,
A103249,2024-09-03,CC,63720,0,0.2346,0,44,1,18641,111,14,Nakhon Ratchasima,Y
A103250,2025-07-29,PL,78233,24,0.1364,4148,40,1,26111,12,9,Songkhla,Y
A103251,2023-11-09,HP,103426,60,0.1645,3141,20,1,28794,118,999,Khon Kaen,
A103252,2025-04-21,HP,455754,60,0.2474,16992,51,2,45057,34,10,Chonburi,Y
A103253,2023-06-23,CC,32313,0,0.1596,0,20,1,22560,81,1,Bangkok,
A103254,2024-11-07,CC,69814,0,0.1675,0,33,2,,48,14,Samut Prakan,N
A103255,2025-09-14,HP,302944,36,0.1343,11805,20,1,24914,86,6,Samut Prakan,N
A103256,2025-11-15,PL,86312,48,0.1374,2786,45,1,27461,38,2,Khon Kaen,N
A103257,2023-09-20,PL,77567,12,0.2614,8153,34,1,27131,90,6,Chiang Mai,
A103258,2023-10-01,HP,1021705,60,0.2631,39429,52,1,26806,56,18,Bangkok,
A103259,2025-06-24,CC,90483,0,0.1011,0,44,1,34995,56,4,Songkhla,Y
A103260,2025-03-04,HP,372110,48,0.1096,11150,33,3,,97,6,Nakhon Ratchasima,Y
A103261,2025-06-24,CC,29253,0,0.0,0,49,1,45523,40,9,Udon Thani,Y
A103262,2025-07-19,HP,190290,72,0.1971,5768,32,1,31143,69,8,Phuket,N
A103263,2024-05-09,HP,367564,60,0.095,9035,30,2,20877,3,999,Udon Thani,N
A103264,2022-11-20,PL,168732,48,0.0959,4863,52,9,34058,110,4,Khon Kaen,
A103265,2025-07-17,CC,37347,0,0.1051,0,25,3,19905,59,999,Khon Kaen,Y
A103266,2023-08-13,HP,119031,60,0.1201,3175,33,1,,10,19,Ubon Ratchathani,
A103267,2022-08-17,PL,57639,36,0.1326,2237,34,2,,93,10,Udon Thani,
A103268,2023-09-25,PL,215356,36,0.1223,8176,35,1,37496,110,6,Nakhon Ratchasima,
A103269,2024-04-11,HP,415028,48,0.272,18053,35,2,,78,10,Udon Thani,N
A103270,2023-11-06,CC,46390,0,0.1265,0,26,1,15494,70,1,Khon Kaen,
A103271,2023-12-21,HP,617512,48,0.2792,27232,36,1,30835,62,999,Nakhon Ratchasima,
A103272,2022-06-21,HP,669888,48,0.1663,23239,32,3,101410,107,0,Khon Kaen,
A103273,2024-10-01,PL,125634,36,0.1249,4797,33,2,102643,2,13,Chonburi,Y
A103274,2022-09-27,HP,201325,36,0.1646,8353,43,1,43537,64,6,Bangkok,
A103275,2025-05-19,CC,63952,0,0.0,0,40,3,62310,29,3,Ubon Ratchathani,Y
A103276,2022-09-07,CC,46366,0,0.1826,0,32,2,84419,18,999,Phuket,
A103277,2022-03-06,CC,62453,0,0.2585,0,22,2,,57,8,Chonburi,
A103278,2025-11-14,HP,285578,48,0.1705,10007,25,1,16653,37,8,Samut Prakan,Y
A103279,2023-01-23,CC,34282,0,0.2716,0,35,1,51241,3,4,Udon Thani,
A103280,2025-06-23,PL,76807,36,0.2774,3909,43,2,34339,45,6,Nakhon Ratchasima,Y
A103281,2024-10-14,HP,206252,36,0.1219,7824,21,1,22744,16,13,Chiang Mai,N
A103282,2024-10-23,PL,260391,12,0.2054,26156,54,1,17193,2,3,Khon Kaen,Y
A103283,2024-06-20,CC,38234,0,0.1436,0,52,1,51189,22,5,Bangkok,Y
A103284,2022-08-13,PL,197255,48,0.2247,7803,34,1,37788,8,14,Songkhla,
A103285,2024-04-06,PL,116610,48,0.1556,3941,36,3,27409,0,10,Bangkok,Y
A103286,2024-12-11,HP,208843,36,0.1712,8780,45,1,15818,98,1,Khon Kaen,Y
A103287,2025-12-17,PL,74743,12,0.1802,7350,28,2,,54,6,Chonburi,Y
A103288,2024-10-06,HP,369539,72,0.1015,8258,52,9,,6,20,Bangkok,Y
A103289,2024-03-07,HP,242788,72,0.1161,5721,51,2,37489,9,9,Bangkok,
A103290,2024-11-11,PL,138078,12,0.1087,12757,31,1,38738,98,4,Songkhla,N
A103291,2022-08-12,PL,295904,12,0.2454,30709,35,2,14324,49,12,Bangkok,
A103292,2023-07-07,PL,92172,24,0.2328,5628,38,1,22728,23,13,Bangkok,
A103293,2025-04-24,CC,14593,0,0.1595,0,27,1,,25,27,Nakhon Ratchasima,N
A103294,2023-01-31,PL,291112,12,0.2527,30389,20,2,52451,34,7,Chonburi,
A103295,2023-06-24,PL,47088,48,0.2551,1982,39,3,17187,50,19,Khon Kaen,
A103296,2024-07-16,HP,251017,48,0.2468,10392,38,1,43149,40,999,Bangkok,Y
A103297,2025-09-25,HP,129982,72,0.1982,3952,39,1,18323,155,7,Nonthaburi,Y
A103298,2023-09-28,PL,273172,48,0.0956,7867,22,9,,11,10,Ubon Ratchathani,
A103299,2024-08-09,PL,70957,36,0.2561,3485,33,1,21121,21,12,Samut Prakan,Y
A103300,2025-02-21,HP,465723,72,0.1311,11556,43,1,27344,91,12,Khon Kaen,N
A103301,2022-05-10,CC,59623,0,0.1178,0,21,1,,72,13,Ubon Ratchathani,
A103302,2025-10-18,PL,224740,36,0.2184,10333,29,1,19198,124,1,Nakhon Ratchasima,Y
A103303,2025-12-12,PL,176243,24,0.2477,10981,39,1,71660,89,999,Chonburi,Y
A103304,2022-02-16,HP,283351,36,0.1014,10265,29,2,24777,15,14,Chiang Mai,
A103305,2023-05-06,HP,295861,72,0.1848,8665,51,2,,108,10,Ubon Ratchathani,
A103306,2023-02-15,HP,236949,48,0.2394,9663,22,1,26465,14,13,Bangkok,
A103307,2023-11-26,PL,110089,36,0.2114,4997,34,1,22140,78,18,Rayong,
A103308,2025-12-14,PL,46294,12,0.1329,4370,43,1,14811,15,7,Chonburi,N
A103309,2024-03-16,HP,382720,72,0.1106,8842,33,2,,118,27,Phuket,
A103310,2022-11-01,HP,389576,48,0.1803,13969,37,2,65478,67,1,Udon Thani,
A103311,2025-10-18,PL,103416,24,0.1352,5474,39,1,32619,69,23,Songkhla,Y
A103312,2025-05-19,HP,533500,60,0.1408,15151,50,3,44901,135,20,Samut Prakan,N
A103313,2022-08-26,HP,551971,72,0.1667,15334,69,2,,1,16,Nakhon Ratchasima,
A103314,2024-09-13,PL,65433,36,0.1146,2442,23,1,29635,59,999,Khon Kaen,Y
A103315,2024-12-14,HP,211061,48,0.1891,7723,34,1,21472,59,999,Khon Kaen,Y
A103316,2023-08-27,PL,117542,24,0.1954,6811,32,1,21880,25,1,Udon Thani,
A103317,2023-12-04,PL,156451,48,0.1275,4921,20,2,,117,13,Ubon Ratchathani,
A103318,2022-04-10,HP,405049,48,0.2607,17238,54,1,28162,39,15,Khon Kaen,
A103319,2024-07-16,PL,325556,24,0.1842,18562,20,1,42571,58,17,Samut Prakan,Y
A103320,2024-03-18,PL,76994,12,0.1188,7178,33,1,30878,31,15,Nonthaburi,
A103321,2025-11-15,CC,12679,0,0.2288,0,44,3,,22,999,Nakhon Ratchasima,N
A103322,2023-02-20,CC,39917,0,0.1547,0,55,1,25532,119,999,Ubon Ratchathani,
A103323,2022-02-05,HP,290519,72,0.0935,6298,27,3,40054,68,14,Nonthaburi,
A103324,2022-08-26,PL,95993,24,0.174,5391,55,2,40350,98,9,Songkhla,
A103325,2024-05-30,PL,102536,48,0.1657,3552,37,1,23925,56,12,Songkhla,N
A103326,2024-06-15,HP,178986,48,0.2395,7301,45,1,,84,8,Bangkok,Y
A103327,2025-11-26,HP,687922,36,0.1089,25351,42,2,37202,44,6,Chonburi,Y
A103328,2025-08-18,HP,523322,72,0.1115,12130,25,1,29114,77,11,Udon Thani,Y
A103329,2025-10-19,PL,138395,36,0.1773,5889,20,1,11951,17,0,Khon Kaen,Y
A103330,2022-05-20,PL,122432,48,0.2718,5323,33,1,35055,84,0,Chonburi,
A103331,2025-11-24,CC,19772,0,0.1524,0,30,1,36490,69,6,Phuket,N
A103332,2022-02-02,PL,80579,48,0.094,2309,51,3,13396,4,10,Chiang Mai,
A103333,2022-05-26,PL,115968,48,0.1673,4032,46,1,32032,48,11,Khon Kaen,
A103334,2022-02-17,PL,260068,12,0.1371,24643,27,2,,18,3,Nonthaburi,
A103335,2023-01-20,CC,59029,0,0.2585,0,20,2,,17,17,Rayong,
A103336,2025-12-30,PL,167672,12,0.2125,16941,48,2,,75,11,Songkhla,Y
A103337,2025-10-13,PL,88267,12,0.1198,8236,32,1,20204,28,6,Khon Kaen,Y
A103338,2024-10-29,HP,400527,60,0.1358,11208,48,2,38179,61,8,Udon Thani,Y
A103339,2023-10-07,HP,268501,72,0.1813,7785,20,2,,37,15,Ubon Ratchathani,
A103340,2022-01-06,PL,206620,48,0.0919,5886,49,3,14298,52,9,Udon Thani,
A103341,2022-09-23,PL,74456,12,0.2344,7659,24,1,32695,5,19,Rayong,
A103342,2025-08-01,HP,227086,60,0.194,7455,51,1,45117,95,999,Udon Thani,Y
A103343,2025-04-04,PL,92284,48,0.2551,3884,41,1,17214,22,11,Chonburi,Y
A103344,2024-07-14,HP,261936,48,0.1407,8528,48,1,29748,34,12,Khon Kaen,Y
A103345,2022-06-29,HP,768790,60,0.1648,23371,21,1,35146,110,14,Nonthaburi,
A103346,2022-02-20,PL,765274,48,0.2013,28780,25,3,34157,4,12,Chonburi,
A103347,2023-05-28,PL,139123,48,0.1141,4221,50,1,13514,112,12,Nonthaburi,
A103348,2025-02-27,HP,738280,60,0.1261,20062,53,2,,74,10,Nakhon Ratchasima,N
A103349,2022-09-18,PL,101005,48,0.105,2988,55,1,,10,10,Chiang Mai,
A103350,2025-09-03,PL,66504,24,0.2703,4269,20,1,25139,28,11,Chonburi,N
A103351,2025-09-14,CC,44380,0,0.1644,0,26,2,,84,1,Khon Kaen,N
A103352,2023-02-26,PL,156930,36,0.2281,7342,39,2,52946,40,9,Ubon Ratchathani,
A103353,2023-08-01,PL,32133,48,0.1921,1183,28,2,34304,158,11,Khon Kaen,
A103354,2022-12-12,HP,520368,36,0.2156,23803,40,1,26100,73,4,Phuket,
A103355,2023-01-29,PL,55799,24,0.2159,3328,32,2,20883,35,19,Ubon Ratchathani,
A103356,2022-05-28,PL,68128,36,0.1627,2816,39,1,15463,0,2,Udon Thani,
A103357,2023-04-28,HP,647749,48,0.1172,19821,54,2,,66,2,Udon Thani,
A103358,2022-06-29,HP,322870,48,0.2029,12185,34,1,24427,17,9,Samut Prakan,
A103359,2023-02-17,CC,62871,0,0.2484,0,38,2,,80,5,Bangkok,
A103360,2023-11-09,PL,276766,48,0.2016,10415,39,3,31693,163,999,Songkhla,
A103361,2025-02-18,PL,79078,24,0.2701,5074,27,1,40134,95,3,Ubon Ratchathani,Y
A103362,2025-12-18,PL,269199,36,0.2154,12309,37,3,26205,24,18,Rayong,N
A103363,2022-10-04,CC,59294,0,0.2764,0,24,1,33815,95,8,Khon Kaen,
A103364,2022-10-06,HP,569623,72,0.2224,18468,20,3,24624,174,999,Songkhla,
A103365,2023-05-23,PL,239605,36,0.2514,11675,43,1,41936,42,0,Chonburi,
A103366,2023-11-12,PL,154934,12,0.2506,16146,27,1,10357,87,15,Chonburi,
A103367,2023-05-06,HP,534401,36,0.2788,27260,40,2,77545,18,2,Chiang Mai,
A103368,2024-03-17,HP,853335,36,0.2636,42448,30,3,29817,21,1,Bangkok,
A103369,2023-04-30,PL,186320,36,0.2709,9381,45,1,50602,52,3,Songkhla,
A103370,2023-01-12,HP,183347,36,0.1563,7481,46,9,15466,54,19,Nonthaburi,
A103371,2022-01-03,CC,51088,0,0.1871,0,36,2,,62,2,Chonburi,
A103372,2023-12-09,CC,28158,0,0.0,0,47,1,22217,107,2,Nonthaburi,
A103373,2023-03-11,HP,138122,72,0.134,3460,22,1,33202,35,4,Chonburi,
A103374,2024-12-02,PL,108116,36,0.2532,5284,31,1,34565,62,8,Ubon Ratchathani,Y
A103375,2024-10-10,HP,192699,36,0.2751,9770,47,1,21396,53,3,Udon Thani,Y
A103376,2024-12-10,HP,404601,72,0.2061,12568,20,1,65472,9,7,Ubon Ratchathani,N
A103377,2022-09-01,HP,616106,60,0.1851,19771,38,1,24841,71,1,Chiang Mai,
A103378,2024-09-08,CC,26119,0,0.1225,0,25,1,108482,13,20,Samut Prakan,Y
A103379,2025-07-17,HP,232401,60,0.2581,8871,39,1,26899,16,6,Bangkok,N
A103380,2023-11-17,HP,920353,60,0.1476,26659,45,1,61663,19,14,Songkhla,
A103381,2023-03-09,PL,187749,48,0.269,8120,29,2,,14,1,Ubon Ratchathani,
A103382,2025-10-30,HP,429319,60,0.2064,14539,42,1,15200,32,999,Bangkok,Y
A103383,2022-01-27,PL,75504,48,0.137,2435,33,1,39834,84,1,Rayong,
A103384,2023-01-07,CC,49534,0,0.2505,0,42,3,24611,16,14,Phuket,
A103385,2023-08-18,HP,597272,36,0.2077,26928,41,3,15284,52,7,Bangkok,
A103386,2022-05-05,PL,149914,36,0.1057,5484,20,1,33364,52,21,Nonthaburi,
A103387,2022-07-02,HP,196405,72,0.109,4511,38,1,16062,41,999,Nakhon Ratchasima,
A103388,2022-01-22,PL,68938,48,0.2615,2938,20,1,29320,3,13,Khon Kaen,
A103389,2022-09-27,PL,112329,36,0.1939,4935,37,2,,51,8,Chiang Mai,
A103390,2024-12-09,PL,305950,24,0.2363,18772,53,1,9000,17,1,Nakhon Ratchasima,N
A103391,2025-03-31,CC,28979,0,0.1722,0,44,1,27092,31,15,Ubon Ratchathani,Y
A103392,2024-04-06,CC,41839,0,0.2477,0,55,1,18462,36,3,Chiang Mai,Y
A103393,2022-10-27,PL,123800,36,0.1984,5485,32,1,66664,20,9,Bangkok,
A103394,2025-10-26,PL,101893,12,0.1982,10174,20,1,26063,119,14,Khon Kaen,Y
A103395,2022-12-15,HP,490274,36,0.2523,23926,43,1,14280,68,20,Chiang Mai,
A103396,2025-10-25,PL,62085,12,0.2702,6571,20,1,24330,85,11,Chonburi,Y
A103397,2024-02-23,HP,274884,72,0.1337,6880,43,3,,85,999,Samut Prakan,
A103398,2024-11-25,HP,110275,48,0.2725,4801,22,1,59542,31,11,Nakhon Ratchasima,Y
A103399,2024-11-12,PL,192896,12,0.2482,20064,36,1,34875,71,4,Rayong,Y
A103400,2024-02-13,HP,150138,36,0.1356,5867,25,1,32907,33,3,Nakhon Ratchasima,
A103401,2025-10-04,PL,44982,36,0.1275,1727,20,1,17905,40,3,Ubon Ratchathani,Y
A103402,2025-05-02,CC,73955,0,0.2317,0,47,1,86269,112,7,Khon Kaen,Y
A103403,2024-06-02,CC,83378,0,0.1087,0,35,1,43136,79,4,Nakhon Ratchasima,N
A103404,2024-10-15,HP,436222,36,0.2061,19609,45,1,33787,50,0,Songkhla,N
A103405,2022-05-27,PL,63106,24,0.2113,3740,43,2,72609,48,13,Udon Thani,
A103406,2023-09-06,PL,56529,36,0.2067,2543,53,2,,45,10,Songkhla,
A103407,2023-01-20,HP,450331,36,0.2644,22431,44,1,14562,58,999,Ubon Ratchathani,
A103408,2025-11-27,HP,473545,36,0.1822,20344,34,1,,137,28,Chonburi,Y
A103409,2023-09-09,PL,260263,12,0.2123,26293,20,2,,29,3,Bangkok,
A103410,2023-10-12,HP,346479,48,0.1554,11705,38,1,,36,2,Udon Thani,
A103411,2024-02-21,PL,168921,48,0.1154,5143,46,1,33302,21,11,Phuket,
A103412,2024-05-28,PL,123589,36,0.1938,5428,41,3,78245,80,9,Chiang Mai,Y
A103413,2023-03-22,CC,74447,0,0.2186,0,30,3,20902,31,999,Khon Kaen,
A103414,2025-05-26,PL,92590,24,0.097,4606,31,2,49864,47,1,Nakhon Ratchasima,Y
A103415,2024-05-01,PL,149397,12,0.2385,15419,38,9,,28,13,Chiang Mai,Y
A103416,2025-08-27,HP,197043,72,0.1901,5858,29,2,,80,5,Khon Kaen,Y
A103417,2024-01-14,CC,35664,0,0.1294,0,49,2,52527,149,15,Nonthaburi,
A103418,2022-09-22,PL,94369,36,0.1306,3648,20,2,,34,16,Khon Kaen,
A103419,2025-07-05,PL,111575,24,0.0901,5486,20,1,9289,23,6,Phuket,Y
A103420,2023-02-25,PL,329720,24,0.1468,17771,34,3,23528,29,0,Rayong,
A103421,2023-10-29,HP,692222,72,0.1929,20741,31,2,,10,9,Samut Prakan,
A103422,2022-09-18,HP,305015,48,0.1653,10556,50,2,29544,96,11,Songkhla,
A103423,2022-07-16,PL,122553,36,0.128,4711,33,1,40002,96,999,Phuket,
A103424,2022-12-09,PL,53651,12,0.0971,4905,38,1,18201,66,8,Chonburi,
A103425,2024-05-18,CC,24025,0,0.2216,0,38,1,17923,22,20,Ubon Ratchathani,Y
A103426,2023-09-17,HP,374987,48,0.2719,16308,30,1,19274,103,2,Samut Prakan,
A103427,2025-03-10,HP,263283,48,0.1213,8146,25,2,,125,999,Ubon Ratchathani,Y
A103428,2023-05-14,CC,25211,0,0.1138,0,33,1,26791,31,999,Bangkok,
A103429,2025-01-24,HP,249840,36,0.2324,11778,20,1,26911,40,3,Chonburi,Y
A103430,2025-01-28,HP,496687,60,0.1106,12855,25,3,20156,65,6,Chiang Mai,Y
A103431,2023-11-26,HP,1714698,48,0.1773,61057,22,1,50663,97,2,Nonthaburi,
A103432,2022-05-11,HP,274026,36,0.1505,11048,24,1,27455,35,7,Phuket,
A103433,2023-11-18,CC,58885,0,0.1977,0,52,2,31791,67,1,Udon Thani,
A103434,2024-05-21,CC,233201,0,0.2093,0,32,1,,51,999,Phuket,Y
A103435,2024-04-27,HP,303232,60,0.2058,10254,37,1,39159,7,8,Khon Kaen,Y
A103436,2022-07-08,HP,280475,36,0.2229,13000,41,2,122586,114,9,Songkhla,
A103437,2023-12-01,HP,369000,48,0.2214,14495,20,2,34229,27,1,Ubon Ratchathani,
A103438,2025-04-01,PL,116524,24,0.1755,6559,35,1,,81,14,Songkhla,N
A103439,2022-12-06,PL,216831,24,0.2528,13602,34,1,,69,999,Songkhla,
A103440,2022-10-25,PL,47618,48,0.2402,1945,47,1,62722,2,8,Ubon Ratchathani,
A103441,2025-05-08,PL,136320,12,0.173,13325,39,1,40548,32,2,Phuket,N
A103442,2023-01-26,HP,160885,36,0.1023,5840,65,1,46916,105,13,Chiang Mai,
A103443,2022-06-11,PL,173266,36,0.2501,8424,27,1,24716,145,4,Udon Thani,
A103444,2022-03-29,PL,74358,36,0.1009,2690,40,2,60578,26,8,Nakhon Ratchasima,
A103445,2025-02-01,PL,81419,12,0.1457,7773,70,1,30102,95,0,Chiang Mai,Y
A103446,2023-02-07,PL,199849,24,0.1222,10362,35,1,138877,4,12,Khon Kaen,
A103447,2025-06-24,PL,217035,12,0.2432,22484,32,1,15791,37,7,Chiang Mai,N
A103448,2024-10-16,PL,52324,48,0.2455,2160,52,1,60978,167,7,Udon Thani,N
A103449,2024-01-01,HP,165896,36,0.1842,7154,21,1,34387,14,7,Nonthaburi,
A103450,2023-07-08,PL,71931,12,0.2233,7332,27,2,,78,17,Nonthaburi,
A103451,2023-06-15,PL,145282,24,0.2328,8871,47,1,16106,2,8,Bangkok,
A103452,2023-09-11,PL,115424,36,0.25,5610,43,2,24133,81,15,Khon Kaen,
A103453,2025-09-23,PL,98128,24,0.1211,5078,40,1,38668,6,15,Phuket,Y
A103454,2023-12-18,HP,499245,36,0.1049,18232,35,1,,70,3,Nakhon Ratchasima,
A103455,2022-01-20,CC,59978,0,0.0912,0,26,2,,6,11,Bangkok,
A103456,2024-05-30,PL,89335,24,0.2203,5362,48,3,20914,88,0,Songkhla,Y
A103457,2023-07-17,HP,510699,36,0.2732,25812,35,3,17501,44,4,Phuket,
A103458,2024-04-17,PL,187304,48,0.2107,7190,52,3,47809,64,10,Chiang Mai,N
A103459,2024-12-16,HP,232802,48,0.2258,9230,45,1,26911,89,3,Khon Kaen,Y
A103460,2024-03-19,HP,156028,48,0.1768,5549,48,1,43663,72,20,Rayong,
A103461,2024-09-17,PL,121957,24,0.1819,6930,53,1,,41,13,Chonburi,Y
A103462,2025-09-06,PL,70345,24,0.2039,4126,41,3,34373,97,17,Phuket,N
A103463,2023-12-20,PL,253754,24,0.2699,16280,36,3,18252,99,19,Rayong,
A103464,2023-11-10,HP,417050,48,0.1633,14363,31,3,15679,50,9,Nonthaburi,
A103465,2025-04-12,PL,145391,48,0.2602,6181,47,3,26741,43,6,Songkhla,N
A103466,2022-12-29,CC,68333,0,0.12,0,50,2,30845,38,15,Nakhon Ratchasima,
A103467,2022-05-01,PL,102484,24,0.1445,5504,37,2,,28,999,Chiang Mai,
A103468,2024-07-20,PL,159124,36,0.1677,6643,37,1,26089,88,9,Khon Kaen,Y
A103469,2022-03-08,PL,111904,48,0.2017,4212,38,2,,112,16,Chiang Mai,
A103470,2024-09-22,PL,85787,36,0.0957,3067,31,1,38962,68,13,Chiang Mai,Y
A103471,2023-03-03,HP,259249,72,0.091,5566,48,1,57007,47,10,Rayong,
A103472,2023-07-27,HP,947191,72,0.1374,24000,38,2,48641,36,0,Udon Thani,
A103473,2025-03-07,PL,43976,48,0.1501,1466,23,2,,22,23,Samut Prakan,N
A103474,2022-05-28,PL,90119,36,0.2772,4585,36,1,19240,105,999,Ubon Ratchathani,
A103475,2024-03-04,HP,518282,48,0.1389,16796,41,1,37231,103,1,Bangkok,
A103476,2025-07-21,PL,196950,24,0.1109,10026,46,1,13043,108,999,Rayong,Y
A103477,2025-08-11,PL,43612,24,0.2518,2732,44,1,9833,9,12,Songkhla,N
A103478,2024-08-02,PL,80729,48,0.2039,3053,20,2,,42,7,Nakhon Ratchasima,Y
A103479,2022-01-28,HP,766508,36,0.1398,30221,32,1,11724,8,999,Bangkok,
A103480,2024-02-25,CC,33455,0,0.1282,0,39,1,37826,28,999,Rayong,
A103481,2024-01-19,CC,48705,0,0.2201,0,46,2,,133,6,Ubon Ratchathani,
A103482,2022-01-23,CC,28281,0,0.1053,0,36,2,,9,5,Rayong,
A103483,2022-05-26,PL,74186,24,0.204,4352,28,2,,70,8,Bangkok,
A103484,2025-09-01,CC,98627,0,0.2663,0,33,2,72498,85,6,Samut Prakan,Y
A103485,2022-04-01,HP,692266,48,0.1197,21327,20,1,36531,106,10,Udon Thani,
A103486,2024-07-04,PL,141171,36,0.1966,6234,60,1,73141,99,3,Phuket,Y
A103487,2023-02-16,HP,145991,48,0.2065,5553,20,2,,2,3,Bangkok,
A103488,2022-10-28,PL,58829,24,0.17,3284,41,2,,131,0,Nakhon Ratchasima,
A103489,2024-04-03,HP,198607,48,0.2173,7734,27,1,26045,65,12,Nonthaburi,N
A103490,2025-12-04,CC,17473,0,0.1387,0,34,1,20593,31,2,Chiang Mai,Y
A103491,2022-08-06,PL,204821,36,0.2233,9500,49,3,28621,107,2,Nakhon Ratchasima,
A103492,2022-09-28,PL,180935,48,0.2308,7249,25,2,21395,4,2,Phuket,
A103493,2023-05-04,PL,146240,48,0.2794,6451,42,2,,72,14,Udon Thani,
A103494,2024-12-08,PL,49277,48,0.2426,2022,23,1,16961,75,27,Chonburi,N
A103495,2023-08-14,PL,85112,48,0.1278,2679,39,1,23097,4,18,Bangkok,
A103496,2023-07-14,HP,181337,48,0.1179,5559,52,2,,82,999,Samut Prakan,
A103497,2024-01-04,PL,70474,48,0.2382,2867,22,1,22558,2,5,Rayong,
A103498,2024-01-25,PL,140865,24,0.1261,7349,20,2,53149,22,9,Phuket,
A103499,2022-01-12,PL,286796,36,0.2446,13812,21,1,22755,0,0,Songkhla,
A103500,2022-07-20,PL,60649,12,0.0911,5514,47,2,50281,64,2,Nakhon Ratchasima,
A103501,2024-06-30,PL,276842,48,0.1206,8549,32,1,22917,55,999,Phuket,Y
A103502,2023-03-09,PL,108256,24,0.2691,6938,38,1,25796,77,20,Nonthaburi,
A103503,2023-06-01,PL,170235,12,0.1023,15637,53,1,32006,58,6,Nonthaburi,
A103504,2023-08-27,PL,80842,48,0.2487,3359,34,1,47470,41,7,Udon Thani,
A103505,2023-09-28,PL,81452,12,0.1667,7919,43,1,13818,123,17,Nonthaburi,
A103506,2025-08-05,PL,55123,24,0.1953,3193,44,1,17933,144,13,Songkhla,N
A103507,2023-10-02,CC,33863,0,0.1215,0,30,1,18326,53,9,Ubon Ratchathani,
A103508,2024-01-25,PL,112646,36,0.1446,4486,43,3,40130,36,11,Chiang Mai,
A103509,2024-10-24,HP,424745,48,0.1716,14922,30,1,21895,29,1,Songkhla,Y
A103510,2025-06-12,HP,467579,72,0.1617,12794,42,3,31771,32,7,Rayong,Y
A103511,2024-02-26,PL,519034,12,0.1635,50324,40,1,35306,5,18,Songkhla,
A103512,2022-10-04,PL,118766,12,0.2239,12113,28,9,,83,7,Samut Prakan,
A103513,2023-12-17,HP,399696,36,0.151,16132,46,1,52956,7,10,Samut Prakan,
A103514,2022-12-19,HP,704486,48,0.1989,26353,26,1,47520,49,23,Chonburi,
A103515,2022-08-12,CC,46230,0,0.2561,0,45,9,37495,67,999,Nakhon Ratchasima,
A103516,2022-06-26,CC,76984,0,0.1913,0,37,3,13512,27,17,Songkhla,
A103517,2023-08-19,PL,179676,36,0.1557,7322,35,1,57494,84,17,Bangkok,
A103518,2023-04-24,PL,133566,36,0.2755,6776,31,1,28190,141,0,Chonburi,
A103519,2024-07-27,CC,24742,0,0.2191,0,21,1,37966,58,3,Nonthaburi,Y
A103520,2022-11-01,HP,657000,72,0.2377,22139,49,1,37343,51,0,Ubon Ratchathani,
A103521,2022-04-01,PL,240977,48,0.1526,8084,20,3,21248,78,4,Rayong,
A103522,2022-05-27,HP,349526,36,0.2411,16731,47,1,13930,69,15,Bangkok,
A103523,2025-04-09,HP,233803,36,0.0923,8292,34,3,51179,69,999,Chiang Mai,N
A103524,2022-03-12,PL,216440,36,0.2697,10876,21,3,45935,6,14,Nonthaburi,
A103525,2023-10-11,PL,94690,48,0.1718,3328,50,1,,58,3,Bangkok,
A103526,2022-06-22,PL,89265,36,0.1364,3494,31,1,34110,38,11,Bangkok,
A103527,2024-03-31,PL,51072,12,0.1261,4792,53,2,47157,92,17,Udon Thani,
A103528,2025-09-21,HP,207437,72,0.1744,5895,39,2,,29,5,Chonburi,Y
A103529,2024-12-01,PL,195215,36,0.2175,8960,50,3,18395,67,999,Khon Kaen,Y
A103530,2022-02-14,HP,207264,72,0.2392,7010,25,1,17942,11,3,Songkhla,
A103531,2024-05-30,HP,570007,48,0.1076,16986,30,1,31471,116,2,Bangkok,Y
A103532,2023-04-05,PL,111362,24,0.2665,7113,35,2,23243,29,5,Samut Prakan,
A103533,2025-02-14,HP,682655,36,0.1907,29811,48,1,52011,73,8,Ubon Ratchathani,Y
A103534,2022-04-28,PL,69612,36,0.2614,3450,37,1,,37,1,Udon Thani,
A103535,2024-12-24,PL,175363,24,0.2308,10679,29,1,53311,2,0,Chiang Mai,N
A103536,2025-05-03,CC,33970,0,0.1182,0,55,1,64466,102,16,Phuket,N
A103537,2025-07-01,HP,169205,36,0.2082,7635,44,3,20658,84,4,Khon Kaen,Y
A103538,2025-01-20,PL,91291,12,0.1374,8652,36,1,,58,17,Chiang Mai,N
A103539,2023-12-28,PL,132341,12,0.1724,12929,25,2,25143,39,10,Bangkok,
A103540,2024-01-18,PL,85865,48,0.1918,3161,20,3,24705,61,17,Chonburi,
A103541,2024-10-07,HP,274152,60,0.0967,6778,42,1,19000,51,3,Bangkok,N
A103542,2022-12-04,PL,30852,48,0.1222,956,29,1,21599,73,9,Nakhon Ratchasima,
A103543,2023-01-21,PL,97261,24,0.2693,6235,22,2,26585,51,4,Rayong,
A103544,2025-12-21,PL,62353,48,0.1728,2196,27,1,28519,108,1,Songkhla,N
A103545,2025-05-31,PL,153114,24,0.2785,9933,52,3,24275,90,999,Nonthaburi,Y
A103546,2025-10-06,PL,121402,36,0.1878,5272,34,1,45811,58,17,Rayong,Y
A103547,2024-01-04,PL,148581,48,0.1571,5040,54,1,29942,77,0,Rayong,
A103548,2024-11-24,PL,216740,48,0.1539,7295,58,1,41234,69,1,Bangkok,Y
A103549,2022-07-30,CC,21487,0,0.1399,0,65,1,14176,47,6,Songkhla,
A103550,2024-06-19,PL,65720,36,0.0949,2345,31,2,45530,1,22,Bangkok,Y
A103551,2022-04-28,PL,87000,12,0.2572,9114,33,3,25717,66,10,Chonburi,
A103552,2025-11-01,CC,44313,0,0.1886,0,30,1,,4,4,Samut Prakan,Y
A103553,2025-11-01,PL,150615,48,0.222,5924,60,2,,53,999,Udon Thani,Y
A103554,2023-05-04,HP,325777,48,0.1073,9700,40,1,,52,999,Samut Prakan,
A103555,2022-05-19,PL,166475,24,0.12,8601,34,1,21290,35,13,Nakhon Ratchasima,
A103556,2022-03-15,CC,57507,0,0.1265,0,20,1,37067,130,6,Khon Kaen,
A103557,2022-03-19,CC,39677,0,0.2138,0,31,1,68899,52,999,Ubon Ratchathani,
A103558,2024-05-24,HP,364238,36,0.1251,13914,21,3,37426,83,7,Ubon Ratchathani,N
A103559,2023-05-09,PL,85001,36,0.1171,3190,32,1,40924,98,4,Nakhon Ratchasima,
A103560,2022-09-06,PL,58243,24,0.1537,3172,39,1,27295,60,12,Songkhla,
A103561,2024-12-05,HP,588588,48,0.254,24720,34,1,21919,18,999,Ubon Ratchathani,N
A103562,2023-09-20,CC,76043,0,0.1791,0,31,1,37840,53,4,Nakhon Ratchasima,
A103563,2025-11-05,PL,193801,12,0.2727,20554,54,2,30845,43,999,Bangkok,Y
A103564,2023-09-03,HP,250489,60,0.1911,8163,40,3,42786,108,4,Chiang Mai,
A103565,2024-01-21,CC,46742,0,0.2137,0,39,2,32883,12,11,Bangkok,
A103566,2022-02-02,HP,415905,72,0.2525,14527,39,2,,88,14,Nakhon Ratchasima,
A103567,2023-06-17,PL,68310,48,0.2502,2847,21,1,21416,97,4,Nonthaburi,
A103568,2024-10-12,CC,81046,0,0.1715,0,30,1,21881,33,3,Khon Kaen,Y
A103569,2025-10-14,PL,110456,12,0.168,10751,43,1,13766,33,14,Chonburi,Y
A103570,2022-05-25,HP,178177,72,0.2567,6286,20,1,59799,10,14,Udon Thani,
A103571,2022-07-05,PL,175713,12,0.2683,18571,23,1,17339,32,9,Samut Prakan,
A103572,2023-07-04,CC,67374,0,0.0,0,44,1,15660,56,9,Phuket,
A103573,2022-03-22,PL,123712,12,0.1058,11400,38,2,,37,999,Nonthaburi,
A103574,2024-03-06,HP,284841,36,0.111,10547,44,2,,3,1,Phuket,
A103575,2023-03-23,PL,313288,48,0.2659,13468,62,1,46296,90,16,Udon Thani,
A103576,2023-04-02,CC,107262,0,0.1986,0,35,1,23049,47,19,Samut Prakan,
A103577,2023-12-01,HP,255217,60,0.2464,9494,39,3,17915,13,7,Chonburi,
A103578,2024-05-08,HP,340008,72,0.1633,9349,31,1,60310,95,16,Songkhla,Y
A103579,2022-09-26,HP,135773,60,0.2705,5323,33,1,45687,5,8,Ubon Ratchathani,
A103580,2022-03-20,HP,318821,36,0.0908,11268,30,1,20983,53,12,Songkhla,
A103581,2024-08-24,HP,692348,72,0.2052,21455,41,1,12154,18,3,Bangkok,Y
A103582,2024-04-10,PL,126672,24,0.1482,6842,41,3,50636,71,999,Ubon Ratchathani,Y
A103583,2022-09-21,PL,118524,36,0.2524,5785,47,1,30493,84,14,Bangkok,
A103584,2023-04-24,HP,264754,36,0.1876,11493,39,2,19838,58,6,Nonthaburi,
A103585,2022-06-06,HP,238515,72,0.2183,7651,27,1,54903,37,14,Udon Thani,
A103586,2022-05-23,CC,64749,0,0.1729,0,36,9,9000,38,12,Chonburi,
A103587,2022-03-23,PL,50145,12,0.1655,4870,28,2,,23,21,Nakhon Ratchasima,
A103588,2025-06-25,PL,137176,36,0.2513,6683,33,3,32173,35,18,Nonthaburi,Y
A103589,2025-04-02,HP,272294,36,0.1761,11559,39,1,,10,17,Nonthaburi,Y
A103590,2024-05-06,PL,75359,24,0.1337,3979,45,1,22828,113,5,Songkhla,Y
A103591,2024-06-02,PL,228183,48,0.2309,9144,26,1,16397,61,15,Songkhla,Y
A103592,2023-02-17,CC,20040,0,0.2025,0,29,1,17125,135,1,Songkhla,
A103593,2022-05-24,HP,274585,72,0.1153,6451,32,1,26081,73,2,Nakhon Ratchasima,
A103594,2024-02-29,PL,207723,24,0.1817,11800,39,1,28517,27,10,Chiang Mai,
A103595,2025-02-17,HP,343761,72,0.1308,8521,38,1,,20,3,Chonburi,N
A103596,2022-02-17,HP,247259,72,0.0935,5360,42,1,40741,16,13,Udon Thani,
A103597,2024-02-02,HP,1020723,36,0.0968,36587,28,2,,118,12,Nonthaburi,
A103598,2022-10-07,PL,204806,48,0.161,7014,20,2,,83,8,Phuket,
A103599,2022-10-01,PL,94198,24,0.2,5494,39,1,41888,51,19,Chonburi,
A103600,2023-09-13,PL,79683,36,0.1362,3117,33,1,50929,21,8,Chiang Mai,
A103601,2023-04-10,HP,468616,72,0.1558,12592,26,1,29964,24,2,Phuket,
A103602,2022-04-17,HP,209797,72,0.2482,7253,39,1,87934,53,29,Songkhla,
A103603,2022-02-10,CC,35378,0,0.1738,0,47,2,29240,60,4,Bangkok,
A103604,2022-09-08,CC,38560,0,0.0967,0,31,2,22937,157,3,Nonthaburi,
A103605,2022-02-10,HP,550343,48,0.1873,20055,38,1,53610,94,3,Phuket,
A103606,2022-12-13,HP,330523,72,0.2644,11873,29,2,,42,3,Chiang Mai,
A103607,2025-08-15,HP,238246,48,0.1406,7754,20,1,33025,89,18,Udon Thani,Y
A103608,2022-07-08,HP,108750,36,0.1874,4719,34,2,,76,8,Phuket,
A103609,2024-02-21,HP,337647,72,0.223,10964,31,1,18654,89,5,Chiang Mai,
A103610,2023-07-11,PL,72002,12,0.127,6762,26,3,20880,35,999,Nakhon Ratchasima,
A103611,2025-03-19,PL,193181,24,0.1161,9918,37,1,15932,70,14,Samut Prakan,N
A103612,2025-12-26,PL,172074,12,0.1713,16795,21,2,,34,999,Phuket,N
A103613,2022-07-24,HP,451772,60,0.1271,12314,36,2,49547,35,12,Bangkok,
A103614,2024-05-21,HP,701167,48,0.1904,25732,58,1,37198,72,7,Chonburi,N
A103615,2024-10-21,CC,141772,0,0.1616,0,26,2,,10,17,Songkhla,N
A103616,2023-08-11,CC,27369,0,0.1646,0,42,1,40481,93,999,Nonthaburi,
A103617,2025-12-17,HP,315582,72,0.1632,8674,31,1,36176,15,6,Chonburi,N
A103618,2025-01-30,PL,70469,12,0.2721,7470,37,1,,119,17,Bangkok,Y
A103619,2022-08-11,HP,283603,72,0.2037,8753,31,1,26529,82,17,Nonthaburi,
A103620,2024-02-23,CC,51466,0,0.1224,0,30,1,28949,129,5,Phuket,
A103621,2023-01-03,HP,190068,60,0.1941,6242,48,1,44664,65,18,Nakhon Ratchasima,
A103622,2022-06-13,HP,221095,48,0.1796,7915,47,2,54399,43,3,Udon Thani,
A103623,2022-06-09,PL,244829,48,0.221,9609,20,9,13434,75,17,Phuket,
A103624,2022-07-02,PL,114557,36,0.2328,5404,42,2,29557,42,4,Ubon Ratchathani,
A103625,2023-03-31,CC,40772,0,0.1149,0,37,1,31367,76,4,Nakhon Ratchasima,
A103626,2023-06-26,PL,86285,24,0.1918,4974,34,2,14026,67,22,Ubon Ratchathani,
A103627,2024-05-08,PL,143324,36,0.1263,5489,37,1,29467,86,8,Rayong,Y
A103628,2024-09-11,PL,142935,12,0.1098,13219,38,2,,89,13,Udon Thani,N
A103629,2022-11-06,CC,57640,0,0.1901,0,38,1,30425,60,1,Udon Thani,
A103630,2025-04-08,HP,497984,36,0.1061,18235,20,3,27368,14,999,Chiang Mai,Y
A103631,2022-06-16,PL,146312,36,0.2226,6778,37,2,,11,8,Udon Thani,
A103632,2022-05-26,PL,191046,24,0.1869,10935,46,3,74969,24,13,Nonthaburi,
A103633,2024-10-18,PL,105368,12,0.127,9895,44,2,17235,69,12,Nonthaburi,Y
A103634,2024-04-26,CC,42076,0,0.2601,0,58,3,35267,28,6,Khon Kaen,Y
A103635,2024-06-14,HP,783422,36,0.1088,28864,27,1,,86,999,Khon Kaen,Y
A103636,2022-05-26,HP,182831,72,0.1585,4954,40,2,24597,103,8,Nonthaburi,
A103637,2025-03-06,CC,60068,0,0.2188,0,20,1,14369,84,16,Samut Prakan,Y
A103638,2023-10-19,PL,65447,48,0.161,2241,22,1,47420,77,18,Khon Kaen,
A103639,2023-08-25,PL,198957,24,0.154,10843,31,1,24693,75,999,Bangkok,
A103640,2022-03-08,PL,176839,12,0.1715,17263,52,2,47485,76,2,Bangkok,
A103641,2023-02-15,PL,108247,48,0.2135,4181,47,2,33172,4,6,Songkhla,
A103642,2022-01-21,CC,59358,0,0.2643,0,57,1,23442,43,11,Nakhon Ratchasima,
A103643,2023-03-17,HP,465765,72,0.1587,12628,65,1,30224,55,999,Rayong,
A103644,2024-01-23,HP,190241,48,0.1038,5608,22,1,30906,76,14,Rayong,
A103645,2022-07-06,PL,87058,48,0.1553,2940,25,1,25876,78,15,Songkhla,
A103646,2025-10-29,PL,89422,48,0.2025,3371,29,1,42646,70,8,Bangkok,N
A103647,2023-12-17,CC,21346,0,0.0,0,31,1,23018,44,11,Songkhla,
A103648,2022-02-27,PL,99369,36,0.168,4151,64,1,16987,69,8,Khon Kaen,
A103649,2023-04-07,HP,82589,36,0.1264,3164,31,2,120706,112,12,Rayong,
A103650,2022-02-17,PL,107878,12,0.171,10527,61,2,,59,999,Khon Kaen,
A103651,2022-04-28,PL,46649,24,0.104,2347,36,1,34020,7,2,Khon Kaen,
A103652,2022-02-17,HP,520599,60,0.1282,14238,32,9,,60,17,Phuket,
A103653,2022-06-22,PL,85447,12,0.23,8758,68,1,28941,21,9,Bangkok,
A103654,2025-09-27,PL,124152,48,0.1864,4514,25,1,32566,96,12,Khon Kaen,N
A103655,2023-03-22,PL,60988,36,0.1721,2568,34,1,37212,107,4,Khon Kaen,
A103656,2025-07-11,PL,84722,12,0.2692,8960,47,3,31609,39,999,Songkhla,N
A103657,2023-08-29,HP,351439,60,0.2035,11817,47,1,45756,45,11,Songkhla,
A103658,2023-01-08,HP,1007908,72,0.1481,26437,29,3,42576,17,5,Udon Thani,
A103659,2025-09-06,HP,679570,48,0.1146,20647,46,2,15750,101,0,Khon Kaen,Y
A103660,2023-03-18,HP,501179,36,0.1356,19584,28,3,30601,91,4,Songkhla,
A103661,2024-02-15,HP,278783,60,0.0925,6795,49,1,15426,114,14,Chonburi,
A103662,2024-07-17,HP,420501,72,0.1858,12351,44,2,,0,16,Khon Kaen,N
A103663,2025-06-10,HP,371971,60,0.2306,13347,32,1,18956,77,18,Bangkok,Y
A103664,2023-08-22,PL,60788,24,0.1964,3527,57,1,27795,48,14,Chiang Mai,
A103665,2024-01-15,PL,270852,36,0.2215,12523,57,9,,101,8,Nakhon Ratchasima,
A103666,2022-06-04,HP,799885,60,0.1655,24363,21,2,57966,115,4,Nakhon Ratchasima,
A103667,2024-11-05,HP,212787,60,0.1514,6231,41,1,18681,138,1,Chonburi,Y
A103668,2024-03-13,HP,253271,36,0.1775,10781,42,1,15383,57,2,Ubon Ratchathani,
A103669,2023-02-13,PL,267254,12,0.2442,27709,41,1,47527,79,14,Bangkok,
A103670,2024-04-01,HP,472688,60,0.1879,15279,44,1,,32,5,Nakhon Ratchasima,Y
A103671,2024-04-20,PL,94604,36,0.2175,4342,35,1,35875,2,16,Samut Prakan,N
A103672,2025-11-14,CC,28105,0,0.0,0,43,1,17052,92,3,Bangkok,N
A103673,2024-01-29,HP,734936,36,0.237,34929,26,1,21553,95,13,Phuket,
A103674,2024-10-14,HP,642326,48,0.1109,19317,35,1,17223,198,10,Khon Kaen,Y
A103675,2025-02-11,PL,73516,12,0.1202,6862,22,1,35496,78,16,Songkhla,Y
A103676,2022-03-23,PL,92298,36,0.2654,4605,53,1,17623,92,10,Chonburi,
A103677,2022-03-17,HP,529544,60,0.1445,15202,20,1,90217,19,2,Phuket,
A103678,2024-12-10,HP,221266,60,0.1407,6282,22,1,10877,105,2,Samut Prakan,N
A103679,2025-04-09,PL,185338,36,0.201,8252,40,1,19994,94,10,Rayong,N
A103680,2022-05-13,HP,346467,48,0.2535,14537,44,2,,10,0,Ubon Ratchathani,
A103681,2025-03-17,PL,119230,36,0.1939,5238,37,2,29345,140,17,Nakhon Ratchasima,N
A103682,2024-11-22,PL,85255,36,0.2468,4121,27,9,,35,5,Bangkok,Y
A103683,2024-10-18,PL,199905,48,0.1843,7234,20,1,42248,50,17,Udon Thani,Y
A103684,2022-08-01,PL,103179,24,0.1486,5576,31,1,13805,71,8,Chiang Mai,
A103685,2022-07-23,HP,181341,60,0.1318,5014,42,1,42664,54,12,Samut Prakan,
A103686,2023-04-17,PL,44863,24,0.1241,2333,33,3,20204,3,999,Bangkok,
A103687,2023-02-13,PL,114564,48,0.2456,4731,41,1,32794,34,20,Rayong,
A103688,2022-03-30,HP,396827,36,0.1603,16323,21,2,,39,8,Nakhon Ratchasima,
A103689,2022-02-28,PL,178850,36,0.1306,6914,24,1,21732,45,5,Udon Thani,
A103690,2023-11-21,PL,84723,24,0.1189,4369,36,1,9000,110,999,Ubon Ratchathani,
A103691,2023-05-16,HP,218744,72,0.2147,6951,47,1,15691,5,5,Chonburi,
A103692,2022-10-13,HP,200176,72,0.2261,6551,40,3,25388,53,15,Khon Kaen,
A103693,2025-07-10,PL,131777,24,0.2473,8206,55,2,56444,38,9,Khon Kaen,Y
A103694,2024-11-03,CC,53102,0,0.1335,0,41,1,12926,0,16,Nakhon Ratchasima,Y
A103695,2024-11-20,HP,409872,48,0.1043,12101,43,3,29183,63,22,Phuket,N
A103696,2024-09-09,HP,120457,36,0.2284,5638,26,2,32651,39,10,Chiang Mai,Y
A103697,2022-09-25,PL,80013,48,0.2557,3371,26,1,13860,56,0,Chiang Mai,
A103698,2023-12-26,PL,36734,12,0.2498,3825,39,2,38722,84,17,Nonthaburi,
A103699,2022-11-11,HP,299306,60,0.1407,8497,42,3,45659,43,999,Khon Kaen,
A103700,2025-04-10,PL,35297,48,0.1489,1173,44,1,47233,73,10,Phuket,Y
A103701,2023-02-05,PL,124727,12,0.2557,13051,35,2,,39,6,Nakhon Ratchasima,
A103702,2022-04-30,PL,93960,24,0.2249,5675,46,1,42031,21,3,Songkhla,
A103703,2024-11-12,HP,183870,48,0.0927,5251,26,1,29586,6,12,Phuket,Y
A103704,2024-04-09,PL,92897,12,0.1401,8825,43,1,26244,75,2,Rayong,Y
A103705,2022-05-30,HP,316062,36,0.1758,13409,34,3,21201,117,16,Chonburi,
A103706,2022-01-09,PL,110292,48,0.2739,4815,38,3,25420,95,3,Nakhon Ratchasima,
A103707,2022-08-07,HP,303085,72,0.2741,11132,40,2,43653,17,9,Nonthaburi,
A103708,2025-02-20,HP,359625,72,0.2723,13155,37,1,56615,49,2,Songkhla,Y
A103709,2025-12-20,CC,32578,0,0.2432,0,39,1,14903,115,15,Bangkok,Y
A103710,2024-05-20,PL,156332,24,0.1577,8568,28,2,16610,57,999,Udon Thani,Y
A103711,2025-03-11,PL,275337,36,0.2409,13175,26,1,40004,66,2,Chonburi,Y
A103712,2024-05-28,PL,51809,24,0.1751,2914,43,1,28456,43,9,Bangkok,Y
A103713,2025-06-06,HP,351847,60,0.1131,9180,23,1,17547,17,999,Ubon Ratchathani,Y
A103714,2022-02-03,PL,203951,48,0.1218,6319,37,3,23048,63,5,Chonburi,
A103715,2024-06-21,PL,114224,12,0.2016,11437,31,2,61929,31,6,Udon Thani,Y
A103716,2022-11-18,CC,54404,0,0.2707,0,22,1,29018,72,999,Bangkok,
A103717,2024-04-13,CC,38013,0,0.1034,0,40,1,33611,4,0,Khon Kaen,Y
A103718,2024-12-14,HP,567014,60,0.275,22444,38,1,26123,68,999,Chiang Mai,Y
A103719,2024-01-17,PL,84891,24,0.2176,5076,54,2,,48,17,Chiang Mai,
A103720,2024-08-21,HP,400166,60,0.2568,15232,37,1,45507,113,15,Nonthaburi,Y
A103721,2023-09-18,PL,178610,24,0.2731,11506,28,1,52564,8,14,Ubon Ratchathani,
A103722,2022-04-16,PL,250482,48,0.1754,8879,20,1,71668,97,8,Bangkok,
A103723,2023-10-22,HP,235463,36,0.1877,10223,44,1,21267,83,8,Rayong,
A103724,2025-01-20,PL,121120,36,0.0916,4288,31,3,26316,83,0,Khon Kaen,Y
A103725,2023-11-02,CC,11455,0,0.1925,0,39,2,25489,47,16,Chonburi,
A103726,2022-04-05,HP,217936,36,0.2695,10948,39,1,52996,41,3,Phuket,
A103727,2024-04-30,PL,108302,12,0.1204,10111,47,3,51804,25,999,Nakhon Ratchasima,Y
A103728,2023-11-04,PL,165117,12,0.271,17488,27,1,29832,62,0,Nonthaburi,
A103729,2022-07-14,PL,127438,48,0.2307,5104,40,1,51985,53,9,Udon Thani,
A103730,2024-09-11,HP,742952,60,0.2733,29303,32,3,37104,73,0,Nakhon Ratchasima,Y
A103731,2024-03-24,PL,75362,48,0.2075,2873,26,1,14723,57,10,Samut Prakan,
A103732,2023-12-01,PL,106066,12,0.2221,10801,43,1,81863,89,999,Udon Thani,
A103733,2024-03-24,PL,70378,48,0.1982,2628,37,1,32402,8,17,Chiang Mai,
A103734,2025-07-19,PL,99073,24,0.203,5804,41,1,22574,79,3,Songkhla,Y
A103735,2023-07-25,PL,88549,12,0.1512,8494,32,3,9378,75,20,Nonthaburi,
A103736,2023-05-31,CC,28819,0,0.0986,0,53,2,,13,999,Chonburi,
A103737,2022-09-05,PL,180632,24,0.2353,11068,41,1,20947,68,16,Chonburi,
A103738,2023-09-09,HP,359241,60,0.1581,10720,23,2,24101,176,14,Bangkok,
A103739,2023-10-31,CC,35402,0,0.2181,0,31,2,,68,999,Chiang Mai,
A103740,2022-03-10,PL,90140,12,0.2712,9548,22,1,71702,65,9,Bangkok,
A103741,2025-05-20,PL,139728,12,0.2455,14502,20,1,41773,136,6,Rayong,Y
A103742,2025-05-29,HP,670944,60,0.1026,16918,43,1,32089,13,999,Samut Prakan,N
A103743,2024-10-05,PL,83918,36,0.1288,3231,36,1,9000,54,3,Chiang Mai,Y
A103744,2023-07-07,PL,137130,12,0.1167,12761,45,1,56011,8,3,Chonburi,
A103745,2022-10-24,HP,275853,48,0.2451,11381,39,1,15457,50,14,Nakhon Ratchasima,
A103746,2022-09-02,CC,54229,0,0.0,0,49,2,,29,10,Nonthaburi,
A103747,2023-09-14,PL,541943,12,0.2436,56163,34,1,16274,123,10,Khon Kaen,
A103748,2022-04-14,PL,204876,12,0.2608,21525,36,9,,14,1,Samut Prakan,
A103749,2022-06-28,PL,43241,48,0.2461,1787,20,1,,5,1,Chiang Mai,
A103750,2024-03-31,PL,54774,36,0.2485,2655,20,3,28653,64,10,Bangkok,
A103751,2024-01-30,PL,154282,36,0.2285,7223,23,1,30061,16,16,Rayong,
A103752,2022-03-23,PL,100578,12,0.206,10108,35,1,39571,48,3,Ubon Ratchathani,
A103753,2023-05-12,HP,147324,48,0.0941,4224,23,3,33419,80,9,Nonthaburi,
A103754,2024-07-18,PL,57493,12,0.2201,5845,36,3,21626,62,12,Ubon Ratchathani,Y
A103755,2023-10-30,HP,582927,72,0.1635,16038,28,2,,157,10,Phuket,
A103756,2023-12-28,PL,257764,24,0.267,16475,24,1,41770,96,12,Samut Prakan,
A103757,2022-10-24,PL,98182,12,0.2037,9848,20,3,19493,33,14,Samut Prakan,
A103758,2024-12-29,HP,222977,48,0.234,8993,39,1,27799,76,9,Bangkok,Y
A103759,2022-02-28,HP,266919,48,0.129,8430,31,1,16443,93,18,Udon Thani,
A103760,2022-02-13,HP,449625,60,0.0989,11199,41,3,,63,16,Rayong,
A103761,2024-09-11,HP,418155,72,0.0981,9226,46,1,33026,56,12,Phuket,Y
A103762,2025-04-21,PL,162914,24,0.1674,9060,32,3,23949,131,16,Nakhon Ratchasima,N
A103763,2023-04-12,PL,90771,48,0.2432,3730,54,1,28775,59,12,Udon Thani,
A103764,2024-07-20,CC,68333,0,0.1282,0,48,1,18084,31,4,Rayong,Y
A103765,2022-08-29,HP,211470,72,0.2054,6556,34,1,44284,51,7,Phuket,
A103766,2023-08-07,HP,146057,36,0.2449,7037,39,1,25081,107,17,Nakhon Ratchasima,
A103767,2022-08-09,PL,131566,24,0.1191,6787,31,2,,122,7,Khon Kaen,
A103768,2025-10-17,CC,54631,0,0.1215,0,32,2,,40,16,Nakhon Ratchasima,Y
A103769,2022-08-18,PL,190390,48,0.185,6901,28,2,32448,13,13,Rayong,
A103770,2025-10-19,CC,28698,0,0.2139,0,28,1,32535,12,5,Nonthaburi,Y
A103771,2023-03-17,PL,180115,36,0.2495,8748,20,1,39883,31,15,Samut Prakan,
A103772,2022-11-09,HP,169741,48,0.21,6506,28,1,,11,7,Phuket,
A103773,2023-12-28,PL,87780,12,0.1916,8716,20,2,,57,9,Nakhon Ratchasima,
A103774,2025-03-15,PL,174624,12,0.1679,16995,26,1,37732,66,7,Bangkok,N
A103775,2024-01-14,PL,96306,24,0.2779,6243,20,3,31849,93,14,Phuket,
A103776,2022-01-17,PL,273527,24,0.245,16981,54,3,88009,84,1,Nonthaburi,
A103777,2022-09-16,PL,85864,48,0.2666,3696,31,1,15647,56,10,Chonburi,
A103778,2022-08-16,HP,297454,72,0.2476,10268,30,3,32420,123,2,Ubon Ratchathani,
A103779,2023-12-15,PL,62312,24,0.2311,3796,33,3,18163,101,7,Chonburi,
A103780,2024-03-01,HP,799706,48,0.2436,32894,47,1,40517,89,999,Nakhon Ratchasima,
A103781,2025-09-17,HP,285075,60,0.2266,10134,58,2,,79,31,Nonthaburi,Y
A103782,2025-03-10,CC,21990,0,0.2737,0,38,3,17796,26,999,Ubon Ratchathani,N
A103783,2025-11-12,PL,33694,24,0.1631,1861,40,1,22178,35,3,Samut Prakan,N
A103784,2025-12-03,PL,154322,48,0.2337,6220,36,2,,40,9,Chiang Mai,N
A103785,2024-10-20,PL,48886,24,0.2619,3103,42,1,9000,89,4,Khon Kaen,Y
A103786,2025-09-12,PL,242357,48,0.2285,9663,24,1,19726,112,4,Khon Kaen,Y
A103787,2022-08-04,PL,350732,48,0.1602,11989,28,1,16906,3,15,Udon Thani,
A103788,2023-04-19,HP,159990,60,0.2064,5418,53,9,52104,6,16,Bangkok,
A103789,2024-03-27,HP,481150,72,0.199,14661,45,3,27049,31,1,Chiang Mai,
A103790,2024-12-11,HP,420203,72,0.1255,10230,35,1,55972,22,24,Ubon Ratchathani,N
A103791,2023-10-16,HP,190627,36,0.0997,6878,43,2,,19,10,Khon Kaen,
A103792,2023-11-30,HP,108669,36,0.2214,5023,31,9,,115,3,Khon Kaen,
A103793,2024-08-23,HP,630344,60,0.1365,17675,44,3,46403,49,999,Nonthaburi,Y
A103794,2022-10-13,PL,143002,36,0.1371,5606,49,9,31785,26,9,Ubon Ratchathani,
A103795,2022-11-20,PL,110840,12,0.2266,11329,27,3,25516,71,16,Songkhla,
A103796,2022-04-21,HP,140462,48,0.2582,5948,24,3,15461,19,999,Khon Kaen,
A103797,2025-04-24,PL,118837,24,0.1596,6532,30,2,,14,3,Phuket,N
A103798,2022-06-11,HP,454118,36,0.1334,17662,36,1,,22,12,Ubon Ratchathani,
A103799,2025-05-20,HP,423096,36,0.2364,20087,38,1,22502,28,9,Udon Thani,N
A103800,2024-08-03,PL,107802,12,0.1639,10455,32,1,29878,4,13,Nonthaburi,Y
A103801,2025-12-18,HP,211586,48,0.1839,7650,34,1,21275,32,999,Bangkok,N
A103802,2025-08-20,PL,65716,12,0.1624,6365,37,1,23679,76,11,Udon Thani,Y
A103803,2023-01-01,HP,154259,72,0.2393,5218,42,1,32011,70,4,Chiang Mai,
A103804,2024-05-18,HP,225926,36,0.1416,8941,30,2,,40,999,Rayong,N
A103805,2023-09-03,HP,206477,36,0.2209,9536,37,1,32247,7,0,Khon Kaen,
A103806,2022-03-19,PL,388811,48,0.1294,12292,29,1,24987,43,3,Udon Thani,
A103807,2024-07-05,PL,103913,24,0.127,5429,47,2,,97,28,Chonburi,Y
A103808,2024-03-09,PL,66155,12,0.2555,6921,28,1,,46,18,Khon Kaen,
A103809,2024-04-16,PL,101038,36,0.1501,4070,38,1,32060,13,6,Phuket,Y
A103810,2024-08-26,HP,389542,36,0.2319,18348,25,1,50623,23,4,Udon Thani,Y
A103811,2023-07-25,HP,312374,60,0.1146,8189,38,1,16438,37,15,Chiang Mai,
A103812,2023-10-12,PL,82202,12,0.2416,8505,20,1,19915,133,8,Khon Kaen,
A103813,2022-01-09,HP,526652,60,0.1388,14869,34,2,38827,67,11,Chiang Mai,
A103814,2024-07-09,PL,177749,48,0.0948,5107,35,1,42618,51,20,Songkhla,N
A103815,2025-03-01,HP,694253,48,0.1623,23853,23,3,42585,46,15,Nonthaburi,Y
A103816,2025-10-09,HP,155379,36,0.1553,6326,31,3,51492,58,10,Chonburi,Y
A103817,2022-01-19,PL,60299,24,0.2412,3724,43,3,21720,67,7,Nonthaburi,
A103818,2023-06-17,PL,135822,24,0.1391,7233,49,2,55364,21,4,Samut Prakan,
A103819,2023-02-25,CC,31289,0,0.2736,0,42,3,33921,95,1,Chiang Mai,
A103820,2025-06-28,CC,39067,0,0.2695,0,42,2,,37,999,Nonthaburi,Y
A103821,2024-11-01,CC,57901,0,0.2267,0,45,1,44141,40,6,Songkhla,Y
A103822,2022-01-29,PL,162206,36,0.2615,8040,20,2,32339,19,13,Samut Prakan,
A103823,2023-04-07,HP,445460,72,0.2539,15612,41,2,,11,999,Khon Kaen,
A103824,2025-02-09,HP,105605,60,0.243,3898,30,2,,39,999,Nonthaburi,N
A103825,2025-03-04,CC,122799,0,0.2049,0,20,1,21082,202,999,Ubon Ratchathani,Y
A103826,2024-02-12,PL,265043,36,0.2395,12652,34,9,31813,80,14,Khon Kaen,
A103827,2022-06-21,PL,184264,48,0.1797,6598,28,1,21034,30,22,Nakhon Ratchasima,
A103828,2025-12-01,CC,25763,0,0.2104,0,24,1,27586,66,4,Bangkok,Y
A103829,2022-01-24,CC,52406,0,0.2321,0,50,1,12255,72,6,Khon Kaen,
A103830,2023-01-18,PL,36534,48,0.2261,1449,20,1,14535,31,999,Nakhon Ratchasima,
A103831,2023-05-09,HP,235574,48,0.1316,7491,48,9,,58,3,Chiang Mai,
A103832,2022-06-04,PL,74463,36,0.1237,2836,42,1,24293,12,10,Songkhla,
A103833,2024-09-30,PL,144588,12,0.2244,14752,55,1,18334,103,16,Chiang Mai,N
A103834,2022-08-26,HP,321822,72,0.1207,7706,31,1,22332,109,8,Chiang Mai,
A103835,2025-06-12,CC,44729,0,0.2629,0,20,1,21506,77,12,Songkhla,Y
A103836,2024-01-14,HP,581763,60,0.1251,15760,63,1,25123,64,7,Nakhon Ratchasima,
A103837,2025-04-26,PL,184070,12,0.2141,18623,34,1,24677,67,7,Chiang Mai,Y
A103838,2023-12-24,PL,121886,24,0.0972,6065,37,1,26914,3,0,Phuket,
A103839,2022-11-26,CC,17792,0,0.2731,0,55,1,24559,96,16,Phuket,
A103840,2022-10-26,HP,246697,60,0.1144,6463,30,1,16385,63,5,Udon Thani,
A103841,2024-03-15,PL,213381,12,0.1463,20383,33,2,,32,12,Songkhla,
A103842,2023-01-04,PL,66318,12,0.2312,6804,40,3,14092,75,5,Chiang Mai,
A103843,2023-04-13,HP,446336,60,0.125,12088,21,2,15608,13,8,Chiang Mai,
A103844,2023-11-07,HP,398155,36,0.2315,18740,40,1,25536,60,9,Rayong,
A103845,2025-05-04,PL,173699,48,0.1846,6290,28,1,,37,2,Songkhla,N
A103846,2024-09-26,PL,85774,48,0.2148,3322,29,1,26157,20,8,Phuket,Y
A103847,2025-12-24,HP,173506,36,0.1151,6483,23,1,57470,75,2,Samut Prakan,Y
A103848,2025-09-10,HP,451673,72,0.2233,14678,29,3,25053,41,4,Ubon Ratchathani,Y
A103849,2024-05-03,CC,37726,0,0.0932,0,27,3,25064,49,13,Bangkok,Y
A103850,2025-10-15,PL,48625,24,0.2568,3066,31,1,14081,32,1,Khon Kaen,Y
A103851,2022-11-19,PL,113862,12,0.2427,11791,33,1,40959,37,9,Songkhla,
A103852,2024-11-09,PL,126745,48,0.2576,5361,32,1,38942,131,2,Nonthaburi,Y
A103853,2024-01-13,CC,48049,0,0.2562,0,35,2,83598,53,10,Nonthaburi,
A103854,2023-08-15,PL,196511,12,0.2603,20638,39,1,31449,89,22,Rayong,
A103855,2024-07-21,PL,107810,24,0.1292,5652,52,3,18925,3,0,Chiang Mai,Y
A103856,2025-09-25,PL,177271,24,0.1578,9717,28,9,,17,1,Bangkok,Y
A103857,2024-05-20,HP,199708,60,0.1489,5806,37,1,15846,88,24,Ubon Ratchathani,N
A103858,2023-11-18,HP,325336,36,0.2177,14939,29,2,,75,20,Nonthaburi,
A103859,2022-07-04,HP,979793,72,0.2078,30574,24,2,68183,21,999,Phuket,
A103860,2025-09-16,PL,73209,48,0.0909,2079,51,1,20030,31,4,Phuket,Y
A103861,2025-01-20,HP,225158,48,0.1517,7537,28,1,60147,89,13,Samut Prakan,N
A103862,2023-05-08,HP,336068,48,0.0924,9589,49,1,26387,17,7,Songkhla,
A103863,2022-05-17,HP,633514,60,0.1848,20314,50,3,38393,79,4,Chonburi,
A103864,2023-01-19,CC,75247,0,0.1177,0,39,3,26397,131,19,Chiang Mai,
A103865,2023-03-08,PL,109092,48,0.1042,3220,24,1,27259,14,8,Nonthaburi,
A103866,2025-07-28,PL,113375,36,0.2215,5242,48,2,,45,17,Phuket,Y
A103867,2025-12-17,CC,63783,0,0.2627,0,28,1,39909,182,999,Udon Thani,N
A103868,2024-06-26,HP,142841,60,0.2267,5079,47,3,,66,13,Songkhla,Y
A103869,2024-05-21,HP,186342,36,0.156,7598,33,2,,30,1,Chonburi,Y
A103870,2024-06-26,PL,112270,24,0.1718,6285,21,1,32868,90,999,Ubon Ratchathani,N
A103871,2022-02-14,PL,323016,24,0.1664,17938,46,1,20497,120,4,Ubon Ratchathani,
A103872,2023-10-26,PL,70240,24,0.1149,3599,42,1,18313,84,999,Khon Kaen,
A103873,2023-12-15,PL,84002,12,0.2042,8429,46,3,16758,62,2,Chonburi,
A103874,2022-10-11,CC,21786,0,0.2414,0,26,2,,24,0,Khon Kaen,
A103875,2022-05-17,HP,431648,60,0.0973,10694,43,1,20617,62,8,Nonthaburi,
A103876,2023-05-13,PL,188071,36,0.2465,9087,26,1,32785,40,12,Nonthaburi,
A103877,2023-05-25,HP,137088,72,0.1827,3991,34,1,16581,30,13,Rayong,
A103878,2022-10-27,HP,230594,72,0.253,8064,31,1,18663,23,5,Bangkok,
A103879,2025-05-07,PL,147069,12,0.1846,14518,27,1,41586,39,13,Udon Thani,Y
A103880,2023-09-01,PL,343071,12,0.2727,36385,34,1,45164,96,999,Khon Kaen,
A103881,2024-08-13,HP,295711,72,0.127,7236,50,3,49656,28,24,Nakhon Ratchasima,N
A103882,2025-12-18,PL,263275,48,0.0906,7472,36,2,,120,4,Phuket,N
A103883,2022-02-05,CC,52370,0,0.1062,0,40,2,,42,10,Khon Kaen,
A103884,2025-05-31,CC,18670,0,0.217,0,43,3,35384,38,0,Khon Kaen,N
A103885,2025-10-11,PL,129621,36,0.155,5274,29,1,23731,9,8,Udon Thani,Y
A103886,2023-01-23,CC,58397,0,0.2154,0,56,1,17397,43,0,Ubon Ratchathani,
A103887,2025-07-24,PL,110670,48,0.1832,3995,43,3,,19,18,Chonburi,N
A103888,2024-11-05,HP,431819,36,0.2132,19666,22,1,34333,90,14,Udon Thani,N
A103889,2022-06-16,PL,56084,24,0.2748,3621,38,2,,34,12,Nonthaburi,
A103890,2022-06-22,HP,236168,60,0.1224,6345,21,1,27490,27,1,Chiang Mai,
A103891,2025-05-15,PL,53870,48,0.277,2365,42,3,17858,9,11,Ubon Ratchathani,Y
A103892,2022-07-15,HP,1096430,36,0.2762,55692,27,1,19656,12,21,Rayong,
A103893,2022-12-12,PL,81270,48,0.2604,3456,32,1,34293,37,0,Bangkok,
A103894,2023-05-16,PL,115972,36,0.1866,5024,37,1,44601,0,17,Songkhla,
A103895,2022-09-12,CC,21928,0,0.0,0,45,1,19296,69,23,Phuket,
A103896,2022-09-02,CC,68501,0,0.1225,0,61,3,51215,107,1,Songkhla,
A103897,2023-08-08,HP,294395,36,0.1653,12232,42,1,38042,127,12,Udon Thani,
A103898,2024-02-11,PL,46801,12,0.1682,4556,41,1,16588,55,3,Bangkok,
A103899,2023-01-08,PL,74074,24,0.1793,4193,28,3,42663,3,18,Phuket,
A103900,2023-04-01,PL,185548,24,0.1375,9857,36,1,25197,8,0,Phuket,
A103901,2022-12-02,HP,247379,72,0.2445,8476,29,3,32387,35,13,Nonthaburi,
A103902,2022-01-15,CC,20188,0,0.1376,0,43,1,21938,88,9,Khon Kaen,
A103903,2024-07-10,PL,194160,48,0.2294,7756,20,1,54113,108,5,Songkhla,N
A103904,2024-08-26,PL,75649,24,0.1466,4076,39,3,23029,36,13,Chiang Mai,Y
A103905,2023-11-02,HP,735210,36,0.1277,28246,53,1,38923,21,19,Nonthaburi,
A103906,2025-04-08,CC,90094,0,0.0,0,38,1,21863,69,31,Khon Kaen,Y
A103907,2023-08-30,HP,1137516,36,0.1009,41162,44,3,22139,21,0,Nonthaburi,
A103908,2025-11-30,PL,83959,48,0.0986,2439,41,1,24553,49,6,Samut Prakan,N
A103909,2024-12-05,PL,78949,48,0.2459,3262,64,3,28760,30,2,Nonthaburi,Y
A103910,2025-12-14,HP,323928,36,0.2266,15114,43,1,28828,43,13,Nonthaburi,Y
A103911,2025-03-20,PL,77022,24,0.245,4781,40,3,21810,57,999,Chonburi,N
A103912,2022-03-11,HP,307459,36,0.1656,12783,45,1,45305,145,11,Khon Kaen,
A103913,2024-12-07,PL,121997,12,0.2431,12637,32,1,18853,10,9,Samut Prakan,N
A103914,2023-02-16,PL,419057,24,0.2761,27102,28,3,,54,1,Phuket,
A103915,2025-02-28,PL,105114,12,0.2464,10917,52,2,20336,60,4,Khon Kaen,Y
A103916,2022-10-14,PL,55087,12,0.2536,5754,49,2,64206,100,10,Rayong,
A103917,2025-05-01,HP,301499,48,0.1378,9743,57,1,24399,69,6,Nonthaburi,Y
A103918,2025-11-03,HP,1235059,36,0.1843,53275,38,2,39571,26,4,Rayong,N
A103919,2022-12-18,PL,71936,36,0.1691,3011,44,1,28037,148,999,Songkhla,
A103920,2025-02-03,PL,40939,12,0.0951,3736,31,1,25012,49,18,Chiang Mai,Y
A103921,2023-01-30,HP,686759,60,0.2267,24420,30,2,,32,13,Chiang Mai,
A103922,2023-11-30,PL,61366,48,0.0951,1764,30,1,,106,999,Chiang Mai,
A103923,2023-10-18,PL,171817,36,0.1814,7369,51,2,81647,74,8,Samut Prakan,
A103924,2024-03-25,HP,293610,60,0.1852,9424,27,3,23545,15,18,Chiang Mai,
A103925,2023-07-28,HP,858827,48,0.2037,32470,43,2,35055,78,999,Khon Kaen,
A103926,2023-11-21,CC,60630,0,0.1076,0,48,3,33090,2,999,Phuket,
A103927,2025-09-05,HP,237404,48,0.1322,7561,30,2,42433,21,10,Samut Prakan,Y
A103928,2024-05-02,PL,419846,24,0.1158,21545,29,2,38302,27,21,Udon Thani,Y
A103929,2025-01-05,HP,741925,36,0.2427,35614,27,2,,121,5,Rayong,N
A103930,2025-08-17,PL,112471,36,0.2792,5741,43,1,36778,33,30,Chonburi,N
A103931,2025-02-27,HP,161712,48,0.1111,4866,26,1,22714,90,13,Ubon Ratchathani,Y
A103932,2022-01-23,HP,813552,60,0.1545,24033,50,1,11743,16,25,Rayong,
A103933,2022-06-01,PL,204109,24,0.242,12620,26,1,18930,52,24,Chiang Mai,
A103934,2023-11-13,CC,62024,0,0.0983,0,37,1,40276,114,5,Nakhon Ratchasima,
A103935,2024-02-29,HP,197896,72,0.222,6409,38,2,,8,5,Songkhla,
A103936,2023-10-10,PL,68196,48,0.2777,2998,45,2,,4,6,Rayong,
A103937,2024-05-27,PL,107630,24,0.1429,5766,32,1,29480,31,7,Nakhon Ratchasima,Y
A103938,2022-02-17,HP,280310,48,0.2443,11546,41,1,30275,67,4,Rayong,
A103939,2024-04-03,PL,213709,24,0.1446,11479,43,2,23705,37,7,Khon Kaen,Y
A103940,2023-04-11,PL,128770,12,0.239,13295,20,3,,5,8,Nakhon Ratchasima,
A103941,2023-12-07,PL,118847,12,0.2659,12537,55,1,14615,18,24,Chonburi,
A103942,2023-03-18,CC,37084,0,0.2003,0,52,1,14470,59,1,Rayong,
A103943,2023-09-27,PL,143655,36,0.1178,5400,29,2,,55,18,Nakhon Ratchasima,
A103944,2025-10-19,PL,223570,12,0.2615,23502,20,1,30064,54,7,Ubon Ratchathani,Y
A103945,2024-09-23,PL,141034,48,0.1919,5193,27,1,17146,6,16,Chonburi,Y
A103946,2022-07-11,HP,262619,72,0.0918,5656,52,1,22600,68,17,Songkhla,
A103947,2022-12-21,PL,162781,24,0.149,8803,48,1,42745,30,8,Bangkok,
A103948,2023-02-11,PL,71574,36,0.1499,2882,48,3,42543,55,7,Udon Thani,
A103949,2024-08-22,HP,484713,48,0.2793,21379,28,1,27716,88,17,Chonburi,Y
A103950,2023-02-21,CC,8160,0,0.2115,0,62,1,14599,56,29,Ubon Ratchathani,
A103951,2025-04-14,HP,467774,48,0.2274,18609,39,1,47916,62,999,Chonburi,Y
A103952,2023-09-26,PL,185597,36,0.1351,7244,33,3,71752,42,8,Khon Kaen,
A103953,2024-11-12,HP,366025,72,0.1491,9631,43,1,34010,94,999,Nonthaburi,Y
A103954,2024-05-11,PL,371953,48,0.1868,13539,29,1,23066,98,11,Chiang Mai,Y
A103955,2023-04-17,HP,212223,72,0.2116,6689,23,1,19716,18,3,Udon Thani,
A103956,2023-04-17,CC,55559,0,0.1172,0,41,3,34218,107,1,Nakhon Ratchasima,
A103957,2024-05-15,PL,36916,12,0.2777,3930,28,1,16467,50,10,Ubon Ratchathani,Y
A103958,2024-02-22,HP,186562,60,0.1781,5878,39,2,,67,999,Ubon Ratchathani,
A103959,2022-03-01,PL,72680,12,0.178,7134,45,3,34506,39,9,Chonburi,
A103960,2025-03-13,PL,178204,48,0.2139,6889,42,3,28487,34,1,Phuket,N
A103961,2023-11-19,CC,45364,0,0.2355,0,42,1,37696,28,9,Bangkok,
A103962,2023-07-30,CC,35583,0,0.2604,0,28,1,19884,25,13,Nakhon Ratchasima,
A103963,2025-09-05,PL,78691,12,0.1261,7384,39,2,62078,18,999,Nonthaburi,Y
A103964,2025-05-02,HP,162605,48,0.1769,5784,38,1,15548,8,19,Bangkok,Y
A103965,2023-03-17,HP,181604,72,0.0913,3903,37,3,,130,8,Khon Kaen,
A103966,2022-03-12,PL,134084,24,0.118,6905,35,3,25884,53,5,Chonburi,
A103967,2023-08-22,PL,43442,48,0.1577,1475,48,2,,61,2,Chonburi,
A103968,2023-03-30,CC,60291,0,0.1016,0,20,1,40279,60,8,Nakhon Ratchasima,
A103969,2024-04-20,PL,81117,48,0.1001,2366,30,3,22287,48,6,Rayong,Y
A103970,2022-10-01,HP,110022,72,0.2799,4094,22,1,,76,999,Chiang Mai,
A103971,2023-11-17,CC,97734,0,0.2109,0,33,2,14871,57,10,Ubon Ratchathani,
A103972,2025-07-13,HP,256176,48,0.1121,7730,31,1,22015,12,7,Songkhla,N
A103973,2024-02-14,PL,178159,48,0.2385,7252,41,3,,47,12,Nakhon Ratchasima,
A103974,2025-06-17,CC,44165,0,0.2167,0,28,1,23470,48,11,Khon Kaen,Y
A103975,2025-06-07,PL,318984,36,0.2487,15471,34,2,,3,10,Udon Thani,N
A103976,2023-12-12,CC,50181,0,0.0992,0,42,1,14845,68,9,Samut Prakan,
A103977,2025-03-27,PL,146007,48,0.1174,4470,31,9,33069,86,4,Udon Thani,N
A103978,2025-12-04,PL,106845,48,0.1728,3764,47,9,31414,17,0,Nonthaburi,Y
A103979,2022-10-24,CC,70763,0,0.2254,0,28,1,56286,138,4,Samut Prakan,
A103980,2023-01-26,PL,171800,48,0.169,5998,34,1,43417,4,10,Khon Kaen,
A103981,2022-06-20,PL,109930,36,0.1198,4151,29,1,21007,123,20,Chiang Mai,
A103982,2023-09-13,HP,274883,72,0.1033,6184,30,2,,64,999,Samut Prakan,
A103983,2023-08-10,HP,128411,36,0.2296,6023,43,2,,63,1,Bangkok,
A103984,2023-08-09,PL,140819,48,0.2539,5913,25,1,20359,78,15,Chonburi,
A103985,2024-07-11,PL,436493,24,0.158,23934,56,3,,19,8,Songkhla,N
A103986,2025-10-05,PL,68855,36,0.2259,3208,58,1,18422,63,6,Nakhon Ratchasima,N
A103987,2022-04-06,HP,191303,48,0.145,6297,25,3,38494,51,999,Khon Kaen,
A103988,2023-02-03,PL,325279,12,0.1831,32069,30,1,22707,110,21,Phuket,
A103989,2023-11-03,HP,274400,36,0.2024,12250,52,1,35013,13,999,Chiang Mai,
A103990,2023-05-22,CC,25777,0,0.2714,0,48,1,17577,42,15,Samut Prakan,
A103991,2025-08-24,HP,72997,60,0.1683,2240,37,1,13087,4,11,Udon Thani,Y
A103992,2024-03-22,HP,236040,60,0.1186,6266,42,1,,21,999,Chonburi,
A103993,2025-12-02,PL,154866,12,0.2714,16408,46,2,25219,8,999,Rayong,Y
A103994,2023-01-07,HP,485545,72,0.1838,14180,46,3,58566,64,21,Nonthaburi,
A103995,2025-09-17,CC,83838,0,0.116,0,31,3,51502,4,6,Samut Prakan,N
A103996,2022-01-24,PL,152492,24,0.2188,9134,20,2,,104,7,Bangkok,
A103997,2025-04-10,PL,150207,48,0.1235,4675,29,1,,30,999,Chonburi,Y
A103998,2025-09-03,PL,195489,36,0.2304,9183,34,1,22609,115,14,Samut Prakan,Y
A103999,2025-09-03,PL,110315,48,0.2645,4729,38,1,28538,7,7,Bangkok,Y
A104000,2024-10-24,HP,365201,48,0.125,11412,31,1,,120,0,Khon Kaen,Y
A104001,2022-07-07,PL,160068,36,0.2354,7586,30,1,13927,106,3,Udon Thani,
A104002,2022-05-20,PL,124564,48,0.1162,3801,42,9,17562,89,5,Samut Prakan,
A104003,2024-01-16,CC,47616,0,0.1807,0,36,3,11990,33,1,Bangkok,
A104004,2025-10-22,PL,32787,48,0.1958,1218,50,1,134039,26,11,Bangkok,N
A104005,2022-12-02,HP,155303,72,0.1717,4379,27,3,44875,122,13,Songkhla,
A104006,2023-11-09,PL,62826,48,0.2369,2549,29,2,,45,999,Ubon Ratchathani,
A104007,2024-10-27,HP,89306,48,0.111,2686,40,1,10547,90,13,Khon Kaen,N
A104008,2023-02-09,PL,56631,12,0.11,5238,36,2,15941,20,11,Udon Thani,
A104009,2025-12-19,PL,105680,12,0.1846,10432,38,3,19604,124,4,Nakhon Ratchasima,Y
A104010,2024-10-01,HP,279202,48,0.1434,9153,31,1,22124,25,999,Samut Prakan,Y
A104011,2022-03-04,CC,20074,0,0.1634,0,20,2,,64,13,Bangkok,
A104012,2023-07-10,HP,179628,60,0.1373,5049,45,1,33718,23,7,Chonburi,
A104013,2023-12-07,HP,278881,60,0.1135,7285,52,1,46162,137,7,Nakhon Ratchasima,
A104014,2025-09-15,HP,282191,48,0.1584,9603,40,2,,134,1,Phuket,Y
A104015,2025-01-22,PL,94249,12,0.2505,9821,35,1,,28,13,Ubon Ratchathani,Y
A104016,2023-12-10,PL,76308,24,0.1267,3985,54,1,20436,92,16,Ubon Ratchathani,
A104017,2025-09-27,HP,425042,72,0.2271,13947,44,1,20237,10,10,Nonthaburi,Y
A104018,2024-10-08,HP,178529,36,0.1955,7867,44,3,43541,127,28,Chiang Mai,Y
A104019,2025-05-12,CC,28854,0,0.1973,0,32,1,14174,20,15,Udon Thani,N
A104020,2025-06-16,PL,61683,12,0.1397,5858,32,3,25018,21,13,Nonthaburi,Y
A104021,2022-11-22,HP,395007,72,0.1586,10706,52,2,33630,122,999,Songkhla,
A104022,2022-09-16,PL,56248,24,0.193,3248,37,3,42411,11,5,Rayong,
A104023,2023-12-29,CC,70917,0,0.1027,0,52,1,,9,19,Songkhla,
A104024,2024-09-01,CC,23038,0,0.1928,0,39,9,41705,154,19,Khon Kaen,Y
A104025,2025-08-07,CC,45597,0,0.127,0,42,1,27747,14,999,Chiang Mai,Y
A104026,2023-12-30,HP,421960,72,0.234,14088,20,1,17553,109,3,Nonthaburi,
A104027,2025-03-12,HP,266275,36,0.1081,9795,43,2,,35,3,Rayong,N
A104028,2024-09-08,HP,117208,60,0.2471,4366,25,2,27618,45,9,Samut Prakan,N
A104029,2025-08-20,PL,214196,48,0.1305,6791,20,1,18104,26,3,Phuket,Y
A104030,2022-09-19,HP,402095,48,0.2414,16465,36,2,18962,14,6,Samut Prakan,
A104031,2023-01-14,HP,562024,48,0.1525,18851,65,2,,5,7,Rayong,
A104032,2023-12-27,PL,74738,24,0.1905,4300,32,9,,93,999,Phuket,
A104033,2022-01-21,PL,109736,24,0.1125,5601,41,3,35457,16,7,Rayong,
A104034,2022-07-23,PL,126774,48,0.1145,3850,46,1,69109,36,20,Ubon Ratchathani,
A104035,2023-11-15,CC,85205,0,0.209,0,42,1,38763,113,1,Khon Kaen,
A104036,2024-12-31,PL,107163,24,0.1654,5942,47,2,,26,999,Udon Thani,N
A104037,2024-11-20,HP,483491,36,0.2473,23394,35,2,,3,13,Nakhon Ratchasima,N
A104038,2025-02-08,HP,521451,60,0.2793,20827,41,1,41225,83,0,Rayong,Y
A104039,2022-12-22,CC,36184,0,0.1277,0,24,1,34608,40,7,Bangkok,
A104040,2024-04-23,HP,548272,60,0.2324,19756,20,1,26480,59,14,Bangkok,Y
A104041,2022-11-17,PL,143777,12,0.2724,15245,44,2,,63,11,Chonburi,
A104042,2025-08-11,HP,214847,72,0.2056,6665,31,1,20971,23,1,Phuket,N
A104043,2025-07-31,HP,222922,36,0.2105,10102,32,1,38637,72,7,Nakhon Ratchasima,Y
A104044,2025-11-03,PL,145485,48,0.1093,4356,24,1,33527,52,1,Chonburi,Y
A104045,2024-03-07,HP,138597,72,0.1156,3260,28,2,,101,11,Khon Kaen,
A104046,2024-09-16,CC,99007,0,0.1307,0,34,3,34004,47,26,Ubon Ratchathani,Y
A104047,2023-07-22,CC,76381,0,0.154,0,25,1,25013,2,1,Ubon Ratchathani,
A104048,2022-10-01,HP,497851,36,0.2556,24433,46,1,,79,999,Chonburi,
A104049,2025-12-18,HP,408971,72,0.1355,10298,45,1,30855,49,15,Nakhon Ratchasima,Y
A104050,2022-12-26,PL,90976,36,0.1424,3606,25,1,20611,18,17,Phuket,
A104051,2023-09-06,CC,26764,0,0.2101,0,31,2,26800,15,18,Nonthaburi,
A104052,2025-10-28,PL,265367,48,0.1248,8288,36,1,25089,26,3,Bangkok,Y
A104053,2022-04-22,HP,193366,60,0.1804,6129,45,2,55975,40,11,Phuket,
A104054,2024-12-05,PL,87344,36,0.1006,3158,41,1,27792,29,6,Nakhon Ratchasima,Y
A104055,2022-03-25,PL,97950,24,0.2071,5771,42,3,20351,70,8,Khon Kaen,
A104056,2024-06-21,PL,216942,24,0.2042,12730,31,1,31154,115,12,Nakhon Ratchasima,Y
A104057,2022-02-10,HP,339594,60,0.1621,10247,29,1,,2,13,Songkhla,
A104058,2025-12-06,PL,123550,12,0.154,11881,34,3,32052,23,16,Chonburi,N
A104059,2024-09-10,HP,48891,48,0.1927,1803,50,3,40908,2,8,Bangkok,Y
A104060,2022-03-01,HP,235989,48,0.1388,7646,44,3,34619,86,999,Chiang Mai,
A104061,2023-01-15,HP,330487,72,0.2738,12130,26,1,45805,18,9,Khon Kaen,
A104062,2025-04-12,HP,356362,60,0.1527,10474,42,3,21202,65,5,Chiang Mai,N
A104063,2024-06-12,PL,121041,12,0.2566,12675,40,2,,1,0,Phuket,Y
A104064,2022-09-21,PL,229919,12,0.0908,20899,35,1,,84,6,Samut Prakan,
A104065,2025-11-15,CC,42150,0,0.1964,0,31,1,16643,50,4,Phuket,N
A104066,2022-07-28,HP,521754,60,0.2036,17548,43,2,21641,16,7,Samut Prakan,
A104067,2025-04-29,CC,27346,0,0.1062,0,36,1,,38,16,Phuket,Y
A104068,2022-03-12,PL,53268,48,0.1351,1709,36,1,18792,110,13,Bangkok,
A104069,2025-06-07,HP,1010457,48,0.1138,30633,23,1,13507,27,8,Chonburi,Y
A104070,2024-11-02,PL,171983,12,0.195,17126,27,1,24628,50,0,Nonthaburi,N
A104071,2022-01-26,CC,63536,0,0.2636,0,45,1,58887,20,15,Khon Kaen,
A104072,2023-10-13,HP,361239,48,0.2483,15000,29,1,15940,38,21,Nonthaburi,
A104073,2025-06-23,CC,84273,0,0.2506,0,40,1,35165,64,1,Songkhla,Y
A104074,2025-01-01,PL,161866,36,0.2579,7975,41,3,24191,86,1,Udon Thani,Y
A104075,2022-06-29,PL,56251,24,0.1849,3210,47,3,39718,28,0,Nakhon Ratchasima,
A104076,2023-11-02,PL,306710,12,0.154,29495,32,1,29104,48,999,Songkhla,
A104077,2024-09-04,PL,112912,12,0.1304,10636,30,1,41996,43,22,Songkhla,N
A104078,2024-08-03,CC,53499,0,0.2663,0,47,1,,70,23,Bangkok,N
A104079,2025-10-29,PL,116504,12,0.1264,10935,48,2,,147,20,Samut Prakan,Y
A104080,2022-12-26,PL,107012,12,0.1126,9921,25,1,47719,120,4,Bangkok,
A104081,2022-08-25,HP,265557,60,0.2283,9478,33,2,,62,9,Samut Prakan,
A104082,2022-03-14,CC,80083,0,0.1014,0,30,3,30332,105,1,Khon Kaen,
A104083,2024-02-28,HP,496230,36,0.1031,18047,34,2,,95,8,Samut Prakan,
A104084,2024-05-17,PL,89043,12,0.2194,9048,27,1,16830,79,5,Bangkok,Y
A104085,2023-07-03,HP,259132,48,0.2055,9836,45,1,29604,37,25,Phuket,
A104086,2022-08-22,PL,140467,48,0.2141,5432,33,1,38614,127,13,Chiang Mai,
A104087,2024-10-24,PL,135157,24,0.2398,8332,40,1,18671,1,999,Rayong,Y
A104088,2024-04-07,PL,272916,48,0.2105,10473,34,2,61680,4,8,Udon Thani,Y
A104089,2025-01-19,PL,77048,24,0.2318,4698,26,3,24893,23,3,Chonburi,Y
A104090,2023-10-04,PL,285941,24,0.2596,18100,35,1,36771,67,13,Udon Thani,
A104091,2022-04-09,PL,93224,48,0.1602,3186,31,2,47934,47,10,Khon Kaen,
A104092,2023-08-08,PL,35320,12,0.1169,3287,37,2,15335,22,6,Samut Prakan,
A104093,2022-12-21,CC,37272,0,0.1365,0,32,1,15231,39,4,Udon Thani,
A104094,2022-11-06,CC,35365,0,0.264,0,45,2,39391,33,8,Nonthaburi,
A104095,2025-05-22,CC,27592,0,0.2186,0,54,1,43261,82,15,Songkhla,Y
A104096,2025-10-02,CC,96781,0,0.2482,0,49,1,38686,4,15,Phuket,Y
A104097,2023-03-07,HP,203768,60,0.1543,6016,41,2,78445,96,17,Udon Thani,
A104098,2025-11-09,PL,276080,12,0.1797,27140,35,1,17678,104,16,Rayong,Y
A104099,2022-04-16,HP,351900,36,0.2696,17681,32,3,40070,108,6,Songkhla,
A104100,2025-09-29,HP,156642,36,0.0977,5626,32,1,22288,39,9,Rayong,Y
A104101,2024-09-23,CC,70434,0,0.1911,0,29,1,28986,31,25,Phuket,Y
A104102,2024-03-10,PL,78291,36,0.1982,3467,24,1,24221,41,4,Chiang Mai,
A104103,2025-09-29,HP,98755,36,0.1731,4167,38,1,21462,126,6,Ubon Ratchathani,Y
A104104,2023-09-15,CC,52038,0,0.1136,0,36,2,,10,999,Ubon Ratchathani,
A104105,2023-02-16,CC,70641,0,0.2211,0,36,1,34793,37,13,Phuket,
A104106,2023-02-08,PL,206168,36,0.2513,10044,33,3,19888,35,6,Phuket,
A104107,2024-06-06,HP,489567,48,0.1173,14984,42,1,,78,11,Bangkok,Y
A104108,2022-04-23,PL,47957,36,0.2074,2160,49,1,28166,57,999,Rayong,
A104109,2023-09-19,PL,155957,48,0.1151,4744,42,1,27743,34,26,Chonburi,
A104110,2023-06-23,CC,73930,0,0.1992,0,49,1,17420,30,5,Udon Thani,
A104111,2024-04-27,PL,105063,48,0.1784,3750,20,1,23855,104,0,Khon Kaen,N
A104112,2025-07-15,PL,231846,12,0.1982,23149,37,2,,6,7,Nakhon Ratchasima,Y
A104113,2022-06-02,CC,58495,0,0.1488,0,48,1,38592,13,14,Nakhon Ratchasima,
A104114,2023-08-27,HP,527285,48,0.2629,22537,61,1,48876,111,10,Chonburi,
A104115,2025-09-30,CC,39089,0,0.1979,0,20,1,40536,46,0,Chonburi,N
A104116,2023-04-29,HP,192690,60,0.2136,6641,51,1,29858,68,11,Nonthaburi,
A104117,2023-10-31,HP,223412,60,0.2596,8556,36,1,27611,52,14,Ubon Ratchathani,
A104118,2023-11-23,PL,71157,12,0.2449,7381,34,1,36538,110,3,Udon Thani,
A104119,2025-11-17,PL,60126,12,0.2059,6042,42,2,,110,2,Ubon Ratchathani,Y
A104120,2022-03-17,PL,88252,24,0.2354,5408,41,2,32038,54,14,Phuket,
A104121,2023-06-30,HP,162143,48,0.1083,4841,32,2,76492,83,4,Khon Kaen,
A104122,2024-11-18,HP,347382,48,0.256,14647,20,1,9000,12,13,Nonthaburi,Y
A104123,2023-07-10,HP,193283,72,0.2379,6516,21,1,45969,18,2,Nonthaburi,
A104124,2022-12-06,PL,159467,12,0.1642,15470,46,3,38137,37,5,Khon Kaen,
A104125,2024-09-28,CC,20761,0,0.2194,0,20,9,,75,4,Nakhon Ratchasima,Y
A104126,2023-02-11,HP,784199,60,0.2018,26257,29,2,15594,83,18,Udon Thani,
A104127,2024-07-26,CC,28231,0,0.0,0,29,2,,38,33,Chiang Mai,Y
A104128,2025-04-22,PL,52272,12,0.2425,5412,25,1,13957,87,7,Nonthaburi,Y
A104129,2024-06-02,PL,91199,24,0.1555,4981,24,2,37652,124,13,Rayong,Y
A104130,2023-11-03,PL,274124,12,0.1154,25479,47,1,16415,111,2,Chonburi,
A104131,2022-05-31,PL,127065,36,0.2345,6012,39,2,20326,58,23,Bangkok,
A104132,2023-02-16,HP,185895,60,0.1318,5139,38,3,36496,86,14,Rayong,
A104133,2024-04-10,PL,45065,36,0.2276,2106,48,2,28121,108,9,Samut Prakan,Y
A104134,2025-10-22,HP,274207,60,0.1883,8872,37,1,21153,62,16,Chiang Mai,N
A104135,2022-10-12,CC,18209,0,0.1056,0,40,2,49375,50,21,Nakhon Ratchasima,
A104136,2025-10-26,HP,1609190,36,0.1083,59222,34,1,19184,21,5,Udon Thani,Y
A104137,2025-07-10,PL,148447,36,0.2482,7193,40,1,22221,59,9,Rayong,N
A104138,2023-01-06,PL,92858,24,0.0964,4615,31,1,27635,72,18,Chiang Mai,
A104139,2022-11-24,HP,275773,48,0.1071,8206,34,2,28996,70,7,Songkhla,
A104140,2022-03-03,PL,132936,24,0.1431,7124,62,2,,27,16,Rayong,
A104141,2024-09-26,CC,88110,0,0.113,0,50,3,,22,18,Chonburi,Y
A104142,2022-10-07,PL,114213,48,0.2719,4967,44,1,27654,158,999,Rayong,
A104143,2023-08-30,PL,82164,48,0.2622,3507,49,2,60840,11,3,Ubon Ratchathani,
A104144,2022-07-05,PL,179891,24,0.0972,8952,24,1,39518,60,11,Khon Kaen,
A104145,2024-10-11,PL,171285,12,0.0934,15606,41,1,71398,115,999,Chonburi,Y
A104146,2023-05-22,CC,37603,0,0.0,0,26,1,35994,39,5,Ubon Ratchathani,
A104147,2024-03-29,PL,267957,12,0.2724,28412,43,1,18971,28,9,Nonthaburi,
A104148,2023-05-24,PL,74276,36,0.1844,3204,23,1,29901,13,23,Bangkok,
A104149,2023-07-10,PL,85663,12,0.108,7909,43,1,20030,57,999,Bangkok,
A104150,2025-08-10,HP,586558,36,0.1873,25448,55,2,36998,5,10,Bangkok,Y
A104151,2023-10-03,PL,82761,24,0.2104,4899,36,1,24129,40,14,Bangkok,
A104152,2023-06-24,HP,201595,36,0.1299,7782,22,1,21872,89,1,Chiang Mai,
A104153,2023-05-21,PL,80662,48,0.2273,3208,35,1,23583,85,4,Nakhon Ratchasima,
A104154,2025-07-22,CC,60652,0,0.0,0,38,2,19205,42,13,Nakhon Ratchasima,Y
A104155,2023-01-11,PL,70762,36,0.1234,2693,53,1,23316,122,18,Nonthaburi,
A104156,2022-09-24,PL,123381,48,0.2376,5013,46,3,29979,83,12,Samut Prakan,
A104157,2023-10-22,PL,156984,48,0.2795,6926,31,3,,32,4,Ubon Ratchathani,
A104158,2024-11-17,HP,227860,48,0.1289,7194,39,3,49936,96,999,Nakhon Ratchasima,Y
A104159,2023-06-05,HP,698095,48,0.2225,27487,48,1,27932,77,21,Phuket,
A104160,2023-04-17,HP,412576,72,0.2742,15157,42,9,,69,1,Chiang Mai,
A104161,2024-07-09,HP,204576,72,0.1281,5025,20,3,41784,45,12,Samut Prakan,Y
A104162,2024-06-04,PL,336119,24,0.2182,20116,48,2,,141,9,Nakhon Ratchasima,Y
A104163,2023-12-04,PL,158160,24,0.1051,7975,54,1,33099,76,999,Nonthaburi,
A104164,2023-11-27,CC,48669,0,0.1006,0,36,1,,58,4,Udon Thani,
A104165,2023-07-17,HP,794912,36,0.116,29765,54,1,21851,58,10,Nonthaburi,
A104166,2025-02-28,PL,97022,24,0.2667,6198,27,1,37968,77,999,Khon Kaen,Y
A104167,2025-01-22,CC,51430,0,0.2057,0,50,1,33663,43,999,Samut Prakan,Y
A104168,2023-08-24,PL,99174,48,0.1678,3452,33,3,17503,25,999,Nakhon Ratchasima,
A104169,2022-09-20,CC,41259,0,0.1217,0,58,1,30816,24,0,Nonthaburi,
A104170,2025-04-16,PL,263629,12,0.127,24759,37,2,25127,56,5,Udon Thani,Y
A104171,2024-05-25,PL,105994,24,0.2657,6763,36,1,,73,10,Rayong,N
A104172,2024-06-28,HP,571456,72,0.2685,20723,50,3,27556,11,999,Rayong,N
A104173,2025-06-10,PL,371173,24,0.1891,21314,33,2,,98,15,Songkhla,Y
A104174,2022-09-24,HP,259490,72,0.1548,6951,25,2,47959,180,11,Phuket,
A104175,2024-08-18,CC,15549,0,0.223,0,38,1,,56,3,Chiang Mai,N
A104176,2023-06-30,HP,124382,60,0.205,4197,40,3,22821,55,11,Bangkok,
A104177,2025-07-01,PL,87888,48,0.1059,2606,45,1,61932,0,16,Udon Thani,Y
A104178,2022-12-24,PL,50820,12,0.1882,5032,32,1,42786,48,19,Phuket,
A104179,2025-09-02,PL,38800,12,0.2229,3954,39,3,50247,51,9,Chonburi,Y
A104180,2024-12-12,CC,56902,0,0.234,0,43,3,25258,33,8,Khon Kaen,Y
A104181,2023-03-10,PL,120112,48,0.1812,4316,34,1,22775,119,1,Udon Thani,
A104182,2024-10-25,CC,89495,0,0.1774,0,42,1,28138,106,4,Khon Kaen,N
A104183,2024-02-12,PL,48265,48,0.252,2019,50,3,27468,19,24,Phuket,
A104184,2023-07-04,CC,104059,0,0.1478,0,44,1,46005,52,7,Nonthaburi,
A104185,2023-11-16,HP,219904,60,0.1051,5591,51,3,24480,30,16,Bangkok,
A104186,2022-08-23,HP,341487,72,0.2736,12528,33,3,19503,59,5,Rayong,
A104187,2022-09-27,HP,82727,72,0.2108,2602,29,3,73229,68,7,Chiang Mai,
A104188,2023-10-18,HP,428210,36,0.2739,21668,44,3,12685,47,1,Nakhon Ratchasima,
A104189,2025-05-25,HP,206230,60,0.2798,8245,27,1,19785,33,19,Ubon Ratchathani,N
A104190,2022-09-01,PL,127219,48,0.1067,3781,50,3,22023,24,999,Chiang Mai,
A104191,2022-09-01,HP,459036,60,0.2507,17240,33,1,23875,4,4,Ubon Ratchathani,
A104192,2022-04-08,CC,24745,0,0.2505,0,20,1,18308,37,999,Nonthaburi,
A104193,2025-10-28,HP,100618,60,0.154,2968,29,1,34029,42,27,Songkhla,Y
A104194,2022-11-18,PL,93143,12,0.2476,9683,35,3,,71,2,Chiang Mai,
A104195,2025-05-05,HP,205036,72,0.231,6794,28,1,27125,17,8,Nonthaburi,N
A104196,2022-01-04,HP,674860,60,0.2233,23805,29,2,38633,19,3,Nonthaburi,
A104197,2023-11-23,PL,87854,24,0.2442,5448,53,1,,157,12,Songkhla,
A104198,2025-04-02,HP,761060,72,0.1408,19500,53,1,12577,87,8,Ubon Ratchathani,Y
A104199,2025-06-20,PL,80560,12,0.1248,7551,45,1,23597,45,13,Rayong,Y
A104200,2023-03-21,HP,335302,72,0.133,8373,35,2,,43,8,Rayong,
A104201,2022-06-12,PL,66856,36,0.2273,3123,42,1,25297,38,4,Chiang Mai,
A104202,2023-09-12,PL,179731,12,0.2052,18050,39,2,27339,27,999,Chonburi,
A104203,2023-01-03,PL,120672,36,0.2185,5549,55,2,,57,2,Bangkok,
A104204,2022-08-21,PL,97705,12,0.2683,10326,33,3,,10,11,Songkhla,
A104205,2024-03-07,PL,116096,24,0.1494,6282,48,1,43238,35,999,Nakhon Ratchasima,
A104206,2022-07-08,PL,92283,12,0.1919,9166,22,3,30453,84,9,Bangkok,
A104207,2023-08-10,HP,113738,36,0.1519,4599,51,2,,6,4,Rayong,
A104208,2023-03-29,HP,1288577,48,0.1885,47086,36,1,23421,22,14,Phuket,
A104209,2022-07-06,HP,238204,72,0.1699,6680,45,2,,6,7,Nonthaburi,
A104210,2024-02-14,PL,287185,48,0.0998,8371,39,1,,63,2,Samut Prakan,
A104211,2023-04-12,CC,31755,0,0.2452,0,53,1,27957,4,999,Ubon Ratchathani,
A104212,2022-10-08,PL,221850,24,0.2169,13253,24,1,27724,35,29,Ubon Ratchathani,
A104213,2025-02-24,PL,67704,24,0.1877,3880,27,1,24386,98,16,Khon Kaen,Y
A104214,2024-05-02,CC,26258,0,0.0984,0,30,1,29214,1,6,Ubon Ratchathani,Y
A104215,2025-09-11,HP,648815,36,0.1843,27987,59,3,21194,90,7,Nonthaburi,N
A104216,2022-03-05,HP,462455,72,0.1821,13440,47,3,,67,9,Udon Thani,
A104217,2024-11-05,PL,135943,12,0.2107,13715,33,1,49141,60,5,Songkhla,Y
A104218,2024-09-11,PL,185436,48,0.1222,5751,37,2,40583,102,16,Bangkok,N
A104219,2022-01-22,HP,279476,36,0.147,11186,42,1,42636,43,999,Khon Kaen,
A104220,2022-11-26,HP,188957,36,0.2451,9108,34,2,,38,19,Chiang Mai,
A104221,2024-02-28,CC,51138,0,0.2665,0,29,2,,56,11,Bangkok,
A104222,2025-10-06,PL,64049,48,0.1262,2007,48,1,56502,49,6,Rayong,Y
A104223,2025-11-24,PL,34477,12,0.1952,3433,31,1,40862,52,7,Udon Thani,Y
A104224,2024-06-23,HP,619706,48,0.2552,26089,47,1,31243,131,8,Ubon Ratchathani,Y
A104225,2025-12-02,HP,204392,72,0.2713,7459,36,3,37988,51,20,Khon Kaen,Y
A104226,2024-07-28,HP,404068,48,0.2215,15876,40,2,53600,107,3,Khon Kaen,Y
A104227,2024-07-29,HP,189843,48,0.2732,8277,52,2,92215,116,10,Udon Thani,Y
A104228,2025-01-03,PL,133927,48,0.1868,4874,32,1,26061,46,12,Bangkok,N
A104229,2023-01-16,CC,35539,0,0.1033,0,40,1,,80,9,Nonthaburi,
A104230,2023-09-03,PL,241096,24,0.2799,15669,63,1,32612,64,6,Chiang Mai,
A104231,2023-12-03,HP,535264,72,0.2274,17577,24,3,39015,50,15,Nakhon Ratchasima,
A104232,2022-03-09,HP,434865,48,0.1754,15415,51,9,42577,53,9,Nakhon Ratchasima,
A104233,2022-09-28,PL,128469,48,0.1207,3968,20,1,25938,182,6,Chiang Mai,
A104234,2024-09-23,PL,93434,48,0.1967,3478,41,1,29780,82,999,Udon Thani,N
A104235,2023-11-24,HP,363580,60,0.2063,12310,31,3,23317,7,11,Rayong,
A104236,2025-03-06,PL,212889,48,0.2224,8380,35,1,14241,101,5,Chonburi,Y
A104237,2025-12-09,HP,230798,36,0.1961,10182,20,2,,1,999,Chiang Mai,Y
A104238,2023-09-11,PL,129637,24,0.1589,7118,59,1,,3,12,Bangkok,
A104239,2024-08-23,CC,65615,0,0.1684,0,22,2,40395,62,9,Songkhla,Y
A104240,2022-09-20,CC,45438,0,0.0,0,20,1,63892,86,2,Nakhon Ratchasima,
A104241,2024-09-15,HP,332200,60,0.0928,8105,28,2,20855,95,15,Phuket,Y
A104242,2024-12-19,HP,665753,72,0.2556,23427,35,1,28491,8,0,Ubon Ratchathani,Y
A104243,2024-05-14,PL,112280,12,0.2541,11734,22,1,32215,21,8,Nakhon Ratchasima,Y
A104244,2024-11-17,PL,145657,48,0.2019,5485,44,1,,102,7,Chiang Mai,N
A104245,2025-06-07,PL,130737,48,0.1448,4301,34,2,,96,15,Phuket,Y
A104246,2025-12-03,PL,300727,48,0.1091,8999,53,1,31221,50,18,Chonburi,Y
A104247,2022-05-06,HP,375856,72,0.107,8571,28,3,38793,43,22,Samut Prakan,
A104248,2024-12-26,CC,95187,0,0.2026,0,34,2,,39,7,Chonburi,Y
A104249,2023-02-17,HP,286246,60,0.1842,9164,31,2,,6,2,Nakhon Ratchasima,
A104250,2023-07-23,PL,208062,24,0.1795,11781,21,1,33875,6,24,Bangkok,
A104251,2022-11-11,PL,36400,36,0.2389,1735,45,1,28447,49,999,Chiang Mai,
A104252,2022-02-18,PL,110212,24,0.2593,6973,28,2,,130,10,Bangkok,
A104253,2025-01-15,PL,184352,48,0.264,7896,20,1,,47,5,Samut Prakan,Y
A104254,2024-12-17,CC,36065,0,0.2519,0,34,1,10658,12,1,Ubon Ratchathani,Y
A104255,2024-10-18,PL,302967,48,0.2587,12843,39,2,,57,12,Bangkok,Y
A104256,2024-10-08,HP,477001,72,0.2444,16339,20,1,,53,1,Udon Thani,Y
A104257,2024-10-25,HP,433023,60,0.2751,17144,22,3,27648,47,7,Phuket,Y
A104258,2024-06-27,CC,37562,0,0.1189,0,30,3,32714,56,8,Ubon Ratchathani,N
A104259,2025-05-28,CC,81256,0,0.0,0,53,1,45771,104,1,Ubon Ratchathani,Y
A104260,2023-05-06,HP,326789,36,0.1758,13864,31,2,44520,56,999,Phuket,
A104261,2022-08-02,CC,13665,0,0.1778,0,49,9,,49,2,Khon Kaen,
A104262,2024-01-14,PL,107652,24,0.2229,6485,28,1,52657,39,16,Bangkok,
A104263,2022-12-26,CC,64384,0,0.2597,0,42,2,,4,11,Samut Prakan,
A104264,2025-06-23,HP,549807,36,0.1473,22021,34,1,56216,65,7,Songkhla,Y
A104265,2024-01-21,PL,293671,12,0.0987,26888,39,1,34689,196,2,Songkhla,
A104266,2025-12-25,PL,124402,48,0.1245,3882,37,9,,75,12,Udon Thani,Y
A104267,2024-01-24,HP,306080,36,0.145,12200,46,2,,94,14,Songkhla,
A104268,2024-01-17,HP,1148939,72,0.2736,42153,39,2,26151,77,17,Nonthaburi,
A104269,2023-03-06,HP,701089,36,0.1633,29015,31,1,29632,74,4,Udon Thani,
A104270,2022-01-28,PL,131194,36,0.1883,5702,31,1,36271,30,2,Chonburi,
A104271,2023-08-08,HP,239344,72,0.2331,7973,29,1,,103,3,Nonthaburi,
A104272,2023-09-07,HP,207637,72,0.249,7192,36,2,,38,16,Nakhon Ratchasima,
A104273,2023-10-11,PL,121442,12,0.2637,12788,42,1,70049,36,12,Nakhon Ratchasima,
A104274,2023-12-28,HP,177098,72,0.2412,6019,40,3,40063,22,999,Songkhla,
A104275,2022-02-15,PL,112108,48,0.1972,4177,32,3,19159,66,4,Samut Prakan,
A104276,2024-09-15,PL,264497,48,0.1933,9770,42,1,23169,84,17,Nakhon Ratchasima,Y
A104277,2024-02-21,HP,239098,60,0.1065,6106,20,1,22671,59,999,Rayong,
A104278,2024-07-12,PL,36470,12,0.0932,3322,21,3,22344,69,15,Phuket,Y
A104279,2024-04-19,CC,93118,0,0.1073,0,25,1,26950,83,13,Rayong,Y
A104280,2022-03-09,PL,127847,24,0.1113,6512,36,1,12995,101,18,Phuket,
A104281,2023-12-25,PL,221482,36,0.2226,10260,33,1,22363,80,999,Chiang Mai,
A104282,2022-11-20,HP,287404,48,0.268,12406,45,1,32051,106,10,Chiang Mai,
A104283,2024-11-18,PL,112399,36,0.1001,4059,38,2,20545,90,8,Chonburi,Y
A104284,2025-10-10,CC,69971,0,0.1459,0,50,1,31184,19,13,Chiang Mai,Y
A104285,2023-05-15,CC,93214,0,0.1198,0,39,1,34803,112,999,Nakhon Ratchasima,
A104286,2023-10-07,PL,56878,36,0.278,2897,44,2,,12,999,Khon Kaen,
A104287,2023-10-12,PL,96299,24,0.1077,4876,36,1,45440,10,17,Nonthaburi,
A104288,2025-12-27,PL,179924,24,0.1198,9293,27,1,21384,23,13,Samut Prakan,Y
A104289,2024-05-19,PL,110945,12,0.2765,11801,38,1,31658,59,19,Ubon Ratchathani,N
A104290,2024-01-17,PL,89638,48,0.2089,3427,41,3,27915,30,4,Khon Kaen,
A104291,2025-01-02,HP,161311,36,0.1236,6142,22,1,24822,71,31,Khon Kaen,N
A104292,2023-06-14,PL,206867,24,0.2228,12460,46,1,25103,128,3,Songkhla,
A104293,2023-02-22,HP,665428,72,0.2367,22367,47,2,19845,35,1,Chonburi,
A104294,2024-06-18,HP,86258,36,0.2646,4298,57,3,15902,174,0,Bangkok,Y
A104295,2025-02-22,PL,122938,48,0.1654,4255,49,1,18852,133,999,Chiang Mai,Y
A104296,2023-12-27,PL,133351,36,0.2498,6480,51,2,16362,58,11,Ubon Ratchathani,
A104297,2022-02-24,HP,210308,72,0.1093,4836,50,1,26898,39,3,Chonburi,
A104298,2022-09-27,HP,445256,72,0.2414,15141,48,3,51396,42,7,Rayong,
A104299,2025-06-15,PL,234835,48,0.1541,7908,41,1,23976,32,0,Nakhon Ratchasima,Y
A104300,2024-06-13,CC,22947,0,0.2073,0,29,2,,9,3,Phuket,N
A104301,2025-09-28,PL,88326,12,0.1648,8573,34,9,,56,0,Nakhon Ratchasima,Y
A104302,2023-05-30,HP,299945,72,0.1001,6667,45,3,11046,45,13,Udon Thani,
A104303,2023-01-25,HP,369727,60,0.265,14326,55,1,12020,81,8,Khon Kaen,
A104304,2025-05-03,PL,112725,12,0.1715,11004,40,1,14652,73,12,Nakhon Ratchasima,Y
A104305,2023-10-27,PL,117536,24,0.1482,6348,34,1,21363,67,2,Chiang Mai,
A104306,2024-10-27,HP,182655,72,0.227,5992,51,2,,121,7,Rayong,Y
A104307,2023-08-10,CC,27295,0,0.0,0,39,3,62443,40,7,Ubon Ratchathani,
A104308,2022-07-31,CC,104220,0,0.2782,0,37,2,,48,14,Udon Thani,
A104309,2025-04-13,PL,232123,12,0.2574,24322,39,2,39886,128,14,Chiang Mai,Y
A104310,2022-11-23,PL,195115,24,0.1025,9796,31,1,54985,29,19,Nonthaburi,
A104311,2024-11-08,PL,233860,48,0.1613,8015,29,1,38102,63,17,Nakhon Ratchasima,Y
A104312,2022-09-25,HP,196476,36,0.1459,7846,23,2,,83,15,Songkhla,
A104313,2025-07-02,HP,284652,72,0.2581,10075,34,3,35334,60,3,Khon Kaen,Y
A104314,2022-04-07,PL,57653,12,0.177,5654,33,2,,64,2,Nakhon Ratchasima,
A104315,2023-11-18,HP,339179,72,0.1179,8043,33,1,17810,20,3,Songkhla,
A104316,2024-08-22,PL,85869,12,0.2437,8899,29,1,32871,115,999,Chiang Mai,Y
A104317,2025-09-05,PL,111132,12,0.173,10863,31,2,48682,89,9,Nakhon Ratchasima,Y
A104318,2024-03-04,PL,144531,24,0.1521,7854,29,1,39944,106,1,Bangkok,
A104319,2023-10-26,CC,84562,0,0.2753,0,20,1,,22,10,Chiang Mai,
A104320,2022-01-14,HP,579407,36,0.2363,27504,42,1,30673,2,5,Rayong,
A104321,2023-10-23,CC,49992,0,0.219,0,50,1,39187,20,999,Phuket,
A104322,2023-01-27,HP,389360,36,0.2396,18589,30,1,,43,16,Nonthaburi,
A104323,2023-07-07,CC,33821,0,0.0,0,42,1,38224,7,999,Chiang Mai,
A104324,2025-12-12,CC,60320,0,0.2687,0,40,1,30241,55,6,Songkhla,Y
A104325,2024-11-23,HP,471862,60,0.1631,14277,36,1,34982,83,3,Udon Thani,Y
A104326,2024-07-02,CC,39748,0,0.1217,0,47,1,29928,103,6,Rayong,N
A104327,2022-06-19,HP,174478,72,0.2424,5947,42,2,38131,92,19,Songkhla,
A104328,2025-09-14,PL,108706,24,0.2339,6648,44,1,40568,52,4,Phuket,N
A104329,2024-11-24,PL,173296,12,0.2639,18252,55,1,13339,55,21,Nonthaburi,N
A104330,2025-12-20,PL,105668,48,0.2701,4579,46,1,62588,23,4,Ubon Ratchathani,Y
A104331,2025-07-01,HP,313889,36,0.2488,15227,28,1,50237,58,3,Bangkok,N
A104332,2022-06-11,PL,145902,24,0.2352,8938,34,1,55183,149,12,Samut Prakan,
A104333,2022-07-25,HP,446077,60,0.2421,16434,23,1,24449,43,4,Chonburi,
A104334,2023-07-28,HP,183032,60,0.2573,6975,56,1,,4,1,Udon Thani,
A104335,2025-11-01,PL,82351,36,0.1304,3182,34,1,67110,120,1,Ubon Ratchathani,N
A104336,2023-07-08,PL,247817,12,0.114,23005,37,1,24090,49,14,Samut Prakan,
A104337,2024-10-09,CC,57105,0,0.2147,0,29,1,28168,56,999,Nakhon Ratchasima,Y
A104338,2024-07-28,HP,257672,72,0.124,6241,57,1,35747,28,12,Phuket,Y
A104339,2025-04-26,PL,13014,36,0.1363,509,43,2,,1,20,Nonthaburi,Y
A104340,2024-01-27,PL,93818,24,0.2045,5507,36,1,40329,4,12,Chonburi,
A104341,2023-08-30,CC,47097,0,0.2277,0,26,1,24050,135,999,Nakhon Ratchasima,
A104342,2023-06-27,HP,305261,72,0.1567,8225,39,9,49531,65,7,Khon Kaen,
A104343,2025-03-16,PL,91866,48,0.1984,3432,24,2,,32,15,Songkhla,Y
A104344,2022-09-21,PL,81784,48,0.2402,3340,34,2,20510,78,20,Chonburi,
A104345,2024-07-11,HP,246195,36,0.1749,10427,38,3,56023,42,7,Udon Thani,Y
A104346,2024-08-12,PL,211442,48,0.2674,9116,29,3,26767,33,14,Ubon Ratchathani,N
A104347,2023-06-19,HP,387802,60,0.1196,10328,36,2,,8,1,Songkhla,
A104348,2024-03-02,CC,22024,0,0.161,0,35,1,32259,77,13,Phuket,
A104349,2025-12-13,HP,1121849,36,0.1332,43614,48,1,28862,116,11,Phuket,Y
A104350,2024-03-22,PL,232726,36,0.1444,9265,28,1,28454,39,4,Nonthaburi,
A104351,2025-01-02,CC,85435,0,0.2195,0,31,2,107017,63,12,Rayong,Y
A104352,2025-02-23,PL,37638,48,0.0941,1079,20,3,67532,92,9,Phuket,Y
A104353,2023-09-01,CC,154270,0,0.1633,0,42,2,36461,90,11,Chiang Mai,
A104354,2024-01-18,HP,371190,48,0.1102,11141,33,1,46391,55,1,Nakhon Ratchasima,
A104355,2022-07-10,HP,438401,36,0.2178,20134,58,1,16432,37,1,Chonburi,
A104356,2024-10-15,HP,172145,36,0.1494,6925,36,1,18986,33,14,Khon Kaen,Y
A104357,2022-12-19,PL,79496,48,0.2681,3432,22,1,37900,81,11,Udon Thani,
A104358,2025-08-02,CC,38630,0,0.2028,0,38,1,61001,71,4,Bangkok,Y
A104359,2025-05-25,PL,116221,24,0.2213,6985,54,1,28938,113,0,Rayong,Y
A104360,2024-02-12,HP,422204,48,0.2768,18534,22,1,20324,50,15,Phuket,
A104361,2023-06-24,HP,140037,72,0.1393,3570,20,1,19567,33,18,Udon Thani,
A104362,2023-03-11,HP,188501,36,0.1337,7336,25,1,57493,26,999,Nonthaburi,
A104363,2025-03-30,PL,44271,48,0.1116,1334,20,2,,14,15,Phuket,N
A104364,2024-01-23,PL,110698,24,0.2714,7116,27,2,,83,1,Chonburi,
A104365,2025-08-14,CC,22708,0,0.1421,0,44,1,18797,163,999,Samut Prakan,Y
A104366,2025-03-01,CC,90622,0,0.2379,0,36,3,,49,11,Chiang Mai,Y
A104367,2024-09-15,PL,230231,24,0.1561,12587,57,1,15285,2,19,Khon Kaen,Y
A104368,2022-01-14,PL,109056,48,0.0933,3119,37,1,,62,3,Nakhon Ratchasima,
A104369,2024-06-07,PL,112155,24,0.2669,7167,31,1,15840,6,12,Chiang Mai,Y
A104370,2023-06-19,PL,296417,36,0.2107,13438,47,3,29523,69,28,Udon Thani,
A104371,2022-08-18,PL,102297,36,0.2218,4732,54,1,25054,78,5,Chiang Mai,
A104372,2023-05-14,CC,35906,0,0.1762,0,45,1,43929,22,0,Ubon Ratchathani,
A104373,2022-06-28,PL,71026,12,0.2471,7381,35,2,,23,3,Udon Thani,
A104374,2023-02-17,PL,69595,12,0.1185,6486,50,3,46791,11,999,Khon Kaen,
A104375,2025-02-12,CC,20200,0,0.2173,0,43,1,39757,177,3,Phuket,Y
A104376,2022-04-25,PL,175702,24,0.0984,8761,64,1,46707,29,999,Chonburi,
A104377,2022-08-05,HP,1068521,48,0.2373,43390,36,2,53382,58,22,Nonthaburi,
A104378,2022-03-26,PL,110765,48,0.0969,3202,64,1,21205,37,18,Songkhla,
A104379,2022-03-01,PL,110773,12,0.1807,10899,29,1,42366,56,2,Ubon Ratchathani,
A104380,2024-03-12,PL,70164,12,0.2048,7044,52,1,,92,2,Chiang Mai,
A104381,2025-09-21,PL,357545,36,0.2047,16030,20,1,19042,62,6,Nonthaburi,Y
A104382,2024-11-28,PL,120801,36,0.1448,4813,35,9,,4,6,Samut Prakan,Y
A104383,2024-12-27,PL,142440,12,0.1328,13446,20,1,,72,10,Chonburi,Y
A104384,2022-02-16,CC,93447,0,0.0955,0,58,9,,40,2,Songkhla,
A104385,2024-07-03,HP,604036,48,0.1153,18387,23,2,,98,17,Phuket,N
A104386,2023-07-14,PL,101181,48,0.1273,3181,57,2,29042,90,11,Nonthaburi,
A104387,2025-09-30,HP,522156,60,0.2496,19563,36,1,30257,61,999,Bangkok,Y
A104388,2023-07-22,CC,27613,0,0.235,0,32,1,32909,75,16,Bangkok,
A104389,2023-09-04,PL,81997,36,0.2194,3776,41,3,23994,95,7,Rayong,
A104390,2023-11-04,PL,160211,12,0.1843,15811,40,3,29553,33,17,Chiang Mai,
A104391,2022-03-03,CC,81431,0,0.1616,0,42,3,13958,136,3,Udon Thani,
A104392,2023-03-16,PL,83935,36,0.1202,3172,33,1,35716,5,2,Khon Kaen,
A104393,2025-05-22,CC,48470,0,0.1221,0,39,1,27664,18,15,Chonburi,Y
A104394,2022-02-26,HP,203584,48,0.2343,8216,22,1,32497,95,15,Nonthaburi,
A104395,2023-11-03,HP,198027,60,0.1876,6396,40,1,34825,155,14,Phuket,
A104396,2024-12-05,PL,88043,48,0.2396,3592,34,3,,28,17,Samut Prakan,Y
A104397,2025-02-27,CC,102656,0,0.1614,0,32,1,13310,4,10,Rayong,Y
A104398,2024-10-12,PL,98089,24,0.2296,5963,49,1,27729,61,3,Chonburi,N
A104399,2023-05-18,CC,49043,0,0.1709,0,41,3,17155,25,15,Nonthaburi,
A104400,2025-06-18,HP,150522,36,0.211,6827,52,1,66109,48,10,Khon Kaen,Y
A104401,2024-04-20,PL,143925,24,0.2321,8780,25,1,65501,44,8,Udon Thani,Y
A104402,2025-07-17,PL,80635,48,0.1771,2869,20,2,14137,27,0,Nonthaburi,Y
A104403,2024-07-01,HP,466244,36,0.1514,18833,36,1,21916,104,16,Chiang Mai,Y
A104404,2024-06-06,HP,245043,48,0.2384,9973,47,3,52191,80,18,Rayong,N
A104405,2022-07-11,HP,407098,72,0.2002,12445,41,1,11895,92,1,Samut Prakan,
A104406,2022-09-10,HP,296878,36,0.1675,12390,47,3,44531,51,7,Udon Thani,
A104407,2022-06-22,PL,66548,48,0.1562,2252,45,1,32374,51,11,Songkhla,
A104408,2022-05-19,PL,167381,12,0.2491,17422,34,1,39786,73,4,Khon Kaen,
A104409,2025-03-19,CC,36387,0,0.1209,0,43,1,24087,167,18,Rayong,Y
A104410,2023-02-24,HP,192824,48,0.1613,6609,29,1,56516,116,0,Songkhla,
A104411,2023-12-11,HP,294290,36,0.1221,11169,38,1,56195,42,4,Udon Thani,
A104412,2024-10-15,HP,1212250,72,0.1914,36172,26,3,11491,50,11,Rayong,Y
A104413,2024-11-05,PL,61452,24,0.1224,3187,40,1,35495,68,8,Songkhla,N
A104414,2024-01-18,CC,48171,0,0.2012,0,28,1,13053,39,6,Bangkok,
A104415,2024-01-20,HP,294959,48,0.1853,10699,40,1,16215,69,13,Samut Prakan,
A104416,2022-10-01,PL,53809,12,0.2293,5512,32,1,,71,8,Chonburi,
A104417,2022-10-30,PL,151996,48,0.239,6193,31,3,14571,43,2,Songkhla,
A104418,2025-03-03,CC,144301,0,0.155,0,30,3,,63,9,Chonburi,N
A104419,2024-10-05,CC,25991,0,0.2301,0,43,3,33004,1,7,Udon Thani,Y
A104420,2023-12-16,PL,330724,12,0.1164,30768,44,1,9000,99,5,Bangkok,
A104421,2023-01-11,PL,42144,12,0.2606,4427,30,2,,17,11,Udon Thani,
A104422,2023-12-05,PL,102149,36,0.2197,4707,30,3,24955,92,4,Samut Prakan,
A104423,2025-03-08,CC,142058,0,0.2585,0,31,3,,98,8,Ubon Ratchathani,Y
A104424,2025-11-05,HP,321082,48,0.2634,13736,34,1,25538,2,22,Rayong,Y
A104425,2022-07-16,CC,11457,0,0.2374,0,21,1,21704,42,8,Nonthaburi,
A104426,2025-10-15,CC,54142,0,0.1209,0,41,1,23445,19,8,Nonthaburi,N
A104427,2023-01-14,PL,43974,24,0.2267,2662,30,1,,41,13,Bangkok,
A104428,2025-08-15,HP,361575,72,0.2688,13121,20,1,17951,32,7,Nonthaburi,N
A104429,2024-11-11,HP,258020,72,0.1282,6340,27,1,23981,137,11,Rayong,Y
A104430,2022-10-11,CC,33408,0,0.1713,0,50,3,,127,18,Bangkok,
A104431,2024-09-20,PL,66644,48,0.2605,2835,54,1,28255,24,9,Phuket,Y
A104432,2024-12-27,HP,305908,60,0.1167,8073,41,1,48179,45,13,Bangkok,Y
A104433,2023-05-05,PL,107082,24,0.1692,5971,32,2,18654,107,13,Khon Kaen,
A104434,2024-05-21,HP,991333,36,0.1674,41366,36,1,,119,7,Khon Kaen,Y
A104435,2024-11-21,PL,49661,24,0.1877,2845,41,2,52097,27,0,Chiang Mai,Y
A104436,2024-02-20,PL,120258,12,0.1602,11626,25,3,47523,84,9,Nonthaburi,
A104437,2023-11-12,CC,45793,0,0.2352,0,34,1,32239,4,17,Chiang Mai,
A104438,2025-05-28,PL,152209,36,0.2789,7765,27,2,80411,12,8,Khon Kaen,Y
A104439,2024-04-28,HP,154798,48,0.2551,6515,43,1,,123,5,Ubon Ratchathani,Y
A104440,2024-08-28,HP,95496,36,0.1972,4221,24,1,20198,112,14,Khon Kaen,N
A104441,2022-06-25,PL,130028,48,0.1959,4831,32,2,,3,3,Nakhon Ratchasima,
A104442,2022-04-13,HP,178778,72,0.1245,4337,40,1,23921,13,7,Songkhla,
A104443,2022-06-07,HP,203046,36,0.1334,7897,44,3,28830,20,18,Chiang Mai,
A104444,2024-04-28,PL,142674,12,0.1357,13502,28,1,13020,114,14,Khon Kaen,Y
A104445,2022-02-04,PL,102185,12,0.2239,10422,42,1,56642,59,21,Nakhon Ratchasima,
A104446,2024-11-10,PL,26450,24,0.2713,1700,45,2,,107,999,Nonthaburi,Y
A104447,2023-07-01,HP,372018,36,0.2294,17445,28,2,,20,999,Songkhla,
A104448,2025-01-08,PL,93227,48,0.2591,3955,24,1,55671,18,16,Udon Thani,Y
A104449,2022-08-09,PL,141945,24,0.2443,8804,45,2,,61,999,Chonburi,
A104450,2022-08-27,HP,246265,72,0.1261,6008,37,1,34077,24,25,Nonthaburi,
A104451,2024-10-08,PL,161901,48,0.2609,6892,43,1,27293,54,999,Phuket,N
A104452,2025-04-17,PL,33236,24,0.1846,1896,30,2,62624,23,6,Nakhon Ratchasima,Y
A104453,2023-11-03,HP,487377,48,0.2361,19742,33,1,37364,1,999,Nonthaburi,
A104454,2024-01-25,CC,12811,0,0.2697,0,42,1,24496,63,999,Samut Prakan,
A104455,2025-11-22,PL,43851,36,0.2149,2003,42,3,61202,38,9,Udon Thani,N
A104456,2022-02-17,CC,71266,0,0.1871,0,47,2,42026,21,999,Chonburi,
A104457,2023-12-06,PL,38264,12,0.1085,3534,34,2,,57,5,Udon Thani,
A104458,2022-03-24,HP,735240,48,0.262,31370,30,1,22297,50,25,Phuket,
A104459,2022-01-03,PL,365580,36,0.2597,18066,35,3,21142,56,21,Songkhla,
A104460,2023-03-26,PL,279406,48,0.1028,8214,33,1,28455,117,16,Nakhon Ratchasima,
A104461,2025-09-06,HP,491524,72,0.2465,16923,32,3,36194,74,11,Songkhla,Y
A104462,2025-09-21,PL,113836,48,0.1044,3361,48,3,20127,16,13,Samut Prakan,N
A104463,2022-04-21,PL,56880,12,0.1286,5349,41,3,32661,40,11,Ubon Ratchathani,
A104464,2022-03-08,HP,129803,36,0.2187,5971,31,2,31757,64,7,Chiang Mai,
A104465,2025-11-15,PL,284590,48,0.1556,9619,39,1,20787,49,11,Rayong,Y
A104466,2022-06-02,HP,404605,60,0.1327,11217,24,2,67838,28,999,Nakhon Ratchasima,
A104467,2025-10-21,HP,352361,60,0.2769,14003,36,3,25935,26,4,Chiang Mai,Y
A104468,2022-02-23,HP,280025,48,0.2189,10941,27,1,,48,12,Udon Thani,
A104469,2025-09-10,HP,391351,72,0.2226,12694,35,1,27070,142,14,Khon Kaen,Y
A104470,2023-01-01,PL,128496,48,0.221,5043,28,1,33325,11,11,Ubon Ratchathani,
A104471,2023-04-05,PL,98436,48,0.1066,2925,41,1,51416,30,12,Khon Kaen,
A104472,2025-02-19,HP,406826,72,0.1506,10756,41,3,15337,94,5,Rayong,Y
A104473,2025-01-30,HP,106448,48,0.2392,4339,37,1,32314,39,4,Nonthaburi,Y
A104474,2022-05-07,HP,425107,48,0.0948,12214,23,9,,46,17,Bangkok,
A104475,2022-01-27,PL,137663,24,0.1826,7830,34,3,15088,19,1,Udon Thani,
A104476,2023-06-14,PL,186044,12,0.2464,19323,33,1,37885,64,2,Nonthaburi,
A104477,2023-01-22,PL,355055,12,0.1322,33499,20,1,18701,48,15,Samut Prakan,
A104478,2025-06-10,CC,27039,0,0.1996,0,35,1,30665,4,4,Rayong,Y
A104479,2022-03-13,CC,54629,0,0.274,0,38,1,,44,5,Rayong,
A104480,2025-10-06,HP,387754,48,0.121,11988,35,1,57131,13,24,Samut Prakan,N
A104481,2023-01-10,HP,371254,72,0.263,13292,44,1,28279,24,22,Khon Kaen,
A104482,2025-06-09,PL,178168,48,0.1335,5693,33,1,9000,57,15,Nakhon Ratchasima,N
A104483,2022-10-01,HP,449633,72,0.229,14825,20,2,61647,15,11,Chiang Mai,
A104484,2023-01-11,PL,150144,24,0.2474,9351,44,1,16706,89,4,Nakhon Ratchasima,
A104485,2023-11-08,HP,242507,72,0.1928,7264,51,1,22280,20,4,Udon Thani,
A104486,2024-03-17,HP,615323,72,0.1209,14745,42,3,16798,42,14,Bangkok,
A104487,2022-10-22,PL,186057,48,0.15,6201,41,1,34315,35,5,Chonburi,
A104488,2023-11-18,PL,201457,24,0.2437,12485,41,1,27620,49,4,Songkhla,
A104489,2024-01-24,HP,854621,72,0.14,21840,27,2,37774,106,7,Bangkok,
A104490,2024-05-18,PL,130476,24,0.1448,7010,26,1,28902,82,12,Rayong,N
A104491,2022-01-22,PL,115044,36,0.1366,4505,25,1,20062,50,22,Rayong,
A104492,2022-05-11,CC,42107,0,0.1633,0,47,2,29423,29,999,Nakhon Ratchasima,
A104493,2025-12-05,HP,175843,72,0.1956,5308,46,2,,8,12,Khon Kaen,Y
A104494,2023-02-03,HP,289199,60,0.1133,7550,20,3,30520,107,13,Khon Kaen,
A104495,2024-02-11,CC,68064,0,0.2672,0,36,1,36563,105,21,Rayong,
A104496,2025-07-02,PL,170250,36,0.1803,7287,51,3,,63,22,Nonthaburi,Y
A104497,2023-08-06,PL,191305,36,0.1733,8076,39,1,33846,35,10,Nakhon Ratchasima,
A104498,2025-06-15,HP,381354,60,0.0961,9409,22,3,21798,130,12,Songkhla,Y
A104499,2023-04-05,PL,138126,48,0.1061,4098,57,2,,66,17,Udon Thani,
A104500,2023-03-09,HP,247060,72,0.0979,5446,28,1,20616,106,4,Nonthaburi,
A104501,2022-09-03,PL,125672,12,0.2794,13398,41,1,17247,25,9,Phuket,
A104502,2023-09-06,HP,209625,48,0.2624,8950,42,3,42796,35,2,Songkhla,
A104503,2023-10-24,HP,95113,72,0.2762,3510,55,3,35941,0,12,Chiang Mai,
A104504,2025-09-05,CC,28839,0,0.2653,0,37,1,,19,4,Nonthaburi,Y
A104505,2023-08-05,CC,41623,0,0.109,0,37,1,13110,87,999,Khon Kaen,
A104506,2025-08-13,PL,191990,12,0.0928,17483,30,2,,90,12,Nonthaburi,Y
A104507,2024-10-01,PL,221687,12,0.2479,23053,41,3,22984,41,1,Phuket,Y
A104508,2024-05-11,PL,130113,36,0.0947,4641,29,1,25451,63,5,Nakhon Ratchasima,Y
A104509,2023-03-15,PL,147560,48,0.1344,4726,30,1,26868,83,0,Khon Kaen,
A104510,2022-09-27,PL,213750,48,0.1924,7880,31,1,,57,3,Rayong,
A104511,2023-01-02,CC,47027,0,0.2443,0,20,1,25205,64,8,Songkhla,
A104512,2024-08-28,HP,284852,36,0.1766,12104,51,1,35559,33,24,Chonburi,Y
A104513,2022-06-22,PL,288107,48,0.1621,9894,49,3,28766,87,15,Phuket,
A104514,2024-08-05,HP,467655,60,0.16,14029,45,3,31168,25,20,Khon Kaen,Y
A104515,2022-08-18,PL,105723,12,0.2528,11037,23,1,,45,8,Chonburi,
A104516,2022-09-15,HP,626883,36,0.213,28540,35,1,45542,118,11,Chiang Mai,
A104517,2022-03-31,PL,32813,48,0.1597,1120,33,1,40285,9,15,Nonthaburi,
A104518,2024-05-03,CC,77350,0,0.1521,0,41,1,15810,14,14,Chonburi,Y
A104519,2022-04-17,HP,202976,72,0.2755,7479,30,1,22751,59,30,Khon Kaen,
A104520,2022-09-15,HP,448906,60,0.1023,11308,34,1,39893,34,4,Chonburi,
A104521,2023-06-06,HP,216835,72,0.1877,6403,39,1,27499,4,12,Chonburi,
A104522,2022-10-20,HP,281400,48,0.2399,11488,42,1,36026,81,5,Chiang Mai,
A104523,2025-08-16,PL,229738,36,0.1009,8313,45,1,15527,27,11,Songkhla,Y
A104524,2022-05-28,HP,119833,60,0.2442,4435,31,3,58461,100,20,Bangkok,
A104525,2025-11-29,PL,66020,36,0.1329,2565,52,1,18897,33,999,Chiang Mai,Y
A104526,2022-11-03,HP,657611,36,0.0967,23566,51,1,13408,11,4,Nonthaburi,
A104527,2023-05-07,PL,147520,48,0.0926,4211,25,3,34334,6,11,Rayong,
A104528,2022-02-21,HP,319087,48,0.1276,10040,31,1,15815,75,17,Chiang Mai,
A104529,2022-08-25,PL,106054,48,0.1201,3270,39,1,28309,5,16,Nonthaburi,
A104530,2025-03-22,HP,498676,60,0.1478,14453,41,1,,99,19,Nonthaburi,N
A104531,2024-01-08,PL,204998,24,0.1466,11045,38,1,46311,49,999,Chiang Mai,
A104532,2022-10-14,CC,43357,0,0.0904,0,25,3,39350,59,999,Chonburi,
A104533,2023-05-08,PL,123760,12,0.1014,11359,33,9,31464,194,16,Phuket,
A104534,2023-03-28,PL,70322,36,0.2286,3293,46,1,37950,67,1,Khon Kaen,
A104535,2022-01-21,PL,122005,24,0.1373,6479,20,2,,31,4,Songkhla,
A104536,2022-06-05,PL,160967,48,0.0985,4674,41,1,21789,144,13,Songkhla,
A104537,2025-10-28,HP,1146293,60,0.1478,33223,31,3,24478,46,3,Udon Thani,N
A104538,2023-05-30,HP,264516,72,0.1571,7136,20,1,24617,50,9,Nonthaburi,
A104539,2022-10-01,PL,141129,24,0.1949,8172,53,3,45271,81,6,Rayong,
A104540,2024-04-30,HP,561420,60,0.1345,15649,48,3,,122,1,Samut Prakan,Y
A104541,2024-10-12,CC,37080,0,0.1747,0,20,1,19919,50,28,Nonthaburi,Y
A104542,2025-06-16,PL,153220,24,0.0968,7620,20,1,38873,59,999,Bangkok,Y
A104543,2024-02-07,PL,53184,12,0.1897,5272,44,1,26712,22,2,Bangkok,
A104544,2024-04-27,HP,143150,60,0.15,4175,40,1,44913,25,18,Khon Kaen,Y
A104545,2022-02-26,PL,121178,48,0.2077,4621,54,1,36179,93,0,Nonthaburi,
A104546,2022-12-05,CC,54089,0,0.2294,0,44,2,22919,8,7,Nakhon Ratchasima,
A104547,2025-12-27,PL,108371,48,0.2797,4783,41,1,29651,1,14,Samut Prakan,Y
A104548,2024-08-25,PL,111544,12,0.2411,11536,30,1,31099,5,11,Chonburi,Y
A104549,2025-12-29,PL,186683,36,0.1273,7166,39,1,36461,19,4,Udon Thani,Y
A104550,2024-04-12,HP,162367,48,0.0982,4711,39,1,34197,17,14,Bangkok,Y
A104551,2025-03-18,HP,772542,36,0.259,38133,47,1,63468,69,999,Khon Kaen,N
A104552,2023-01-14,CC,48444,0,0.1882,0,48,3,41678,151,0,Bangkok,
A104553,2025-12-25,PL,148533,36,0.2138,6772,51,3,41613,118,12,Phuket,Y
A104554,2023-05-12,HP,286867,36,0.182,12319,67,3,36765,61,9,Nakhon Ratchasima,
A104555,2022-08-24,CC,101339,0,0.0,0,53,2,,36,999,Khon Kaen,
A104556,2023-02-14,PL,118427,12,0.206,11901,34,2,,51,11,Chiang Mai,
A104557,2025-08-13,HP,379323,72,0.1646,10471,39,1,22176,33,3,Chiang Mai,Y
A104558,2025-05-29,PL,163984,12,0.1536,15764,49,1,17098,92,11,Rayong,Y
A104559,2023-06-14,PL,145390,48,0.2765,6378,32,1,13053,47,14,Bangkok,
A104560,2023-03-24,HP,252094,72,0.2005,7713,20,1,15685,76,12,Udon Thani,
A104561,2022-05-11,HP,460107,48,0.1805,16506,31,3,9000,36,2,Samut Prakan,
A104562,2024-06-27,HP,464019,60,0.2368,16890,47,1,43347,17,19,Samut Prakan,Y
A104563,2025-04-27,CC,181799,0,0.2587,0,34,3,55738,74,20,Nakhon Ratchasima,Y
A104564,2024-08-23,HP,269598,48,0.2524,11287,40,2,,105,8,Ubon Ratchathani,Y
A104565,2022-01-08,PL,82753,36,0.1385,3253,57,3,20777,126,14,Ubon Ratchathani,
A104566,2024-05-20,PL,262225,36,0.1268,10054,53,1,30960,103,2,Udon Thani,Y
A104567,2022-11-05,HP,462083,72,0.2604,16445,24,1,31812,43,16,Nakhon Ratchasima,
A104568,2023-05-04,PL,152922,36,0.2464,7387,45,1,,1,1,Phuket,
A104569,2023-01-07,CC,45789,0,0.2147,0,30,1,16808,48,999,Khon Kaen,
A104570,2023-06-25,HP,111343,36,0.0927,3952,35,3,17436,69,5,Udon Thani,
A104571,2025-09-27,PL,133546,24,0.2373,8205,26,1,31623,67,1,Nonthaburi,N
A104572,2023-12-09,PL,116418,24,0.1652,6453,49,1,,85,13,Songkhla,
A104573,2022-09-02,HP,332094,60,0.1035,8399,20,1,22132,78,23,Rayong,
A104574,2024-05-13,PL,119307,36,0.2095,5396,36,1,31189,16,3,Chiang Mai,Y
A104575,2025-12-02,CC,58068,0,0.1672,0,42,1,11225,68,8,Ubon Ratchathani,Y
A104576,2023-08-02,PL,85618,24,0.272,5508,42,1,52297,70,13,Khon Kaen,
A104577,2025-01-04,HP,309310,72,0.2678,11198,54,3,26183,169,4,Udon Thani,Y
A104578,2024-05-23,CC,96956,0,0.2335,0,48,1,13625,159,5,Rayong,Y
A104579,2024-06-21,HP,563752,48,0.1577,19153,42,1,46904,111,4,Bangkok,N
A104580,2024-07-02,PL,168986,24,0.1186,8711,29,3,31084,115,999,Samut Prakan,N
A104581,2025-06-26,PL,165817,12,0.1453,15825,47,1,,55,3,Khon Kaen,Y
A104582,2023-04-26,PL,77780,24,0.2735,5013,60,3,,95,2,Nonthaburi,
A104583,2024-04-27,HP,360771,72,0.1575,9745,35,2,,60,10,Nakhon Ratchasima,Y
A104584,2022-12-15,HP,218396,60,0.193,7152,47,1,25202,88,15,Rayong,
A104585,2023-09-12,PL,130045,36,0.0991,4686,27,1,26240,33,7,Nakhon Ratchasima,
A104586,2025-07-03,HP,326710,72,0.1337,8177,43,1,18678,130,1,Khon Kaen,Y
A104587,2023-05-26,HP,293758,60,0.1303,8085,38,1,21224,24,999,Bangkok,
A104588,2022-04-26,HP,292200,48,0.1647,10097,54,1,17782,165,13,Phuket,
A104589,2023-04-20,HP,895484,72,0.1863,26339,56,1,46315,80,6,Chonburi,
A104590,2024-09-16,PL,195931,24,0.2404,12088,45,2,,131,12,Nonthaburi,Y
A104591,2022-03-26,CC,81444,0,0.0,0,31,1,25422,112,999,Ubon Ratchathani,
A104592,2025-05-09,PL,126772,48,0.2783,5581,49,1,18107,85,19,Chiang Mai,N
A104593,2023-02-12,PL,423337,36,0.2569,20822,26,1,55689,101,8,Rayong,
A104594,2023-01-25,HP,532162,48,0.161,18226,37,2,45246,82,1,Nakhon Ratchasima,
A104595,2022-06-29,PL,126644,48,0.1903,4646,52,9,30139,13,999,Ubon Ratchathani,
A104596,2025-12-01,PL,76028,36,0.2768,3865,39,3,26824,13,0,Rayong,Y
A104597,2025-10-08,CC,15195,0,0.1745,0,40,2,25549,47,15,Chonburi,N
A104598,2025-11-10,CC,16631,0,0.0,0,56,3,16712,134,7,Samut Prakan,Y
A104599,2022-08-20,CC,110167,0,0.1264,0,33,2,44528,93,13,Khon Kaen,
A104600,2024-05-20,PL,173498,36,0.2025,7747,28,2,47251,46,7,Samut Prakan,Y
A104601,2023-03-15,CC,100558,0,0.2659,0,25,1,,112,17,Rayong,
A104602,2022-09-26,HP,166146,60,0.236,6036,41,9,,65,8,Udon Thani,
A104603,2022-09-09,HP,470962,36,0.2361,22348,20,1,24770,26,16,Nakhon Ratchasima,
A104604,2025-03-10,PL,107747,24,0.1797,6102,50,1,52875,67,6,Khon Kaen,Y
A104605,2024-10-18,HP,331806,72,0.2213,10727,57,1,33189,41,21,Bangkok,Y
A104606,2022-03-03,PL,154275,48,0.2598,6554,38,1,46650,137,30,Ubon Ratchathani,
A104607,2022-06-18,PL,218199,48,0.1229,6780,41,2,,5,18,Nonthaburi,
A104608,2023-05-06,PL,210931,24,0.1019,10579,31,1,54699,48,16,Songkhla,
A104609,2022-12-27,PL,103748,12,0.1674,10092,33,9,,106,29,Nonthaburi,
A104610,2024-11-17,HP,678293,60,0.1243,18330,23,3,17790,62,3,Rayong,N
A104611,2022-10-19,HP,880292,48,0.1022,25836,26,2,16208,80,10,Songkhla,
A104612,2022-11-22,HP,62998,36,0.1367,2467,20,1,28338,66,7,Samut Prakan,
A104613,2022-11-24,PL,87689,48,0.2009,3294,59,2,9084,6,6,Ubon Ratchathani,
A104614,2022-06-27,HP,1122284,36,0.1547,45642,23,1,,9,6,Bangkok,
A104615,2024-02-20,PL,196370,48,0.1698,6869,34,3,30014,2,13,Chonburi,
A104616,2022-12-28,PL,54300,48,0.1146,1649,20,2,,22,0,Udon Thani,
A104617,2022-12-28,HP,255991,72,0.2316,8496,25,1,21832,73,7,Songkhla,
A104618,2025-09-01,HP,328930,72,0.1285,8090,36,1,20503,23,32,Ubon Ratchathani,Y
A104619,2025-04-22,HP,322244,36,0.2384,15353,26,1,,103,14,Samut Prakan,Y
A104620,2023-02-04,HP,259848,48,0.232,10437,38,1,48303,18,12,Chonburi,
A104621,2024-11-28,PL,274039,24,0.1071,13864,63,1,46090,101,17,Chiang Mai,Y
A104622,2023-07-10,PL,110607,12,0.1537,10633,54,1,27914,25,999,Samut Prakan,
A104623,2024-11-10,HP,190161,72,0.2352,6368,39,1,20854,62,8,Chiang Mai,Y
A104624,2025-01-28,CC,27484,0,0.2259,0,51,2,26199,132,999,Rayong,Y
A104625,2024-02-08,PL,90786,12,0.151,8707,46,1,22082,54,7,Phuket,
A104626,2025-06-11,HP,177335,48,0.1689,6190,44,2,,69,12,Songkhla,Y
A104627,2024-03-18,PL,306274,48,0.1039,9032,28,1,38192,29,32,Khon Kaen,
A104628,2023-05-20,HP,271961,72,0.1118,6311,45,3,48137,73,999,Samut Prakan,
A104629,2022-03-25,PL,181963,36,0.2159,8328,37,3,14986,64,10,Nakhon Ratchasima,
A104630,2024-09-25,CC,86170,0,0.1584,0,46,1,23316,66,8,Bangkok,Y
A104631,2025-08-02,PL,79219,36,0.2017,3532,39,9,,15,9,Udon Thani,N
A104632,2023-10-04,PL,225067,12,0.1043,20711,51,3,18943,133,9,Phuket,
A104633,2022-05-25,PL,83761,24,0.098,4174,23,1,21630,2,11,Songkhla,
A104634,2022-11-19,CC,36962,0,0.1858,0,37,1,51229,103,16,Samut Prakan,
A104635,2022-01-07,PL,265950,12,0.1868,26302,55,2,16477,63,999,Udon Thani,
A104636,2023-01-05,HP,637064,36,0.2106,28876,35,2,47505,79,15,Chiang Mai,
A104637,2025-07-25,HP,161127,48,0.1637,5554,20,2,43018,45,4,Rayong,N
A104638,2022-11-08,HP,254675,36,0.1227,9678,30,1,,11,15,Phuket,
A104639,2025-01-15,PL,65227,24,0.1798,3695,20,1,92107,31,999,Bangkok,Y
A104640,2023-11-18,CC,60198,0,0.1476,0,39,2,16310,80,5,Nakhon Ratchasima,
A104641,2025-02-26,CC,58779,0,0.181,0,40,2,,8,4,Chonburi,Y
A104642,2024-02-23,CC,19824,0,0.2394,0,44,3,18801,72,19,Phuket,
A104643,2024-05-19,PL,273973,48,0.1195,8436,35,1,,14,11,Nonthaburi,Y
A104644,2024-08-22,PL,78016,12,0.148,7463,35,1,31660,28,10,Chonburi,N
A104645,2025-06-01,PL,54416,36,0.124,2073,44,3,21897,54,21,Songkhla,Y
A104646,2022-01-31,HP,504921,48,0.226,20028,22,1,20226,74,999,Samut Prakan,
A104647,2023-11-29,PL,56922,24,0.2044,3341,26,9,36414,12,999,Chonburi,
A104648,2022-10-12,CC,25622,0,0.1622,0,47,3,26594,50,12,Bangkok,
A104649,2022-05-01,HP,901383,48,0.2634,38564,40,9,,59,15,Songkhla,
A104650,2023-11-02,CC,27348,0,0.1987,0,33,2,,67,999,Chonburi,
A104651,2022-08-12,PL,32408,24,0.1335,1710,30,1,23851,87,999,Udon Thani,
A104652,2025-08-02,PL,134631,36,0.1246,5137,41,1,70687,25,12,Samut Prakan,Y
A104653,2022-07-24,PL,298369,36,0.2371,14183,28,1,24498,55,999,Chiang Mai,
A104654,2024-12-14,PL,266193,24,0.1884,15270,37,2,,11,22,Khon Kaen,Y
A104655,2022-02-17,HP,260770,72,0.1557,7005,25,3,31227,73,9,Ubon Ratchathani,
A104656,2023-03-27,PL,127221,36,0.0903,4491,40,1,59482,78,5,Rayong,
A104657,2022-07-14,HP,473210,36,0.2661,23638,20,2,,2,2,Rayong,
A104658,2023-11-08,PL,100337,24,0.1899,5768,49,2,27577,19,11,Phuket,
A104659,2024-01-28,PL,212692,36,0.211,9647,34,1,29418,88,13,Chonburi,
A104660,2024-02-11,PL,96441,24,0.272,6204,39,3,27006,78,12,Nonthaburi,
A104661,2023-08-04,PL,77707,48,0.2468,3217,47,1,21995,19,13,Nonthaburi,
A104662,2023-01-07,PL,308904,36,0.1083,11368,24,1,28660,93,999,Nakhon Ratchasima,
A104663,2022-05-09,HP,213523,48,0.1327,6809,40,1,90351,102,2,Songkhla,
A104664,2023-01-28,PL,95462,48,0.1646,3298,48,1,11828,91,5,Chonburi,
A104665,2022-03-31,CC,125664,0,0.1717,0,39,1,,12,6,Samut Prakan,
A104666,2022-05-19,PL,317417,48,0.2289,12667,32,2,,125,14,Rayong,
A104667,2024-12-23,CC,61254,0,0.2263,0,35,1,20129,57,3,Rayong,N
A104668,2022-11-01,HP,640414,72,0.2437,21900,35,2,,72,18,Nakhon Ratchasima,
A104669,2025-07-04,CC,102723,0,0.1671,0,30,3,25786,48,999,Bangkok,N
A104670,2024-02-23,CC,15652,0,0.2175,0,35,2,57241,32,9,Songkhla,
A104671,2022-12-01,HP,825202,60,0.2681,32189,38,1,,48,18,Songkhla,
A104672,2025-07-01,PL,58173,36,0.1943,2557,27,2,,48,10,Khon Kaen,Y
A104673,2022-09-28,PL,121231,24,0.2594,7671,25,1,28357,79,11,Ubon Ratchathani,
A104674,2023-11-19,HP,565366,48,0.1945,20942,57,1,9361,31,3,Ubon Ratchathani,
A104675,2025-07-06,PL,48567,48,0.2153,1883,27,1,32037,209,7,Chiang Mai,Y
A104676,2024-12-01,PL,135788,48,0.1772,4834,53,3,24159,115,1,Nonthaburi,Y
A104677,2025-05-14,PL,121942,36,0.2542,5970,26,1,27504,34,3,Chonburi,N
A104678,2022-08-20,PL,109142,36,0.1999,4849,21,2,,3,1,Khon Kaen,
A104679,2025-04-11,CC,174480,0,0.1814,0,31,3,,57,5,Samut Prakan,N
A104680,2024-02-08,CC,42411,0,0.0968,0,27,9,,21,3,Rayong,
A104681,2025-05-12,PL,66717,48,0.1456,2199,20,3,29886,110,14,Nonthaburi,Y
A104682,2023-01-26,HP,541492,48,0.1594,18473,44,2,,113,5,Udon Thani,
A104683,2025-09-21,PL,105623,24,0.1289,5535,42,1,15896,12,4,Bangkok,Y
A104684,2022-09-14,PL,55553,12,0.1953,5533,35,2,62729,30,1,Chiang Mai,
A104685,2024-06-02,HP,289003,72,0.2785,10721,37,1,27451,59,3,Chiang Mai,Y
A104686,2023-05-08,PL,98710,36,0.1024,3584,40,3,30004,87,0,Phuket,
A104687,2023-12-15,PL,106402,48,0.2409,4352,43,1,17636,121,999,Khon Kaen,
A104688,2023-09-06,HP,334576,36,0.2413,16021,32,3,26344,110,10,Samut Prakan,
A104689,2022-08-02,HP,238373,60,0.1241,6438,43,1,,81,12,Udon Thani,
A104690,2025-11-01,HP,133743,60,0.1443,3837,33,1,41764,102,999,Nakhon Ratchasima,Y
A104691,2022-04-11,HP,396570,60,0.1078,10172,43,1,17466,65,3,Rayong,
A104692,2023-10-04,CC,124710,0,0.1124,0,28,3,35591,13,1,Udon Thani,
A104693,2024-12-18,HP,354366,36,0.1841,15280,20,1,34676,30,7,Khon Kaen,N
A104694,2025-06-16,HP,319543,72,0.1425,8232,24,1,31736,46,999,Nonthaburi,N
A104695,2024-06-11,HP,234765,48,0.16,8021,39,1,26106,98,25,Chonburi,Y
A104696,2023-08-09,HP,392966,72,0.2091,12305,20,1,39059,56,1,Songkhla,
A104697,2024-04-05,PL,183266,12,0.2514,19111,45,2,,73,23,Bangkok,N
A104698,2025-09-22,PL,202632,48,0.1544,6828,39,2,42041,94,3,Bangkok,Y
A104699,2024-04-30,CC,51042,0,0.0,0,49,2,32442,134,17,Khon Kaen,Y
A104700,2024-03-11,CC,41365,0,0.2533,0,25,9,,51,13,Khon Kaen,
A104701,2022-03-17,PL,80998,12,0.2547,8469,40,1,15084,46,0,Udon Thani,
A104702,2024-04-23,CC,12883,0,0.0,0,35,1,17568,42,5,Khon Kaen,Y
A104703,2024-04-12,PL,231695,24,0.1938,13395,20,1,,50,10,Chonburi,Y
A104704,2024-10-22,PL,135236,48,0.1133,4094,32,1,61567,12,7,Khon Kaen,Y
A104705,2025-06-29,PL,113689,36,0.2032,5083,40,3,28646,74,999,Songkhla,Y
A104706,2023-06-16,PL,103384,24,0.2643,6584,37,3,24472,52,18,Chiang Mai,
A104707,2023-12-09,HP,188113,36,0.099,6777,20,3,26421,8,9,Samut Prakan,
A104708,2025-02-25,CC,85875,0,0.1844,0,58,1,16484,34,3,Udon Thani,N
A104709,2023-12-04,CC,32360,0,0.2293,0,35,1,21896,53,12,Samut Prakan,
A104710,2025-04-15,HP,262267,36,0.1055,9590,42,2,,81,11,Ubon Ratchathani,Y
A104711,2024-03-28,HP,185500,72,0.2407,6297,20,1,23685,49,25,Ubon Ratchathani,
A104712,2024-02-01,PL,82906,24,0.2656,5289,32,2,32651,73,12,Udon Thani,
A104713,2024-05-29,PL,114642,24,0.252,7184,32,2,,22,2,Bangkok,N
A104714,2023-10-25,HP,183507,72,0.2099,5758,38,3,40872,58,12,Nakhon Ratchasima,
A104715,2025-04-24,HP,616495,36,0.1298,23793,54,9,28564,47,5,Samut Prakan,Y
A104716,2024-10-25,PL,169297,24,0.1925,9769,20,2,,61,999,Khon Kaen,N
A104717,2025-09-18,PL,53262,12,0.2088,5365,36,1,31242,82,999,Bangkok,Y
A104718,2022-03-11,HP,604649,48,0.2446,24921,29,3,14231,36,11,Nonthaburi,
A104719,2023-05-18,PL,71764,36,0.2613,3556,30,1,28494,66,5,Nakhon Ratchasima,
A104720,2023-10-31,HP,148279,48,0.1354,4762,34,2,,67,26,Songkhla,
A104721,2022-05-15,HP,528960,72,0.0974,11640,26,1,30424,41,12,Chonburi,
A104722,2022-11-09,HP,214876,48,0.1077,6405,34,1,17977,58,5,Chiang Mai,
A104723,2022-04-24,PL,412133,24,0.1166,21176,47,1,25945,29,12,Udon Thani,
A104724,2023-01-29,HP,285540,60,0.23,10231,47,1,23164,95,11,Chonburi,
A104725,2024-06-25,CC,136711,0,0.1511,0,54,1,20409,49,5,Chonburi,Y
A104726,2023-09-03,PL,208383,12,0.1875,20621,42,1,12049,98,999,Udon Thani,
A104727,2022-02-01,HP,898681,48,0.2133,34696,24,1,41102,39,1,Phuket,
A104728,2022-05-25,CC,58755,0,0.207,0,30,1,73594,75,2,Khon Kaen,
A104729,2023-05-08,PL,53169,48,0.1208,1642,44,1,39062,33,15,Rayong,
A104730,2024-06-16,HP,384619,48,0.2213,15105,20,1,16706,44,12,Udon Thani,N
A104731,2025-07-16,HP,350773,48,0.1399,11397,29,2,,72,11,Bangkok,N
A104732,2025-03-26,HP,184811,36,0.0948,6593,59,3,18879,52,4,Udon Thani,N
A104733,2025-02-26,HP,487636,48,0.2606,20748,44,3,14626,130,11,Ubon Ratchathani,Y
A104734,2024-03-05,CC,52963,0,0.1754,0,32,1,20137,28,18,Udon Thani,
A104735,2024-11-16,HP,407578,36,0.2559,20013,27,1,27723,131,6,Nakhon Ratchasima,Y
A104736,2025-03-17,PL,146528,36,0.1611,6037,38,3,27633,31,4,Nonthaburi,Y
A104737,2024-07-19,HP,488909,72,0.0959,10697,39,2,,35,9,Nonthaburi,Y
A104738,2025-04-08,HP,290118,60,0.1719,8991,55,1,23050,50,20,Bangkok,Y
A104739,2023-11-10,PL,178827,12,0.1317,16864,24,1,23691,88,999,Nakhon Ratchasima,
A104740,2025-03-28,HP,248125,72,0.1239,6008,45,1,38278,33,2,Rayong,N
A104741,2024-12-02,HP,181304,72,0.1584,4911,37,1,21662,90,0,Udon Thani,N
A104742,2025-08-25,HP,199424,72,0.1757,5689,27,1,52624,128,4,Phuket,Y
A104743,2023-09-15,HP,229755,36,0.1413,9087,52,2,53885,78,17,Phuket,
A104744,2024-03-08,PL,62146,12,0.1774,6097,42,1,47800,80,5,Bangkok,
A104745,2022-03-30,PL,145623,48,0.2467,6027,32,1,24982,15,4,Ubon Ratchathani,
A104746,2024-02-26,PL,169030,36,0.1555,6885,37,1,26242,98,18,Nonthaburi,
A104747,2023-06-05,PL,141314,12,0.2615,14855,20,3,,35,13,Udon Thani,
A104748,2025-03-31,HP,963364,36,0.099,34707,35,3,33245,79,19,Khon Kaen,Y
A104749,2025-09-08,HP,611250,48,0.1856,22188,46,1,30482,112,7,Phuket,Y
A104750,2023-07-20,PL,216276,48,0.2097,8285,32,3,22950,0,22,Chiang Mai,
A104751,2024-01-03,PL,106183,24,0.2432,6576,54,1,26553,87,8,Khon Kaen,
A104752,2025-04-02,PL,47313,36,0.2067,2129,45,3,39009,162,4,Chonburi,Y
A104753,2022-12-28,HP,232192,72,0.2532,8124,43,1,14865,113,0,Ubon Ratchathani,
A104754,2022-03-16,CC,34662,0,0.2022,0,23,3,,88,10,Khon Kaen,
A104755,2023-03-21,HP,416901,36,0.1567,17024,49,1,11587,127,13,Khon Kaen,
A104756,2025-02-18,PL,143798,48,0.2458,5941,33,9,,74,2,Songkhla,Y
A104757,2022-11-22,PL,43462,48,0.1871,1583,48,1,32241,10,14,Samut Prakan,
A104758,2023-09-17,HP,164955,60,0.1192,4387,43,2,25429,25,13,Ubon Ratchathani,
A104759,2025-10-09,HP,291355,60,0.2518,10969,53,3,40710,80,4,Songkhla,Y
A104760,2025-09-05,CC,52534,0,0.1461,0,40,1,,190,19,Samut Prakan,Y
A104761,2022-06-11,PL,113662,24,0.1768,6410,51,3,68672,2,12,Samut Prakan,
A104762,2023-12-29,PL,150567,48,0.1676,5239,49,1,29095,38,11,Udon Thani,
A104763,2022-02-26,PL,102510,12,0.1884,10151,21,2,48327,50,6,Chiang Mai,
A104764,2023-10-25,PL,283077,12,0.2158,28680,20,1,32186,97,23,Rayong,
A104765,2024-08-21,HP,272245,60,0.2203,9535,39,1,22475,14,19,Bangkok,N
A104766,2022-12-19,HP,283601,36,0.2033,12682,59,3,13430,65,1,Rayong,
A104767,2024-03-28,PL,478037,24,0.1895,27467,44,3,23428,94,999,Khon Kaen,
A104768,2023-02-24,CC,34238,0,0.1735,0,42,2,38251,3,7,Bangkok,
A104769,2022-05-23,HP,775677,60,0.1375,21815,28,3,24542,16,999,Bangkok,
A104770,2025-05-05,PL,225591,12,0.1335,21308,50,1,18561,28,8,Ubon Ratchathani,N
A104771,2022-07-08,HP,281872,36,0.1517,11393,43,1,21766,9,9,Songkhla,
A104772,2025-03-16,HP,535182,48,0.1281,16862,31,2,89460,64,8,Udon Thani,Y
A104773,2025-02-28,PL,140943,24,0.095,6988,48,2,49998,23,11,Nakhon Ratchasima,Y
A104774,2025-02-21,PL,110456,36,0.1543,4488,25,1,19383,3,14,Chiang Mai,N
A104775,2024-05-21,HP,304273,60,0.1721,9434,35,1,21481,40,15,Songkhla,N
A104776,2024-05-15,PL,119751,12,0.115,11126,39,1,17425,15,999,Khon Kaen,N
A104777,2022-03-27,CC,67151,0,0.2326,0,66,1,32895,44,13,Chonburi,
A104778,2023-04-07,PL,98883,24,0.2794,6422,50,3,19148,77,15,Samut Prakan,
A104779,2025-04-04,HP,240067,60,0.2763,9528,40,1,,43,999,Chonburi,N
A104780,2025-05-14,PL,64347,48,0.2235,2539,20,1,30100,44,10,Songkhla,N
A104781,2024-01-20,PL,141515,24,0.1977,8227,20,1,36862,107,0,Phuket,
A104782,2022-09-25,PL,346412,24,0.1629,19136,39,3,29643,48,15,Udon Thani,
A104783,2022-11-28,CC,79670,0,0.2204,0,45,3,43464,186,16,Nakhon Ratchasima,
A104784,2023-06-17,HP,420435,72,0.2498,14591,43,2,,53,5,Ubon Ratchathani,
A104785,2022-09-02,HP,416441,60,0.1788,13145,20,1,29158,36,1,Nonthaburi,
A104786,2024-01-22,PL,57577,48,0.0968,1663,46,2,,67,8,Bangkok,
A104787,2025-11-13,HP,674245,72,0.2627,24124,41,1,29335,36,1,Khon Kaen,Y
A104788,2024-10-21,PL,83605,24,0.1699,4667,45,1,11076,74,999,Khon Kaen,Y
A104789,2025-04-09,HP,220149,36,0.2031,9841,21,1,13522,77,7,Khon Kaen,Y
A104790,2025-07-09,PL,166925,48,0.1742,5900,38,1,,96,4,Samut Prakan,Y
A104791,2024-07-22,PL,154339,12,0.1997,15430,40,1,29958,77,13,Samut Prakan,N
A104792,2023-01-29,PL,87973,12,0.2174,8924,20,1,40814,48,7,Khon Kaen,
A104793,2023-08-16,PL,183360,36,0.0966,6569,32,2,,10,10,Rayong,
A104794,2025-09-04,HP,667071,48,0.2302,26693,37,3,27451,32,22,Ubon Ratchathani,Y
A104795,2024-10-07,HP,192230,60,0.2684,7503,34,1,34885,94,10,Phuket,N
A104796,2024-02-27,PL,234839,36,0.2074,10582,37,1,29874,39,15,Chonburi,
A104797,2024-02-02,HP,231538,60,0.0919,5632,42,1,23859,86,22,Udon Thani,
A104798,2024-03-20,CC,19797,0,0.2695,0,35,3,30904,72,21,Udon Thani,
A104799,2025-05-31,PL,119133,12,0.2168,12080,45,1,22386,56,2,Chiang Mai,Y
A104800,2025-09-28,PL,143982,24,0.2516,9018,33,2,62398,59,1,Samut Prakan,N
A104801,2023-03-04,PL,102813,12,0.199,10272,38,1,12095,58,999,Bangkok,
A104802,2024-03-13,PL,104560,36,0.2194,4816,24,3,44665,18,10,Samut Prakan,
A104803,2024-10-09,HP,282505,72,0.1692,7907,20,1,14851,46,14,Samut Prakan,Y
A104804,2022-07-12,PL,86998,12,0.2548,9097,44,1,23276,26,18,Chiang Mai,
A104805,2024-06-13,PL,120604,36,0.1741,5099,40,1,20938,31,31,Nakhon Ratchasima,Y
A104806,2023-06-29,PL,113156,24,0.2434,7010,56,1,55681,106,23,Rayong,
A104807,2023-11-26,CC,16723,0,0.1928,0,29,1,15848,53,3,Chonburi,
A104808,2022-10-30,PL,96066,36,0.197,4245,38,1,25459,29,29,Chiang Mai,
A104809,2024-05-27,HP,91796,72,0.2067,2856,20,9,,70,15,Nonthaburi,N
A104810,2025-08-28,CC,52653,0,0.1435,0,44,1,48459,5,2,Udon Thani,Y
A104811,2023-12-04,PL,58880,12,0.2687,6225,42,1,9557,24,999,Chiang Mai,
A104812,2025-11-15,PL,65148,36,0.1318,2525,20,3,31436,9,7,Phuket,Y
A104813,2025-10-20,PL,268956,36,0.1649,11166,21,1,31810,20,999,Songkhla,Y
A104814,2024-09-19,PL,48362,36,0.0934,1719,44,1,36956,15,999,Chonburi,Y
A104815,2024-11-29,HP,481699,60,0.1488,14001,20,3,30727,50,2,Bangkok,Y
A104816,2024-01-01,HP,98604,48,0.2358,3991,26,9,14189,50,8,Phuket,
A104817,2022-08-17,PL,132426,36,0.2636,6587,38,1,37701,9,1,Khon Kaen,
A104818,2025-06-26,HP,647169,60,0.1693,19916,27,2,,19,1,Udon Thani,Y
A104819,2025-05-13,PL,75381,48,0.143,2468,20,2,29253,14,999,Nakhon Ratchasima,Y
A104820,2023-09-30,PL,218629,24,0.1139,11184,27,2,,52,20,Chonburi,
A104821,2024-08-12,PL,66661,48,0.2429,2738,20,2,9347,50,3,Nonthaburi,Y
A104822,2023-03-24,PL,50619,12,0.1137,4697,36,2,,77,0,Nonthaburi,
A104823,2022-06-01,PL,80174,36,0.1148,2994,30,2,,42,6,Khon Kaen,
A104824,2022-03-09,HP,218305,36,0.1013,7906,59,2,,62,4,Chiang Mai,
A104825,2025-05-28,CC,38947,0,0.1027,0,52,2,,51,999,Chiang Mai,Y
A104826,2024-07-21,PL,78691,48,0.1843,2847,27,2,,3,3,Udon Thani,Y
A104827,2022-07-12,PL,118903,36,0.2696,5974,42,2,32858,41,28,Phuket,
A104828,2024-02-18,PL,85935,12,0.2774,9147,57,1,26744,87,13,Samut Prakan,
A104829,2024-08-15,HP,68802,72,0.2126,2174,49,1,27862,57,13,Khon Kaen,Y
A104830,2024-05-13,PL,163286,36,0.2463,7887,37,1,9594,69,999,Songkhla,Y
A104831,2025-04-01,HP,171572,60,0.2502,6436,37,2,,45,12,Songkhla,Y
A104832,2024-12-20,PL,121902,48,0.1275,3834,41,2,,10,2,Nakhon Ratchasima,Y
A104833,2023-10-27,PL,87357,24,0.2491,5453,37,1,32388,10,6,Samut Prakan,
A104834,2023-08-14,HP,772778,48,0.1606,26441,33,1,32676,115,999,Udon Thani,
A104835,2022-06-25,HP,425205,36,0.092,15071,32,1,,68,2,Rayong,
A104836,2023-12-11,PL,324950,24,0.0984,16204,33,1,44968,5,999,Nonthaburi,
A104837,2024-05-31,HP,465402,48,0.139,15086,30,1,50833,10,999,Khon Kaen,Y
A104838,2024-06-04,HP,707561,72,0.1451,18382,24,2,25739,29,2,Samut Prakan,N
A104839,2023-05-26,HP,961707,72,0.1176,22781,39,2,,68,2,Nonthaburi,
A104840,2025-05-22,HP,219885,36,0.1587,9015,31,1,,39,999,Nonthaburi,Y
A104841,2023-09-09,CC,42284,0,0.2337,0,45,2,55560,87,999,Samut Prakan,
A104842,2023-04-18,HP,197967,72,0.2109,6228,39,3,28308,26,11,Ubon Ratchathani,
A104843,2024-09-10,PL,112722,12,0.1248,10565,44,1,49605,12,4,Chiang Mai,N
A104844,2024-11-23,CC,16117,0,0.2316,0,32,1,17743,12,999,Rayong,Y
A104845,2022-05-25,PL,121658,48,0.2565,5134,47,1,34225,94,8,Rayong,
A104846,2022-09-03,PL,106617,24,0.2503,6666,35,1,20567,42,10,Songkhla,
A104847,2022-10-28,HP,302052,72,0.1397,7711,33,9,57535,48,999,Khon Kaen,
A104848,2022-05-16,HP,328255,48,0.1949,12170,20,1,37311,146,0,Bangkok,
A104849,2024-05-24,PL,260593,36,0.1768,11078,51,2,,41,2,Ubon Ratchathani,Y
A104850,2022-12-13,CC,68548,0,0.2171,0,20,2,,60,9,Samut Prakan,
A104851,2024-01-04,PL,137619,24,0.2715,8847,40,1,37689,18,9,Bangkok,
A104852,2022-05-29,PL,180183,48,0.251,7522,20,3,,23,20,Chiang Mai,
A104853,2024-10-31,PL,133473,12,0.1563,12861,34,1,30348,17,22,Bangkok,Y
A104854,2024-02-21,PL,223998,24,0.1705,12515,28,2,,16,999,Bangkok,
A104855,2024-11-16,HP,346984,72,0.1377,8800,39,1,13557,49,19,Udon Thani,Y
A104856,2024-05-16,PL,302536,36,0.1776,12881,32,3,33721,62,5,Rayong,Y
A104857,2024-11-12,PL,76194,48,0.1298,2411,28,1,21739,34,12,Phuket,Y
A104858,2023-03-06,PL,45044,12,0.0978,4120,48,3,,57,14,Nakhon Ratchasima,
A104859,2025-06-08,PL,198782,36,0.1224,7549,31,2,,114,16,Khon Kaen,Y
A104860,2025-12-23,HP,626437,60,0.1462,18072,23,1,33660,17,3,Chiang Mai,N
A104861,2023-07-28,CC,37784,0,0.1751,0,37,9,,81,0,Chiang Mai,
A104862,2024-03-01,CC,31392,0,0.0,0,38,1,25533,83,1,Songkhla,
A104863,2022-11-07,HP,592880,60,0.2631,22880,38,1,25031,24,16,Ubon Ratchathani,
A104864,2025-12-11,HP,426258,36,0.1724,17964,23,1,39206,104,999,Bangkok,Y
A104865,2025-10-22,CC,25785,0,0.2515,0,32,1,22929,79,9,Samut Prakan,Y
A104866,2023-06-03,HP,319073,48,0.2185,12457,33,2,,134,19,Chonburi,
A104867,2023-10-16,PL,235289,36,0.1563,9600,20,3,26448,89,3,Samut Prakan,
A104868,2025-06-05,PL,42328,36,0.2532,2068,40,1,27947,69,13,Udon Thani,N
A104869,2022-11-21,HP,903287,48,0.2715,39255,32,1,25632,143,16,Bangkok,
A104870,2025-05-19,CC,49416,0,0.1851,0,44,3,,175,0,Phuket,Y
A104871,2025-08-12,PL,62013,12,0.108,5725,27,1,32571,65,6,Chiang Mai,Y
A104872,2024-08-18,HP,193295,36,0.2075,8711,39,1,25822,82,2,Songkhla,Y
A104873,2023-03-01,PL,122823,36,0.2086,5546,40,1,22970,0,10,Songkhla,
A104874,2025-02-26,PL,122792,36,0.1555,5002,42,1,,23,6,Rayong,Y
A104875,2024-08-06,PL,104663,24,0.1416,5595,20,3,,167,3,Khon Kaen,Y
A104876,2022-02-25,HP,203268,48,0.1244,6341,40,1,50592,69,8,Chonburi,
A104877,2023-06-12,HP,258789,48,0.151,8647,36,1,,16,16,Chonburi,
A104878,2024-07-24,PL,94666,24,0.2281,5743,36,1,13131,118,14,Songkhla,N
A104879,2024-12-26,CC,52501,0,0.2237,0,31,2,,7,23,Samut Prakan,N
A104880,2023-10-12,PL,131673,12,0.2382,13586,23,3,18486,22,24,Songkhla,
A104881,2022-02-16,CC,15311,0,0.2226,0,43,1,46842,19,999,Ubon Ratchathani,
A104882,2025-10-01,PL,183347,12,0.1449,17492,42,1,19843,33,6,Ubon Ratchathani,Y
A104883,2022-12-09,CC,97926,0,0.105,0,46,2,18401,8,999,Nakhon Ratchasima,
A104884,2025-02-24,PL,278469,36,0.1846,12019,27,1,16734,111,10,Khon Kaen,Y
A104885,2022-12-09,HP,842907,72,0.2429,28768,32,1,48351,21,999,Udon Thani,
A104886,2023-10-14,PL,234424,48,0.0998,6833,64,2,33001,55,11,Chonburi,
A104887,2022-11-02,PL,131520,12,0.1838,12974,35,1,38643,86,999,Nakhon Ratchasima,
A104888,2024-05-11,HP,272696,60,0.2153,9437,34,1,29769,46,0,Nonthaburi,Y
A104889,2023-10-28,PL,412183,24,0.1741,23154,35,1,20140,54,1,Khon Kaen,
A104890,2023-06-18,PL,128567,36,0.1706,5399,22,3,18148,33,13,Samut Prakan,
A104891,2024-07-01,CC,123618,0,0.1194,0,38,1,37242,34,0,Songkhla,Y
A104892,2022-12-05,HP,151856,60,0.2,5061,20,1,53284,49,10,Nakhon Ratchasima,
A104893,2023-12-18,CC,56905,0,0.0,0,41,1,23844,7,999,Nakhon Ratchasima,
A104894,2023-08-05,CC,140702,0,0.1277,0,33,1,14941,26,11,Ubon Ratchathani,
A104895,2025-03-04,PL,75633,24,0.1519,4108,37,3,58505,6,4,Udon Thani,Y
A104896,2022-12-13,CC,66080,0,0.1824,0,44,1,,20,5,Samut Prakan,
A104897,2023-03-01,PL,120954,36,0.2718,6099,42,1,38111,79,25,Songkhla,
A104898,2024-07-01,HP,275785,48,0.2762,12093,35,2,,101,23,Khon Kaen,N
A104899,2023-01-07,CC,41835,0,0.1874,0,20,1,49436,39,5,Khon Kaen,
A104900,2024-06-12,CC,47000,0,0.1722,0,24,3,21797,79,999,Phuket,N
A104901,2025-09-01,HP,305840,36,0.1988,13562,44,1,27805,91,27,Phuket,Y
A104902,2023-11-26,PL,120283,36,0.2267,5613,37,3,17846,63,3,Rayong,
A104903,2025-12-02,CC,60040,0,0.2184,0,26,1,23478,146,0,Songkhla,Y
A104904,2024-04-08,HP,279774,48,0.1272,8794,31,2,47267,70,21,Nakhon Ratchasima,N
A104905,2022-09-16,PL,55515,36,0.2693,2787,49,1,,22,22,Chonburi,
A104906,2023-04-27,PL,108748,12,0.204,10911,54,1,28831,36,3,Udon Thani,
A104907,2025-05-28,HP,570743,60,0.1449,16404,40,3,34235,45,4,Songkhla,Y
A104908,2023-05-23,HP,134296,72,0.1718,3787,31,1,34741,110,21,Chonburi,
A104909,2023-04-15,HP,292739,36,0.2441,14086,23,1,14075,83,0,Nonthaburi,
A104910,2022-08-05,PL,134700,24,0.2086,7954,37,1,20045,9,17,Rayong,
A104911,2025-12-04,PL,110216,12,0.2588,11561,41,1,16067,13,18,Chiang Mai,Y
A104912,2025-11-19,HP,297771,72,0.2199,9592,34,1,20504,105,8,Songkhla,N
A104913,2025-01-21,CC,13034,0,0.1635,0,20,1,30837,7,999,Khon Kaen,N
A104914,2022-10-14,CC,24280,0,0.1579,0,33,1,10797,154,12,Phuket,
A104915,2024-04-24,PL,66069,12,0.1131,6128,20,1,24440,88,1,Phuket,N
A104916,2024-12-13,HP,325516,36,0.1233,12386,48,1,24591,66,1,Phuket,Y
A104917,2025-11-16,HP,211396,48,0.1812,7596,46,1,29868,46,3,Ubon Ratchathani,Y
A104918,2025-01-13,HP,509440,72,0.2475,17582,33,1,,73,4,Phuket,Y
A104919,2025-10-12,HP,324107,60,0.1096,8361,21,3,31155,23,9,Udon Thani,N
A104920,2025-04-30,HP,114661,72,0.2733,4203,28,1,26767,58,2,Chonburi,N
A104921,2025-01-15,PL,107496,12,0.2296,11014,44,1,25393,63,8,Khon Kaen,Y
A104922,2022-11-25,PL,46313,12,0.1444,4416,40,1,52637,2,12,Songkhla,
A104923,2022-06-30,CC,70619,0,0.2715,0,27,1,18130,2,5,Samut Prakan,
A104924,2023-09-24,PL,140008,48,0.1661,4854,48,3,18017,9,4,Phuket,
A104925,2024-09-14,PL,102829,48,0.2394,4193,20,2,,69,6,Chiang Mai,Y
A104926,2025-02-11,CC,63805,0,0.1855,0,49,1,22416,39,13,Phuket,Y
A104927,2023-11-11,CC,85071,0,0.1973,0,38,1,34894,99,11,Udon Thani,
A104928,2023-09-15,PL,326155,36,0.1859,14112,44,3,33036,27,999,Rayong,
A104929,2022-10-24,PL,89923,24,0.1801,5096,47,1,54342,9,1,Bangkok,
A104930,2022-11-10,PL,79867,36,0.1084,2939,57,1,54497,2,14,Rayong,
A104931,2022-09-17,CC,21592,0,0.1773,0,33,3,12795,88,999,Udon Thani,
A104932,2023-02-28,CC,75675,0,0.1737,0,52,1,18938,45,12,Chonburi,
A104933,2024-02-13,HP,410235,48,0.1663,14231,21,3,17624,52,14,Songkhla,
A104934,2024-06-21,PL,138200,36,0.1889,6014,25,2,,8,23,Chonburi,Y
A104935,2025-12-12,HP,137153,36,0.2462,6623,50,1,32276,27,18,Rayong,Y
A104936,2022-01-28,HP,274636,36,0.2598,13574,41,1,24165,45,16,Nakhon Ratchasima,
A104937,2024-12-08,PL,89608,24,0.1971,5205,44,1,27131,15,25,Udon Thani,Y
A104938,2022-02-07,PL,115687,12,0.2357,11912,25,1,20312,100,10,Khon Kaen,
A104939,2024-10-23,PL,172489,24,0.1392,9187,30,1,41248,12,7,Khon Kaen,Y
A104940,2022-11-05,CC,55308,0,0.0945,0,45,1,,27,15,Chiang Mai,
A104941,2025-05-19,PL,80869,12,0.1303,7617,45,1,34306,39,15,Songkhla,N
A104942,2023-02-09,PL,111303,24,0.1411,5946,41,1,32380,91,15,Samut Prakan,
A104943,2022-09-10,PL,128347,48,0.1717,4510,53,2,47512,10,10,Nakhon Ratchasima,
A104944,2025-07-31,CC,24703,0,0.0,0,48,2,39185,25,2,Udon Thani,Y
A104945,2025-06-20,CC,28224,0,0.2472,0,56,3,,41,22,Nakhon Ratchasima,Y
A104946,2024-08-13,CC,39946,0,0.1679,0,28,2,28674,75,0,Khon Kaen,Y
A104947,2023-02-10,HP,252241,36,0.132,9781,33,3,26557,36,6,Chiang Mai,
A104948,2025-11-09,HP,138045,48,0.1854,5008,52,3,18331,51,1,Udon Thani,N
A104949,2022-03-09,HP,229127,36,0.2697,11514,29,1,24825,73,999,Udon Thani,
A104950,2024-07-08,PL,90340,48,0.2376,3670,28,1,30063,121,9,Phuket,Y
A104951,2023-09-06,PL,278431,48,0.1091,8332,43,1,45397,38,5,Nonthaburi,
A104952,2025-01-12,PL,185943,48,0.1805,6670,31,2,,107,10,Phuket,Y
A104953,2022-10-30,HP,281211,60,0.2215,9877,35,3,40692,44,29,Samut Prakan,
A104954,2023-09-05,HP,684219,60,0.1903,22254,21,3,16058,36,7,Nonthaburi,
A104955,2023-09-01,PL,69539,12,0.1925,6910,35,2,13529,34,14,Chiang Mai,
A104956,2025-03-07,HP,251116,72,0.2726,9192,33,3,16767,40,7,Chonburi,Y
A104957,2022-10-13,CC,32629,0,0.1399,0,20,1,16948,45,5,Nonthaburi,
A104958,2023-12-09,PL,99559,48,0.1093,2980,31,1,,14,1,Nakhon Ratchasima,
A104959,2025-10-11,HP,234160,72,0.234,7818,31,2,,7,7,Chiang Mai,N
A104960,2023-07-30,PL,100296,24,0.2371,6160,26,2,,69,13,Udon Thani,
A104961,2025-05-01,CC,37356,0,0.1381,0,36,1,46180,38,13,Chiang Mai,Y
A104962,2024-03-12,HP,243477,72,0.1194,5804,33,1,24885,21,4,Rayong,
A104963,2025-03-29,HP,433451,72,0.1962,13107,46,1,20189,42,3,Khon Kaen,Y
A104964,2025-11-26,CC,70673,0,0.1782,0,50,2,,95,4,Nonthaburi,Y
A104965,2025-04-27,HP,882828,36,0.1235,33608,29,1,,20,7,Chiang Mai,Y
A104966,2023-06-24,CC,100648,0,0.2083,0,58,2,,49,14,Khon Kaen,
A104967,2022-12-01,HP,453510,36,0.1033,16501,36,2,62400,25,1,Udon Thani,
A104968,2022-09-29,CC,38374,0,0.1867,0,45,1,32649,49,999,Songkhla,
A104969,2024-06-16,PL,144067,36,0.235,6823,46,1,28383,8,9,Nonthaburi,N
A104970,2022-03-06,PL,242391,24,0.2544,15238,61,1,28542,123,12,Udon Thani,
A104971,2023-08-03,HP,488988,48,0.186,17766,37,1,47634,64,2,Nakhon Ratchasima,
A104972,2025-08-03,PL,169182,12,0.2083,17035,44,1,24624,51,7,Samut Prakan,Y
A104973,2024-08-30,CC,49928,0,0.1853,0,26,1,14586,84,10,Udon Thani,N
A104974,2024-09-28,PL,105096,48,0.1743,3716,54,3,15609,31,999,Nonthaburi,N
A104975,2022-03-20,PL,91092,48,0.1856,3306,58,1,40451,42,2,Khon Kaen,
A104976,2023-05-17,HP,551235,48,0.2589,23376,41,2,,112,999,Rayong,
A104977,2025-04-13,PL,119076,24,0.1532,6481,22,3,28343,73,14,Nonthaburi,Y
A104978,2022-05-27,PL,98091,36,0.197,4335,43,1,32132,108,999,Songkhla,
A104979,2024-08-02,HP,450168,36,0.1876,19542,47,2,,74,4,Phuket,Y
A104980,2025-02-04,PL,69681,12,0.2469,7240,36,1,22345,166,5,Chonburi,Y
A104981,2023-09-15,CC,24135,0,0.1308,0,41,1,,49,12,Samut Prakan,
A104982,2022-04-30,HP,576289,72,0.2126,18213,29,2,,95,25,Rayong,
A104983,2023-02-28,HP,458176,60,0.2066,15524,37,1,33718,23,1,Rayong,
A104984,2023-01-11,HP,112017,60,0.2567,4263,61,1,37626,70,2,Phuket,
A104985,2024-10-26,HP,494223,72,0.2413,16802,43,3,,98,9,Samut Prakan,Y
A104986,2024-10-11,PL,204653,48,0.1276,6439,50,1,28115,8,2,Ubon Ratchathani,N
A104987,2025-02-27,HP,975419,48,0.1158,29734,57,1,26867,16,9,Samut Prakan,Y
A104988,2025-07-16,CC,41999,0,0.2212,0,29,3,,55,3,Rayong,N
A104989,2023-01-06,HP,255366,48,0.2357,10335,20,2,42924,41,25,Nakhon Ratchasima,
A104990,2025-08-09,HP,369922,60,0.2016,12380,46,3,52010,108,10,Khon Kaen,N
A104991,2024-02-06,HP,333801,36,0.1483,13397,26,1,18577,105,10,Chonburi,
A104992,2023-11-09,PL,259191,36,0.1605,10666,36,1,24927,59,15,Samut Prakan,
A104993,2025-07-04,PL,166490,48,0.2071,6341,41,1,37133,0,12,Nonthaburi,N
A104994,2024-01-20,PL,58312,24,0.1552,3183,33,1,22827,69,999,Chiang Mai,
A104995,2022-03-25,PL,216021,48,0.1071,6428,37,1,21525,23,3,Nakhon Ratchasima,
A104996,2024-08-30,PL,126984,12,0.1053,11696,22,1,28384,15,9,Rayong,Y
A104997,2023-07-08,CC,52911,0,0.2264,0,24,1,29667,63,5,Chonburi,
A104998,2025-01-01,HP,444146,72,0.2494,15399,28,1,37843,81,4,Ubon Ratchathani,Y
A104999,2022-04-23,CC,56503,0,0.274,0,32,1,,81,5,Songkhla,
A105000,2022-03-16,CC,92576,0,0.133,0,51,3,40005,24,17,Chonburi,
A105001,2023-07-29,CC,26419,0,0.1377,0,25,3,41479,9,6,Nakhon Ratchasima,
A105002,2022-08-01,PL,35860,24,0.1533,1952,21,1,13953,57,1,Phuket,
A105003,2024-10-01,PL,186223,36,0.273,9409,41,3,61821,44,12,Rayong,N
A105004,2022-09-30,PL,41261,12,0.186,4077,23,3,11483,147,19,Chiang Mai,
A105005,2025-04-01,HP,154387,60,0.1912,5033,24,1,26193,70,999,Chonburi,N
A105006,2024-11-28,PL,239267,48,0.13,7576,36,2,43015,53,21,Khon Kaen,Y
A105007,2025-12-25,PL,263436,36,0.1917,11526,45,2,,68,14,Rayong,Y
A105008,2025-08-14,HP,195529,60,0.2092,6667,28,1,15681,57,4,Ubon Ratchathani,Y
A105009,2024-09-22,HP,403429,72,0.1837,11779,35,3,41056,31,19,Samut Prakan,Y
A105010,2024-08-22,HP,161001,72,0.2464,5542,33,1,17253,90,4,Songkhla,Y
A105011,2023-06-05,HP,715076,48,0.1503,23853,32,1,12447,147,17,Ubon Ratchathani,
A105012,2023-10-08,HP,132591,72,0.2769,4901,45,1,,14,8,Nakhon Ratchasima,
A105013,2025-10-25,HP,204189,72,0.2439,6986,24,3,45359,101,5,Khon Kaen,Y
A105014,2024-12-25,CC,143158,0,0.1602,0,42,1,14781,88,999,Nakhon Ratchasima,Y
A105015,2024-05-18,HP,553410,60,0.2332,19978,55,2,66473,28,3,Nonthaburi,Y
A105016,2022-07-09,HP,296690,48,0.1948,10997,35,3,11552,92,1,Ubon Ratchathani,
A105017,2024-02-19,HP,67744,72,0.2031,2087,51,1,15628,10,7,Bangkok,
A105018,2024-05-01,PL,57441,24,0.2427,3555,36,3,33996,24,5,Chiang Mai,Y
A105019,2023-10-24,HP,240407,36,0.2078,10841,48,1,9000,59,999,Nakhon Ratchasima,
A105020,2024-06-04,HP,158957,72,0.2315,5274,32,3,14599,109,9,Nonthaburi,Y
A105021,2025-10-03,PL,134296,36,0.1814,5760,38,2,42373,69,7,Chiang Mai,Y
A105022,2024-04-22,HP,671645,60,0.213,23115,35,1,20334,45,1,Songkhla,Y
A105023,2023-08-21,HP,518900,60,0.2678,20228,41,3,39111,68,7,Rayong,
A105024,2024-10-10,PL,185980,48,0.1477,6163,41,1,29477,34,15,Khon Kaen,Y
A105025,2023-07-05,PL,90179,48,0.1436,2957,32,1,21051,116,12,Chonburi,
A105026,2022-08-20,PL,206690,48,0.2225,8138,50,2,121066,22,15,Bangkok,
A105027,2025-05-30,PL,71071,36,0.1655,2954,27,2,30520,23,6,Nonthaburi,Y
A105028,2024-12-26,CC,25181,0,0.2275,0,36,2,9293,86,9,Ubon Ratchathani,N
A105029,2025-04-09,PL,106353,48,0.224,4200,35,3,22758,43,3,Nonthaburi,Y
A105030,2023-09-04,HP,167192,72,0.0954,3651,49,1,19448,54,13,Khon Kaen,
A105031,2025-06-20,HP,592089,36,0.1446,23581,20,9,20751,145,17,Khon Kaen,N
A105032,2023-05-28,PL,153470,36,0.1878,6664,43,3,,50,15,Phuket,
A105033,2024-02-17,CC,138240,0,0.2494,0,51,2,29196,24,9,Phuket,
A105034,2023-01-25,HP,272036,60,0.1872,8777,45,1,18559,10,9,Chonburi,
A105035,2022-02-26,HP,432458,36,0.2705,21761,25,1,51923,124,9,Chiang Mai,
A105036,2024-03-29,CC,71812,0,0.155,0,51,1,21261,33,20,Khon Kaen,
A105037,2025-05-05,PL,140422,24,0.1668,7802,20,3,59430,8,17,Nonthaburi,N
A105038,2023-11-26,HP,681707,36,0.2558,33468,52,1,,109,0,Chiang Mai,
A105039,2024-03-21,PL,112497,12,0.2289,11520,23,1,,23,19,Ubon Ratchathani,
A105040,2025-04-01,PL,179298,36,0.196,7909,22,1,60014,60,999,Khon Kaen,Y
A105041,2023-07-13,PL,260251,12,0.2083,26205,32,2,59490,39,17,Ubon Ratchathani,
A105042,2024-01-21,PL,98461,24,0.1275,5148,29,1,,124,8,Rayong,
A105043,2022-10-16,PL,30596,24,0.1289,1603,56,2,,30,999,Nakhon Ratchasima,
A105044,2024-01-07,PL,123482,12,0.1674,12012,42,2,,125,17,Phuket,
A105045,2024-07-06,CC,36901,0,0.1929,0,35,1,14453,13,11,Chiang Mai,Y
A105046,2023-09-23,HP,717744,72,0.245,24622,20,3,21048,64,9,Ubon Ratchathani,
A105047,2023-03-05,PL,83412,24,0.2542,5242,51,1,27386,79,5,Rayong,
A105048,2022-10-24,HP,297829,48,0.2739,13002,62,3,52694,37,31,Samut Prakan,
A105049,2023-06-01,HP,72289,48,0.2245,2858,61,2,,37,23,Ubon Ratchathani,
A105050,2025-07-27,CC,52869,0,0.1818,0,27,9,,98,24,Ubon Ratchathani,Y
A105051,2024-11-23,PL,92071,12,0.123,8616,25,1,27766,82,11,Udon Thani,Y
A105052,2023-06-16,HP,192074,72,0.2497,6664,41,9,30708,109,13,Samut Prakan,
A105053,2025-11-27,HP,570263,36,0.2661,28486,56,1,,21,999,Udon Thani,Y
A105054,2023-05-27,HP,319696,36,0.2498,15535,24,1,33102,60,5,Rayong,
A105055,2025-10-31,HP,521451,36,0.2082,23531,56,2,29363,123,0,Nakhon Ratchasima,Y
A105056,2024-08-31,HP,415838,72,0.2262,13614,42,3,44858,52,9,Nakhon Ratchasima,Y
A105057,2022-06-08,HP,336895,36,0.2338,15922,30,2,50672,62,6,Phuket,
A105058,2025-07-07,PL,84273,48,0.1209,2604,38,3,40602,20,2,Bangkok,Y
A105059,2022-07-15,HP,306674,36,0.2021,13683,36,3,49698,46,8,Rayong,
A105060,2025-05-25,CC,35178,0,0.0908,0,40,1,21979,61,13,Bangkok,Y
A105061,2024-02-08,PL,153948,36,0.2315,7246,22,1,27664,99,6,Songkhla,
A105062,2023-01-04,CC,28502,0,0.2785,0,20,1,39045,89,26,Songkhla,
A105063,2023-01-06,PL,73532,24,0.1697,4103,35,1,14934,8,1,Khon Kaen,
A105064,2023-12-24,PL,82800,48,0.156,2801,43,2,60314,20,15,Samut Prakan,
A105065,2022-05-18,PL,120195,36,0.1562,4903,36,2,34595,52,0,Chonburi,
A105066,2024-08-01,HP,419967,60,0.2234,14817,50,2,,158,1,Chiang Mai,Y
A105067,2024-01-22,HP,369951,72,0.1635,10178,36,2,,57,17,Nakhon Ratchasima,
A105068,2022-08-03,PL,60284,36,0.1508,2432,36,1,34488,52,17,Udon Thani,
A105069,2022-09-20,CC,96147,0,0.1952,0,34,1,25604,67,999,Ubon Ratchathani,
A105070,2022-09-15,CC,34580,0,0.1593,0,42,1,14760,81,11,Chiang Mai,
A105071,2022-08-16,HP,402129,36,0.1796,17188,36,2,25436,31,2,Songkhla,
A105072,2023-09-18,HP,239594,36,0.2664,11974,37,2,,69,18,Chonburi,
A105073,2022-04-03,PL,75840,24,0.2689,4859,29,3,,55,2,Udon Thani,
A105074,2025-06-13,CC,52310,0,0.0,0,37,3,25559,86,8,Udon Thani,N
A105075,2025-09-14,PL,219913,36,0.1542,8934,34,2,59316,72,0,Chonburi,N
A105076,2024-04-05,HP,200182,72,0.1859,5881,48,3,28764,76,7,Nakhon Ratchasima,Y
A105077,2022-03-03,CC,38954,0,0.268,0,41,3,19002,111,3,Samut Prakan,
A105078,2025-08-26,HP,356696,36,0.246,17220,47,2,37485,49,9,Khon Kaen,N
A105079,2025-05-28,HP,412334,72,0.1007,9187,31,1,,28,999,Nakhon Ratchasima,Y
A105080,2022-10-04,CC,59164,0,0.2071,0,31,1,57229,148,2,Chiang Mai,
A105081,2024-07-23,HP,603332,60,0.1828,19246,27,1,48908,84,5,Samut Prakan,Y
A105082,2025-05-02,CC,48920,0,0.1619,0,41,1,10154,131,6,Nonthaburi,N
A105083,2025-03-19,PL,194663,36,0.2409,9315,59,1,54892,38,999,Samut Prakan,Y
A105084,2024-09-22,HP,444488,72,0.2464,15300,40,1,21851,35,19,Bangkok,Y
A105085,2022-02-14,PL,176615,24,0.1528,9607,34,1,18717,108,2,Songkhla,
A105086,2024-08-06,HP,304929,36,0.2228,14131,32,1,,109,999,Songkhla,N
A105087,2024-10-23,CC,47673,0,0.2188,0,45,3,34619,49,5,Nonthaburi,N
A105088,2025-06-20,HP,248376,60,0.2241,8778,40,1,17466,26,4,Phuket,Y
A105089,2022-03-27,HP,339232,72,0.2791,12601,34,3,28775,60,8,Nonthaburi,
A105090,2022-02-24,PL,169766,36,0.2239,7883,49,1,28917,8,14,Phuket,
A105091,2025-07-13,PL,69179,12,0.2343,7115,24,3,,20,30,Chonburi,Y
A105092,2023-09-24,PL,131539,48,0.2205,5157,26,3,34247,82,23,Rayong,
A105093,2024-05-07,HP,545141,48,0.2212,21405,42,1,51926,108,13,Nonthaburi,N
A105094,2025-01-08,PL,94056,48,0.209,3597,27,1,27996,19,2,Udon Thani,Y
A105095,2022-01-22,PL,296148,12,0.2062,29767,49,3,14733,56,5,Bangkok,
A105096,2022-06-11,HP,847422,72,0.1878,25031,26,1,19123,51,7,Khon Kaen,
A105097,2025-10-18,PL,100717,48,0.1335,3218,23,1,23909,32,9,Phuket,Y
A105098,2024-08-21,PL,189904,12,0.1615,18381,35,1,30259,106,12,Songkhla,Y
A105099,2024-06-01,CC,41792,0,0.0,0,33,1,23342,91,4,Bangkok,N
A105100,2025-04-18,HP,243373,72,0.2478,8405,24,2,36359,47,2,Phuket,N
A105101,2025-03-17,PL,64203,36,0.1695,2690,42,3,,79,6,Chiang Mai,N
A105102,2024-12-26,CC,68196,0,0.1369,0,33,2,48828,34,1,Samut Prakan,Y
A105103,2025-06-06,PL,55323,48,0.2185,2159,28,1,27697,26,4,Bangkok,Y
A105104,2022-07-22,CC,63804,0,0.2415,0,32,3,24590,64,8,Nonthaburi,
A105105,2022-06-22,PL,233823,48,0.2766,10260,45,2,,83,10,Rayong,
A105106,2024-08-12,PL,145478,48,0.2272,5785,22,1,59794,29,9,Udon Thani,Y
A105107,2022-02-02,PL,122757,24,0.1175,6316,42,1,22417,29,3,Chiang Mai,
A105108,2024-02-07,CC,12328,0,0.1514,0,26,1,24619,46,5,Chiang Mai,
A105109,2023-04-20,HP,276505,48,0.2019,10412,45,3,22814,94,12,Phuket,
A105110,2023-09-05,PL,85617,12,0.2312,8784,44,1,22427,66,2,Phuket,
A105111,2024-10-29,HP,397008,48,0.1772,14133,33,1,61344,64,12,Phuket,Y
A105112,2023-07-10,HP,208362,36,0.2205,9616,27,1,20615,54,7,Rayong,
A105113,2024-01-15,HP,213018,72,0.1983,6478,35,1,38129,27,23,Nonthaburi,
A105114,2024-07-11,PL,160739,48,0.2367,6519,55,1,49742,49,999,Udon Thani,N
A105115,2023-01-08,CC,15892,0,0.1535,0,26,1,18631,14,13,Ubon Ratchathani,
A105116,2025-12-08,HP,276811,72,0.093,5989,20,2,,109,13,Bangkok,N
A105117,2022-04-15,PL,137296,12,0.1372,13011,37,1,,3,2,Udon Thani,
A105118,2023-07-26,PL,128457,24,0.1861,7344,43,9,,102,9,Nakhon Ratchasima,
A105119,2023-01-02,PL,81105,36,0.1404,3201,20,1,52671,19,1,Nonthaburi,
A105120,2025-03-31,PL,150663,24,0.1168,7744,29,2,29685,92,10,Chiang Mai,Y
A105121,2023-08-04,HP,233626,72,0.253,8170,40,2,,110,13,Bangkok,
A105122,2023-10-24,PL,107974,36,0.168,4510,56,1,20211,70,9,Nonthaburi,
A105123,2022-05-25,CC,81262,0,0.1491,0,45,1,36000,66,17,Nakhon Ratchasima,
A105124,2023-09-09,PL,102386,24,0.2042,6008,37,2,38196,79,17,Songkhla,
A105125,2022-01-17,HP,483762,48,0.1055,14331,29,1,48513,45,17,Nonthaburi,
A105126,2025-03-25,PL,271600,12,0.1815,26741,35,1,63473,32,6,Nakhon Ratchasima,Y
A105127,2023-12-04,HP,345814,36,0.2637,17205,59,3,15086,34,4,Chonburi,
A105128,2024-03-25,HP,220828,48,0.1421,7215,25,1,101220,140,1,Rayong,
A105129,2023-07-22,HP,355495,36,0.2209,16418,21,3,22755,45,11,Samut Prakan,
A105130,2022-04-13,PL,178102,48,0.2095,6819,49,2,71196,20,7,Phuket,
A105131,2025-05-09,PL,110153,36,0.2636,5479,32,3,69594,35,8,Chiang Mai,Y
A105132,2024-01-27,PL,59202,24,0.1119,3018,21,1,26464,125,7,Chonburi,
A105133,2024-09-26,PL,119272,36,0.1281,4586,20,1,72811,50,16,Khon Kaen,Y
A105134,2022-08-24,HP,307727,48,0.1962,11442,20,1,64187,75,10,Phuket,
A105135,2023-05-15,PL,104443,36,0.2188,4805,37,1,14054,191,5,Khon Kaen,
A105136,2023-11-16,HP,792218,36,0.2786,40398,34,1,56029,86,4,Nonthaburi,
A105137,2022-09-29,HP,504664,72,0.1785,14516,38,1,34651,30,4,Nakhon Ratchasima,
A105138,2023-11-05,PL,92236,24,0.1337,4870,22,1,19563,47,11,Ubon Ratchathani,
A105139,2025-02-24,HP,112909,72,0.1585,3059,47,1,42281,54,18,Samut Prakan,Y
A105140,2022-07-03,CC,128540,0,0.1564,0,50,2,,17,17,Phuket,
A105141,2023-03-25,PL,259817,36,0.1071,9536,29,1,26008,72,999,Nonthaburi,
A105142,2023-01-12,HP,374087,72,0.1329,9338,47,2,251243,108,1,Bangkok,
A105143,2024-05-06,PL,167776,24,0.0991,8376,62,3,22140,43,9,Khon Kaen,Y
A105144,2022-08-21,PL,60997,48,0.2135,2356,42,3,58631,186,14,Bangkok,
A105145,2024-03-03,HP,462384,72,0.1361,11666,46,1,47374,69,6,Samut Prakan,
A105146,2022-08-06,PL,172327,48,0.2337,6946,39,1,20895,57,7,Bangkok,
A105147,2025-05-15,HP,130832,36,0.2196,6028,27,1,16789,13,999,Bangkok,Y
A105148,2022-12-10,PL,146251,36,0.2717,7373,42,3,29211,19,11,Udon Thani,
A105149,2023-08-19,PL,144564,12,0.256,15131,50,1,19633,90,1,Chiang Mai,
A105150,2023-12-17,PL,118773,12,0.0944,10832,27,1,24082,39,18,Chiang Mai,
A105151,2022-07-06,HP,1198733,36,0.2481,58081,20,1,36203,16,13,Samut Prakan,
A105152,2023-07-25,HP,237759,72,0.1704,6678,35,1,30785,44,3,Ubon Ratchathani,
A105153,2023-02-28,PL,48394,48,0.1786,1728,31,1,,133,12,Chiang Mai,
A105154,2023-05-07,PL,115833,36,0.1852,5005,38,2,23919,101,999,Chiang Mai,
A105155,2025-08-29,PL,55049,36,0.1495,2214,46,3,21234,89,18,Rayong,Y
A105156,2024-09-02,PL,148762,36,0.2431,7145,35,2,219900,82,10,Bangkok,Y
A105157,2022-08-17,HP,732773,60,0.2413,26947,42,3,17601,102,20,Rayong,
A105158,2023-12-04,PL,139805,36,0.2698,7026,35,1,58077,133,1,Bangkok,
A105159,2024-07-15,PL,258927,12,0.103,23799,35,1,24726,156,9,Chonburi,N
A105160,2025-08-27,PL,121694,36,0.2242,5654,48,1,38826,48,14,Chonburi,Y
A105161,2024-01-11,CC,72118,0,0.2464,0,46,3,44844,57,999,Chiang Mai,
A105162,2022-05-10,PL,356046,24,0.1784,20128,35,2,36572,111,6,Nonthaburi,
A105163,2025-08-09,CC,34961,0,0.2432,0,25,1,30203,52,21,Songkhla,Y
A105164,2022-07-17,PL,97100,12,0.0966,8873,58,1,20014,46,999,Bangkok,
A105165,2022-03-10,PL,264868,36,0.2579,13049,25,1,23262,14,19,Songkhla,
A105166,2023-01-06,PL,64104,48,0.1563,2170,29,1,,68,3,Samut Prakan,
A105167,2024-11-22,HP,133828,36,0.1775,5696,43,1,44417,58,7,Nonthaburi,Y
A105168,2024-12-29,HP,483725,48,0.1957,17966,45,1,,52,13,Chiang Mai,N
A105169,2025-03-27,HP,235565,72,0.1952,7103,50,3,37701,42,21,Phuket,Y
A105170,2024-05-12,PL,178151,24,0.2246,10757,33,2,69018,36,16,Udon Thani,N
A105171,2022-11-30,HP,230262,48,0.1242,7180,50,1,26228,21,2,Bangkok,
A105172,2025-03-12,CC,65338,0,0.1447,0,31,2,,73,13,Songkhla,Y
A105173,2022-05-26,HP,294420,48,0.1243,9183,20,9,23588,102,3,Ubon Ratchathani,
A105174,2022-07-17,CC,31913,0,0.2043,0,53,2,34325,35,9,Bangkok,
A105175,2025-09-23,PL,173182,48,0.1718,6087,51,1,39344,65,20,Bangkok,N
A105176,2023-04-10,HP,619588,36,0.2246,28807,36,1,22027,132,4,Rayong,
A105177,2022-03-04,CC,42538,0,0.1511,0,56,1,19195,51,999,Bangkok,
A105178,2024-03-02,PL,108571,24,0.1237,5642,20,2,30014,64,21,Chonburi,
A105179,2022-11-26,PL,121552,48,0.1356,3905,29,1,21185,63,9,Rayong,
A105180,2023-08-15,HP,318042,36,0.1092,11728,27,2,,58,7,Chiang Mai,
A105181,2022-06-01,CC,76403,0,0.2734,0,49,3,14422,15,20,Khon Kaen,
A105182,2024-11-06,HP,382755,36,0.1022,13891,30,1,32722,47,8,Udon Thani,Y
A105183,2022-05-28,CC,56590,0,0.0,0,33,3,13126,63,2,Rayong,
A105184,2023-10-14,HP,218438,48,0.0986,6345,39,1,9000,147,7,Ubon Ratchathani,
A105185,2025-01-03,CC,148293,0,0.2734,0,41,3,43657,10,12,Bangkok,N
A105186,2023-06-07,CC,65448,0,0.1931,0,59,1,36358,77,999,Rayong,
A105187,2022-10-28,PL,59591,36,0.1199,2250,47,2,38827,83,6,Songkhla,
A105188,2023-12-29,CC,51559,0,0.2105,0,41,1,,62,0,Nakhon Ratchasima,
A105189,2025-11-02,PL,124702,24,0.1127,6367,20,1,31297,46,5,Ubon Ratchathani,Y
A105190,2025-01-19,PL,72997,12,0.1214,6821,30,1,23141,153,16,Rayong,N
A105191,2023-12-21,CC,64031,0,0.151,0,65,2,45349,54,17,Nakhon Ratchasima,
A105192,2024-08-13,HP,482044,48,0.1716,16935,41,9,,28,23,Ubon Ratchathani,N
A105193,2023-09-11,PL,341652,48,0.1214,10574,32,1,25300,83,8,Songkhla,
A105194,2025-08-16,HP,261757,72,0.228,8608,52,1,17232,96,19,Khon Kaen,Y
A105195,2022-07-08,PL,154910,12,0.1341,14640,29,2,,23,15,Rayong,
A105196,2022-03-03,PL,126918,12,0.16,12268,42,3,22736,27,2,Songkhla,
A105197,2025-06-18,CC,52796,0,0.2737,0,27,2,50443,52,15,Nonthaburi,Y
A105198,2023-01-02,CC,78581,0,0.1663,0,25,2,21542,2,8,Rayong,
A105199,2024-02-26,HP,177654,72,0.1498,4685,27,1,31755,85,7,Songkhla,
A105200,2022-04-20,CC,49899,0,0.2201,0,39,1,11788,27,1,Rayong,
A105201,2024-07-28,CC,55437,0,0.1832,0,39,1,40726,94,8,Phuket,Y
A105202,2022-04-29,CC,43037,0,0.1928,0,48,1,21304,31,1,Khon Kaen,
A105203,2025-04-30,HP,354374,48,0.15,11812,22,1,25695,42,16,Nonthaburi,Y
A105204,2022-11-09,HP,145726,48,0.2779,6410,33,3,27742,5,8,Udon Thani,
A105205,2022-01-21,PL,190947,24,0.1471,10296,32,3,40778,92,999,Chonburi,
A105206,2025-12-01,PL,79481,12,0.1161,7392,34,2,34368,5,999,Nonthaburi,N
A105207,2025-08-13,HP,213534,60,0.2735,8425,38,3,18886,47,16,Ubon Ratchathani,N
A105208,2022-09-23,PL,168922,36,0.2135,7697,41,1,35456,63,10,Samut Prakan,
A105209,2025-07-21,HP,452104,36,0.2682,22662,54,3,,52,16,Ubon Ratchathani,Y
A105210,2025-01-11,PL,303197,24,0.2109,17961,42,1,13263,54,20,Phuket,Y
A105211,2023-02-14,HP,234249,72,0.2791,8701,20,1,13413,6,7,Ubon Ratchathani,
A105212,2022-01-24,PL,208140,24,0.2716,13383,21,1,24786,1,2,Rayong,
A105213,2022-04-10,CC,50036,0,0.1498,0,20,2,,90,1,Bangkok,
A105214,2024-03-21,PL,50239,24,0.1971,2918,40,1,23665,62,14,Phuket,
A105215,2022-09-16,PL,48836,12,0.1924,4852,20,1,41558,9,23,Rayong,
A105216,2024-07-14,PL,198434,48,0.226,7871,21,2,,30,16,Chonburi,Y
A105217,2024-04-10,HP,242149,72,0.1184,5752,38,3,21514,90,9,Bangkok,Y
A105218,2024-08-21,PL,207585,12,0.2115,20957,20,1,16578,31,9,Samut Prakan,N
A105219,2025-03-10,HP,305744,60,0.205,10318,20,3,21331,91,999,Samut Prakan,Y
A105220,2024-12-09,PL,207518,36,0.2729,10483,20,2,,32,8,Phuket,Y
A105221,2025-10-27,PL,234548,36,0.1684,9806,46,1,31329,83,6,Nakhon Ratchasima,Y
A105222,2022-11-02,CC,20286,0,0.2308,0,20,1,47093,54,15,Nakhon Ratchasima,
A105223,2024-04-04,PL,156936,24,0.2458,9753,24,3,,13,1,Udon Thani,Y
A105224,2022-06-06,CC,63756,0,0.1379,0,58,3,28688,29,9,Bangkok,
A105225,2025-09-29,HP,293088,60,0.1859,9425,49,1,30066,102,15,Nakhon Ratchasima,Y
A105226,2023-06-03,HP,331317,48,0.1355,10643,33,2,,8,2,Khon Kaen,
A105227,2023-10-22,PL,108837,48,0.1166,3324,55,1,49692,19,999,Chiang Mai,
A105228,2023-09-19,PL,86417,12,0.1545,8314,25,9,28536,26,18,Chonburi,
A105229,2023-06-09,PL,147176,48,0.139,4770,30,1,11847,107,999,Songkhla,
A105230,2024-11-17,PL,124650,12,0.2443,12925,34,2,35872,26,5,Nonthaburi,Y
A105231,2025-07-06,PL,156451,36,0.2167,7171,30,1,33112,29,4,Nakhon Ratchasima,N
A105232,2024-12-09,PL,56021,12,0.149,5364,35,1,29853,66,10,Phuket,N
A105233,2023-04-02,PL,68174,24,0.1971,3960,41,1,19825,19,0,Nakhon Ratchasima,
A105234,2024-03-07,HP,451741,48,0.1181,13857,59,1,53388,76,11,Nakhon Ratchasima,
A105235,2025-11-04,CC,121686,0,0.2723,0,32,1,23891,54,14,Samut Prakan,Y
A105236,2023-07-21,HP,431055,48,0.1146,13096,46,2,,84,0,Chiang Mai,
A105237,2023-02-27,HP,539326,36,0.1641,22356,45,1,19445,80,11,Khon Kaen,
A105238,2022-03-15,HP,487550,48,0.2187,19042,48,2,,89,5,Chiang Mai,
A105239,2022-12-15,PL,92053,12,0.1435,8771,32,1,31410,51,2,Udon Thani,
A105240,2024-11-10,HP,329801,48,0.2498,13736,35,1,32948,152,17,Khon Kaen,Y
A105241,2025-04-20,HP,116513,72,0.16,3171,20,2,51222,83,19,Ubon Ratchathani,Y
A105242,2022-01-20,HP,343451,60,0.2434,12690,40,1,36918,129,22,Khon Kaen,
A105243,2022-10-05,HP,241301,36,0.2716,12164,31,2,31080,83,10,Ubon Ratchathani,
A105244,2022-05-21,CC,68355,0,0.2329,0,45,1,26380,44,16,Songkhla,
A105245,2022-07-06,HP,232865,36,0.18,9961,41,1,40017,35,4,Rayong,
A105246,2022-10-01,PL,190784,12,0.2704,20197,26,1,30611,25,13,Rayong,
A105247,2022-01-30,CC,33699,0,0.2309,0,22,1,25268,59,18,Songkhla,
A105248,2023-10-10,PL,129602,12,0.2102,13070,20,1,28993,37,0,Rayong,
A105249,2023-02-04,PL,118871,24,0.1339,6279,43,2,,88,4,Khon Kaen,
A105250,2022-02-14,PL,76034,36,0.1456,3034,20,2,55326,82,4,Bangkok,
A105251,2022-11-22,HP,268016,36,0.2474,12970,51,1,15360,40,5,Chiang Mai,
A105252,2024-09-26,PL,62037,12,0.1214,5797,48,3,26124,8,16,Songkhla,Y
A105253,2022-12-30,PL,236517,12,0.1587,22837,33,3,33175,19,12,Songkhla,
A105254,2024-01-01,PL,225941,24,0.1868,12931,26,3,33823,64,14,Chonburi,
A105255,2023-06-22,PL,151999,12,0.1187,14170,38,1,20091,123,10,Bangkok,
A105256,2025-11-12,CC,63148,0,0.1926,0,32,2,73366,121,10,Phuket,Y
A105257,2023-04-28,PL,55834,24,0.2252,3374,46,1,34752,96,7,Phuket,
A105258,2025-02-08,PL,158996,24,0.1682,8853,46,1,34533,91,11,Khon Kaen,Y
A105259,2025-02-03,HP,355413,36,0.1913,15538,33,3,14040,19,0,Chonburi,Y
A105260,2025-02-21,HP,366125,36,0.1533,14847,28,3,28852,49,8,Samut Prakan,Y
A105261,2023-03-17,PL,95120,36,0.214,4338,38,2,,44,14,Udon Thani,
A105262,2022-04-26,PL,42288,12,0.133,3992,63,1,15581,21,23,Bangkok,
A105263,2022-05-08,HP,631114,48,0.227,25086,31,2,,14,5,Nonthaburi,
A105264,2022-05-25,PL,109011,36,0.2053,4893,35,1,29701,26,5,Udon Thani,
A105265,2025-04-19,HP,536969,60,0.2571,20454,46,1,47994,57,14,Ubon Ratchathani,Y
A105266,2022-04-26,HP,291669,36,0.1807,12493,38,1,27123,92,999,Chiang Mai,
A105267,2022-10-12,HP,271603,60,0.1843,8698,38,1,43420,42,14,Songkhla,
A105268,2023-07-23,HP,129194,72,0.1403,3304,29,1,28093,41,7,Ubon Ratchathani,
A105269,2024-03-25,PL,201664,24,0.1266,10530,38,3,,10,2,Khon Kaen,
A105270,2024-02-07,PL,152535,24,0.129,7995,55,3,14179,23,10,Phuket,
A105271,2025-07-06,PL,72159,48,0.2169,2807,47,2,,74,11,Chonburi,Y
A105272,2022-01-15,HP,342053,72,0.2103,10745,48,1,42465,73,0,Udon Thani,
A105273,2024-10-15,PL,352446,12,0.1167,32798,40,1,49440,43,12,Khon Kaen,Y
A105274,2024-10-17,HP,179592,36,0.1125,6672,30,2,82598,92,6,Ubon Ratchathani,Y
A105275,2023-07-02,PL,71707,24,0.1503,3885,32,3,63146,92,7,Samut Prakan,
A105276,2025-08-16,HP,420645,36,0.1219,15957,29,2,22775,86,9,Chonburi,N
A105277,2024-12-23,HP,276847,48,0.2519,11579,35,2,46963,70,27,Rayong,N
A105278,2025-01-20,PL,89464,12,0.1197,8347,22,1,,55,11,Chonburi,Y
A105279,2025-07-23,HP,111911,36,0.2709,5635,22,2,,58,9,Rayong,Y
A105280,2025-11-16,HP,328649,72,0.1927,9842,20,3,17144,51,12,Samut Prakan,N
A105281,2025-07-15,CC,73779,0,0.1625,0,47,2,30520,112,2,Chiang Mai,Y
A105282,2023-05-19,HP,174185,72,0.0977,3837,43,1,,26,5,Udon Thani,
A105283,2022-06-07,PL,133516,12,0.2086,13447,45,1,,51,2,Samut Prakan,
A105284,2024-06-28,PL,162839,24,0.2464,10128,44,2,18943,95,999,Chonburi,Y
A105285,2025-09-24,CC,30228,0,0.2725,0,29,1,,40,20,Songkhla,Y
A105286,2022-11-26,HP,152980,36,0.1644,6345,50,1,18940,82,8,Chiang Mai,
A105287,2022-02-15,CC,54985,0,0.1514,0,36,1,72836,120,16,Nakhon Ratchasima,
A105288,2024-07-30,HP,134327,60,0.1946,4417,20,3,58008,16,10,Chiang Mai,Y
A105289,2023-09-05,HP,377281,36,0.1081,13878,42,1,39422,106,3,Ubon Ratchathani,
A105290,2023-07-29,PL,121292,12,0.2064,12193,20,1,25506,46,14,Phuket,
A105291,2022-01-22,CC,43048,0,0.0,0,23,1,35291,80,10,Phuket,
A105292,2025-06-22,HP,555499,36,0.248,26910,33,1,51044,58,1,Phuket,Y
A105293,2022-10-27,HP,332441,72,0.178,9548,38,3,56949,30,999,Khon Kaen,
A105294,2023-01-17,CC,17557,0,0.2741,0,34,1,36162,30,12,Rayong,
A105295,2025-04-05,PL,110056,12,0.134,10400,31,3,28095,61,8,Samut Prakan,N
A105296,2022-05-13,CC,67978,0,0.2671,0,21,1,52956,27,22,Chonburi,
A105297,2024-08-31,HP,349446,72,0.113,8144,71,1,35406,15,15,Songkhla,Y
A105298,2022-04-17,PL,89717,24,0.0901,4411,44,1,56740,52,5,Chiang Mai,
A105299,2022-12-01,HP,277335,48,0.0966,8010,45,2,,120,12,Samut Prakan,
A105300,2022-01-24,PL,57296,48,0.2002,2149,20,9,,2,15,Songkhla,
A105301,2024-08-17,PL,71308,24,0.0949,3535,47,1,,104,3,Nonthaburi,Y
A105302,2023-10-08,PL,150585,48,0.1034,4434,28,3,21654,4,13,Samut Prakan,
A105303,2023-10-02,PL,94423,24,0.2013,5518,36,2,35925,84,8,Udon Thani,
A105304,2022-04-13,HP,1110973,48,0.1264,34847,32,1,13194,2,4,Nonthaburi,
A105305,2023-12-30,CC,43093,0,0.2502,0,28,3,19745,55,3,Nonthaburi,
A105306,2024-07-27,CC,96985,0,0.1669,0,36,2,29656,79,9,Chiang Mai,Y
A105307,2022-03-26,PL,79600,12,0.1537,7652,20,3,28600,99,11,Chonburi,
A105308,2025-04-02,PL,65351,24,0.1003,3269,31,1,19155,71,13,Bangkok,N
A105309,2024-08-28,CC,17435,0,0.1138,0,26,1,28575,10,12,Nonthaburi,Y
A105310,2025-08-06,PL,133105,24,0.2036,7804,53,2,,87,7,Nakhon Ratchasima,N
A105311,2024-05-25,HP,133515,36,0.1098,4930,44,1,37195,18,8,Chiang Mai,N
A105312,2025-05-30,PL,52327,12,0.112,4848,42,9,,42,1,Rayong,Y
A105313,2024-02-26,HP,310647,72,0.2646,11164,44,3,37779,40,18,Songkhla,
A105314,2022-11-06,CC,25411,0,0.1019,0,43,1,62160,87,22,Phuket,
A105315,2024-07-31,PL,73075,48,0.1514,2444,45,1,20925,18,2,Rayong,Y
A105316,2025-08-25,PL,173840,24,0.1896,9990,46,1,42485,35,24,Chonburi,N
A105317,2023-06-22,CC,27467,0,0.2235,0,32,3,17713,85,3,Udon Thani,
A105318,2023-07-03,CC,19843,0,0.266,0,28,2,,62,23,Chiang Mai,
A105319,2024-06-26,PL,103011,24,0.15,5579,31,1,63458,0,6,Samut Prakan,Y
A105320,2023-09-08,HP,389786,72,0.1697,10925,44,1,19663,30,999,Nakhon Ratchasima,
A105321,2025-09-06,HP,811388,60,0.2147,28040,46,1,18900,127,8,Nonthaburi,N
A105322,2024-02-19,HP,149972,72,0.1173,3548,40,1,23064,48,10,Nonthaburi,
A105323,2025-04-15,HP,247134,48,0.2744,10799,31,2,,4,4,Samut Prakan,Y
A105324,2024-04-08,PL,142681,48,0.1923,5258,49,1,18885,14,0,Phuket,N
A105325,2022-07-24,HP,436849,72,0.1813,12667,42,2,21791,85,999,Samut Prakan,
A105326,2025-03-24,HP,259372,36,0.1248,9902,42,3,24351,69,10,Khon Kaen,N
A105327,2023-01-12,HP,181628,60,0.197,6008,29,1,23921,104,0,Udon Thani,
A105328,2022-11-19,PL,109649,48,0.1517,3670,26,2,53480,63,22,Khon Kaen,
A105329,2024-05-01,PL,96954,48,0.2511,4048,51,3,9000,49,999,Chonburi,Y
A105330,2025-03-23,HP,600055,60,0.1368,16841,51,1,,3,1,Khon Kaen,N
A105331,2023-04-22,CC,34235,0,0.1231,0,49,1,35462,78,10,Ubon Ratchathani,
A105332,2024-09-18,HP,272472,60,0.2179,9488,21,2,,122,8,Chiang Mai,N
A105333,2024-12-31,PL,35919,12,0.2564,3760,37,1,23038,20,8,Phuket,Y
A105334,2023-04-29,PL,161643,12,0.2572,16934,20,1,,79,29,Nakhon Ratchasima,
A105335,2025-06-03,PL,105189,48,0.1928,3881,20,3,40517,75,8,Samut Prakan,Y
A105336,2023-01-22,HP,156946,72,0.2274,5153,45,1,18085,82,21,Rayong,
A105337,2023-03-17,CC,137366,0,0.2637,0,44,1,35245,68,999,Khon Kaen,
A105338,2022-04-14,PL,96057,24,0.238,5907,38,1,26762,144,11,Songkhla,
A105339,2023-05-21,HP,175628,48,0.1581,5972,27,1,14487,51,6,Khon Kaen,
A105340,2023-02-18,CC,103533,0,0.2431,0,26,1,103899,26,12,Nakhon Ratchasima,
A105341,2023-06-30,HP,230119,60,0.1772,7233,37,3,11826,70,999,Chiang Mai,
A105342,2025-07-25,HP,491252,36,0.2488,23831,36,2,23882,25,11,Rayong,Y
A105343,2024-04-16,PL,129354,48,0.256,5454,42,1,48295,69,0,Nonthaburi,Y
A105344,2024-07-26,HP,562718,36,0.1726,23724,39,1,33512,57,18,Samut Prakan,Y
A105345,2022-01-17,CC,106048,0,0.219,0,52,1,27666,34,4,Chiang Mai,
A105346,2022-04-28,PL,212616,12,0.1514,20400,41,3,28331,112,1,Samut Prakan,
A105347,2022-12-13,HP,240306,36,0.193,10540,46,3,17354,27,1,Rayong,
A105348,2024-08-01,PL,42823,36,0.1638,1774,42,1,46909,106,6,Samut Prakan,Y
A105349,2025-05-09,PL,246707,24,0.1075,12489,42,2,,19,18,Nakhon Ratchasima,Y
A105350,2024-02-21,HP,197266,48,0.2757,8641,40,2,59517,82,1,Rayong,
A105351,2024-04-17,HP,921424,60,0.1132,24049,45,1,15664,0,15,Nonthaburi,Y
A105352,2022-01-08,PL,66111,12,0.1236,6190,23,1,13077,56,17,Samut Prakan,
A105353,2024-11-12,PL,188027,36,0.1104,6952,39,3,38995,45,14,Songkhla,Y
A105354,2025-08-10,PL,104902,36,0.1413,4149,34,3,,61,19,Nakhon Ratchasima,Y
A105355,2024-07-10,PL,162741,24,0.1921,9386,34,1,14306,8,999,Udon Thani,Y
A105356,2025-04-09,CC,59752,0,0.1177,0,48,3,26201,92,4,Nakhon Ratchasima,Y
A105357,2023-06-19,HP,377519,72,0.1277,9260,52,9,28996,36,3,Udon Thani,
A105358,2022-03-01,HP,375569,48,0.2035,14193,28,2,69529,17,16,Chiang Mai,
A105359,2022-10-05,HP,468493,60,0.2393,17150,20,2,,52,1,Chonburi,
A105360,2023-12-23,PL,31414,12,0.1381,2979,25,1,,27,2,Nakhon Ratchasima,
A105361,2025-01-07,PL,158470,36,0.1715,6666,20,9,28100,31,999,Chonburi,Y
A105362,2025-10-04,PL,263841,12,0.2208,26841,46,1,48754,70,22,Ubon Ratchathani,N
A105363,2022-01-28,CC,21533,0,0.1221,0,38,3,51316,29,12,Bangkok,
A105364,2024-12-15,PL,277305,12,0.1403,26350,21,3,17909,3,13,Bangkok,N
A105365,2022-12-11,HP,423616,60,0.2109,14505,32,1,44068,10,1,Khon Kaen,
A105366,2024-07-05,HP,335261,36,0.0964,12006,40,1,21846,33,14,Khon Kaen,Y
A105367,2023-05-08,PL,90145,48,0.2147,3490,43,1,,83,0,Songkhla,
A105368,2025-11-24,HP,207074,60,0.2637,8001,51,1,24862,31,1,Chonburi,Y
A105369,2024-02-26,HP,414478,48,0.1135,12555,62,3,35862,115,2,Nonthaburi,
A105370,2023-10-11,PL,84098,48,0.2424,3450,24,2,,31,13,Chonburi,
A105371,2024-08-18,HP,363295,60,0.2289,12984,31,1,39113,93,999,Songkhla,N
A105372,2022-01-04,HP,521814,72,0.1863,15348,42,2,88395,29,9,Nonthaburi,
A105373,2023-09-11,PL,186136,48,0.214,7197,53,1,34790,164,11,Rayong,
A105374,2023-08-15,HP,385672,60,0.1901,12537,26,2,,46,0,Chiang Mai,
A105375,2022-08-18,PL,104593,12,0.1731,10224,23,1,28623,42,14,Chonburi,
A105376,2025-02-05,HP,174614,72,0.22,5626,52,2,,2,999,Samut Prakan,Y
A105377,2023-07-20,PL,241279,48,0.1652,8348,31,1,10477,64,16,Udon Thani,
A105378,2025-03-14,PL,171586,48,0.176,6091,39,1,29663,38,7,Samut Prakan,N
A105379,2025-08-11,HP,354323,72,0.1453,9211,35,1,46471,63,10,Nakhon Ratchasima,Y
A105380,2023-05-07,HP,319623,36,0.1191,12050,64,1,40204,35,9,Rayong,
A105381,2023-11-15,PL,95623,48,0.2433,3930,26,1,43401,2,0,Chonburi,
A105382,2025-07-09,HP,752928,60,0.1083,19343,24,1,24819,34,999,Udon Thani,N
A105383,2023-05-05,PL,78844,24,0.1076,3992,39,1,32736,84,20,Khon Kaen,
A105384,2024-09-18,PL,40724,24,0.1887,2337,50,2,34681,2,2,Songkhla,Y
A105385,2024-09-13,HP,238886,48,0.1019,7005,32,3,30122,122,16,Udon Thani,N
A105386,2025-07-23,PL,105638,24,0.149,5713,43,1,25248,34,2,Samut Prakan,N
A105387,2025-07-23,HP,391490,60,0.2004,13062,34,1,18260,34,2,Khon Kaen,Y
A105388,2024-12-04,PL,129065,24,0.1342,6821,45,2,,94,0,Phuket,Y
A105389,2025-04-06,PL,93200,12,0.2542,9740,36,1,27586,55,13,Udon Thani,Y
A105390,2024-05-19,PL,83416,48,0.1164,2546,41,1,,56,1,Nonthaburi,Y
A105391,2022-01-27,PL,67137,36,0.096,2402,55,2,,2,8,Songkhla,
A105392,2025-05-29,PL,154758,24,0.2149,9219,20,1,19709,123,20,Udon Thani,Y
A105393,2022-12-04,PL,320020,36,0.1081,11772,21,3,33662,114,999,Khon Kaen,
A105394,2024-01-10,CC,39110,0,0.2034,0,37,1,90310,43,4,Chiang Mai,
A105395,2022-01-05,PL,182740,36,0.2296,8572,33,1,,30,14,Songkhla,
A105396,2022-03-14,HP,106639,48,0.2177,4156,32,2,,32,3,Nakhon Ratchasima,
A105397,2022-09-23,PL,153487,36,0.212,6975,53,1,49135,123,13,Khon Kaen,
A105398,2022-04-02,HP,302560,48,0.2054,11482,26,1,13008,50,14,Ubon Ratchathani,
A105399,2024-07-29,PL,110547,24,0.1616,6094,32,2,,75,999,Rayong,N
A105400,2023-01-03,PL,79967,48,0.2372,3246,28,1,27934,54,4,Chiang Mai,
A105401,2024-04-26,PL,84176,36,0.184,3628,25,9,,136,999,Chiang Mai,Y
A105402,2025-04-11,PL,99679,24,0.2576,6293,38,1,31578,154,0,Phuket,Y
A105403,2025-05-25,HP,204106,36,0.2099,9239,46,1,,67,12,Nakhon Ratchasima,Y
A105404,2025-03-20,PL,86634,48,0.2235,3418,36,3,54233,105,27,Chiang Mai,N
A105405,2023-10-21,PL,109066,12,0.2268,11150,32,1,57293,116,12,Chiang Mai,
A105406,2022-07-16,CC,60987,0,0.113,0,31,3,,103,4,Ubon Ratchathani,
A105407,2025-04-01,PL,87843,12,0.2602,9224,51,1,65123,28,13,Chiang Mai,Y
A105408,2025-07-07,HP,1273136,48,0.2058,48357,21,1,20627,64,3,Nakhon Ratchasima,Y
A105409,2025-06-20,CC,36177,0,0.1617,0,44,1,42671,52,19,Songkhla,Y
A105410,2023-11-15,PL,52855,48,0.1511,1766,37,1,49616,2,9,Chiang Mai,
A105411,2024-10-17,HP,173271,36,0.2297,8129,46,1,33462,93,7,Nonthaburi,Y
A105412,2022-09-18,PL,69073,12,0.2729,7326,51,2,,72,16,Samut Prakan,
A105413,2025-05-29,PL,91043,36,0.1494,3662,33,3,27934,91,7,Ubon Ratchathani,Y
A105414,2024-11-27,PL,115892,48,0.2116,4457,21,2,57108,121,11,Nonthaburi,Y
A105415,2022-01-29,HP,236824,60,0.2731,9336,26,1,66318,5,15,Rayong,
A105416,2024-09-04,CC,48512,0,0.135,0,35,1,10654,192,0,Nonthaburi,Y
A105417,2025-05-13,PL,61431,36,0.2207,2836,41,2,34372,47,8,Samut Prakan,Y
A105418,2024-06-12,PL,76116,24,0.1542,4149,24,2,27682,109,2,Rayong,Y
A105419,2023-10-10,PL,211177,48,0.149,7021,40,2,22928,3,999,Ubon Ratchathani,
A105420,2024-03-25,PL,59846,24,0.1789,3385,39,1,25707,51,4,Chonburi,
A105421,2022-12-24,PL,144581,48,0.1168,4419,31,1,33431,38,7,Ubon Ratchathani,
A105422,2025-12-04,PL,123670,48,0.2385,5034,34,9,,55,8,Nonthaburi,Y
A105423,2023-07-11,PL,75152,12,0.2191,7634,41,1,43663,57,2,Nakhon Ratchasima,
A105424,2023-03-12,CC,59338,0,0.1211,0,28,3,,71,4,Nonthaburi,
A105425,2023-03-22,PL,93455,36,0.1319,3623,38,2,26649,111,999,Nakhon Ratchasima,
A105426,2024-01-24,PL,149155,24,0.2323,9102,42,2,,41,23,Phuket,
A105427,2023-02-12,PL,415238,48,0.2645,17803,23,3,12587,10,11,Bangkok,
A105428,2024-01-11,PL,84393,36,0.1034,3071,43,1,17714,72,12,Samut Prakan,
A105429,2024-04-18,HP,468687,36,0.2031,20951,51,1,26165,58,31,Rayong,Y
A105430,2025-12-02,PL,87288,24,0.2072,5144,47,2,21348,30,4,Udon Thani,N
A105431,2024-07-05,PL,118654,48,0.0905,3366,28,3,23590,97,10,Khon Kaen,Y
A105432,2023-08-11,PL,45903,12,0.1857,4535,32,3,26256,67,16,Udon Thani,
A105433,2024-06-12,CC,36193,0,0.2381,0,43,1,21829,48,7,Chiang Mai,Y
A105434,2022-07-19,HP,229253,72,0.1703,6437,54,1,21230,101,0,Khon Kaen,
A105435,2024-10-31,HP,315974,72,0.1476,8275,38,1,33568,119,9,Samut Prakan,N
A105436,2022-09-03,CC,53361,0,0.2275,0,35,3,9000,47,10,Ubon Ratchathani,
A105437,2022-02-16,PL,183726,12,0.1237,17204,50,1,9000,71,14,Bangkok,
A105438,2024-04-02,HP,540879,48,0.2734,23591,41,3,39338,48,2,Chonburi,Y
A105439,2025-09-30,PL,133477,24,0.2658,8518,47,3,40655,72,11,Nonthaburi,Y
A105440,2023-08-31,HP,186114,36,0.2726,9397,27,2,34237,66,7,Khon Kaen,
A105441,2025-11-16,PL,90447,12,0.1754,8859,38,1,15039,72,999,Chonburi,Y
A105442,2023-03-24,PL,94437,12,0.2197,9598,40,1,,66,8,Samut Prakan,
A105443,2024-03-15,PL,185058,48,0.135,5937,45,1,,19,999,Khon Kaen,
A105444,2025-12-27,CC,36047,0,0.1648,0,38,1,13987,22,0,Samut Prakan,Y
A105445,2022-09-22,PL,48014,48,0.2398,1959,26,1,,39,8,Chiang Mai,
A105446,2023-06-02,PL,72038,24,0.268,4610,43,1,21166,51,10,Ubon Ratchathani,
A105447,2024-04-24,CC,20985,0,0.1688,0,57,2,18540,69,10,Nakhon Ratchasima,Y
A105448,2022-01-02,HP,207368,60,0.1754,6487,45,2,,11,999,Chonburi,
A105449,2024-06-15,HP,274928,36,0.0915,9733,20,3,50461,44,12,Nonthaburi,Y
A105450,2023-11-16,HP,285565,72,0.1419,7342,37,1,34391,64,10,Samut Prakan,
A105451,2023-07-28,PL,492110,36,0.1044,17951,23,3,9311,69,2,Samut Prakan,
A105452,2024-03-17,HP,445397,48,0.26,18929,20,2,,95,7,Songkhla,
A105453,2022-08-16,HP,144643,36,0.0967,5183,43,1,,61,13,Chiang Mai,
A105454,2023-10-31,CC,11186,0,0.1577,0,40,1,39222,113,2,Udon Thani,
A105455,2023-08-23,PL,181371,36,0.1654,7537,48,1,,14,10,Nonthaburi,
A105456,2025-08-04,PL,423667,48,0.1782,15117,40,2,,160,3,Ubon Ratchathani,N
A105457,2025-08-31,PL,87618,36,0.1582,3588,37,2,,95,12,Udon Thani,N
A105458,2023-03-09,HP,687811,36,0.1348,26832,35,2,,63,24,Bangkok,
A105459,2022-06-10,PL,102762,36,0.2772,5228,30,9,,42,11,Chiang Mai,
A105460,2025-08-06,PL,185042,24,0.2275,11218,30,3,29921,90,16,Bangkok,Y
A105461,2024-05-01,CC,76789,0,0.2375,0,28,2,,186,999,Nakhon Ratchasima,Y
A105462,2025-04-02,HP,319101,48,0.2563,13463,33,2,39621,89,999,Bangkok,Y
A105463,2023-08-15,HP,223466,48,0.1579,7595,34,2,,4,4,Chonburi,
A105464,2025-09-15,PL,137944,24,0.1412,7370,27,1,16529,39,5,Nakhon Ratchasima,Y
A105465,2023-07-28,PL,148208,48,0.1179,4543,33,3,28821,24,6,Chonburi,
A105466,2023-02-12,PL,177683,24,0.1853,10147,38,1,33084,29,6,Udon Thani,
A105467,2025-05-23,HP,238154,60,0.1773,7487,25,2,,56,999,Songkhla,N
A105468,2024-01-09,PL,194485,24,0.277,12592,28,1,,80,10,Bangkok,
A105469,2022-05-11,HP,227659,36,0.2006,10129,39,2,24515,97,15,Ubon Ratchathani,
A105470,2023-05-23,HP,254011,48,0.2583,10759,57,1,57490,108,22,Udon Thani,
A105471,2024-12-27,CC,23281,0,0.2494,0,51,2,,134,999,Chonburi,Y
A105472,2024-05-05,PL,126358,48,0.1973,4709,50,2,,55,5,Phuket,Y
A105473,2023-09-13,PL,27302,48,0.1287,861,44,1,25568,98,9,Songkhla,
A105474,2023-11-23,CC,15153,0,0.26,0,24,2,,10,10,Chiang Mai,
A105475,2025-10-01,HP,238116,48,0.2481,9883,42,3,33326,80,0,Chiang Mai,Y
A105476,2025-01-27,PL,208741,36,0.0913,7386,37,2,,49,6,Udon Thani,N
A105477,2023-08-17,PL,383452,12,0.2472,39853,28,2,50772,3,999,Phuket,
A105478,2023-02-27,HP,137373,48,0.2038,5194,45,1,19697,11,15,Samut Prakan,
A105479,2025-10-30,PL,131906,36,0.2043,5909,44,1,45778,43,5,Songkhla,Y
A105480,2024-10-07,HP,209453,72,0.2132,6630,44,3,,69,12,Rayong,Y
A105481,2023-01-21,PL,250943,48,0.1893,9186,48,1,33127,108,12,Phuket,
A105482,2023-01-26,PL,190015,48,0.1232,5909,20,1,35024,129,9,Nonthaburi,
A105483,2023-11-29,HP,304189,36,0.272,15344,37,2,,26,15,Chonburi,
A105484,2022-06-03,HP,202743,60,0.2439,7499,45,9,,45,11,Nonthaburi,
A105485,2023-08-10,PL,182317,24,0.1014,9137,20,2,,83,0,Ubon Ratchathani,
A105486,2025-07-21,CC,62346,0,0.2574,0,28,2,44947,11,14,Khon Kaen,Y
A105487,2023-06-10,PL,113539,48,0.215,4399,35,1,25396,176,6,Phuket,
A105488,2023-04-19,PL,137479,24,0.2379,8453,41,1,24389,43,0,Chonburi,
A105489,2025-05-26,CC,79901,0,0.1516,0,38,2,50391,20,3,Songkhla,N
A105490,2025-05-08,PL,74259,24,0.2618,4714,50,1,36659,94,3,Phuket,N
A105491,2025-07-28,HP,107443,48,0.1241,3349,46,2,,55,23,Rayong,Y
A105492,2025-11-21,CC,35943,0,0.0,0,31,1,,34,8,Ubon Ratchathani,Y
A105493,2023-11-08,HP,470041,60,0.1724,14586,52,2,43109,88,999,Ubon Ratchathani,
A105494,2023-11-03,HP,371070,72,0.108,8493,20,2,,96,18,Songkhla,
A105495,2022-03-29,PL,137909,12,0.2322,14160,37,1,22306,22,14,Khon Kaen,
A105496,2022-07-27,CC,39226,0,0.2216,0,34,1,17983,78,6,Rayong,
A105497,2024-04-15,CC,75284,0,0.1917,0,34,1,13187,26,3,Khon Kaen,Y
A105498,2023-07-08,CC,65882,0,0.0918,0,20,1,21221,70,0,Nakhon Ratchasima,
A105499,2024-09-08,PL,103767,24,0.1136,5305,21,9,,76,17,Phuket,Y
A105500,2025-10-10,PL,86322,48,0.1592,2943,37,1,37143,24,999,Ubon Ratchathani,Y
A105501,2024-02-28,CC,70538,0,0.2568,0,49,1,25563,48,13,Rayong,
A105502,2023-03-13,PL,131790,48,0.1444,4331,43,1,19798,10,1,Chiang Mai,
A105503,2025-05-20,PL,103682,48,0.1757,3678,29,1,17670,25,16,Nonthaburi,Y
A105504,2024-12-06,HP,305619,60,0.1198,8144,46,3,14921,32,9,Ubon Ratchathani,Y
A105505,2025-07-18,HP,416122,60,0.1341,11585,39,1,17554,52,15,Bangkok,N
A105506,2024-08-19,CC,21273,0,0.2652,0,20,1,35619,69,15,Nakhon Ratchasima,Y
A105507,2022-03-25,HP,809666,48,0.2633,34633,41,3,59626,60,10,Rayong,
A105508,2022-11-18,CC,89821,0,0.1645,0,42,1,29497,5,999,Chonburi,
A105509,2022-09-03,HP,404365,36,0.1117,14996,30,1,40730,24,0,Phuket,
A105510,2025-05-01,PL,121620,48,0.2213,4776,20,1,21313,21,999,Udon Thani,N
A105511,2025-10-01,HP,726615,36,0.2083,32796,55,3,30782,47,5,Nonthaburi,Y
A105512,2023-11-20,PL,86913,48,0.1497,2894,34,2,,40,13,Udon Thani,
A105513,2024-02-15,HP,624014,48,0.1635,21502,36,3,,22,6,Chiang Mai,
A105514,2025-01-02,PL,253871,24,0.1704,14182,39,1,21818,145,17,Chonburi,Y
A105515,2023-12-17,HP,238771,60,0.1639,7240,30,1,57485,38,8,Songkhla,
A105516,2025-10-29,HP,87536,36,0.24,4182,40,1,17487,22,11,Ubon Ratchathani,Y
A105517,2023-12-02,HP,327862,48,0.2368,13300,51,3,15054,97,6,Nakhon Ratchasima,
A105518,2022-09-09,HP,362619,36,0.2401,17328,28,1,22702,52,17,Udon Thani,
A105519,2025-11-12,CC,85066,0,0.112,0,54,9,31541,35,22,Songkhla,Y
A105520,2022-09-20,HP,307542,48,0.1351,9869,20,1,,79,5,Phuket,
A105521,2023-02-12,HP,333856,60,0.183,10655,28,2,,28,999,Songkhla,
A105522,2022-11-28,PL,137400,12,0.1078,12684,29,1,35729,45,999,Songkhla,
A105523,2023-09-12,PL,118100,12,0.1075,10899,37,3,33661,11,999,Ubon Ratchathani,
A105524,2024-02-04,PL,106155,12,0.2439,11003,39,2,25650,79,3,Khon Kaen,
A105525,2025-03-25,HP,917918,60,0.2449,34031,49,1,19016,41,10,Chonburi,Y
A105526,2022-05-27,CC,63658,0,0.1587,0,38,1,,13,3,Chonburi,
A105527,2024-08-13,HP,330509,60,0.1732,10278,35,3,35000,80,10,Nonthaburi,Y
A105528,2022-02-13,CC,64870,0,0.2346,0,20,1,,65,3,Chiang Mai,
A105529,2022-02-16,PL,131852,48,0.2674,5685,46,1,27563,86,8,Udon Thani,
A105530,2023-05-02,HP,285869,72,0.2419,9733,32,1,22010,7,999,Chonburi,
A105531,2022-04-15,CC,50124,0,0.2756,0,29,1,13304,69,9,Chiang Mai,
A105532,2023-05-08,PL,87113,24,0.2115,5165,20,1,26357,62,5,Nonthaburi,
A105533,2023-03-02,PL,128233,36,0.1654,5329,36,1,38227,85,11,Phuket,
A105534,2022-08-04,CC,46758,0,0.1651,0,33,1,12502,100,19,Chonburi,
A105535,2022-05-16,PL,237916,12,0.2563,24907,43,2,33728,62,5,Khon Kaen,
A105536,2025-02-20,PL,167398,36,0.1471,6701,37,1,28907,34,23,Nakhon Ratchasima,N
A105537,2022-11-07,PL,78491,12,0.1199,7325,52,3,31936,176,10,Ubon Ratchathani,
A105538,2025-07-24,PL,91937,12,0.2537,9605,49,1,50477,29,8,Nakhon Ratchasima,N
A105539,2023-04-06,HP,973720,36,0.1579,39860,41,3,20765,18,0,Nonthaburi,
A105540,2022-05-29,PL,94789,36,0.172,3991,42,3,16604,34,7,Ubon Ratchathani,
A105541,2025-04-12,CC,35991,0,0.1032,0,30,1,26867,20,7,Chonburi,Y
A105542,2023-09-25,HP,179979,72,0.2013,5518,30,2,35328,95,7,Ubon Ratchathani,
A105543,2024-04-25,PL,47986,24,0.2398,2958,39,1,24066,15,2,Phuket,N
A105544,2025-06-23,PL,129163,48,0.1467,4269,30,1,,11,2,Bangkok,Y
A105545,2022-01-05,PL,60550,12,0.1659,5882,53,1,37916,70,3,Khon Kaen,
A105546,2023-06-11,CC,38406,0,0.2232,0,20,3,20364,4,6,Phuket,
A105547,2024-09-30,PL,91236,24,0.2581,5763,25,1,61182,75,6,Nonthaburi,Y
A105548,2022-11-29,HP,168762,36,0.1389,6641,42,1,18235,61,12,Samut Prakan,
A105549,2023-07-30,HP,480489,60,0.2691,18783,51,9,54241,86,9,Samut Prakan,
A105550,2024-08-28,HP,310449,72,0.1495,8179,59,1,21638,23,3,Bangkok,Y
A105551,2025-06-07,PL,200550,36,0.1548,8157,35,2,41555,74,13,Nonthaburi,N
A105552,2022-12-07,HP,619051,48,0.109,18519,54,1,,22,9,Samut Prakan,
A105553,2023-11-12,HP,185567,60,0.2035,6239,49,1,53941,11,6,Ubon Ratchathani,
A105554,2023-12-05,PL,35872,48,0.1292,1133,72,1,31055,74,6,Samut Prakan,
A105555,2025-01-26,CC,66024,0,0.1462,0,21,1,12375,6,0,Bangkok,Y
A105556,2023-11-28,HP,320952,48,0.2077,12241,49,2,,1,10,Chiang Mai,
A105557,2024-12-28,HP,272628,48,0.2566,11509,35,1,18202,11,6,Songkhla,Y
A105558,2025-03-15,PL,133727,48,0.1489,4445,29,1,33773,150,31,Udon Thani,Y
A105559,2022-11-21,PL,230135,48,0.2174,8963,48,1,53039,76,37,Rayong,
A105560,2023-04-21,CC,79331,0,0.1393,0,24,1,10456,15,5,Khon Kaen,
A105561,2024-09-26,PL,90728,48,0.139,2941,44,1,21303,80,999,Udon Thani,Y
A105562,2022-08-28,CC,28089,0,0.2615,0,38,3,45649,160,11,Songkhla,
A105563,2023-06-20,HP,429164,48,0.2192,16780,30,1,36898,72,6,Phuket,
A105564,2022-02-26,CC,23841,0,0.2147,0,45,2,,4,16,Phuket,
A105565,2023-01-03,PL,114265,12,0.2579,11977,41,9,,84,16,Songkhla,
A105566,2022-09-15,CC,14363,0,0.1236,0,53,2,31418,97,6,Udon Thani,
A105567,2022-03-03,CC,17535,0,0.0963,0,63,3,25091,44,10,Samut Prakan,
A105568,2023-09-17,HP,209482,72,0.211,6592,34,1,47409,73,9,Phuket,
A105569,2023-04-03,HP,233639,48,0.2283,9312,41,2,36894,11,6,Udon Thani,
A105570,2023-11-20,CC,42592,0,0.2515,0,48,2,55852,78,1,Bangkok,
A105571,2025-05-08,PL,74674,24,0.1724,4184,45,3,13451,15,6,Nonthaburi,Y
A105572,2025-04-04,PL,149300,36,0.11,5515,25,1,13400,57,9,Phuket,N
A105573,2025-04-09,PL,204195,36,0.2313,9607,44,3,60813,30,25,Rayong,Y
A105574,2022-11-24,CC,105285,0,0.2164,0,34,1,16620,23,13,Songkhla,
A105575,2023-07-18,PL,215874,24,0.1856,12333,46,2,17702,33,4,Bangkok,
A105576,2024-09-12,PL,110998,12,0.1694,10816,36,3,121414,61,2,Bangkok,N
A105577,2022-10-08,CC,82417,0,0.18,0,26,3,79281,57,15,Rayong,
A105578,2024-02-11,PL,82500,12,0.0995,7559,52,3,38188,81,6,Samut Prakan,
A105579,2022-05-04,CC,26641,0,0.2647,0,49,3,19677,24,0,Bangkok,
A105580,2025-05-14,PL,80551,24,0.0986,4018,39,1,27604,5,999,Ubon Ratchathani,Y
A105581,2025-12-18,HP,403857,48,0.2493,16803,20,1,12692,5,7,Khon Kaen,N
A105582,2024-02-28,PL,48652,36,0.0932,1729,20,3,19705,91,999,Ubon Ratchathani,
A105583,2022-11-22,CC,14628,0,0.2176,0,25,1,14627,57,8,Songkhla,
A105584,2023-03-16,HP,273394,36,0.2441,13155,29,1,28168,39,15,Bangkok,
A105585,2022-02-19,HP,263698,60,0.1099,6810,21,1,18221,60,14,Nakhon Ratchasima,
A105586,2024-08-12,PL,238295,36,0.1849,10291,32,1,23326,116,6,Chiang Mai,N
A105587,2022-06-01,PL,108350,36,0.2374,5153,40,1,29833,24,22,Chonburi,
A105588,2023-11-28,PL,250288,36,0.2647,12473,37,2,88779,110,20,Ubon Ratchathani,
A105589,2024-12-26,PL,215760,36,0.2196,9941,38,1,14895,146,0,Chonburi,N
A105590,2025-12-01,PL,304786,24,0.146,16407,26,2,,17,10,Bangkok,Y
A105591,2024-05-09,HP,249026,60,0.0956,6134,41,2,,25,6,Chiang Mai,Y
A105592,2024-04-10,PL,77331,24,0.2136,4598,40,1,27295,14,0,Nonthaburi,Y
A105593,2023-02-17,PL,116354,48,0.1888,4254,46,1,15936,30,9,Bangkok,
A105594,2022-11-25,PL,138801,48,0.2016,5223,25,1,18461,58,16,Nonthaburi,
A105595,2022-03-02,CC,53852,0,0.0,0,48,2,32299,2,999,Nakhon Ratchasima,
A105596,2024-03-13,PL,149221,24,0.2642,9502,42,1,22579,11,20,Khon Kaen,
A105597,2025-01-18,PL,218965,48,0.2179,8537,38,1,21093,78,2,Nonthaburi,Y
A105598,2024-09-03,PL,222334,36,0.1626,9188,40,1,25548,133,19,Songkhla,Y
A105599,2023-08-13,PL,46585,36,0.12,1759,20,9,,107,13,Nonthaburi,
A105600,2025-11-03,CC,9172,0,0.1101,0,47,1,14589,71,7,Ubon Ratchathani,N
A105601,2022-02-13,HP,222365,60,0.0993,5546,49,2,88295,100,13,Chiang Mai,
A105602,2023-06-05,CC,24299,0,0.1728,0,23,2,18763,22,13,Samut Prakan,
A105603,2024-11-25,HP,463109,36,0.1757,19644,46,1,25946,25,25,Samut Prakan,Y
A105604,2022-12-25,HP,400837,36,0.2173,18392,38,1,32811,53,20,Chiang Mai,
A105605,2022-10-23,PL,125440,36,0.2325,5914,45,1,,125,0,Chiang Mai,
A105606,2023-09-25,HP,618362,60,0.125,16747,30,2,27214,14,19,Phuket,
A105607,2023-12-23,HP,252169,72,0.1394,6431,48,1,26750,85,7,Nakhon Ratchasima,
A105608,2024-01-22,PL,195774,48,0.2617,8348,30,1,26819,29,8,Phuket,
A105609,2023-05-12,PL,161070,24,0.1777,9096,37,1,28586,52,8,Nonthaburi,
A105610,2024-03-05,HP,1280695,36,0.1865,55478,43,9,,79,8,Songkhla,
A105611,2023-08-16,HP,224456,72,0.1433,5797,50,1,,80,21,Samut Prakan,
A105612,2025-10-13,HP,310528,48,0.1722,10925,33,1,,51,6,Udon Thani,Y
A105613,2022-02-05,PL,134353,36,0.1979,5947,55,2,,22,9,Nakhon Ratchasima,
A105614,2025-01-26,PL,99150,36,0.213,4514,56,1,21189,50,999,Samut Prakan,Y
A105615,2022-03-03,CC,16285,0,0.1853,0,54,1,49660,118,13,Nakhon Ratchasima,
A105616,2025-12-04,PL,222931,36,0.21,10093,34,2,,131,19,Songkhla,Y
A105617,2023-11-16,HP,408215,60,0.1484,11851,31,1,39781,84,26,Khon Kaen,
A105618,2023-11-19,HP,219290,48,0.0962,6326,34,1,29979,23,19,Khon Kaen,
A105619,2024-04-28,HP,171237,36,0.149,6882,20,3,48005,104,3,Songkhla,Y
A105620,2023-10-25,HP,222239,60,0.2593,8506,34,2,,19,6,Bangkok,
A105621,2022-11-20,PL,136942,48,0.1398,4448,20,2,28960,64,10,Udon Thani,
A105622,2022-05-01,HP,323114,72,0.2616,11531,39,1,43894,113,9,Samut Prakan,
A105623,2023-10-22,PL,236231,36,0.2257,11005,35,3,32443,134,7,Samut Prakan,
A105624,2024-01-21,PL,201642,12,0.196,20096,34,1,46370,42,13,Rayong,
A105625,2022-05-26,HP,208326,72,0.2721,7617,37,3,16617,16,6,Udon Thani,
A105626,2022-08-28,PL,215143,48,0.095,6185,35,2,,58,7,Ubon Ratchathani,
A105627,2023-10-29,HP,425096,36,0.1859,18393,29,3,28353,55,18,Ubon Ratchathani,
A105628,2025-10-26,HP,90987,72,0.1789,2620,44,2,41476,42,999,Songkhla,Y
A105629,2025-07-23,CC,29693,0,0.2401,0,20,9,14119,21,12,Phuket,N
A105630,2022-04-14,PL,111699,12,0.2097,11260,20,2,,24,999,Bangkok,
A105631,2024-04-09,PL,160621,48,0.2674,6925,51,1,24835,54,19,Phuket,Y
A105632,2025-05-14,PL,121408,48,0.2299,4855,62,2,50282,65,14,Nonthaburi,Y
A105633,2024-10-10,HP,295149,48,0.1985,11031,57,3,36356,125,16,Chiang Mai,Y
A105634,2022-07-19,PL,167216,24,0.0904,8227,40,2,30605,46,14,Phuket,
A105635,2022-03-17,PL,190613,48,0.272,8291,28,2,,26,17,Chonburi,
A105636,2024-06-08,HP,382550,72,0.0917,8236,30,3,34371,4,999,Ubon Ratchathani,Y
A105637,2024-10-15,PL,179748,36,0.1118,6667,38,1,45383,28,4,Nakhon Ratchasima,Y
A105638,2023-04-16,HP,320875,60,0.1977,10634,22,1,93721,23,999,Songkhla,
A105639,2025-11-26,PL,202814,48,0.1394,6581,38,1,26411,24,13,Chonburi,Y
A105640,2022-08-18,HP,532719,60,0.2039,17930,35,9,18662,7,0,Phuket,
A105641,2023-07-22,CC,38509,0,0.2261,0,50,1,17716,88,5,Songkhla,
A105642,2023-06-08,HP,417208,36,0.1108,15441,34,1,45162,0,11,Chiang Mai,
A105643,2023-09-22,PL,143870,36,0.1307,5563,39,1,72962,114,999,Khon Kaen,
A105644,2025-06-20,PL,105961,24,0.2239,6392,47,9,,66,2,Samut Prakan,N
A105645,2024-10-20,HP,516486,72,0.1776,14817,46,9,22187,20,4,Khon Kaen,Y
A105646,2025-03-24,HP,279878,36,0.1261,10715,55,2,,36,2,Phuket,Y
A105647,2024-03-10,HP,258304,36,0.2088,11669,38,1,55018,70,0,Chonburi,
A105648,2022-07-12,CC,19162,0,0.1429,0,51,2,,91,999,Nonthaburi,
A105649,2023-06-08,CC,52417,0,0.1488,0,31,1,19654,1,8,Samut Prakan,
A105650,2025-03-17,PL,101629,24,0.2724,6541,48,2,,39,14,Khon Kaen,Y
A105651,2022-06-13,PL,64604,48,0.2696,2797,37,1,17612,8,999,Ubon Ratchathani,
A105652,2022-03-04,CC,53424,0,0.1653,0,51,3,35155,64,2,Rayong,
A105653,2022-05-02,CC,42997,0,0.1472,0,48,2,90414,18,0,Nakhon Ratchasima,
A105654,2024-01-28,CC,32609,0,0.118,0,39,1,26512,10,11,Rayong,
A105655,2025-12-08,HP,202387,72,0.2011,6202,29,2,,19,2,Khon Kaen,Y
A105656,2022-05-29,CC,50238,0,0.1745,0,33,1,13712,16,2,Songkhla,
A105657,2022-08-16,HP,462914,36,0.185,19995,29,1,61928,5,18,Samut Prakan,
A105658,2024-10-03,PL,154435,24,0.138,8210,47,3,42184,57,999,Khon Kaen,Y
A105659,2025-11-23,PL,48366,48,0.1763,1718,44,3,45683,76,3,Rayong,Y
A105660,2022-06-02,CC,59231,0,0.1213,0,62,1,40780,116,20,Nakhon Ratchasima,
A105661,2024-06-17,PL,215122,24,0.0927,10625,41,2,57942,11,8,Nonthaburi,N
A105662,2025-07-26,PL,93642,48,0.2489,3893,40,1,32703,46,3,Nonthaburi,Y
A105663,2024-09-07,HP,438595,48,0.1177,13439,34,1,28550,33,6,Phuket,Y
A105664,2024-07-18,CC,67528,0,0.106,0,22,2,45238,125,999,Rayong,Y
A105665,2025-11-29,HP,488016,36,0.1366,19111,23,1,22789,134,0,Chonburi,Y
A105666,2023-10-22,HP,87726,60,0.1018,2206,27,2,,12,3,Bangkok,
A105667,2022-01-09,PL,65638,12,0.17,6399,64,9,,146,4,Nonthaburi,
A105668,2025-10-13,CC,101463,0,0.0,0,52,1,28701,34,6,Bangkok,Y
A105669,2024-07-31,PL,115869,36,0.1544,4709,41,1,18505,72,15,Songkhla,Y
A105670,2025-01-28,CC,55491,0,0.2789,0,61,2,76735,88,5,Chonburi,Y
A105671,2025-08-04,HP,289925,72,0.1643,7996,46,3,30322,51,13,Udon Thani,N
A105672,2022-08-15,CC,26552,0,0.1249,0,40,1,21869,29,999,Udon Thani,
A105673,2024-08-12,PL,76547,36,0.1049,2795,29,1,22125,29,8,Samut Prakan,Y
A105674,2023-07-15,HP,353300,60,0.2523,13316,39,3,26349,15,6,Songkhla,
A105675,2025-01-31,HP,193734,36,0.1116,7183,43,1,50581,49,1,Ubon Ratchathani,Y
A105676,2023-12-28,PL,26678,12,0.2497,2778,35,3,,9,16,Phuket,
A105677,2022-11-12,PL,258952,36,0.1092,9549,49,1,22973,59,18,Songkhla,
A105678,2023-09-10,HP,218894,48,0.2282,8722,43,3,36562,111,16,Udon Thani,
A105679,2023-06-18,PL,53176,12,0.27,5627,57,1,20266,67,999,Rayong,
A105680,2024-10-18,HP,271310,72,0.1614,7417,31,1,33379,142,8,Nakhon Ratchasima,Y
A105681,2023-01-13,PL,173562,36,0.1727,7319,25,1,19588,80,5,Ubon Ratchathani,
A105682,2023-05-02,PL,100781,12,0.193,10019,20,1,28830,37,7,Phuket,
A105683,2022-02-11,CC,83976,0,0.1708,0,30,2,32656,87,999,Phuket,
A105684,2025-05-24,HP,248904,48,0.1763,8842,38,3,44298,31,9,Nakhon Ratchasima,Y
A105685,2022-06-27,PL,269416,24,0.2691,17267,58,1,50689,92,1,Rayong,
A105686,2022-03-22,PL,214220,48,0.1527,7188,36,1,32922,42,4,Khon Kaen,
A105687,2025-09-25,PL,110274,12,0.1197,10289,40,1,,93,4,Khon Kaen,Y
A105688,2022-04-05,HP,373116,36,0.2359,17699,38,2,,35,11,Rayong,
A105689,2024-08-16,PL,78141,36,0.1596,3209,37,3,19199,61,999,Rayong,Y
A105690,2022-11-20,HP,188027,72,0.2618,6713,53,1,9565,60,13,Udon Thani,
A105691,2023-10-19,HP,985725,48,0.2206,38656,51,3,,120,1,Chiang Mai,
A105692,2022-01-02,HP,748647,72,0.1739,21247,36,2,,90,10,Chonburi,
A105693,2023-08-22,HP,410184,36,0.1741,17345,47,1,17281,111,0,Nakhon Ratchasima,
A105694,2025-04-27,CC,69743,0,0.264,0,42,1,24639,29,4,Nonthaburi,Y
A105695,2023-09-03,PL,72192,36,0.2476,3494,48,3,17733,22,1,Nonthaburi,
A105696,2025-04-01,PL,67036,36,0.1984,2970,72,3,,42,4,Udon Thani,Y
A105697,2023-10-23,PL,100634,24,0.1221,5217,20,9,,29,3,Chiang Mai,
A105698,2024-08-10,PL,242094,48,0.1792,8658,20,1,21521,8,8,Songkhla,Y
A105699,2023-03-09,HP,445342,36,0.2153,20360,26,1,29703,61,17,Songkhla,
A105700,2024-10-31,PL,79414,24,0.0928,3923,46,1,34680,47,7,Khon Kaen,Y
A105701,2022-08-09,HP,114660,48,0.187,4175,47,1,36781,63,12,Bangkok,
A105702,2025-03-28,PL,118945,12,0.1629,11526,28,1,21602,71,17,Ubon Ratchathani,N
A105703,2022-12-10,PL,145171,24,0.2187,8694,27,1,37685,12,15,Nakhon Ratchasima,
A105704,2023-11-29,PL,260925,12,0.0972,23857,35,1,16521,88,999,Chonburi,
A105705,2022-01-17,HP,256595,72,0.2795,9540,20,1,19397,42,9,Samut Prakan,
A105706,2025-09-07,PL,36212,24,0.1451,1946,39,3,14881,141,14,Bangkok,Y
A105707,2022-12-27,CC,36880,0,0.2219,0,33,1,29123,69,4,Rayong,
A105708,2022-09-02,PL,232697,24,0.2433,14413,41,1,33861,74,6,Udon Thani,
A105709,2025-05-30,HP,420974,48,0.0985,12225,26,1,13410,7,10,Chonburi,Y
A105710,2023-02-21,PL,264626,36,0.2488,12837,47,1,36278,71,8,Ubon Ratchathani,
A105711,2024-03-28,PL,73089,36,0.1467,2923,34,1,15634,77,3,Ubon Ratchathani,
A105712,2023-12-17,PL,106616,48,0.2342,4301,39,2,,106,14,Rayong,
A105713,2023-01-21,HP,282389,48,0.1326,9003,22,1,53732,49,12,Nonthaburi,
A105714,2022-11-16,CC,89335,0,0.1491,0,37,2,,43,17,Udon Thani,
A105715,2023-06-11,CC,39191,0,0.1826,0,31,3,38861,1,5,Samut Prakan,
A105716,2022-11-07,CC,36853,0,0.2277,0,40,1,45690,42,13,Rayong,
A105717,2024-07-28,HP,665468,48,0.1902,24411,46,1,31609,37,9,Rayong,Y
A105718,2025-01-30,CC,92561,0,0.2763,0,44,1,19006,62,3,Udon Thani,Y
A105719,2023-03-22,PL,205898,48,0.122,6382,26,1,40550,55,20,Songkhla,
A105720,2023-02-12,PL,41647,24,0.2665,2660,47,1,39435,45,999,Rayong,
A105721,2025-04-14,HP,172144,72,0.1677,4796,29,1,14220,81,12,Udon Thani,Y
A105722,2025-12-04,CC,35912,0,0.1698,0,44,2,127742,8,10,Khon Kaen,N
A105723,2022-03-23,PL,78038,48,0.2273,3103,39,2,,49,8,Khon Kaen,
A105724,2022-11-16,PL,188825,24,0.2639,12020,32,1,52229,16,8,Nonthaburi,
A105725,2023-06-10,PL,52841,12,0.1025,4854,29,1,21702,143,12,Chiang Mai,
A105726,2022-09-26,CC,45920,0,0.248,0,23,2,,11,6,Chiang Mai,
A105727,2023-02-25,HP,825216,72,0.1066,18792,20,2,,76,15,Bangkok,
A105728,2024-04-27,HP,182752,72,0.0929,3953,38,1,,62,999,Rayong,N
A105729,2022-02-28,HP,325774,72,0.2508,11333,28,3,38188,26,3,Khon Kaen,
A105730,2022-09-17,PL,64214,36,0.2137,2927,29,1,33504,8,20,Nonthaburi,
A105731,2023-12-25,HP,280224,48,0.2244,11078,32,1,20197,51,8,Bangkok,
A105732,2024-08-18,PL,224688,12,0.1474,21483,28,2,49593,111,4,Chonburi,Y
A105733,2023-03-08,CC,52023,0,0.094,0,25,2,,66,15,Samut Prakan,
A105734,2024-02-05,PL,123838,48,0.2619,5282,36,1,,75,8,Nakhon Ratchasima,
A105735,2023-08-25,HP,242631,60,0.2549,9197,24,1,24041,13,2,Nakhon Ratchasima,
A105736,2023-07-26,PL,140493,24,0.1183,7238,33,1,10550,125,4,Phuket,
A105737,2025-11-08,HP,171233,72,0.1914,5109,23,1,47043,33,2,Rayong,Y
A105738,2023-02-05,HP,167932,72,0.2739,6165,48,2,,96,0,Bangkok,
A105739,2023-10-07,CC,34911,0,0.1501,0,22,9,28473,110,14,Nonthaburi,
A105740,2025-01-19,HP,310154,60,0.2528,11703,55,1,35227,52,4,Ubon Ratchathani,Y
A105741,2024-09-03,HP,990507,60,0.212,34007,37,3,,37,3,Ubon Ratchathani,Y
A105742,2023-06-04,HP,409979,36,0.1794,17517,37,2,27802,2,16,Khon Kaen,
A105743,2023-08-22,PL,123830,48,0.1987,4630,30,1,30367,73,2,Songkhla,
A105744,2024-04-01,PL,214405,24,0.1636,11856,55,3,29379,47,6,Phuket,Y
A105745,2025-05-04,PL,76328,12,0.1525,7330,20,1,34822,19,5,Rayong,Y
A105746,2023-09-22,HP,596249,36,0.2712,30037,24,3,31672,52,12,Ubon Ratchathani,
A105747,2025-11-17,HP,307610,48,0.2441,12665,43,1,30029,10,16,Nonthaburi,Y
A105748,2023-11-19,PL,67431,12,0.1051,6209,36,1,39851,23,6,Bangkok,
A105749,2023-01-24,PL,124537,36,0.1282,4789,28,2,,12,15,Nonthaburi,
A105750,2023-07-24,PL,78828,36,0.1006,2850,20,2,,1,5,Nakhon Ratchasima,
A105751,2024-11-05,HP,625757,36,0.1462,25005,50,1,,12,10,Phuket,N
A105752,2024-06-11,HP,323714,48,0.1496,10779,59,1,29960,66,8,Ubon Ratchathani,Y
A105753,2023-06-06,PL,86998,24,0.2689,5574,48,3,27467,9,8,Phuket,
A105754,2025-10-24,PL,177067,48,0.2185,6912,47,2,,67,9,Nonthaburi,Y
A105755,2023-12-29,CC,39837,0,0.1219,0,20,9,27840,12,9,Khon Kaen,
A105756,2025-09-08,HP,475213,72,0.1774,13625,50,2,,4,14,Nakhon Ratchasima,Y
A105757,2025-09-01,HP,534462,36,0.2012,23807,38,3,21987,33,3,Khon Kaen,Y
A105758,2025-10-30,PL,91241,24,0.1678,5077,26,2,,103,18,Samut Prakan,Y
A105759,2022-01-15,HP,371474,36,0.2291,17410,44,3,26448,60,7,Songkhla,
A105760,2022-01-18,HP,175208,36,0.1527,7096,55,1,31053,86,9,Nonthaburi,
A105761,2024-11-28,PL,132376,12,0.2046,13288,40,1,20459,46,4,Udon Thani,N
A105762,2024-09-05,HP,505721,60,0.1065,12916,53,1,,11,3,Phuket,Y
A105763,2025-06-14,PL,89274,12,0.2164,9049,43,1,24564,49,15,Nakhon Ratchasima,Y
A105764,2025-11-24,HP,988345,72,0.2647,35528,30,2,,14,3,Chonburi,N
A105765,2025-08-12,PL,128166,48,0.2291,5117,60,1,29904,1,7,Khon Kaen,Y
A105766,2023-09-08,PL,211967,12,0.2504,22086,38,1,,1,7,Rayong,
A105767,2022-09-20,PL,91578,12,0.1741,8960,52,1,21987,76,19,Nakhon Ratchasima,
A105768,2024-02-26,CC,32508,0,0.2285,0,39,3,22583,90,23,Rayong,
A105769,2025-02-09,PL,110221,48,0.2766,4836,39,2,,98,4,Bangkok,Y
A105770,2023-05-04,HP,321298,72,0.0973,7067,31,1,43760,99,10,Chiang Mai,
A105771,2022-04-07,HP,282093,48,0.1642,9736,43,2,,24,12,Nakhon Ratchasima,
A105772,2024-08-18,PL,157967,24,0.1451,8492,46,1,37267,76,16,Phuket,N
A105773,2023-01-20,PL,92148,24,0.0906,4535,36,2,,33,999,Nonthaburi,
A105774,2024-06-25,PL,26164,48,0.2591,1110,52,1,70572,39,6,Nonthaburi,N
A105775,2022-03-14,PL,171738,48,0.269,7427,36,1,69968,120,5,Samut Prakan,
A105776,2024-06-09,HP,387260,36,0.2502,18831,54,1,26084,31,20,Bangkok,Y
A105777,2023-04-06,PL,217488,12,0.2427,22522,45,3,13465,15,6,Songkhla,
A105778,2022-04-30,PL,246268,48,0.2418,10092,34,1,24217,20,999,Udon Thani,
A105779,2025-01-14,PL,172669,12,0.1355,16338,25,1,,40,18,Samut Prakan,Y
A105780,2022-07-22,PL,177331,48,0.2079,6766,32,2,38617,43,14,Khon Kaen,
A105781,2025-04-03,HP,277863,60,0.2792,11095,31,1,21150,70,9,Khon Kaen,Y
A105782,2023-09-07,PL,169806,24,0.1916,9786,44,2,,40,18,Nonthaburi,
A105783,2022-04-12,PL,88259,36,0.1638,3656,22,1,20358,89,11,Chonburi,
A105784,2025-07-08,PL,71307,24,0.1065,3603,49,1,20971,73,3,Bangkok,N
A105785,2025-07-20,PL,271220,24,0.2681,17360,47,1,53854,53,13,Samut Prakan,N
A105786,2022-12-12,HP,303576,48,0.246,12547,28,3,17237,15,3,Udon Thani,
A105787,2022-12-12,PL,69874,24,0.1939,4040,20,1,62363,41,4,Bangkok,
A105788,2025-08-07,HP,385913,72,0.2328,12846,51,2,34327,17,11,Rayong,Y
A105789,2024-11-29,PL,74027,12,0.1465,7072,32,1,31422,28,999,Rayong,Y
A105790,2022-04-30,CC,27260,0,0.224,0,35,9,51334,27,18,Bangkok,
A105791,2024-03-20,PL,137786,24,0.2465,8571,28,1,19421,4,2,Nonthaburi,
A105792,2025-04-15,HP,238316,36,0.2613,11809,40,2,,3,11,Chonburi,Y
A105793,2025-07-14,PL,49120,48,0.2648,2107,36,1,30056,104,999,Phuket,Y
A105794,2023-10-06,HP,145912,72,0.0987,3226,32,1,9000,46,4,Udon Thani,
A105795,2024-05-07,HP,99969,36,0.1018,3624,35,1,28676,6,19,Rayong,Y
A105796,2025-03-27,PL,204787,12,0.2044,20553,32,1,,11,9,Udon Thani,N
A105797,2025-05-12,PL,81557,48,0.1718,2866,69,1,,6,17,Samut Prakan,Y
A105798,2022-01-03,PL,164360,24,0.1112,8371,28,3,16360,17,9,Rayong,
A105799,2025-02-04,CC,26574,0,0.0,0,54,1,39226,6,17,Phuket,Y
A105800,2023-10-25,PL,241933,48,0.1836,8741,22,2,,41,0,Ubon Ratchathani,
A105801,2025-11-19,HP,305145,36,0.1064,11181,48,3,14570,172,9,Rayong,N
A105802,2023-02-12,PL,177528,24,0.2698,11388,37,9,18200,10,23,Chonburi,
A105803,2025-09-23,PL,180975,36,0.0987,6515,41,2,,79,0,Bangkok,Y
A105804,2025-10-05,PL,479998,36,0.203,21453,37,1,31040,63,12,Nakhon Ratchasima,Y
A105805,2022-10-15,PL,172522,36,0.2642,8590,46,1,19418,56,13,Samut Prakan,
A105806,2023-01-22,PL,114427,48,0.2129,4414,27,2,,64,1,Khon Kaen,
A105807,2023-04-08,HP,321189,60,0.1979,10650,35,1,19317,96,3,Chiang Mai,
A105808,2024-07-27,CC,30986,0,0.1624,0,29,2,,84,7,Chonburi,N
A105809,2025-01-21,HP,603113,60,0.105,15329,51,9,38519,53,1,Khon Kaen,Y
A105810,2025-04-03,HP,338296,72,0.1402,8650,22,1,17382,79,24,Khon Kaen,Y
A105811,2024-02-21,PL,206741,24,0.1446,11105,28,1,60110,90,4,Songkhla,
A105812,2024-10-17,PL,214146,48,0.1039,6315,39,1,,148,7,Rayong,Y
A105813,2025-10-09,CC,31302,0,0.2483,0,60,2,27585,8,4,Phuket,Y
A105814,2024-02-02,HP,375579,48,0.1801,13461,30,3,22038,42,1,Chonburi,
A105815,2025-06-22,HP,475466,72,0.1702,13347,51,3,9000,45,10,Chiang Mai,N
A105816,2024-05-10,CC,92140,0,0.2275,0,54,1,29532,55,21,Nakhon Ratchasima,N
A105817,2025-01-26,PL,171597,48,0.1042,5064,20,1,23513,77,1,Udon Thani,Y
A105818,2023-01-07,PL,195309,12,0.1817,19233,31,2,34105,53,12,Songkhla,
A105819,2023-03-20,PL,205765,48,0.1364,6625,39,3,92055,3,5,Nakhon Ratchasima,
A105820,2022-12-22,HP,382957,48,0.1482,12707,32,1,30246,52,6,Khon Kaen,
A105821,2024-08-20,PL,86977,36,0.2324,4100,48,1,55095,42,17,Ubon Ratchathani,Y
A105822,2022-02-10,HP,894733,60,0.2415,32918,34,1,38600,61,9,Samut Prakan,
A105823,2025-06-27,PL,107985,48,0.2276,4297,40,1,30498,81,16,Chiang Mai,Y
A105824,2023-11-23,PL,61039,48,0.2246,2414,39,1,26538,44,999,Phuket,
A105825,2022-01-05,HP,193793,72,0.2732,7103,32,3,,74,10,Chonburi,
A105826,2025-10-29,PL,41210,12,0.2288,4219,51,2,,41,0,Samut Prakan,Y
A105827,2022-08-22,HP,314539,60,0.2042,10594,39,2,,117,2,Songkhla,
A105828,2023-01-05,HP,220086,36,0.222,10185,20,1,14859,104,4,Nonthaburi,
A105829,2022-02-18,HP,1289220,36,0.1681,53871,35,1,32737,157,999,Chiang Mai,
A105830,2022-08-30,PL,112994,48,0.1896,4139,35,1,43199,54,6,Nakhon Ratchasima,
A105831,2025-12-01,PL,160808,12,0.1982,16056,47,3,79110,10,16,Songkhla,Y
A105832,2025-05-01,HP,367988,48,0.2293,14698,21,1,32763,28,0,Chonburi,Y
A105833,2024-07-19,HP,262188,60,0.2068,8888,20,1,,71,12,Chonburi,Y
A105834,2023-09-29,PL,74618,36,0.108,2744,34,2,,81,16,Songkhla,
A105835,2023-09-24,PL,127432,36,0.1739,5386,55,3,36667,38,15,Chonburi,
A105836,2023-06-01,HP,471669,36,0.1454,18816,30,2,51705,126,20,Phuket,
A105837,2022-05-20,PL,178618,12,0.1705,17422,22,3,,59,16,Bangkok,
A105838,2022-01-02,HP,145616,72,0.2275,4783,28,3,43969,78,3,Bangkok,
A105839,2024-02-23,HP,886854,48,0.2522,37114,42,3,21464,90,9,Udon Thani,
A105840,2024-07-09,PL,138148,12,0.1726,13499,32,1,15961,82,15,Chonburi,Y
A105841,2022-12-08,PL,94246,36,0.1073,3460,50,1,33719,122,14,Songkhla,
A105842,2022-08-07,CC,120569,0,0.2298,0,24,1,38332,97,0,Khon Kaen,
A105843,2022-07-23,CC,26360,0,0.1533,0,64,3,41998,45,18,Songkhla,
A105844,2023-07-25,PL,62383,24,0.2502,3899,35,3,32191,24,8,Bangkok,
A105845,2022-11-30,CC,65220,0,0.1144,0,53,1,69324,85,13,Samut Prakan,
A105846,2025-11-13,HP,628535,36,0.1648,26091,20,3,20786,23,999,Rayong,N
A105847,2022-11-04,PL,71205,36,0.2326,3358,30,2,32910,21,14,Chonburi,
A105848,2022-10-17,PL,296485,24,0.1946,17161,45,3,32420,66,15,Bangkok,
A105849,2024-03-17,HP,548986,60,0.125,14868,27,1,31200,59,4,Bangkok,
A105850,2025-09-07,HP,576851,36,0.1348,22503,41,3,35917,44,999,Songkhla,Y
A105851,2024-08-24,HP,631639,60,0.2477,23565,45,1,19937,95,18,Songkhla,Y
A105852,2025-09-17,CC,62868,0,0.2611,0,43,2,,54,15,Ubon Ratchathani,Y
A105853,2024-01-14,HP,474089,48,0.1705,16612,20,3,63775,190,4,Chiang Mai,
A105854,2025-01-08,CC,52650,0,0.2668,0,43,1,,23,18,Chiang Mai,N
A105855,2022-11-03,HP,192800,60,0.2006,6436,34,1,43270,16,9,Songkhla,
A105856,2024-12-31,PL,117800,36,0.2253,5483,34,1,47907,37,17,Songkhla,Y
A105857,2024-08-09,PL,153386,36,0.2779,7812,42,3,27553,44,24,Samut Prakan,Y
A105858,2024-07-29,HP,235183,60,0.2214,8258,33,1,61289,21,8,Udon Thani,Y
A105859,2022-06-16,PL,193022,48,0.1986,7215,29,2,17138,35,8,Nonthaburi,
A105860,2022-01-22,HP,191567,60,0.1154,5035,20,1,16695,16,4,Samut Prakan,
A105861,2025-11-10,PL,128687,12,0.2337,13230,33,2,,39,999,Nakhon Ratchasima,Y
A105862,2023-12-28,PL,94755,12,0.1999,9474,45,1,19600,72,999,Songkhla,
A105863,2024-11-09,PL,41902,48,0.1954,1555,22,9,,62,9,Nakhon Ratchasima,Y
A105864,2025-12-19,PL,38359,24,0.2077,2262,30,1,,78,8,Bangkok,Y
A105865,2024-04-30,PL,484724,12,0.1912,48116,31,2,62240,14,999,Phuket,Y
A105866,2022-04-07,PL,117778,12,0.2004,11781,25,2,,36,7,Nakhon Ratchasima,
A105867,2023-06-08,PL,200078,12,0.2567,20953,20,3,26448,18,11,Khon Kaen,
A105868,2022-10-10,PL,71708,12,0.1237,6714,59,3,19386,15,999,Khon Kaen,
A105869,2025-08-29,HP,154543,60,0.1878,4994,54,3,26002,2,10,Chonburi,Y
A105870,2023-02-21,PL,133705,36,0.2753,6781,52,2,,136,10,Khon Kaen,
A105871,2024-01-24,HP,258806,60,0.1534,7621,44,1,25597,89,3,Nakhon Ratchasima,
A105872,2024-10-13,CC,47394,0,0.2374,0,34,1,37586,16,9,Bangkok,Y
A105873,2022-10-26,HP,155750,60,0.2252,5518,37,1,39647,36,18,Chiang Mai,
A105874,2022-12-26,HP,512946,60,0.2474,19124,25,1,18252,36,999,Chonburi,
A105875,2024-02-25,PL,198014,36,0.1373,7765,36,1,24770,96,10,Ubon Ratchathani,
A105876,2025-02-05,CC,56708,0,0.2339,0,24,1,,82,8,Nonthaburi,N
A105877,2024-09-11,CC,77313,0,0.1961,0,33,2,23565,86,5,Nakhon Ratchasima,Y
A105878,2022-09-22,HP,451165,48,0.1234,14038,51,1,40832,95,10,Songkhla,
A105879,2023-01-15,PL,188383,48,0.2114,7243,33,3,45215,73,26,Chiang Mai,
A105880,2022-09-17,PL,98007,12,0.2337,10075,37,1,34073,92,6,Songkhla,
A105881,2025-10-25,CC,40898,0,0.2049,0,20,1,49201,90,3,Samut Prakan,Y
A105882,2023-10-19,PL,116507,36,0.2483,5647,38,1,32411,81,6,Nakhon Ratchasima,
A105883,2024-12-18,PL,123415,36,0.1713,5189,33,3,,46,6,Chiang Mai,Y
A105884,2022-11-07,HP,637533,60,0.2443,23604,46,2,42015,96,16,Songkhla,
A105885,2024-03-10,PL,105869,36,0.2252,4927,40,3,29098,30,7,Nonthaburi,
A105886,2023-03-05,CC,128686,0,0.2454,0,20,1,13998,6,6,Nakhon Ratchasima,
A105887,2023-08-17,PL,110149,48,0.2502,4591,20,2,,22,1,Nonthaburi,
A105888,2024-02-10,HP,306263,60,0.17,9443,28,3,32881,16,12,Songkhla,
A105889,2024-08-21,PL,130112,48,0.24,5312,20,2,,91,1,Chonburi,Y
A105890,2022-03-20,HP,291950,36,0.1894,12717,39,2,35192,5,999,Chiang Mai,
A105891,2022-03-24,PL,163006,24,0.2487,10170,38,1,14777,55,999,Ubon Ratchathani,
A105892,2024-09-14,HP,165410,48,0.2353,6689,25,3,20616,34,8,Udon Thani,N
A105893,2023-04-28,HP,301314,72,0.1474,7886,33,2,30912,33,999,Rayong,
A105894,2023-04-06,PL,199353,24,0.102,10000,22,1,40261,4,16,Chonburi,
A105895,2025-09-13,HP,449396,60,0.193,14717,32,1,75061,26,1,Rayong,Y
A105896,2023-06-28,CC,55342,0,0.259,0,49,1,24394,69,2,Nakhon Ratchasima,
A105897,2022-05-19,PL,79022,12,0.26,8297,40,3,22146,68,12,Bangkok,
A105898,2023-12-10,HP,285730,72,0.1495,7528,59,1,17298,102,5,Khon Kaen,
A105899,2022-01-07,PL,114500,12,0.2275,11712,29,2,,28,0,Ubon Ratchathani,
A105900,2022-01-14,CC,25984,0,0.2412,0,30,2,,19,13,Samut Prakan,
A105901,2023-08-31,PL,339265,48,0.2656,14577,31,2,29563,79,5,Nonthaburi,
A105902,2022-06-02,PL,109479,48,0.2094,4191,35,1,28567,2,0,Phuket,
A105903,2023-09-18,PL,98409,12,0.2479,10233,33,1,36177,90,15,Rayong,
A105904,2023-02-17,PL,43473,24,0.2057,2556,41,1,32384,22,9,Songkhla,
A105905,2023-08-09,PL,121105,12,0.2774,12891,58,1,18208,34,9,Chonburi,
A105906,2022-06-19,PL,110757,48,0.0994,3224,33,1,10442,48,1,Chonburi,
A105907,2022-11-07,PL,95803,48,0.1517,3207,43,2,69687,38,999,Bangkok,
A105908,2024-11-03,PL,105793,24,0.2298,6433,45,3,71122,29,9,Udon Thani,N
A105909,2022-12-05,HP,401773,36,0.2752,20374,50,1,40748,0,999,Chiang Mai,
A105910,2022-06-07,HP,477449,48,0.2706,20713,41,2,45010,74,9,Rayong,
A105911,2024-04-03,PL,61121,36,0.133,2375,51,3,59922,109,999,Chonburi,Y
A105912,2025-06-17,PL,127525,12,0.2419,13197,37,1,32864,142,8,Phuket,Y
A105913,2022-02-02,PL,168342,36,0.1168,6314,50,1,44799,85,23,Nonthaburi,
A105914,2024-04-08,HP,313080,60,0.1005,7840,22,1,14991,17,10,Songkhla,Y
A105915,2022-06-05,HP,696415,60,0.2486,26034,47,1,55121,135,12,Phuket,
A105916,2022-06-12,HP,242809,72,0.107,5537,35,3,24938,8,12,Songkhla,
A105917,2023-04-18,PL,81754,36,0.098,2938,35,2,,88,8,Rayong,
A105918,2022-04-15,PL,55424,48,0.2397,2261,56,3,38923,84,999,Nonthaburi,
A105919,2022-04-18,HP,544752,72,0.228,17916,41,1,24771,53,4,Nonthaburi,
A105920,2024-07-05,PL,130266,36,0.2296,6110,36,1,25123,85,13,Phuket,Y
A105921,2023-02-20,HP,175006,48,0.2152,6784,65,3,31548,3,13,Bangkok,
A105922,2024-12-04,HP,175044,72,0.2395,5924,23,2,,140,28,Chonburi,N
A105923,2024-07-14,PL,160164,12,0.1584,15461,43,1,18888,112,2,Samut Prakan,Y
A105924,2022-03-31,CC,51738,0,0.2398,0,40,1,31250,31,8,Khon Kaen,
A105925,2025-01-12,HP,95103,72,0.1784,2734,50,2,,21,20,Ubon Ratchathani,Y
A105926,2022-05-20,PL,100910,48,0.1022,2961,46,1,59268,123,11,Khon Kaen,
A105927,2025-01-21,CC,50703,0,0.2081,0,39,1,15718,106,12,Nonthaburi,Y
A105928,2022-02-26,PL,107577,24,0.2257,6505,36,1,22058,33,7,Udon Thani,
A105929,2025-05-31,HP,297456,60,0.1634,9007,37,1,16029,67,13,Samut Prakan,Y
A105930,2024-01-18,PL,116992,24,0.2148,6968,36,9,,12,3,Khon Kaen,
A105931,2022-01-12,PL,63407,24,0.1761,3572,50,2,64543,152,7,Chiang Mai,
A105932,2025-09-02,PL,46759,24,0.1831,2661,27,1,25704,16,999,Bangkok,N
A105933,2025-12-10,HP,486135,36,0.2436,23372,34,9,,58,24,Samut Prakan,Y
A105934,2024-08-18,HP,301943,48,0.2401,12331,42,9,,86,999,Songkhla,Y
A105935,2023-05-17,PL,183492,12,0.2538,19171,31,3,16451,3,14,Nakhon Ratchasima,
A105936,2022-12-18,PL,195821,48,0.2378,7960,32,1,,12,15,Chiang Mai,
A105937,2022-04-07,PL,88849,36,0.1215,3367,38,2,19404,62,5,Nakhon Ratchasima,
A105938,2025-05-09,HP,580311,72,0.1922,17354,66,1,17516,141,20,Khon Kaen,N
A105939,2024-03-09,HP,674970,60,0.1055,17183,33,1,18645,141,3,Songkhla,
A105940,2023-04-16,CC,84416,0,0.2477,0,52,3,,34,0,Nonthaburi,
A105941,2022-05-01,PL,73646,48,0.277,3234,22,1,54076,97,13,Bangkok,
A105942,2025-06-15,PL,103214,36,0.2682,5173,52,1,30755,1,6,Samut Prakan,N
A105943,2024-11-28,PL,92977,48,0.1997,3484,34,9,26777,93,12,Nonthaburi,Y
A105944,2024-12-12,CC,14830,0,0.1078,0,41,2,46936,39,6,Khon Kaen,N
A105945,2022-02-25,PL,116039,24,0.167,6449,29,2,11174,3,2,Samut Prakan,
A105946,2022-02-04,PL,133571,24,0.2572,8428,49,1,12418,13,999,Bangkok,
A105947,2024-04-26,PL,59200,48,0.179,2116,59,2,,38,4,Samut Prakan,N
A105948,2023-07-21,PL,165491,24,0.0923,8168,31,3,29147,69,9,Ubon Ratchathani,
A105949,2024-07-09,HP,101910,48,0.1505,3401,47,1,12053,25,6,Chonburi,Y
A105950,2023-03-31,HP,251801,48,0.2015,9474,31,1,18885,48,2,Chonburi,
A105951,2022-08-01,CC,42798,0,0.1276,0,37,1,36138,33,15,Bangkok,
A105952,2025-03-23,CC,36449,0,0.0,0,20,3,23458,47,7,Samut Prakan,Y
A105953,2022-10-27,PL,393813,12,0.2255,40218,20,3,31035,11,14,Bangkok,
A105954,2024-03-23,HP,95877,60,0.1077,2458,53,2,,15,999,Chonburi,
A105955,2024-01-31,CC,84666,0,0.1941,0,30,2,9352,102,5,Bangkok,
A105956,2022-01-27,HP,168659,48,0.2096,6459,32,3,43727,77,18,Ubon Ratchathani,
A105957,2025-03-18,HP,322001,36,0.2737,16288,45,1,50549,22,999,Udon Thani,Y
A105958,2025-08-17,CC,82440,0,0.1883,0,24,1,,61,3,Bangkok,Y
A105959,2023-04-12,PL,72422,12,0.096,6614,39,1,9000,91,5,Chonburi,
A105960,2024-12-15,PL,102700,12,0.251,10706,24,1,,15,12,Chonburi,N
A105961,2024-07-27,PL,106116,36,0.1526,4297,40,2,42953,70,17,Bangkok,Y
A105962,2025-06-24,PL,107856,24,0.2202,6473,60,1,16137,44,21,Songkhla,Y
A105963,2022-06-08,HP,364602,72,0.2145,11581,21,1,29451,91,29,Khon Kaen,
A105964,2022-03-22,HP,214466,36,0.1586,8791,33,2,,44,1,Rayong,
A105965,2025-05-07,CC,93239,0,0.236,0,28,1,21428,106,18,Bangkok,Y
A105966,2024-02-07,PL,89344,36,0.0931,3174,36,9,,57,25,Phuket,
A105967,2023-11-30,HP,379294,72,0.1703,10650,38,1,41230,4,0,Nakhon Ratchasima,
A105968,2022-11-30,PL,128096,12,0.1345,12110,20,1,36736,117,8,Rayong,
A105969,2025-07-23,PL,131264,36,0.0956,4691,37,1,12466,98,3,Nonthaburi,Y
A105970,2024-02-12,HP,278980,36,0.199,12375,39,1,36102,24,3,Nonthaburi,
A105971,2024-11-08,CC,54253,0,0.1654,0,34,1,,59,999,Samut Prakan,Y
A105972,2025-10-24,PL,250153,48,0.2109,9607,31,1,17263,62,6,Phuket,Y
A105973,2024-06-19,PL,195460,12,0.0939,17817,20,1,41914,10,0,Khon Kaen,Y
A105974,2022-08-31,PL,181832,12,0.2374,18749,24,3,26474,12,14,Rayong,
A105975,2025-04-06,PL,384323,36,0.1136,14313,33,3,41434,39,16,Chiang Mai,N
A105976,2023-09-16,PL,174692,12,0.1011,16029,21,1,13660,75,17,Rayong,
A105977,2024-03-07,CC,25645,0,0.1872,0,50,3,40717,14,8,Ubon Ratchathani,
A105978,2025-06-02,PL,108467,48,0.2235,4279,26,1,64814,29,11,Chiang Mai,Y
A105979,2022-03-07,PL,82308,24,0.1213,4261,45,2,,76,17,Samut Prakan,
A105980,2023-06-19,PL,100897,12,0.2707,10684,50,3,,40,21,Nakhon Ratchasima,
A105981,2023-01-20,HP,163155,72,0.256,5746,36,1,29118,89,3,Phuket,
A105982,2025-06-26,HP,330428,72,0.1326,8240,45,2,,108,13,Songkhla,N
A105983,2025-08-10,PL,137033,36,0.2794,6997,42,2,46363,2,23,Khon Kaen,Y
A105984,2023-10-04,HP,277418,48,0.1703,9716,32,1,14369,75,12,Khon Kaen,
A105985,2023-07-01,HP,427731,60,0.1851,13726,47,2,,42,5,Khon Kaen,
A105986,2023-03-28,HP,234759,36,0.2387,11190,33,1,35408,52,1,Songkhla,
A105987,2024-01-09,HP,344621,72,0.1432,8898,38,1,49544,98,10,Ubon Ratchathani,
A105988,2025-09-13,PL,38630,24,0.2445,2396,30,1,23799,17,3,Nonthaburi,Y
A105989,2024-01-31,HP,242163,48,0.2362,9811,53,1,29431,55,999,Chiang Mai,
A105990,2025-01-30,PL,180423,12,0.1314,17010,33,1,,83,12,Nakhon Ratchasima,Y
A105991,2025-06-16,HP,202596,60,0.1362,5676,20,1,83599,72,17,Songkhla,Y
A105992,2025-03-02,HP,581234,72,0.101,12964,65,1,65974,57,0,Chonburi,N
A105993,2025-01-30,PL,194282,12,0.1931,19316,36,3,47294,108,8,Chiang Mai,Y
A105994,2025-09-15,CC,91067,0,0.1925,0,42,2,,75,4,Nakhon Ratchasima,N
A105995,2022-08-07,HP,510141,60,0.1348,14232,44,3,22844,0,10,Samut Prakan,
A105996,2024-12-30,HP,330670,48,0.1578,11237,47,1,31628,63,18,Chonburi,N
A105997,2024-10-11,HP,235139,72,0.2235,7645,49,2,,82,9,Nonthaburi,Y
A105998,2023-02-14,HP,194076,60,0.1971,6422,50,3,17242,58,7,Songkhla,
A105999,2025-03-07,CC,45098,0,0.0,0,33,1,33283,71,15,Udon Thani,Y
A106000,2024-08-18,HP,538616,72,0.1935,16165,45,1,28111,83,12,Rayong,Y
A106001,2023-11-14,HP,100693,36,0.273,5087,48,1,45701,69,4,Songkhla,
A106002,2023-04-14,CC,42017,0,0.2244,0,27,3,52393,61,18,Udon Thani,
A106003,2024-11-25,PL,294848,24,0.1615,16253,39,3,35543,11,14,Nakhon Ratchasima,Y
A106004,2025-06-07,CC,59919,0,0.1628,0,40,2,41531,10,11,Songkhla,Y
A106005,2024-02-09,PL,66809,48,0.2716,2903,29,1,27426,14,7,Chonburi,
A106006,2022-06-24,CC,71173,0,0.0932,0,20,3,19348,108,9,Chiang Mai,
A106007,2024-08-16,PL,220749,36,0.1455,8808,36,1,,38,999,Nakhon Ratchasima,Y
A106008,2023-11-11,HP,908727,72,0.1739,25790,44,2,,80,9,Khon Kaen,
A106009,2024-06-07,CC,47453,0,0.0,0,31,1,27650,44,19,Udon Thani,Y
A106010,2025-03-16,HP,174903,36,0.1963,7719,23,1,16140,91,7,Phuket,Y
A106011,2025-11-08,PL,132982,24,0.255,8366,27,1,27904,58,8,Chonburi,Y
A106012,2022-01-30,PL,35123,36,0.1507,1416,52,3,44965,146,999,Udon Thani,
A106013,2023-02-20,PL,145342,48,0.1742,5137,45,1,29335,94,11,Samut Prakan,
A106014,2022-04-29,HP,260544,36,0.0955,9310,26,1,19254,65,14,Nakhon Ratchasima,
A106015,2025-05-11,CC,58450,0,0.2366,0,36,2,,45,15,Chonburi,Y
A106016,2022-11-04,CC,24274,0,0.0,0,38,2,,117,11,Khon Kaen,
A106017,2024-10-12,PL,487334,12,0.1309,45927,44,2,,55,18,Nonthaburi,Y
A106018,2023-11-21,PL,115827,48,0.2518,4843,39,2,73248,66,14,Udon Thani,
A106019,2025-05-10,CC,30611,0,0.1859,0,36,3,26420,15,19,Phuket,Y
A106020,2022-06-24,HP,255536,60,0.1864,8228,20,2,,88,15,Phuket,
A106021,2022-01-21,PL,303005,12,0.2018,30345,43,1,20841,55,15,Khon Kaen,
A106022,2024-10-15,HP,655803,48,0.1388,21248,41,2,54115,1,5,Samut Prakan,N
A106023,2023-02-13,PL,154428,48,0.1389,5004,43,1,37390,86,999,Khon Kaen,
A106024,2023-12-22,PL,70026,36,0.213,3188,23,1,,1,2,Chiang Mai,
A106025,2024-01-20,HP,295079,72,0.2237,9599,20,1,38721,124,6,Bangkok,
A106026,2024-05-20,PL,130401,12,0.2264,13326,33,1,61050,102,24,Rayong,Y
A106027,2024-09-27,PL,292147,48,0.2086,11164,20,1,32797,89,4,Phuket,Y
A106028,2023-02-15,PL,26744,48,0.2737,1167,44,2,,40,999,Chiang Mai,
A106029,2024-04-26,CC,33727,0,0.1057,0,32,1,36171,33,9,Chonburi,N
A106030,2022-07-10,HP,112530,60,0.1267,3063,39,2,44813,124,14,Phuket,
A106031,2023-07-08,CC,28078,0,0.2081,0,33,1,27966,44,5,Udon Thani,
A106032,2022-07-30,PL,145661,36,0.1692,6099,33,1,24458,108,8,Chiang Mai,
A106033,2022-06-29,CC,44961,0,0.2114,0,39,1,30139,64,4,Phuket,
A106034,2024-10-21,HP,170969,60,0.1765,5364,36,3,,27,10,Bangkok,N
A106035,2024-10-12,HP,377915,72,0.2317,12545,38,1,23153,70,5,Ubon Ratchathani,N
A106036,2024-02-14,PL,180482,36,0.1192,6806,36,2,,50,12,Nonthaburi,
A106037,2024-09-29,PL,199862,36,0.1757,8478,27,2,48315,44,7,Chiang Mai,N
A106038,2023-07-23,PL,213289,12,0.1053,19645,34,3,27313,26,5,Nakhon Ratchasima,
A106039,2024-07-07,HP,431605,36,0.138,16952,52,1,29910,7,1,Udon Thani,Y
A106040,2025-07-10,HP,398691,36,0.176,16922,43,2,16235,31,8,Khon Kaen,Y
A106041,2024-03-22,HP,304780,60,0.2705,11949,41,3,40257,128,15,Songkhla,
A106042,2024-03-10,HP,190254,48,0.1282,5996,48,1,29981,72,17,Nonthaburi,
A106043,2024-05-20,HP,757158,36,0.1178,28464,30,3,,57,999,Rayong,N
A106044,2023-09-29,PL,94959,36,0.2504,4619,44,1,10825,97,1,Nakhon Ratchasima,
A106045,2022-01-05,CC,23428,0,0.186,0,25,3,,58,12,Chiang Mai,
A106046,2025-09-04,PL,87342,36,0.1227,3319,25,1,,56,7,Rayong,Y
A106047,2025-09-10,HP,244045,36,0.1644,10122,32,1,36064,22,20,Rayong,Y
A106048,2023-01-04,PL,108150,12,0.2645,11396,40,2,,53,15,Chonburi,
A106049,2025-12-14,PL,169602,24,0.1282,8878,33,2,,0,21,Nakhon Ratchasima,Y
A106050,2025-04-10,PL,179541,48,0.2558,7567,35,3,,30,9,Samut Prakan,N
A106051,2025-02-16,CC,24477,0,0.0901,0,47,2,19828,32,13,Udon Thani,Y
A106052,2022-09-08,PL,137887,48,0.2531,5780,36,2,22617,15,4,Chonburi,
A106053,2024-11-15,HP,387030,72,0.1648,10690,36,1,13753,8,18,Nonthaburi,Y
A106054,2023-09-06,HP,415213,60,0.1345,11574,32,3,,55,20,Samut Prakan,
A106055,2022-01-05,HP,229444,48,0.1848,8313,38,2,40888,77,2,Bangkok,
A106056,2023-01-08,HP,535358,60,0.1686,16444,28,1,20509,58,16,Phuket,
A106057,2025-10-15,CC,84965,0,0.2405,0,30,3,,49,3,Bangkok,Y
A106058,2022-05-16,PL,361022,24,0.1578,19790,39,1,30909,43,17,Khon Kaen,
A106059,2022-10-24,PL,112624,24,0.1623,6215,48,1,33071,67,3,Phuket,
A106060,2022-09-05,PL,59324,48,0.13,1878,39,9,51409,56,999,Songkhla,
A106061,2025-11-12,PL,88867,48,0.1882,3245,23,1,27426,67,999,Chonburi,Y
A106062,2025-05-06,CC,55232,0,0.1118,0,35,1,34636,118,9,Chiang Mai,Y
A106063,2025-08-03,PL,64496,24,0.2799,4191,54,2,,70,16,Songkhla,Y
A106064,2025-10-01,HP,551733,48,0.1527,18515,35,1,23434,33,3,Ubon Ratchathani,Y
A106065,2022-03-27,HP,393298,72,0.2446,13479,20,3,31649,33,10,Samut Prakan,
A106066,2025-01-28,HP,370633,72,0.1419,9530,31,1,,27,11,Nonthaburi,Y
A106067,2022-11-14,HP,233684,48,0.1352,7501,40,1,21029,23,15,Phuket,
A106068,2023-01-14,PL,223445,24,0.1464,12036,21,1,26829,136,10,Nonthaburi,
A106069,2022-04-05,PL,101453,24,0.119,5233,20,3,31106,82,15,Ubon Ratchathani,
A106070,2022-01-25,CC,36823,0,0.0979,0,43,1,15419,73,8,Chiang Mai,
A106071,2024-11-22,PL,135584,12,0.099,12417,44,1,76351,88,5,Udon Thani,Y
A106072,2022-03-23,HP,934260,72,0.0974,20558,46,1,45026,118,6,Ubon Ratchathani,
A106073,2023-08-19,HP,336493,36,0.1712,14147,35,1,30604,95,24,Chiang Mai,
A106074,2024-09-10,PL,147805,36,0.2303,6942,42,2,,37,15,Rayong,Y
A106075,2022-05-01,PL,173569,24,0.2231,10458,30,1,22764,36,1,Phuket,
A106076,2023-05-29,CC,45719,0,0.2151,0,53,1,15193,51,999,Phuket,
A106077,2023-07-21,HP,332626,60,0.1296,9136,33,1,33142,34,12,Chonburi,
A106078,2023-05-09,HP,380140,60,0.2417,13992,40,1,60575,78,22,Nonthaburi,
A106079,2025-05-28,PL,321301,24,0.2275,19478,30,2,,76,12,Ubon Ratchathani,N
A106080,2025-07-21,PL,110997,24,0.1527,6037,26,2,30634,44,9,Ubon Ratchathani,N
A106081,2023-10-29,PL,75999,36,0.1292,2929,43,1,16799,37,0,Ubon Ratchathani,
A106082,2024-06-07,HP,178745,48,0.1105,5369,51,1,25766,73,6,Nonthaburi,Y
A106083,2024-01-16,PL,50487,12,0.179,4960,43,2,38185,17,0,Nonthaburi,
A106084,2023-07-17,PL,207795,36,0.1579,8506,33,3,56738,90,3,Nakhon Ratchasima,
A106085,2023-01-04,PL,53475,24,0.1238,2779,30,1,20008,135,17,Rayong,
A106086,2024-01-17,HP,67746,60,0.1042,1717,52,3,25476,64,15,Songkhla,
A106087,2024-05-23,HP,405033,48,0.2258,16059,20,1,32419,70,18,Chiang Mai,N
A106088,2022-05-24,HP,503348,72,0.1242,12200,31,3,48462,98,9,Nonthaburi,
A106089,2022-04-13,CC,137415,0,0.2222,0,26,1,30444,4,7,Rayong,
A106090,2023-08-03,HP,321228,48,0.1675,11176,30,1,17517,3,5,Nakhon Ratchasima,
A106091,2022-11-12,PL,73821,36,0.0925,2619,36,1,43480,77,10,Rayong,
A106092,2022-09-28,CC,26631,0,0.1001,0,52,1,102008,20,7,Chiang Mai,
A106093,2023-03-17,PL,219217,36,0.0958,7839,35,1,22771,74,1,Phuket,
A106094,2024-06-24,CC,47353,0,0.093,0,26,1,23893,19,4,Chonburi,Y
A106095,2023-01-25,PL,141444,24,0.2162,8441,20,1,,73,12,Khon Kaen,
A106096,2024-07-17,HP,496913,48,0.2301,19880,22,3,27839,93,28,Udon Thani,N
A106097,2023-11-12,HP,282154,60,0.1694,8685,25,1,28943,118,10,Ubon Ratchathani,
A106098,2023-04-25,CC,22495,0,0.2609,0,37,1,28290,165,21,Nakhon Ratchasima,
A106099,2022-07-12,HP,369032,48,0.2008,13863,30,1,,78,2,Songkhla,
A106100,2024-04-10,PL,165281,12,0.1648,16043,38,3,9134,45,13,Rayong,Y
A106101,2025-07-05,HP,150424,36,0.2012,6700,32,3,24711,42,14,Chiang Mai,N
A106102,2025-05-02,HP,232112,48,0.2224,9137,43,3,18101,178,17,Songkhla,Y
A106103,2024-03-22,CC,54112,0,0.1034,0,51,1,,4,8,Ubon Ratchathani,
A106104,2024-01-22,PL,95585,36,0.2235,4435,46,1,15658,89,5,Rayong,
A106105,2025-08-28,HP,408356,72,0.1136,9537,31,3,19865,11,13,Khon Kaen,Y
A106106,2023-06-25,PL,48854,24,0.2247,2950,39,3,25085,8,19,Rayong,
A106107,2023-06-14,HP,437759,48,0.1061,12990,46,1,,26,12,Bangkok,
A106108,2025-05-17,CC,36353,0,0.121,0,30,1,26648,105,999,Bangkok,N
A106109,2025-11-21,HP,305586,48,0.2268,12141,27,1,51497,65,999,Chiang Mai,Y
A106110,2023-12-24,HP,202499,48,0.2006,7603,27,1,31122,26,14,Chonburi,
A106111,2023-01-02,HP,579394,48,0.0904,16435,34,2,,14,23,Khon Kaen,
A106112,2024-03-22,PL,78956,12,0.2326,8110,25,2,16349,56,8,Phuket,
A106113,2022-07-11,PL,28463,24,0.1099,1446,21,1,25770,25,9,Phuket,
A106114,2025-02-18,HP,161423,36,0.1829,6944,32,2,,16,2,Nakhon Ratchasima,Y
A106115,2023-10-24,PL,94016,36,0.1019,3409,33,1,29344,6,4,Songkhla,
A106116,2022-08-03,HP,153552,60,0.2341,5554,45,1,,82,9,Phuket,
A106117,2022-12-23,PL,202975,36,0.2138,9254,34,3,38147,112,20,Nonthaburi,
A106118,2023-12-01,HP,384307,60,0.1996,12797,52,2,,35,999,Khon Kaen,
A106119,2022-02-15,PL,107840,12,0.1991,10775,36,1,50352,111,999,Nonthaburi,
A106120,2023-04-01,PL,137274,12,0.2143,13890,46,3,26095,68,9,Rayong,
A106121,2022-12-23,HP,284511,72,0.1764,8133,33,1,31926,95,9,Samut Prakan,
A106122,2024-08-10,PL,119166,24,0.1938,6889,33,1,,127,8,Nakhon Ratchasima,Y
A106123,2022-07-03,CC,30042,0,0.1216,0,53,1,18498,18,4,Khon Kaen,
A106124,2022-07-28,PL,148730,36,0.0905,5253,45,1,49059,20,2,Samut Prakan,
A106125,2022-04-10,HP,147047,72,0.2468,5066,26,1,9000,106,999,Songkhla,
A106126,2025-12-01,CC,23766,0,0.131,0,37,3,24637,132,15,Udon Thani,N
A106127,2022-12-22,CC,38265,0,0.121,0,26,1,16111,76,2,Rayong,
A106128,2024-11-14,PL,121587,36,0.1246,4639,31,1,16677,68,4,Nakhon Ratchasima,Y
A106129,2024-07-28,PL,51124,24,0.1981,2974,34,3,27817,49,0,Chiang Mai,Y
A106130,2025-02-04,PL,89904,36,0.2326,4239,32,3,14337,117,999,Nakhon Ratchasima,Y
A106131,2022-07-11,PL,147676,24,0.1073,7473,25,1,,53,999,Khon Kaen,
A106132,2023-12-14,PL,208287,36,0.2712,10493,28,1,18276,26,1,Chiang Mai,
A106133,2022-05-02,CC,85359,0,0.2176,0,48,1,30621,100,6,Chonburi,
A106134,2023-12-21,PL,122272,48,0.1477,4052,40,1,57497,47,4,Chiang Mai,
A106135,2025-11-26,PL,70146,36,0.233,3310,54,1,11825,33,3,Samut Prakan,N
A106136,2024-07-12,PL,76192,12,0.272,8076,20,1,21785,62,5,Ubon Ratchathani,Y
A106137,2022-09-27,HP,137421,72,0.2644,4936,39,9,,56,17,Ubon Ratchathani,
A106138,2024-09-03,HP,924033,36,0.2621,45850,32,2,,72,6,Phuket,N
A106139,2023-02-13,CC,81713,0,0.1783,0,35,1,32884,140,7,Songkhla,
A106140,2023-06-12,PL,122318,48,0.1545,4123,38,1,13545,124,15,Ubon Ratchathani,
A106141,2024-12-16,HP,317266,72,0.1014,7087,23,1,15609,97,999,Bangkok,Y
A106142,2022-05-16,HP,110359,36,0.2118,5013,55,2,,0,19,Chiang Mai,
A106143,2023-03-10,PL,58634,36,0.1552,2387,37,1,27194,83,6,Rayong,
A106144,2023-04-07,HP,433681,48,0.2238,17123,28,3,36288,44,5,Samut Prakan,
A106145,2022-12-26,PL,77185,24,0.1839,4398,20,2,,64,3,Nonthaburi,
A106146,2025-09-25,PL,38153,12,0.2527,3982,54,1,16327,65,8,Chiang Mai,Y
A106147,2023-05-02,CC,43900,0,0.1541,0,26,1,25898,79,9,Rayong,
A106148,2024-04-23,CC,92405,0,0.2691,0,28,1,9000,39,13,Nonthaburi,Y
A106149,2025-07-25,PL,179286,24,0.2479,11173,36,2,,43,14,Rayong,Y
A106150,2022-04-13,CC,78168,0,0.1897,0,41,1,38790,79,12,Nonthaburi,
A106151,2024-10-26,PL,117029,12,0.2392,12085,49,1,,93,12,Bangkok,Y
A106152,2023-05-15,PL,156553,12,0.2068,15744,35,2,,86,999,Chiang Mai,
A106153,2024-10-02,PL,37055,24,0.1723,2076,36,3,31888,77,3,Udon Thani,N
A106154,2025-04-21,HP,626699,48,0.2687,27089,40,3,27684,50,4,Ubon Ratchathani,Y
A106155,2022-04-02,PL,183763,24,0.2019,10748,41,1,26373,128,4,Khon Kaen,
A106156,2024-11-22,CC,14422,0,0.2114,0,39,1,20625,84,5,Chonburi,Y
A106157,2024-09-21,HP,246225,48,0.1808,8839,38,2,,97,13,Nakhon Ratchasima,Y
A106158,2023-02-08,HP,219636,36,0.2741,11117,34,1,34043,95,1,Samut Prakan,
A106159,2023-05-30,HP,829755,36,0.1446,33047,37,1,24904,117,1,Bangkok,
A106160,2022-05-06,HP,753603,72,0.237,25350,46,3,41062,96,999,Udon Thani,
A106161,2023-09-09,HP,267795,60,0.1346,7467,48,1,51005,74,15,Nakhon Ratchasima,
A106162,2022-10-21,PL,81479,12,0.1016,7479,47,9,,153,20,Songkhla,
A106163,2022-08-05,CC,88189,0,0.2344,0,43,2,,56,15,Ubon Ratchathani,
A106164,2024-12-25,HP,443119,36,0.2448,21348,31,1,40522,110,11,Rayong,Y
A106165,2023-06-29,HP,296869,36,0.1875,12884,39,1,23804,47,3,Samut Prakan,
A106166,2023-06-30,PL,54021,12,0.1283,5079,40,3,48359,9,11,Chiang Mai,
A106167,2025-08-11,PL,58912,36,0.1625,2434,43,1,47479,58,26,Bangkok,Y
A106168,2025-08-25,HP,255548,48,0.1668,8876,42,1,44704,75,999,Samut Prakan,Y
A106169,2024-10-17,HP,678694,72,0.1082,15545,31,1,32527,32,9,Nakhon Ratchasima,N
A106170,2023-12-02,PL,431323,36,0.2601,21330,27,2,24955,57,999,Chiang Mai,
A106171,2025-03-28,CC,53456,0,0.142,0,61,9,,116,7,Ubon Ratchathani,N
A106172,2025-11-04,PL,160501,48,0.28,7088,38,2,31237,139,21,Rayong,Y
A106173,2024-06-22,PL,53440,36,0.2105,2421,31,1,27222,58,1,Samut Prakan,N
A106174,2025-12-25,PL,114890,36,0.1835,4948,37,3,,9,13,Chonburi,Y
A106175,2024-11-28,HP,797819,36,0.1138,29727,48,2,43443,25,27,Rayong,Y
A106176,2025-06-07,PL,269084,36,0.2421,12903,39,2,19581,33,17,Rayong,Y
A106177,2025-06-29,PL,174272,36,0.2658,8701,37,1,40628,73,21,Nakhon Ratchasima,Y
A106178,2023-04-04,HP,164217,36,0.1762,6972,39,1,86159,33,2,Khon Kaen,
A106179,2024-08-18,PL,153867,48,0.2155,5968,34,1,,93,999,Ubon Ratchathani,N
A106180,2024-12-08,HP,117109,48,0.211,4498,37,1,35731,30,14,Nonthaburi,N
A106181,2025-03-10,PL,399210,48,0.1196,12295,35,1,43505,70,16,Chiang Mai,Y
A106182,2022-04-08,CC,36631,0,0.1496,0,56,1,38777,44,1,Nakhon Ratchasima,
A106183,2023-09-06,CC,28616,0,0.1376,0,34,1,,48,15,Samut Prakan,
A106184,2025-05-04,PL,95012,24,0.1581,5210,37,2,,42,10,Bangkok,N
A106185,2023-03-27,HP,578046,72,0.137,14627,40,1,72771,85,0,Nonthaburi,
A106186,2024-04-11,PL,120306,36,0.1817,5163,49,1,38018,48,5,Bangkok,Y
A106187,2022-06-17,CC,43126,0,0.1776,0,49,3,19514,64,22,Bangkok,
A106188,2024-11-02,CC,41066,0,0.0,0,55,1,49494,0,999,Nonthaburi,N
A106189,2025-01-18,CC,28894,0,0.0,0,43,1,15417,45,8,Songkhla,Y
A106190,2023-09-14,CC,30824,0,0.1438,0,44,2,64237,77,22,Nonthaburi,
A106191,2022-03-06,PL,65113,12,0.2066,6547,52,2,,35,20,Udon Thani,
A106192,2024-11-24,CC,28440,0,0.1382,0,43,1,82908,33,999,Chiang Mai,Y
A106193,2025-12-12,PL,69484,48,0.1433,2277,20,1,46788,8,999,Samut Prakan,Y
A106194,2025-04-07,PL,74623,12,0.1153,6935,41,2,,33,4,Chiang Mai,Y
A106195,2022-02-27,HP,432954,48,0.1904,15889,35,1,26284,22,3,Nakhon Ratchasima,
A106196,2025-12-28,CC,58616,0,0.0,0,33,1,28127,121,15,Bangkok,N
A106197,2022-11-21,CC,70268,0,0.1178,0,43,2,,42,15,Phuket,
A106198,2023-07-01,CC,34383,0,0.2292,0,39,2,,30,10,Khon Kaen,
A106199,2025-06-17,HP,176496,48,0.129,5574,22,1,,8,18,Songkhla,N
A106200,2024-01-21,CC,58107,0,0.2167,0,42,3,29614,19,13,Phuket,
A106201,2022-02-06,HP,229592,36,0.125,8769,37,2,,88,999,Khon Kaen,
A106202,2022-04-25,PL,82401,48,0.2038,3116,38,1,,20,12,Udon Thani,
A106203,2025-12-03,CC,10904,0,0.0,0,32,1,33847,30,999,Nakhon Ratchasima,N
A106204,2023-11-07,HP,293724,36,0.2105,13311,20,2,27071,47,6,Ubon Ratchathani,
A106205,2024-07-20,HP,131162,72,0.1405,3357,33,2,,132,14,Rayong,Y
A106206,2025-10-23,PL,77767,36,0.2791,3968,40,1,42339,51,3,Samut Prakan,Y
A106207,2023-11-16,PL,230978,24,0.1309,12143,35,3,43226,30,8,Bangkok,
A106208,2022-07-02,HP,118834,60,0.2725,4679,40,1,32171,61,3,Nonthaburi,
A106209,2024-07-19,PL,207665,12,0.2087,20917,41,3,44955,128,4,Songkhla,Y
A106210,2025-07-13,PL,48397,24,0.2208,2907,20,2,,34,10,Samut Prakan,N
A106211,2024-03-15,CC,62827,0,0.1956,0,20,1,42026,38,3,Samut Prakan,
A106212,2022-10-13,CC,27647,0,0.178,0,48,1,14501,33,5,Ubon Ratchathani,
A106213,2024-03-04,HP,636025,48,0.271,27614,20,1,25888,9,20,Chonburi,
A106214,2025-04-20,CC,46160,0,0.2263,0,26,1,22479,19,13,Bangkok,Y
A106215,2024-07-11,PL,69206,24,0.2742,4464,60,1,29320,47,0,Chonburi,Y
A106216,2023-12-11,HP,219390,60,0.2779,8737,62,1,23701,63,6,Bangkok,
A106217,2024-03-31,HP,432055,60,0.2311,15521,42,1,24015,202,4,Chonburi,
A106218,2024-02-05,PL,140585,24,0.2324,8580,31,2,50731,83,35,Bangkok,
A106219,2023-11-13,HP,133307,48,0.1634,4592,41,1,29099,14,17,Bangkok,
A106220,2024-03-16,PL,96939,36,0.092,3435,37,3,26684,134,12,Songkhla,
A106221,2025-03-02,HP,307517,48,0.2395,12544,37,9,,82,0,Phuket,Y
A106222,2024-04-02,PL,120794,48,0.161,4137,44,1,37453,115,999,Ubon Ratchathani,N
A106223,2024-05-30,HP,673106,36,0.2789,34341,27,1,34396,76,12,Nakhon Ratchasima,Y
A106224,2022-03-10,HP,261511,36,0.2075,11786,38,1,,73,999,Khon Kaen,
A106225,2024-09-13,HP,330243,36,0.1311,12781,25,2,,64,13,Khon Kaen,Y
A106226,2025-08-12,PL,428235,12,0.1717,41813,34,3,40147,24,999,Udon Thani,Y
A106227,2025-02-23,HP,260775,72,0.093,5642,46,3,62380,39,14,Bangkok,Y
A106228,2023-06-26,CC,103755,0,0.1592,0,35,1,23252,7,6,Songkhla,
A106229,2023-02-26,PL,82383,24,0.1051,4154,32,2,18726,35,16,Songkhla,
A106230,2024-03-29,PL,99240,36,0.2503,4826,51,1,15094,99,18,Chiang Mai,
A106231,2025-01-11,CC,47690,0,0.1631,0,24,1,16193,84,2,Khon Kaen,Y
A106232,2025-11-22,PL,362029,48,0.1987,13536,28,3,21172,62,11,Nakhon Ratchasima,N
A106233,2025-06-20,PL,101598,24,0.253,6375,46,1,32976,43,21,Chonburi,Y
A106234,2025-12-30,HP,384198,36,0.2598,18990,30,1,29715,87,3,Nonthaburi,Y
A106235,2025-03-18,HP,506851,48,0.2162,19691,47,1,29931,85,0,Phuket,Y
A106236,2022-02-28,PL,113962,48,0.1645,3936,23,3,35464,117,1,Rayong,
A106237,2023-07-27,PL,81299,36,0.1958,3584,44,2,16146,83,5,Rayong,
A106238,2022-04-01,PL,97264,24,0.2709,6248,39,2,17610,43,19,Phuket,
A106239,2025-08-11,PL,138964,48,0.1013,4068,60,2,,18,18,Songkhla,Y
A106240,2023-01-04,HP,520086,60,0.2083,17695,49,1,22131,65,15,Samut Prakan,
A106241,2023-07-11,HP,565983,36,0.148,22702,29,1,17019,58,5,Ubon Ratchathani,
A106242,2024-07-16,CC,27776,0,0.1992,0,25,1,22731,6,7,Nonthaburi,Y
A106243,2022-03-05,CC,119183,0,0.1,0,34,2,22847,63,15,Nonthaburi,
A106244,2025-11-08,PL,65724,12,0.1689,6402,49,1,29966,86,7,Phuket,Y
A106245,2024-11-27,CC,52276,0,0.2575,0,48,2,145385,141,10,Chiang Mai,Y
A106246,2025-07-25,PL,218131,24,0.1849,12449,21,2,,84,1,Bangkok,Y
A106247,2025-12-16,CC,87275,0,0.2719,0,41,1,,127,20,Songkhla,N
A106248,2025-04-12,HP,447433,60,0.1467,12927,26,3,23162,122,21,Nakhon Ratchasima,Y
A106249,2025-11-12,PL,68348,48,0.2073,2604,37,1,33286,16,9,Nakhon Ratchasima,Y
A106250,2025-03-26,PL,217447,48,0.0929,6213,20,2,,69,0,Chonburi,Y
A106251,2022-11-02,PL,312613,48,0.2346,12624,46,3,37228,43,999,Samut Prakan,
A106252,2024-12-02,PL,143853,36,0.1947,6329,39,3,20335,74,1,Samut Prakan,Y
A106253,2023-03-17,PL,69503,24,0.2557,4376,26,2,46872,55,2,Rayong,
A106254,2023-10-02,PL,91612,12,0.2245,9348,36,2,36389,22,19,Songkhla,
A106255,2025-09-22,PL,28991,24,0.2495,1810,47,2,,37,7,Chiang Mai,Y
A106256,2023-06-29,CC,37123,0,0.1696,0,32,2,,40,8,Udon Thani,
A106257,2023-04-05,HP,257191,48,0.2478,10669,40,1,13744,42,10,Rayong,
A106258,2023-05-07,CC,130377,0,0.141,0,49,3,50614,74,16,Rayong,
A106259,2024-04-19,CC,19044,0,0.0928,0,38,1,,101,12,Chonburi,Y
A106260,2022-05-14,HP,569934,48,0.1521,19097,48,2,38348,76,11,Chonburi,
A106261,2023-11-20,PL,119949,36,0.1912,5243,41,9,,17,4,Khon Kaen,
A106262,2023-06-17,PL,146216,48,0.2795,6451,46,1,26158,3,999,Phuket,
A106263,2022-09-23,HP,584661,36,0.1887,25434,36,2,52481,2,6,Songkhla,
A106264,2024-08-29,HP,420720,36,0.2603,20812,48,1,,22,16,Phuket,Y
A106265,2025-04-29,PL,184284,48,0.2203,7222,48,2,,97,10,Khon Kaen,N
A106266,2023-12-09,CC,30278,0,0.2083,0,60,2,,96,3,Ubon Ratchathani,
A106267,2022-09-10,PL,104687,24,0.2735,6747,25,9,,106,999,Rayong,
A106268,2023-10-03,PL,88411,48,0.2091,3382,37,1,37390,109,12,Phuket,
A106269,2023-09-29,HP,335266,72,0.1747,9537,32,1,16577,109,18,Nonthaburi,
A106270,2025-03-04,CC,26361,0,0.1603,0,40,1,39619,155,3,Chonburi,Y
A106271,2023-03-06,PL,119222,48,0.1157,3633,20,3,25014,53,27,Samut Prakan,
A106272,2025-03-04,PL,100637,12,0.1634,9756,20,2,82085,13,15,Nonthaburi,Y
A106273,2025-07-23,HP,207764,60,0.112,5401,39,1,16723,52,8,Nakhon Ratchasima,Y
A106274,2022-09-19,HP,621993,72,0.0959,13609,32,1,24159,0,999,Ubon Ratchathani,
A106275,2025-08-15,CC,35682,0,0.0955,0,32,1,25774,37,14,Chiang Mai,Y
A106276,2023-08-10,HP,186539,48,0.2646,7999,51,1,21433,49,22,Rayong,
A106277,2024-12-29,HP,440944,48,0.2056,16741,29,1,34547,90,15,Khon Kaen,N
A106278,2022-04-10,PL,247561,24,0.1308,13013,56,1,52898,21,7,Chiang Mai,
A106279,2024-01-28,PL,285350,12,0.0931,25993,24,1,30981,4,999,Bangkok,
A106280,2022-05-16,PL,337881,36,0.1405,13341,52,1,12278,91,8,Khon Kaen,
A106281,2024-05-02,HP,637317,36,0.1598,26190,38,1,26430,89,999,Songkhla,Y
A106282,2024-09-02,HP,342702,72,0.2215,11085,33,2,,55,21,Phuket,N
A106283,2024-12-06,HP,188978,72,0.2005,5782,52,1,16081,93,7,Rayong,Y
A106284,2023-08-17,HP,439014,60,0.1102,11348,20,1,,40,8,Udon Thani,
A106285,2022-06-23,PL,175107,12,0.2538,18295,48,2,,4,999,Bangkok,
A106286,2022-07-16,HP,212284,36,0.2624,10538,36,1,19911,50,14,Ubon Ratchathani,
A106287,2025-04-20,PL,200169,12,0.1168,18629,51,1,21341,68,19,Ubon Ratchathani,Y
A106288,2024-10-11,HP,304069,48,0.2113,11688,20,1,31101,85,16,Rayong,Y
A106289,2025-08-27,PL,165629,48,0.1767,5889,41,1,31903,110,4,Nonthaburi,Y
A106290,2024-01-21,PL,294663,12,0.1388,27963,40,2,25900,36,13,Udon Thani,
A106291,2025-07-25,PL,97685,36,0.1183,3676,23,3,22335,30,0,Ubon Ratchathani,Y
A106292,2023-04-08,HP,867133,36,0.1573,35453,50,2,72663,125,5,Udon Thani,
A106293,2024-04-27,PL,53536,12,0.1149,4973,20,1,14918,51,17,Bangkok,Y
A106294,2025-05-08,HP,737802,48,0.1083,22029,23,1,59364,28,12,Songkhla,Y
A106295,2024-10-27,CC,39174,0,0.1789,0,37,2,,48,8,Ubon Ratchathani,Y
A106296,2025-03-24,PL,217369,12,0.1926,21602,38,2,,83,6,Bangkok,Y
A106297,2023-12-04,PL,165785,24,0.2789,10760,51,2,,28,10,Ubon Ratchathani,
A106298,2022-12-26,CC,32998,0,0.1124,0,20,1,,35,5,Ubon Ratchathani,
A106299,2022-07-10,PL,104015,12,0.2094,10482,33,1,36669,74,13,Songkhla,
A106300,2024-02-10,PL,53099,12,0.1819,5229,30,1,70515,73,3,Nakhon Ratchasima,
A106301,2023-02-23,HP,225420,36,0.1236,8583,46,3,18793,72,6,Nakhon Ratchasima,
A106302,2025-05-27,PL,167881,48,0.2219,6601,30,1,17958,33,7,Phuket,Y
A106303,2025-08-17,PL,137709,24,0.1078,6974,34,3,36774,29,3,Bangkok,Y
A106304,2025-06-21,CC,189284,0,0.13,0,41,3,19632,126,26,Khon Kaen,N
A106305,2023-04-17,PL,278369,48,0.1348,8926,43,2,,7,4,Chiang Mai,
A106306,2022-04-07,PL,57089,24,0.1885,3275,46,1,46179,70,8,Bangkok,
A106307,2023-05-10,CC,25148,0,0.1813,0,38,1,15038,145,999,Nonthaburi,
A106308,2025-03-29,PL,164250,12,0.2331,16878,40,1,21160,80,12,Phuket,Y
A106309,2022-08-28,PL,279709,12,0.1662,27183,25,1,18480,21,8,Samut Prakan,
A106310,2024-04-29,HP,221170,72,0.1453,5749,20,1,12802,66,7,Chonburi,Y
A106311,2022-11-26,HP,238055,60,0.2501,8929,47,1,,38,999,Udon Thani,
A106312,2025-09-11,PL,91098,24,0.1078,4614,51,2,,109,20,Bangkok,Y
A106313,2022-08-02,PL,130130,48,0.221,5107,27,1,37730,135,6,Phuket,
A106314,2025-05-11,PL,66165,24,0.2295,4022,32,1,46506,76,17,Bangkok,N
A106315,2024-05-04,PL,151706,36,0.1851,6554,32,2,45259,48,8,Nonthaburi,Y
A106316,2023-07-01,HP,170639,36,0.175,7228,41,1,45857,88,999,Ubon Ratchathani,
A106317,2024-08-23,PL,29012,12,0.2104,2926,51,1,21760,73,13,Nakhon Ratchasima,N
A106318,2024-10-02,HP,86794,36,0.231,4081,24,2,142246,99,8,Nakhon Ratchasima,N
A106319,2024-06-24,CC,32907,0,0.1528,0,26,3,35351,84,0,Bangkok,Y
A106320,2025-02-15,PL,137901,48,0.2071,5252,46,3,44251,95,5,Nonthaburi,Y
A106321,2025-01-27,HP,363449,60,0.1776,11436,20,1,42295,49,4,Phuket,Y
A106322,2024-06-15,HP,282722,48,0.2758,12387,30,1,43973,29,14,Nonthaburi,Y
A106323,2025-03-15,HP,109207,60,0.1877,3528,49,1,19045,15,1,Chiang Mai,N
A106324,2023-05-12,PL,141275,48,0.2503,5889,35,2,,96,0,Udon Thani,
A106325,2023-01-09,HP,254316,36,0.1704,10675,27,2,26139,5,10,Samut Prakan,
A106326,2022-11-16,HP,249993,60,0.1292,6858,34,1,22628,12,6,Nakhon Ratchasima,
A106327,2023-09-28,CC,28507,0,0.1399,0,27,1,,49,20,Bangkok,
A106328,2023-04-13,HP,448976,60,0.2432,16582,23,1,27761,117,14,Songkhla,
A106329,2022-11-12,PL,78720,12,0.1889,7799,39,1,,25,9,Udon Thani,
A106330,2024-07-08,HP,176813,60,0.102,4449,20,9,26862,77,7,Samut Prakan,Y
A106331,2023-11-22,HP,373853,48,0.182,13458,41,1,38897,5,4,Nakhon Ratchasima,
A106332,2024-05-16,PL,155102,36,0.1058,5675,20,2,25390,30,8,Samut Prakan,Y
A106333,2025-02-09,PL,70516,36,0.1692,2953,29,1,76056,102,20,Khon Kaen,Y
A106334,2025-02-13,CC,66529,0,0.2024,0,47,1,52959,60,18,Samut Prakan,Y
A106335,2025-01-04,CC,67961,0,0.2402,0,40,1,9000,60,999,Nonthaburi,Y
A106336,2022-12-10,CC,18870,0,0.1254,0,27,1,10755,41,7,Nakhon Ratchasima,
A106337,2024-09-07,PL,107851,12,0.2326,11078,40,9,,39,12,Chiang Mai,Y
A106338,2022-09-03,HP,624010,48,0.1814,22433,37,1,17966,29,10,Samut Prakan,
A106339,2023-02-22,HP,127474,60,0.2347,4617,43,1,11832,48,14,Bangkok,
A106340,2025-04-29,PL,113812,24,0.1837,6484,33,3,18844,13,8,Ubon Ratchathani,Y
A106341,2025-04-09,PL,411932,24,0.219,24681,39,3,28003,19,9,Khon Kaen,N
A106342,2024-11-03,PL,141190,36,0.1686,5905,25,2,32839,85,26,Samut Prakan,N
A106343,2023-07-23,CC,21029,0,0.2104,0,48,3,26778,25,3,Nonthaburi,
A106344,2025-01-02,HP,222874,60,0.1548,6589,28,1,32255,74,4,Rayong,N
A106345,2022-03-19,HP,199341,60,0.108,5116,24,1,17974,102,17,Samut Prakan,
A106346,2025-03-29,PL,120380,12,0.135,11385,29,3,29770,1,7,Phuket,Y
A106347,2024-04-12,CC,42710,0,0.1379,0,20,1,26850,35,15,Udon Thani,N
A106348,2022-06-14,CC,66368,0,0.2256,0,37,2,,34,4,Phuket,
A106349,2022-01-03,CC,113251,0,0.1985,0,46,3,58494,117,23,Rayong,
A106350,2022-08-26,PL,153992,24,0.2787,9992,32,1,18792,15,22,Samut Prakan,
A106351,2022-08-19,PL,75042,48,0.0966,2167,38,1,34554,10,3,Chiang Mai,
A106352,2024-04-11,PL,414789,36,0.1532,16817,49,1,26590,116,30,Ubon Ratchathani,N
A106353,2025-08-04,HP,480821,60,0.2346,17413,51,1,16559,101,999,Nonthaburi,N
A106354,2022-10-25,PL,172733,12,0.1746,16907,20,1,21490,2,20,Nonthaburi,
A106355,2025-01-29,PL,133282,12,0.2445,13822,29,3,19564,23,3,Bangkok,Y
A106356,2023-07-18,CC,54349,0,0.2392,0,48,1,52877,98,7,Nakhon Ratchasima,
A106357,2023-10-15,PL,130193,36,0.1049,4754,46,3,26061,27,11,Samut Prakan,
A106358,2025-01-11,HP,379036,48,0.1572,12861,41,2,21549,41,11,Phuket,Y
A106359,2022-02-07,HP,128858,72,0.1698,3613,43,1,75408,80,14,Rayong,
A106360,2023-11-16,PL,293510,12,0.1159,27293,64,3,21540,40,13,Bangkok,
A106361,2023-03-28,PL,141685,12,0.2496,14754,23,1,18295,114,12,Rayong,
A106362,2025-06-20,HP,231715,72,0.1369,5861,45,3,22994,107,10,Ubon Ratchathani,Y
A106363,2024-06-07,PL,63362,12,0.2412,6553,20,1,34789,44,1,Chiang Mai,Y
A106364,2023-08-29,HP,255520,60,0.2242,9032,27,2,23299,78,16,Songkhla,
A106365,2024-09-03,HP,131637,36,0.2371,6257,36,2,22443,8,4,Rayong,N
A106366,2023-08-16,HP,216483,60,0.2533,8177,37,9,18533,82,0,Udon Thani,
A106367,2022-06-26,PL,196307,12,0.2146,19869,46,2,42803,71,13,Udon Thani,
A106368,2023-01-30,PL,102166,24,0.1048,5149,38,1,25105,29,8,Songkhla,
A106369,2024-06-27,HP,522958,48,0.2383,21280,28,2,21121,69,17,Nonthaburi,Y
A106370,2022-01-23,CC,44619,0,0.2412,0,46,3,,84,999,Samut Prakan,
A106371,2024-12-29,HP,218476,36,0.2098,9888,42,3,33723,136,5,Songkhla,N
A106372,2023-06-11,HP,231993,72,0.1492,6106,50,3,63249,63,2,Songkhla,
A106373,2025-01-14,HP,589477,72,0.2718,21538,31,1,15683,72,17,Bangkok,N
A106374,2024-11-28,PL,116981,48,0.1146,3554,35,2,,82,0,Khon Kaen,N
A106375,2024-07-06,PL,119112,48,0.1921,4388,47,1,54393,10,4,Chiang Mai,Y
A106376,2023-07-09,CC,53526,0,0.2107,0,28,2,,132,5,Khon Kaen,
A106377,2025-07-28,PL,138651,12,0.1427,13203,40,2,27866,13,26,Chiang Mai,Y
A106378,2025-12-30,PL,70676,36,0.1681,2953,36,1,56349,71,16,Chiang Mai,Y
A106379,2024-03-11,PL,100712,24,0.1685,5610,38,2,,68,6,Rayong,
A106380,2025-07-20,PL,168964,24,0.1677,9401,25,1,55798,46,1,Udon Thani,N
A106381,2023-06-17,PL,97794,24,0.1508,5303,51,2,,8,5,Udon Thani,
A106382,2024-12-29,PL,137125,36,0.1832,5902,47,1,,140,22,Songkhla,Y
A106383,2024-03-06,HP,242521,72,0.1112,5615,24,1,23886,82,3,Ubon Ratchathani,
A106384,2022-08-02,PL,228947,36,0.1632,9473,48,1,70343,100,999,Chiang Mai,
A106385,2025-05-19,PL,145172,12,0.1242,13600,40,1,22991,12,7,Udon Thani,Y
A106386,2022-12-08,CC,48924,0,0.2136,0,42,2,,114,6,Chiang Mai,
A106387,2025-03-22,PL,44051,24,0.1961,2555,53,9,27009,25,5,Nonthaburi,Y
A106388,2024-01-31,PL,90642,12,0.1746,8872,47,2,,60,6,Nonthaburi,
A106389,2024-03-06,HP,625324,60,0.1411,17774,43,3,16204,2,9,Samut Prakan,
A106390,2022-06-27,PL,124949,36,0.1261,4783,58,1,24406,87,1,Songkhla,
A106391,2023-12-11,PL,99873,36,0.1073,3667,46,1,24099,61,2,Songkhla,
A106392,2023-06-25,PL,88963,12,0.1975,8877,20,1,35312,40,12,Ubon Ratchathani,
A106393,2023-05-16,PL,125727,24,0.2538,7897,34,3,42720,22,4,Chonburi,
A106394,2022-10-28,CC,36644,0,0.2152,0,44,1,34768,57,13,Chonburi,
A106395,2024-02-13,CC,39150,0,0.1435,0,55,2,31448,46,5,Nakhon Ratchasima,
A106396,2022-05-30,CC,39645,0,0.2673,0,33,1,30150,78,13,Ubon Ratchathani,
A106397,2022-11-19,HP,506777,60,0.193,16596,23,9,33804,3,14,Nonthaburi,
A106398,2025-05-14,HP,129925,72,0.2432,4437,51,2,,131,11,Phuket,Y
A106399,2024-08-23,PL,76929,24,0.1524,4182,28,9,,73,19,Chiang Mai,Y
A106400,2022-12-13,HP,277463,48,0.1836,10025,20,1,,24,14,Phuket,
A106401,2025-04-06,HP,128238,36,0.2221,5935,34,1,30374,14,7,Khon Kaen,Y
A106402,2023-03-05,CC,67965,0,0.1811,0,34,3,28783,100,17,Samut Prakan,
A106403,2023-01-02,HP,211435,60,0.2658,8207,23,3,32687,57,999,Songkhla,
A106404,2024-11-01,PL,76809,48,0.1996,2877,35,2,59275,70,999,Phuket,Y
A106405,2022-11-12,PL,83745,48,0.1598,2859,33,1,29689,1,2,Nakhon Ratchasima,
A106406,2024-02-23,CC,69887,0,0.11,0,42,3,60351,96,9,Chonburi,
A106407,2022-03-22,CC,44890,0,0.0959,0,53,3,47172,45,1,Songkhla,
A106408,2024-01-31,PL,141254,12,0.2432,14633,30,1,27170,93,16,Songkhla,
A106409,2024-09-07,HP,129605,36,0.1058,4742,37,1,16449,43,999,Phuket,Y
A106410,2024-06-10,PL,116791,36,0.2405,5584,21,2,24577,48,12,Chiang Mai,Y
A106411,2025-09-25,CC,29736,0,0.2325,0,44,2,,28,12,Nonthaburi,Y
A106412,2023-12-18,PL,178201,48,0.1471,5896,42,2,26983,8,8,Nakhon Ratchasima,
A106413,2022-06-19,PL,150390,36,0.1021,5457,39,3,50263,30,4,Udon Thani,
A106414,2024-05-09,HP,143443,72,0.1695,4018,42,3,,124,1,Chonburi,Y
A106415,2023-03-20,HP,148841,48,0.266,6400,20,3,22028,3,7,Phuket,
A106416,2022-12-11,HP,221187,60,0.1236,5964,20,1,37258,143,3,Bangkok,
A106417,2022-09-04,CC,88224,0,0.2159,0,20,1,14680,1,13,Chiang Mai,
A106418,2025-11-21,HP,718490,36,0.1066,26340,34,2,,42,4,Chiang Mai,Y
A106419,2025-04-30,HP,152424,36,0.1223,5787,24,9,53732,18,5,Bangkok,Y
A106420,2024-03-29,HP,414692,48,0.2132,16007,37,1,12111,29,999,Udon Thani,
A106421,2022-06-21,HP,236207,48,0.2617,10072,44,1,67801,107,10,Nonthaburi,
A106422,2023-02-05,CC,58674,0,0.0926,0,50,1,50117,65,3,Ubon Ratchathani,
A106423,2024-03-21,PL,77806,12,0.266,8208,41,3,15354,7,4,Chonburi,
A106424,2023-08-29,HP,524718,48,0.1635,18080,48,2,,45,1,Phuket,
A106425,2025-06-25,PL,254281,36,0.2578,12526,26,1,18332,34,13,Chonburi,Y
A106426,2024-01-28,CC,26976,0,0.2162,0,48,1,46967,1,8,Ubon Ratchathani,
A106427,2025-06-03,PL,218745,36,0.1316,8475,47,3,,115,3,Nakhon Ratchasima,Y
A106428,2023-12-27,HP,157029,72,0.1915,4686,37,2,45687,99,2,Songkhla,
A106429,2025-07-28,CC,101131,0,0.2794,0,35,1,21275,74,9,Ubon Ratchathani,N
A106430,2023-08-23,PL,132238,24,0.205,7768,30,2,,78,1,Chiang Mai,
A106431,2022-08-26,HP,103390,72,0.1848,3028,42,1,26110,0,999,Ubon Ratchathani,
A106432,2023-11-16,CC,32938,0,0.2464,0,42,2,56554,24,0,Samut Prakan,
A106433,2023-08-16,HP,228161,72,0.1428,5884,37,9,,134,1,Nakhon Ratchasima,
A106434,2025-08-15,HP,247534,48,0.2378,10062,42,1,24323,22,15,Phuket,N
A106435,2022-06-28,HP,535687,36,0.2276,25040,45,1,43410,73,999,Khon Kaen,
A106436,2025-07-16,HP,699652,48,0.2433,28761,42,2,25381,73,4,Songkhla,Y
A106437,2024-05-23,HP,170110,36,0.1414,6729,39,1,38876,105,14,Phuket,Y
A106438,2022-07-11,CC,27722,0,0.0,0,20,1,,109,999,Udon Thani,
A106439,2024-02-28,PL,252008,48,0.2696,10911,37,1,46550,54,10,Chiang Mai,
A106440,2022-05-04,CC,75128,0,0.1459,0,33,1,40157,62,999,Rayong,
A106441,2025-10-27,HP,149972,48,0.2732,6538,24,2,67818,82,0,Rayong,N
A106442,2023-06-13,PL,80117,24,0.2079,4726,38,1,44962,16,11,Bangkok,
A106443,2022-01-17,HP,1051478,60,0.1527,30904,50,1,35104,18,7,Udon Thani,
A106444,2023-01-21,CC,27183,0,0.2318,0,42,1,,68,0,Bangkok,
A106445,2025-11-30,PL,123364,12,0.2006,12342,29,2,,49,4,Bangkok,Y
A106446,2024-04-15,PL,86438,36,0.1272,3317,55,1,23237,101,6,Khon Kaen,Y
A106447,2025-04-11,HP,204092,60,0.2343,7386,42,1,19184,94,8,Udon Thani,N
A106448,2024-03-11,PL,68199,48,0.1082,2035,51,1,18710,58,999,Rayong,
A106449,2023-11-24,HP,338049,48,0.2657,14527,22,1,22743,24,15,Chonburi,
A106450,2024-09-07,CC,15134,0,0.091,0,27,1,,14,6,Phuket,N
A106451,2024-02-01,HP,165834,60,0.1012,4162,34,1,37562,75,15,Udon Thani,
A106452,2023-01-27,PL,160107,36,0.0956,5722,43,2,45419,56,3,Bangkok,
A106453,2022-03-07,PL,108761,12,0.1452,10379,46,1,13859,109,25,Nakhon Ratchasima,
A106454,2025-08-25,PL,186272,24,0.1799,10553,40,9,,28,12,Chonburi,N
A106455,2022-05-06,HP,208828,36,0.0968,7485,54,2,,27,23,Ubon Ratchathani,
A106456,2022-11-10,PL,285613,48,0.0941,8189,44,1,,13,20,Samut Prakan,
A106457,2022-06-01,HP,681502,72,0.1995,20795,22,1,55084,3,4,Phuket,
A106458,2025-06-28,CC,38209,0,0.1457,0,32,1,56267,50,999,Ubon Ratchathani,Y
A106459,2025-11-17,PL,118088,48,0.2672,5089,24,2,,20,5,Chiang Mai,Y
A106460,2024-07-17,CC,42951,0,0.2055,0,46,1,12964,18,999,Chonburi,Y
A106461,2025-09-24,PL,70038,12,0.2021,7016,43,1,63830,3,10,Khon Kaen,Y
A106462,2022-12-19,HP,289993,48,0.1009,8479,23,1,49618,30,2,Bangkok,
A106463,2024-07-10,PL,79775,36,0.2218,3690,20,3,54877,41,4,Rayong,Y
A106464,2024-04-12,PL,133800,12,0.1097,12373,39,3,16578,64,6,Khon Kaen,N
A106465,2024-06-07,PL,142330,12,0.2637,14988,32,3,37455,96,4,Ubon Ratchathani,Y
A106466,2024-09-23,PL,123077,48,0.0973,3562,40,1,20907,75,20,Chiang Mai,Y
A106467,2025-09-20,CC,48298,0,0.0996,0,40,1,14224,66,9,Chiang Mai,Y
A106468,2022-08-28,CC,31675,0,0.2676,0,30,9,,124,8,Nonthaburi,
A106469,2025-03-03,HP,568890,48,0.1368,18337,37,3,46206,76,1,Nonthaburi,Y
A106470,2022-03-30,CC,54626,0,0.0,0,26,2,,108,10,Udon Thani,
A106471,2024-01-17,HP,167546,72,0.2616,5979,20,1,40996,104,7,Nonthaburi,
A106472,2023-08-04,CC,20147,0,0.1258,0,24,2,,147,2,Ubon Ratchathani,
A106473,2023-07-02,PL,178371,12,0.1654,17322,20,2,68996,39,12,Nakhon Ratchasima,
A106474,2023-04-05,PL,80420,48,0.1315,2556,24,1,41627,120,1,Songkhla,
A106475,2022-11-09,PL,100259,24,0.2395,6178,40,9,,3,1,Khon Kaen,
A106476,2024-03-09,PL,128009,36,0.1099,4728,30,1,27399,49,7,Nonthaburi,
A106477,2022-05-08,PL,66682,12,0.256,6979,46,2,40969,111,13,Chonburi,
A106478,2023-09-29,HP,230937,36,0.27,11610,53,2,25580,53,9,Songkhla,
A106479,2025-10-18,PL,111855,24,0.1331,5901,52,2,,52,0,Rayong,Y
A106480,2023-06-12,CC,89158,0,0.0,0,20,1,24163,117,8,Udon Thani,
A106481,2022-12-31,PL,389588,24,0.1176,20050,31,1,52898,91,999,Rayong,
A106482,2025-07-20,PL,40644,36,0.2027,1815,43,2,17660,56,5,Phuket,Y
A106483,2025-07-10,CC,34335,0,0.1679,0,45,2,,41,14,Bangkok,Y
A106484,2024-03-16,CC,11853,0,0.2419,0,39,1,23285,27,6,Samut Prakan,
A106485,2024-09-27,PL,173557,24,0.1567,9497,39,1,,78,23,Ubon Ratchathani,N
A106486,2023-03-31,HP,153244,48,0.0965,4424,20,1,25223,20,4,Songkhla,
A106487,2025-09-24,HP,756562,72,0.1416,19435,22,1,,36,14,Ubon Ratchathani,Y
A106488,2022-01-22,PL,118482,12,0.2389,12232,20,3,24837,6,13,Bangkok,
A106489,2022-12-15,PL,85444,48,0.126,2677,27,2,,74,17,Nakhon Ratchasima,
A106490,2022-12-24,PL,250114,24,0.1729,14025,54,2,37109,37,17,Nonthaburi,
A106491,2022-12-08,CC,17989,0,0.2321,0,41,1,31699,22,999,Bangkok,
A106492,2025-03-05,CC,84506,0,0.2459,0,27,9,90578,86,23,Phuket,Y
A106493,2025-08-22,PL,204274,48,0.1546,6887,30,1,30662,85,18,Udon Thani,Y
A106494,2024-11-05,PL,95366,12,0.1715,9310,41,1,21578,79,13,Songkhla,Y
A106495,2023-12-31,HP,355719,48,0.21,13635,34,3,14641,33,0,Udon Thani,
A106496,2022-03-10,PL,81778,24,0.1939,4728,42,1,18716,64,18,Chiang Mai,
A106497,2024-05-08,PL,80419,24,0.2669,5139,35,1,43457,24,3,Chonburi,N
A106498,2023-07-18,HP,563452,60,0.0962,13907,35,3,,70,9,Samut Prakan,
A106499,2022-12-08,HP,1206446,72,0.2793,44836,34,1,33561,33,999,Rayong,
A106500,2022-06-20,HP,315848,36,0.193,13853,41,1,24921,1,5,Rayong,
A106501,2024-05-26,CC,64157,0,0.2318,0,39,3,25598,26,999,Chonburi,N
A106502,2022-04-03,PL,229734,12,0.1628,22261,43,3,21200,115,9,Ubon Ratchathani,
A106503,2023-01-11,PL,228283,48,0.0911,6488,42,1,32345,7,13,Ubon Ratchathani,
A106504,2023-01-11,PL,162858,24,0.2567,10269,41,3,,150,5,Nonthaburi,
A106505,2024-04-05,CC,44717,0,0.1389,0,29,2,41890,59,11,Phuket,N
A106506,2024-04-17,PL,90738,36,0.1128,3373,48,1,37429,128,4,Samut Prakan,Y
A106507,2023-12-29,CC,24066,0,0.129,0,49,1,9000,21,2,Chiang Mai,
A106508,2023-09-14,CC,34580,0,0.203,0,36,1,28583,20,25,Rayong,
A106509,2023-10-30,HP,833180,48,0.2558,35118,20,2,,33,2,Nakhon Ratchasima,
A106510,2022-02-04,PL,102892,48,0.2054,3904,35,3,12387,62,15,Nonthaburi,
A106511,2023-11-07,PL,109415,36,0.0935,3891,42,9,,23,10,Chonburi,
A106512,2022-05-14,HP,759638,72,0.1816,22046,29,3,39878,83,13,Samut Prakan,
A106513,2025-09-21,CC,51548,0,0.0,0,31,1,65681,84,8,Chonburi,Y
A106514,2022-07-21,CC,44201,0,0.0988,0,57,1,14323,46,12,Udon Thani,
A106515,2024-04-05,PL,50259,12,0.1452,4796,31,3,13619,85,11,Khon Kaen,Y
A106516,2022-05-15,PL,101276,12,0.2363,10433,34,1,32965,88,6,Khon Kaen,
A106517,2023-04-18,PL,35926,24,0.1031,1805,36,1,24429,141,19,Udon Thani,
A106518,2022-07-30,HP,737085,60,0.188,23832,36,1,58499,113,5,Samut Prakan,
A106519,2025-08-23,HP,163645,36,0.0924,5805,62,1,13933,16,17,Ubon Ratchathani,Y
A106520,2022-08-10,PL,144822,36,0.1726,6105,26,1,26480,3,999,Udon Thani,
A106521,2023-11-18,CC,76564,0,0.0981,0,41,1,23597,38,0,Songkhla,
A106522,2025-11-26,CC,31562,0,0.272,0,33,1,30224,39,14,Chiang Mai,Y
A106523,2023-01-11,CC,36780,0,0.2398,0,27,3,,38,3,Nakhon Ratchasima,
A106524,2022-02-15,PL,204769,24,0.1356,10845,32,3,18525,56,0,Chiang Mai,
A106525,2023-08-15,PL,95293,24,0.1311,5011,32,1,58597,69,0,Songkhla,
A106526,2022-12-20,CC,57853,0,0.2031,0,35,1,17667,111,0,Phuket,
A106527,2025-02-16,PL,116402,24,0.2225,7008,39,3,13641,20,5,Bangkok,Y
A106528,2022-09-29,PL,153792,24,0.1761,8664,55,1,,76,4,Songkhla,
A106529,2023-12-18,CC,30606,0,0.1529,0,26,1,18937,16,19,Khon Kaen,
A106530,2024-05-14,PL,119897,24,0.2108,7101,28,1,28159,48,999,Samut Prakan,Y
A106531,2023-12-10,HP,204537,36,0.1583,8379,36,3,,33,17,Ubon Ratchathani,
A106532,2024-11-18,HP,358247,36,0.1393,14109,54,1,,2,4,Bangkok,N
A106533,2023-06-17,PL,116763,48,0.182,4203,34,1,9598,100,8,Khon Kaen,
A106534,2022-05-30,PL,80921,36,0.1841,3489,40,1,16561,50,8,Rayong,
A106535,2023-03-11,PL,166063,12,0.2508,17309,54,2,,60,4,Phuket,
A106536,2025-03-08,CC,35974,0,0.1046,0,41,2,108955,5,6,Nonthaburi,N
A106537,2025-09-06,PL,128381,12,0.2518,13392,47,2,11712,19,14,Songkhla,Y
A106538,2024-07-26,CC,33085,0,0.2754,0,30,2,75017,162,18,Ubon Ratchathani,Y
A106539,2022-02-06,PL,205817,48,0.2626,8791,54,3,22916,6,3,Nakhon Ratchasima,
A106540,2025-04-28,CC,23340,0,0.1909,0,60,1,16660,138,3,Khon Kaen,Y
A106541,2023-07-30,HP,159585,72,0.2197,5138,32,2,,38,16,Phuket,
A106542,2022-06-30,HP,376229,60,0.2313,13522,46,1,30636,14,9,Udon Thani,
A106543,2025-11-02,CC,26019,0,0.2506,0,52,1,20558,20,0,Rayong,N
A106544,2025-05-07,PL,102176,48,0.0986,2968,40,1,23937,81,3,Khon Kaen,N
A106545,2024-03-31,PL,74500,36,0.1719,3136,33,1,54621,5,11,Ubon Ratchathani,
A106546,2023-11-19,HP,281767,72,0.2114,8877,23,2,18103,20,999,Chonburi,
A106547,2022-02-01,HP,170055,60,0.2566,6470,23,1,20118,3,6,Rayong,
A106548,2025-03-22,PL,69219,12,0.1711,6755,51,2,,149,9,Songkhla,Y
A106549,2022-02-13,PL,91897,48,0.2647,3941,47,1,,46,4,Ubon Ratchathani,
A106550,2022-01-27,PL,178845,36,0.1628,7394,53,1,52287,76,13,Udon Thani,
A106551,2024-09-22,CC,32281,0,0.183,0,38,1,49823,138,14,Rayong,N
A106552,2023-06-02,CC,77177,0,0.209,0,31,1,54806,22,2,Chonburi,
A106553,2023-02-13,PL,220658,24,0.1567,12075,38,1,29269,83,2,Rayong,
A106554,2025-02-23,CC,84659,0,0.0,0,21,1,41950,67,28,Phuket,Y
A106555,2025-09-15,HP,277325,72,0.2316,9204,39,1,11434,69,19,Nonthaburi,N
A106556,2022-08-23,HP,417501,60,0.2577,15924,49,1,35731,56,7,Songkhla,
A106557,2022-08-12,HP,277448,36,0.1632,11480,52,2,13674,75,15,Ubon Ratchathani,
A106558,2023-05-20,PL,94027,48,0.2045,3561,40,2,18693,103,11,Bangkok,
A106559,2025-11-07,HP,239026,36,0.1976,10575,35,3,48044,6,8,Udon Thani,Y
A106560,2024-03-10,CC,36796,0,0.2136,0,47,3,77973,32,9,Udon Thani,
A106561,2023-03-02,HP,259656,48,0.1966,9663,48,3,68383,82,2,Songkhla,
A106562,2023-12-27,PL,151652,12,0.118,14128,20,2,34312,33,8,Songkhla,
A106563,2022-12-16,PL,130296,24,0.1665,7236,37,1,48914,42,12,Songkhla,
A106564,2022-04-06,HP,246620,60,0.2098,8422,41,1,,15,18,Khon Kaen,
A106565,2024-01-05,PL,91565,24,0.1826,5208,30,1,29357,41,11,Nonthaburi,
A106566,2022-06-22,PL,184934,48,0.2543,7771,57,3,,34,6,Nakhon Ratchasima,
A106567,2024-11-01,PL,66593,36,0.1027,2419,34,3,58287,3,16,Phuket,N
A106568,2024-02-04,PL,113007,12,0.1355,10693,52,1,27704,45,8,Bangkok,
A106569,2022-12-23,HP,339144,48,0.2382,13797,41,1,36428,65,4,Chiang Mai,
A106570,2025-10-04,PL,82749,36,0.2722,4175,23,2,45397,22,4,Rayong,N
A106571,2025-02-27,HP,253807,48,0.2073,9672,35,2,28716,45,1,Ubon Ratchathani,Y
A106572,2023-06-07,CC,82861,0,0.2761,0,46,9,,38,31,Rayong,
A106573,2023-01-05,PL,195001,48,0.2651,8370,37,1,36418,31,0,Chonburi,
A106574,2025-08-12,PL,152860,24,0.2458,9500,26,2,,13,6,Ubon Ratchathani,Y
A106575,2022-12-09,HP,571842,72,0.1433,14770,37,9,,29,24,Bangkok,
A106576,2022-09-04,PL,96012,48,0.1136,2909,26,1,29777,92,13,Bangkok,
A106577,2023-04-08,PL,135630,48,0.1938,5016,51,1,18954,82,21,Nonthaburi,
A106578,2023-11-30,CC,34814,0,0.1101,0,20,1,28890,125,3,Bangkok,
A106579,2023-02-22,PL,47652,12,0.1425,4536,24,1,22098,55,21,Rayong,
A106580,2023-10-15,HP,324459,60,0.2342,11740,27,3,31039,11,2,Ubon Ratchathani,
A106581,2023-04-20,CC,88172,0,0.1863,0,45,2,,24,999,Phuket,
A106582,2025-12-07,PL,94903,12,0.1271,8913,47,2,31371,110,1,Phuket,N
A106583,2023-11-09,HP,236507,36,0.2354,11209,59,1,28840,9,999,Nonthaburi,
A106584,2024-04-16,HP,442532,72,0.123,10682,49,3,24740,75,22,Nakhon Ratchasima,N
A106585,2023-05-07,HP,159264,48,0.1395,5169,33,1,29143,7,4,Bangkok,
A106586,2024-06-03,HP,173446,48,0.2565,7320,37,1,25142,131,21,Samut Prakan,Y
A106587,2023-03-29,PL,88434,12,0.2737,9386,29,1,14372,30,1,Nonthaburi,
A106588,2025-05-31,CC,10483,0,0.0,0,30,1,36048,20,14,Nakhon Ratchasima,Y
A106589,2022-07-26,PL,85247,36,0.1076,3132,38,3,20912,88,14,Udon Thani,
A106590,2025-02-01,HP,287695,72,0.1869,8476,27,2,,6,4,Samut Prakan,N
A106591,2023-09-29,PL,218755,12,0.1346,20683,32,3,38660,62,10,Chonburi,
A106592,2022-08-01,HP,361057,48,0.213,13930,21,1,24278,10,6,Khon Kaen,
A106593,2025-01-29,CC,121567,0,0.2758,0,49,2,,30,3,Phuket,Y
A106594,2023-01-02,HP,392980,36,0.1743,16624,43,1,37778,2,24,Khon Kaen,
A106595,2022-09-28,HP,867764,72,0.2385,29299,28,1,35839,41,11,Udon Thani,
A106596,2025-02-24,CC,25859,0,0.1632,0,28,2,22361,52,5,Ubon Ratchathani,Y
A106597,2022-09-25,CC,39454,0,0.2513,0,38,1,45933,48,0,Phuket,
A106598,2024-09-19,HP,209688,72,0.1297,5178,25,3,46700,16,8,Chonburi,N
A106599,2025-10-05,PL,139806,48,0.2601,5942,43,1,19402,74,10,Chonburi,Y
A106600,2024-08-08,PL,120952,24,0.2744,7805,42,3,,14,9,Chonburi,Y
A106601,2025-04-20,PL,113233,36,0.2054,5083,29,3,44426,44,6,Samut Prakan,Y
A106602,2024-05-23,CC,34200,0,0.2236,0,54,1,54733,90,9,Ubon Ratchathani,Y
A106603,2025-08-16,HP,478161,60,0.1256,12974,50,1,39891,36,999,Nonthaburi,Y
A106604,2025-10-08,PL,215176,36,0.1776,9161,42,3,35327,38,5,Khon Kaen,N
A106605,2024-07-20,PL,230030,24,0.2135,13677,20,3,24930,47,21,Nakhon Ratchasima,Y
A106606,2022-08-15,PL,149756,36,0.2208,6915,46,2,,54,14,Chonburi,
A106607,2025-04-21,PL,145858,36,0.1312,5646,40,3,67062,17,18,Bangkok,Y
A106608,2024-05-29,HP,201881,48,0.0964,5827,34,3,50295,61,0,Samut Prakan,Y
A106609,2025-02-22,PL,142195,36,0.0931,5053,35,2,30349,33,14,Nonthaburi,N
A106610,2022-11-05,PL,272993,12,0.1692,26598,36,1,77089,26,9,Nonthaburi,
A106611,2022-10-13,HP,942144,60,0.1953,31035,36,3,13773,97,1,Nonthaburi,
A106612,2022-04-25,PL,46288,12,0.2372,4772,36,1,11175,101,15,Phuket,
A106613,2022-09-30,PL,194778,12,0.1042,17922,33,1,17177,103,2,Phuket,
A106614,2023-07-18,CC,26985,0,0.235,0,35,2,65815,64,0,Ubon Ratchathani,
A106615,2023-01-06,PL,294292,48,0.2625,12568,28,1,87277,53,1,Songkhla,
A106616,2025-07-20,PL,245218,48,0.1883,8956,20,2,16844,72,4,Rayong,N
A106617,2025-10-21,PL,187191,24,0.0921,9236,44,1,,86,8,Songkhla,Y
A106618,2025-05-09,CC,57947,0,0.1437,0,38,2,,48,21,Samut Prakan,Y
A106619,2025-04-11,CC,47144,0,0.0938,0,46,1,56957,132,8,Chiang Mai,N
A106620,2023-01-06,PL,182336,12,0.2145,18453,34,1,32577,35,5,Nakhon Ratchasima,
A106621,2024-05-23,CC,59144,0,0.1518,0,29,1,16392,65,9,Chiang Mai,Y
A106622,2023-10-12,CC,82687,0,0.1326,0,64,2,48182,82,1,Chonburi,
A106623,2023-11-25,PL,102374,12,0.1248,9595,40,3,45480,31,16,Rayong,
A106624,2024-04-01,CC,37488,0,0.2213,0,44,1,30591,22,20,Bangkok,Y
A106625,2023-03-05,HP,306251,60,0.239,11203,49,3,36304,15,1,Ubon Ratchathani,
A106626,2023-02-10,HP,482204,72,0.1262,11768,31,1,21782,117,12,Songkhla,
A106627,2023-03-23,PL,64223,12,0.1056,5917,20,2,,70,2,Phuket,
A106628,2023-03-20,PL,68108,24,0.1882,3905,33,3,40444,135,17,Rayong,
A106629,2022-12-15,HP,334466,36,0.2625,16607,30,2,37928,73,11,Phuket,
A106630,2025-04-03,CC,23954,0,0.2748,0,39,1,53191,21,16,Chonburi,Y
A106631,2025-04-16,HP,457624,48,0.1181,14037,20,1,69564,118,1,Chiang Mai,Y
A106632,2023-07-07,PL,92022,48,0.0967,2658,23,2,19950,89,6,Chiang Mai,
A106633,2024-03-25,HP,645492,72,0.1718,18206,45,2,60738,39,18,Khon Kaen,
A106634,2023-09-12,PL,224310,12,0.2711,23760,46,3,27718,69,17,Nakhon Ratchasima,
A106635,2024-06-09,CC,65677,0,0.1981,0,43,1,,7,15,Songkhla,Y
A106636,2022-05-25,PL,70079,36,0.1297,2704,34,2,,49,0,Samut Prakan,
A106637,2025-12-26,PL,68296,12,0.2636,7191,43,2,,74,4,Udon Thani,Y
A106638,2024-01-04,HP,731223,36,0.1626,30219,36,1,45473,94,999,Songkhla,
A106639,2023-05-06,PL,25449,24,0.1143,1302,31,2,72369,81,2,Nonthaburi,
A106640,2024-12-14,CC,66821,0,0.1492,0,36,3,16469,126,9,Bangkok,Y
A106641,2022-09-15,HP,338524,36,0.1171,12706,24,1,21014,95,13,Udon Thani,
A106642,2023-08-05,HP,666986,36,0.0977,23957,25,3,9686,95,16,Chonburi,
A106643,2023-05-06,PL,92867,48,0.1454,3059,26,1,11097,50,5,Nonthaburi,
A106644,2023-03-16,PL,106938,24,0.1567,5852,40,3,,111,3,Phuket,
A106645,2024-01-31,HP,109410,48,0.2127,4218,39,1,23231,9,2,Phuket,
A106646,2023-02-01,CC,93763,0,0.2647,0,42,3,54163,34,8,Khon Kaen,
A106647,2024-10-26,PL,398508,36,0.2764,20248,37,1,50307,104,3,Phuket,Y
A106648,2025-09-20,HP,265088,60,0.1383,7473,38,9,,0,4,Nonthaburi,Y
A106649,2022-09-07,HP,286741,60,0.2675,11170,56,1,26312,86,3,Chiang Mai,
A106650,2023-02-28,PL,52685,36,0.0958,1884,45,2,,120,0,Nonthaburi,
A106651,2025-10-10,HP,174778,48,0.1713,6136,31,3,21832,3,5,Chiang Mai,N
A106652,2023-08-05,CC,64347,0,0.219,0,51,1,16020,3,4,Khon Kaen,
A106653,2022-05-19,HP,188548,72,0.1849,5523,61,1,38455,38,9,Bangkok,
A106654,2025-10-07,HP,516583,48,0.2364,20938,32,1,18590,118,1,Samut Prakan,N
A106655,2025-05-11,HP,380234,36,0.2468,18382,32,3,34528,49,8,Phuket,Y
A106656,2023-09-13,PL,97706,36,0.1357,3818,27,3,35124,41,17,Nakhon Ratchasima,
A106657,2023-05-22,PL,124809,48,0.123,3879,30,1,77771,113,13,Ubon Ratchathani,
A106658,2025-04-24,PL,88132,24,0.2381,5420,20,1,27182,28,4,Songkhla,Y
A106659,2024-12-09,CC,21595,0,0.2629,0,20,2,,9,10,Bangkok,N
A106660,2023-02-25,HP,511929,48,0.2474,21219,48,1,20870,32,11,Bangkok,
A106661,2025-09-06,HP,491407,60,0.2283,17539,43,1,31508,44,1,Samut Prakan,N
A106662,2024-04-09,HP,396869,36,0.1182,14933,36,2,43310,94,4,Khon Kaen,Y
A106663,2024-03-28,HP,302839,60,0.1662,9241,44,1,26541,62,21,Udon Thani,
A106664,2022-12-17,CC,82876,0,0.1361,0,35,2,,81,999,Rayong,
A106665,2023-07-03,HP,377763,60,0.235,13693,44,1,,67,5,Nonthaburi,
A106666,2025-09-23,HP,295635,48,0.2286,11790,43,2,26817,2,14,Nakhon Ratchasima,N
A106667,2022-09-17,PL,80352,36,0.2674,4022,33,1,18672,137,19,Chiang Mai,
A106668,2024-09-08,CC,69464,0,0.1929,0,29,1,85267,28,999,Songkhla,Y
A106669,2022-08-06,PL,208970,24,0.2302,12715,42,3,12061,95,20,Bangkok,
A106670,2025-08-08,HP,228201,36,0.2679,11433,21,3,27638,41,11,Chiang Mai,N
A106671,2023-04-29,HP,194647,72,0.1908,5798,26,2,,98,999,Rayong,
A106672,2025-10-01,PL,122888,24,0.1698,6859,34,2,41916,16,13,Khon Kaen,Y
A106673,2025-05-01,HP,284414,36,0.1446,11327,44,1,61486,23,16,Samut Prakan,Y
A106674,2022-10-08,HP,195742,48,0.1411,6379,28,1,39093,54,13,Chonburi,
A106675,2023-10-19,PL,68899,24,0.1721,3858,36,3,15864,133,999,Bangkok,
A106676,2022-09-25,CC,25560,0,0.2347,0,20,2,,93,22,Ubon Ratchathani,
A106677,2025-10-19,CC,23104,0,0.269,0,42,2,32842,48,5,Chonburi,Y
A106678,2022-07-10,PL,156868,12,0.2234,15992,28,9,,79,6,Udon Thani,
A106679,2024-02-16,CC,50767,0,0.2047,0,50,3,,80,9,Nonthaburi,
A106680,2023-01-12,CC,38725,0,0.2139,0,36,3,58359,9,28,Khon Kaen,
A106681,2023-07-04,PL,146352,24,0.1245,7616,29,1,20660,44,9,Nonthaburi,
A106682,2025-08-30,HP,238703,36,0.2009,10626,30,1,43658,48,8,Ubon Ratchathani,Y
A106683,2024-02-26,PL,98350,24,0.1388,5235,49,2,28874,46,13,Phuket,
A106684,2025-11-16,HP,191086,48,0.2614,8143,38,1,,157,9,Chonburi,Y
A106685,2025-09-18,PL,207515,48,0.1688,7242,41,1,57195,25,23,Khon Kaen,Y
A106686,2025-12-16,HP,457125,36,0.2419,21912,27,2,54620,91,18,Nonthaburi,Y
A106687,2022-08-22,CC,70330,0,0.1511,0,25,1,41723,78,9,Samut Prakan,
A106688,2022-02-13,HP,211118,72,0.1285,5192,32,2,57223,31,24,Rayong,
A106689,2024-09-12,CC,55926,0,0.0,0,39,2,,38,17,Nakhon Ratchasima,Y
A106690,2024-10-17,HP,105774,72,0.2101,3321,52,1,11151,34,3,Phuket,Y
A106691,2022-06-05,CC,77050,0,0.0968,0,49,2,,29,16,Khon Kaen,
A106692,2025-04-10,HP,234732,72,0.2471,8093,24,1,,67,13,Ubon Ratchathani,Y
A106693,2023-10-26,CC,29366,0,0.2072,0,23,1,32513,98,8,Phuket,
A106694,2024-04-17,HP,84399,60,0.1886,2733,39,3,27327,50,10,Khon Kaen,Y
A106695,2024-09-30,HP,147374,48,0.1758,5229,37,1,19063,19,3,Udon Thani,N
A106696,2025-09-20,HP,323919,60,0.2104,11078,20,3,28109,4,4,Chiang Mai,Y
A106697,2023-02-28,HP,339781,36,0.1384,13357,20,1,35399,45,25,Udon Thani,
A106698,2023-01-10,CC,18759,0,0.1302,0,51,1,27427,12,4,Samut Prakan,
A106699,2024-02-14,HP,399103,48,0.204,15099,28,3,36598,86,2,Ubon Ratchathani,
A106700,2023-05-07,HP,133483,48,0.1861,4850,52,1,24684,77,17,Samut Prakan,
A106701,2023-05-16,PL,236953,48,0.1043,6996,43,1,17477,1,18,Bangkok,
A106702,2022-11-30,PL,75332,36,0.1432,2991,31,1,38781,129,13,Khon Kaen,
A106703,2022-05-04,PL,73303,36,0.1527,2968,39,3,26749,67,999,Rayong,
A106704,2023-03-04,PL,208086,12,0.1057,19173,22,2,,123,6,Ubon Ratchathani,
A106705,2024-07-26,HP,252394,60,0.1427,7207,20,1,30542,87,1,Songkhla,Y
A106706,2022-07-29,CC,89314,0,0.2352,0,39,1,14839,39,16,Udon Thani,
A106707,2025-01-24,HP,385206,36,0.1171,14459,38,2,,54,13,Phuket,Y
A106708,2024-09-21,HP,404256,60,0.2683,15776,46,3,47836,25,5,Songkhla,N
A106709,2024-04-03,HP,305933,72,0.2172,9786,31,2,17036,52,0,Udon Thani,Y
A106710,2022-07-17,HP,217413,72,0.1484,5708,46,1,,106,5,Rayong,
A106711,2025-07-01,PL,121737,48,0.1096,3648,22,2,26044,42,11,Bangkok,Y
A106712,2024-09-07,CC,22904,0,0.0978,0,56,1,49842,2,14,Chonburi,N
A106713,2025-05-28,CC,49828,0,0.2074,0,56,3,38411,77,11,Rayong,Y
A106714,2025-10-02,HP,611899,72,0.2465,21068,34,1,31341,50,13,Chiang Mai,Y
A106715,2022-05-19,CC,45745,0,0.1209,0,39,2,,52,15,Chiang Mai,
A106716,2023-11-04,HP,376487,48,0.2531,15784,50,1,30081,118,999,Chiang Mai,
A106717,2022-01-28,CC,39047,0,0.2773,0,22,1,,43,3,Khon Kaen,
A106718,2024-03-23,HP,224113,72,0.2063,6965,32,1,15623,83,1,Ubon Ratchathani,
A106719,2025-08-30,PL,45007,36,0.1307,1740,53,2,,110,3,Samut Prakan,Y
A106720,2025-08-24,CC,56721,0,0.1979,0,31,3,44265,116,5,Rayong,Y
A106721,2025-04-28,HP,581579,72,0.1741,16515,35,1,83785,28,4,Udon Thani,Y
A106722,2022-12-14,PL,77867,12,0.2152,7885,33,2,89888,55,5,Phuket,
A106723,2023-05-18,HP,265444,72,0.1361,6697,52,1,38884,30,999,Chiang Mai,
A106724,2025-11-08,CC,29644,0,0.196,0,50,2,,119,9,Rayong,N
A106725,2024-06-14,HP,466516,36,0.2265,21764,32,1,36928,5,1,Songkhla,Y
A106726,2025-01-31,HP,502041,72,0.2492,17398,40,1,34276,204,13,Chiang Mai,N
A106727,2023-02-01,PL,76903,36,0.1506,3101,42,3,14348,96,18,Chonburi,
A106728,2025-01-14,PL,194663,36,0.2453,9386,41,3,22858,152,12,Samut Prakan,N
A106729,2025-03-16,PL,62313,12,0.2088,6276,29,2,66477,81,999,Samut Prakan,Y
A106730,2022-11-24,HP,176709,36,0.2614,8757,39,1,14874,129,5,Samut Prakan,
A106731,2022-04-04,HP,416010,60,0.2648,16113,33,3,17642,38,0,Chiang Mai,
A106732,2025-10-18,PL,152352,36,0.1092,5618,40,1,26215,130,5,Bangkok,N
A106733,2025-11-12,PL,96236,48,0.1765,3420,51,1,,4,25,Ubon Ratchathani,Y
A106734,2022-04-23,PL,211982,12,0.2732,22491,31,3,41261,84,5,Chiang Mai,
A106735,2022-08-04,PL,114101,48,0.1006,3333,27,1,34532,100,1,Songkhla,
A106736,2022-08-25,HP,423647,36,0.2064,19054,48,1,25562,7,999,Ubon Ratchathani,
A106737,2025-04-13,CC,63775,0,0.1739,0,22,1,59241,64,999,Nakhon Ratchasima,N
A106738,2023-04-12,HP,354673,60,0.1686,10894,37,2,27163,75,4,Ubon Ratchathani,
A106739,2023-04-18,CC,42132,0,0.2394,0,40,1,18061,17,999,Bangkok,
A106740,2025-10-27,PL,126500,24,0.2203,7593,40,1,17438,104,6,Udon Thani,N
A106741,2023-07-19,PL,172115,12,0.2353,17717,55,1,13406,28,12,Nonthaburi,
A106742,2022-10-29,PL,62418,12,0.0919,5679,31,1,25678,54,23,Chonburi,
A106743,2024-05-01,PL,114290,36,0.1706,4799,30,3,32237,65,17,Nonthaburi,Y
A106744,2024-11-03,PL,397794,12,0.2663,41977,28,1,34418,14,999,Ubon Ratchathani,Y
A106745,2025-05-10,HP,159632,36,0.2293,7484,30,3,20869,152,1,Rayong,Y
A106746,2024-01-15,CC,47991,0,0.1342,0,36,2,44350,39,11,Chiang Mai,
A106747,2024-04-12,PL,87892,24,0.1448,4722,34,3,45031,4,3,Chiang Mai,Y
A106748,2022-07-18,HP,309494,48,0.2421,12691,30,1,24966,4,0,Chonburi,
A106749,2022-06-16,HP,138321,36,0.1989,6134,38,1,44073,63,13,Nakhon Ratchasima,
A106750,2022-07-10,PL,134500,36,0.1174,5051,33,2,,25,999,Chonburi,
A106751,2023-04-10,CC,125609,0,0.1552,0,46,1,31869,81,2,Chiang Mai,
A106752,2023-10-24,PL,55841,12,0.1555,5377,24,2,94148,39,16,Nakhon Ratchasima,
A106753,2022-02-02,PL,134457,36,0.2411,6436,20,2,14794,62,2,Bangkok,
A106754,2024-04-02,PL,212583,48,0.0986,6175,40,1,16645,79,4,Nonthaburi,N
A106755,2025-03-23,CC,183084,0,0.1654,0,32,9,22742,19,8,Chonburi,N
A106756,2025-06-06,HP,440746,48,0.1524,14779,35,1,,84,5,Chiang Mai,Y
A106757,2024-08-19,HP,165000,60,0.1621,4978,24,2,,96,6,Udon Thani,Y
A106758,2024-10-30,HP,425849,48,0.1448,14010,40,2,,84,14,Udon Thani,Y
A106759,2024-12-03,PL,484203,12,0.0971,44268,36,1,21131,83,7,Nakhon Ratchasima,Y
A106760,2025-07-23,CC,32292,0,0.0912,0,41,1,34589,39,999,Samut Prakan,N
A106761,2023-02-03,HP,300928,36,0.2627,14946,32,3,31947,97,9,Ubon Ratchathani,
A106762,2023-05-27,HP,519900,60,0.1349,14509,24,1,9000,3,7,Chiang Mai,
A106763,2025-08-17,PL,130049,24,0.2282,7891,40,2,,45,2,Songkhla,Y
A106764,2022-02-10,HP,436362,60,0.118,11563,41,1,31200,0,3,Nakhon Ratchasima,
A106765,2025-04-29,PL,100488,12,0.1882,9949,44,1,25915,111,3,Samut Prakan,Y
A106766,2024-11-19,PL,59207,12,0.1824,5833,37,2,,62,13,Rayong,Y
A106767,2023-11-05,CC,51439,0,0.1302,0,41,1,26178,69,6,Samut Prakan,
A106768,2022-04-04,HP,641220,48,0.2193,25077,35,2,76783,33,26,Khon Kaen,
A106769,2023-04-15,HP,385240,60,0.2122,13232,38,1,19473,45,2,Nonthaburi,
A106770,2023-02-07,PL,70550,48,0.2174,2747,43,1,33020,60,15,Ubon Ratchathani,
A106771,2024-12-06,HP,289091,48,0.1773,10294,27,2,34430,137,16,Bangkok,Y
A106772,2024-08-07,HP,547988,72,0.2195,17634,36,1,38435,60,6,Chonburi,Y
A106773,2022-12-07,PL,155443,36,0.1498,6258,50,1,116389,52,15,Samut Prakan,
A106774,2024-03-29,HP,162008,72,0.1155,3809,47,1,25442,148,13,Samut Prakan,
A106775,2023-09-06,CC,28462,0,0.1606,0,25,2,,116,15,Phuket,
A106776,2024-09-28,PL,139118,24,0.2348,8518,44,1,36942,53,9,Songkhla,Y
A106777,2024-03-22,PL,193278,12,0.1578,18648,56,1,39572,49,22,Chiang Mai,
A106778,2022-11-20,CC,41379,0,0.2498,0,54,1,16152,106,999,Nonthaburi,
A106779,2025-03-17,HP,380168,72,0.093,8226,36,1,25592,109,4,Phuket,N
A106780,2023-11-01,PL,169931,12,0.2504,17706,29,1,,24,14,Samut Prakan,
A106781,2025-08-24,HP,503577,60,0.248,18800,38,1,42273,125,1,Khon Kaen,Y
A106782,2025-07-06,CC,69785,0,0.1515,0,47,9,,71,15,Ubon Ratchathani,N
A106783,2024-05-22,PL,124910,24,0.1261,6517,54,2,,88,15,Bangkok,Y
A106784,2025-12-20,HP,286126,72,0.1104,6606,30,1,52969,33,0,Ubon Ratchathani,Y
A106785,2024-11-10,HP,354114,60,0.1046,8988,52,3,33867,2,22,Rayong,Y
A106786,2022-11-09,PL,200517,36,0.1587,8221,67,1,27378,14,13,Songkhla,
A106787,2023-02-27,PL,148734,48,0.1305,4716,35,1,20394,73,17,Bangkok,
A106788,2024-10-22,HP,282768,60,0.2676,11018,20,2,48361,212,2,Udon Thani,Y
A106789,2023-08-27,HP,567182,72,0.1237,13724,29,3,37598,62,17,Chiang Mai,
A106790,2023-06-11,CC,25574,0,0.1841,0,49,1,14135,33,18,Samut Prakan,
A106791,2024-04-07,HP,285434,48,0.2142,11041,32,1,29121,120,8,Phuket,Y
A106792,2024-09-09,PL,68763,24,0.1165,3532,32,3,47963,4,9,Ubon Ratchathani,Y
A106793,2024-11-17,CC,30172,0,0.0,0,27,3,27324,44,999,Songkhla,Y
A106794,2023-09-13,HP,301778,48,0.2619,12873,32,2,,64,1,Nakhon Ratchasima,
A106795,2022-01-20,PL,109243,12,0.2625,11493,26,1,52985,64,8,Chonburi,
A106796,2025-07-13,PL,96813,12,0.1883,9586,40,1,36702,76,7,Phuket,Y
A106797,2022-06-10,PL,81167,12,0.1145,7538,40,3,33486,105,3,Khon Kaen,
A106798,2023-12-06,HP,771737,60,0.1732,24001,23,2,,114,4,Nakhon Ratchasima,
A106799,2025-09-11,PL,85117,12,0.2037,8537,25,1,25539,45,11,Chonburi,Y
A106800,2022-08-13,PL,131210,48,0.2451,5413,20,3,49887,30,8,Phuket,
A106801,2023-10-21,PL,99832,24,0.1362,5292,44,1,,85,999,Nonthaburi,
A106802,2022-01-30,HP,170382,60,0.1463,4916,33,3,47401,22,12,Songkhla,
A106803,2023-03-03,HP,115943,60,0.1888,3756,24,2,,3,20,Khon Kaen,
A106804,2023-01-05,HP,303239,60,0.2396,11108,33,3,,1,999,Chonburi,
A106805,2024-01-21,PL,170930,12,0.1415,16259,37,1,109028,72,1,Udon Thani,
A106806,2023-09-02,HP,248843,72,0.1338,6230,42,3,18513,32,5,Samut Prakan,
A106807,2022-11-12,PL,122111,24,0.1335,6446,46,1,35013,63,12,Chiang Mai,
A106808,2024-07-23,HP,233982,48,0.1598,7990,31,3,21224,118,15,Khon Kaen,Y
A106809,2024-09-26,HP,94049,60,0.1915,3068,25,2,,54,6,Khon Kaen,Y
A106810,2022-10-21,PL,126849,48,0.1463,4189,34,1,28268,128,999,Udon Thani,
A106811,2025-06-26,HP,811985,72,0.1735,23017,40,1,56212,31,7,Phuket,Y
A106812,2023-01-14,HP,159179,48,0.1991,5957,20,3,,59,7,Ubon Ratchathani,
A106813,2025-07-07,PL,339379,12,0.2588,35600,37,1,12698,71,2,Bangkok,Y
A106814,2025-08-27,PL,120485,48,0.2121,4639,44,2,,56,19,Phuket,Y
A106815,2025-11-03,HP,234940,48,0.0984,6821,35,1,25943,110,999,Chiang Mai,N
A106816,2025-08-17,PL,96279,12,0.1969,9603,54,1,24507,27,8,Bangkok,Y
A106817,2025-12-05,HP,65017,36,0.2729,3284,38,2,,79,999,Nonthaburi,Y
A106818,2022-06-10,PL,49601,24,0.1548,2706,23,1,24769,78,14,Bangkok,
A106819,2022-07-29,HP,281717,72,0.2626,10077,32,1,52582,125,3,Nonthaburi,
A106820,2023-04-20,HP,174283,48,0.0937,4991,28,2,31144,18,21,Samut Prakan,
A106821,2023-01-02,PL,123745,24,0.1842,7055,41,1,62099,62,14,Samut Prakan,
A106822,2023-05-14,PL,125991,12,0.0979,11527,32,3,14433,88,9,Bangkok,
A106823,2025-11-02,PL,118355,48,0.1062,3513,56,1,,35,5,Chiang Mai,N
A106824,2022-02-24,PL,75837,48,0.1341,2427,57,1,73837,20,1,Samut Prakan,
A106825,2023-01-31,HP,188546,36,0.1587,7730,54,2,45505,30,12,Chiang Mai,
A106826,2024-08-13,HP,379361,72,0.258,13425,30,1,,55,7,Rayong,N
A106827,2024-06-04,HP,540097,48,0.1779,19258,20,1,32481,102,17,Nonthaburi,Y
A106828,2022-10-05,PL,44079,36,0.2442,2121,43,1,17392,71,17,Chiang Mai,
A106829,2023-08-05,PL,131876,24,0.1606,7259,53,9,37505,9,22,Chonburi,
A106830,2024-05-14,HP,259587,36,0.1098,9585,43,1,81802,36,7,Phuket,Y
A106831,2025-12-24,PL,74966,12,0.2534,7830,43,1,18203,1,11,Bangkok,Y
A106832,2023-07-21,HP,187779,36,0.2773,9555,50,2,52059,76,5,Ubon Ratchathani,
A106833,2025-10-13,HP,588786,72,0.142,15144,41,3,13214,55,15,Nakhon Ratchasima,Y
A106834,2022-07-01,CC,17095,0,0.1579,0,26,2,40413,51,999,Nonthaburi,
A106835,2022-11-02,PL,240916,48,0.2462,9961,54,1,37374,91,999,Nakhon Ratchasima,
A106836,2024-03-19,PL,153405,12,0.2673,16200,33,2,31447,79,20,Chiang Mai,
A106837,2022-06-02,CC,80031,0,0.1124,0,24,1,40767,12,0,Samut Prakan,
A106838,2025-01-07,HP,258961,60,0.2401,9497,37,3,19993,14,6,Nakhon Ratchasima,Y
A106839,2024-07-15,HP,521386,60,0.2242,18430,23,1,26267,12,13,Khon Kaen,Y
A106840,2024-03-16,PL,36918,48,0.2418,1513,29,1,33333,31,7,Rayong,
A106841,2024-07-20,PL,68870,24,0.2167,4113,48,1,36351,168,7,Chonburi,Y
A106842,2022-10-23,PL,128210,36,0.1271,4919,33,1,15170,68,4,Songkhla,
A106843,2025-03-27,HP,299932,36,0.232,14130,30,1,31880,38,10,Rayong,N
A106844,2024-11-22,PL,91343,24,0.1417,4884,53,1,39038,119,18,Khon Kaen,N
A106845,2025-10-19,PL,86932,36,0.131,3363,39,1,18493,121,4,Rayong,Y
A106846,2025-01-12,PL,309253,12,0.2314,31734,38,3,13699,151,7,Bangkok,Y
A106847,2025-09-10,PL,146441,12,0.0943,13354,41,2,30350,58,6,Rayong,N
A106848,2022-12-22,HP,408792,36,0.2797,20883,41,3,29231,22,8,Chiang Mai,
A106849,2024-05-01,PL,61063,48,0.2291,2437,38,2,37545,73,1,Samut Prakan,Y
A106850,2024-09-19,PL,98645,24,0.2526,6186,33,2,10869,122,4,Chonburi,Y
A106851,2024-01-11,HP,706310,60,0.1729,21948,20,3,51244,53,19,Bangkok,
A106852,2023-01-16,CC,50979,0,0.1597,0,49,1,19612,53,10,Ubon Ratchathani,
A106853,2024-09-02,PL,56282,36,0.2374,2676,37,1,30354,41,5,Phuket,Y
A106854,2025-08-07,CC,38189,0,0.1715,0,20,1,17466,36,1,Samut Prakan,Y
A106855,2023-12-20,HP,682895,72,0.2604,24303,52,2,20402,95,13,Chonburi,
A106856,2022-03-17,PL,74301,36,0.2346,3516,38,1,9443,15,14,Bangkok,
A106857,2023-08-15,HP,350780,72,0.1624,9619,24,3,22537,5,16,Udon Thani,
A106858,2023-09-27,CC,25129,0,0.1852,0,44,3,22626,38,10,Khon Kaen,
A106859,2024-10-06,PL,83025,48,0.2382,3377,20,3,29611,75,999,Samut Prakan,Y
A106860,2025-03-04,PL,92052,48,0.1907,3380,35,2,,42,5,Nakhon Ratchasima,Y
A106861,2023-06-24,CC,95280,0,0.1702,0,32,1,52510,43,999,Khon Kaen,
A106862,2025-10-18,CC,34854,0,0.1645,0,29,9,,59,999,Songkhla,Y
A106863,2022-07-26,PL,60615,12,0.2086,6104,51,3,16802,55,11,Udon Thani,
A106864,2025-07-03,CC,22048,0,0.1501,0,28,1,20951,57,4,Udon Thani,Y
A106865,2023-08-07,PL,224677,24,0.1142,11499,25,2,,125,12,Nakhon Ratchasima,
A106866,2022-11-01,PL,66426,48,0.1642,2292,20,1,46498,27,0,Nonthaburi,
A106867,2024-08-03,PL,108867,48,0.2727,4742,33,3,29121,42,17,Songkhla,Y
A106868,2025-04-13,CC,77094,0,0.2304,0,24,1,39566,121,4,Songkhla,Y
A106869,2024-06-15,HP,259138,48,0.1367,8350,36,2,,64,2,Songkhla,N
A106870,2023-10-06,CC,91569,0,0.1606,0,53,1,38272,105,20,Nonthaburi,
A106871,2025-03-10,CC,52754,0,0.2786,0,59,1,25124,15,4,Songkhla,Y
A106872,2025-10-20,HP,397930,36,0.1803,17032,32,3,38633,12,6,Rayong,Y
A106873,2022-03-27,HP,362529,72,0.1871,10687,32,1,23258,144,7,Ubon Ratchathani,
A106874,2023-02-21,HP,405086,36,0.1777,17251,33,3,9146,101,2,Rayong,
A106875,2022-04-02,PL,144933,36,0.2334,6844,34,2,,74,15,Phuket,
A106876,2024-10-23,PL,227811,36,0.0974,8177,33,3,38549,5,8,Nakhon Ratchasima,Y
A106877,2025-12-18,HP,351147,72,0.1047,7940,48,1,,147,19,Songkhla,N
A106878,2025-11-24,PL,231977,12,0.2012,23220,51,1,36252,74,8,Udon Thani,Y
A106879,2023-05-14,PL,96357,48,0.2161,3742,31,1,31627,100,5,Chiang Mai,
A106880,2022-11-19,PL,130607,12,0.1491,12506,29,1,10844,104,1,Udon Thani,
A106881,2022-02-02,HP,222388,72,0.193,6665,35,9,,17,24,Chonburi,
A106882,2024-08-03,PL,63513,36,0.2374,3020,36,3,82372,100,15,Phuket,Y
A106883,2025-09-24,PL,75812,24,0.1659,4206,20,1,16529,3,16,Ubon Ratchathani,Y
A106884,2024-12-31,PL,213522,48,0.2579,9037,40,1,15356,50,2,Songkhla,Y
A106885,2022-01-01,PL,35430,48,0.1435,1161,46,1,36467,3,13,Chonburi,
A106886,2023-03-30,HP,323118,60,0.2366,11756,33,1,22586,38,8,Nonthaburi,
A106887,2025-01-05,HP,211388,60,0.2069,7167,41,1,15964,33,2,Udon Thani,Y
A106888,2023-12-06,PL,115469,36,0.2267,5388,45,1,14504,59,999,Khon Kaen,
A106889,2023-10-19,CC,29975,0,0.2255,0,29,1,40235,24,3,Ubon Ratchathani,
A106890,2023-06-22,HP,175721,36,0.2509,8555,34,1,45313,7,3,Chiang Mai,
A106891,2025-03-02,CC,59946,0,0.1517,0,33,1,24474,42,9,Udon Thani,N
A106892,2022-02-02,PL,72713,36,0.1328,2824,26,1,45056,84,5,Bangkok,
A106893,2023-03-22,PL,282058,24,0.205,16570,28,2,42093,38,20,Songkhla,
A106894,2022-11-15,HP,358860,60,0.1092,9246,35,2,31731,22,6,Bangkok,
A106895,2023-01-11,HP,300839,60,0.1328,8343,49,1,29273,108,15,Ubon Ratchathani,
A106896,2023-04-15,HP,251853,36,0.1306,9736,35,2,21663,57,10,Nonthaburi,
A106897,2022-01-22,HP,602960,60,0.1272,16440,56,1,16212,39,16,Nakhon Ratchasima,
A106898,2024-05-14,HP,561184,48,0.1441,18430,47,2,25882,82,999,Ubon Ratchathani,Y
A106899,2022-06-27,CC,37767,0,0.2138,0,32,1,36558,48,10,Nonthaburi,
A106900,2023-11-03,PL,48567,36,0.1968,2145,31,1,19186,31,1,Chiang Mai,
A106901,2025-02-01,HP,121359,60,0.2664,4716,59,1,20604,28,7,Nakhon Ratchasima,Y
A106902,2023-04-05,PL,140604,48,0.2333,5662,51,1,47036,5,13,Bangkok,
A106903,2024-06-18,HP,333585,60,0.2699,13062,37,1,32124,41,6,Nakhon Ratchasima,Y
A106904,2025-09-13,CC,49144,0,0.228,0,53,2,12791,38,999,Khon Kaen,Y
A106905,2022-03-11,PL,275893,36,0.1799,11799,31,3,17719,11,0,Nonthaburi,
A106906,2023-04-08,HP,212665,48,0.228,8471,33,1,21271,38,2,Ubon Ratchathani,
A106907,2025-08-22,PL,120915,12,0.1579,11667,53,2,,28,18,Ubon Ratchathani,Y
A106908,2025-12-21,CC,56010,0,0.2204,0,24,2,,39,6,Nakhon Ratchasima,N
A106909,2023-03-30,CC,45944,0,0.2504,0,20,1,,27,3,Chonburi,
A106910,2022-04-03,CC,36469,0,0.1061,0,45,3,22299,14,7,Ubon Ratchathani,
A106911,2024-08-18,PL,103921,24,0.1393,5536,37,1,,133,4,Samut Prakan,Y
A106912,2025-11-23,CC,14857,0,0.1427,0,32,3,37107,59,1,Khon Kaen,Y
A106913,2023-12-30,PL,56968,24,0.1618,3141,45,1,,109,18,Phuket,
A106914,2023-04-02,CC,66291,0,0.2565,0,23,2,,8,32,Phuket,
A106915,2025-05-17,HP,162367,36,0.1306,6277,52,1,39550,18,2,Nakhon Ratchasima,Y
A106916,2022-06-02,HP,175555,48,0.2617,7485,47,3,55915,19,1,Songkhla,
A106917,2024-08-30,PL,299038,36,0.1457,11937,36,2,,34,7,Samut Prakan,Y
A106918,2022-07-08,PL,49414,24,0.1074,2501,32,1,21782,34,7,Bangkok,
A106919,2025-11-21,PL,71950,48,0.0914,2046,26,3,,101,1,Udon Thani,Y
A106920,2024-08-05,PL,218666,36,0.2471,10576,23,2,42171,59,1,Samut Prakan,N
A106921,2025-07-08,HP,119663,48,0.1845,4332,20,1,33324,78,21,Nonthaburi,Y
A106922,2025-04-03,CC,51008,0,0.0926,0,29,1,30027,92,1,Khon Kaen,Y
A106923,2022-08-15,PL,323941,36,0.2469,15663,20,2,,25,22,Bangkok,
A106924,2025-12-23,HP,463881,48,0.1013,13580,38,1,14275,118,9,Phuket,Y
A106925,2025-12-12,HP,918726,60,0.1834,29353,44,1,46845,43,9,Samut Prakan,Y
A106926,2023-08-13,PL,97603,48,0.1697,3413,29,9,,34,21,Samut Prakan,
A106927,2023-06-01,CC,30963,0,0.0944,0,40,1,29719,79,12,Phuket,
A106928,2024-12-03,HP,670277,60,0.1631,20281,26,3,15331,67,20,Udon Thani,Y
A106929,2022-11-27,HP,339896,60,0.1313,9383,38,3,30202,62,6,Ubon Ratchathani,
A106930,2023-10-01,HP,357742,72,0.2686,12976,20,2,17284,64,12,Ubon Ratchathani,
A106931,2022-10-08,PL,182523,12,0.1307,17198,59,2,,85,999,Chiang Mai,
A106932,2025-09-01,HP,495244,60,0.252,18654,54,1,42219,105,3,Songkhla,Y
A106933,2024-11-10,HP,257037,48,0.2411,10519,20,2,74138,45,1,Ubon Ratchathani,Y
A106934,2025-05-30,PL,71140,24,0.2237,4290,49,3,76599,54,999,Chiang Mai,N
A106935,2025-07-16,HP,440825,36,0.2769,22417,37,2,,37,3,Khon Kaen,Y
A106936,2023-07-11,PL,253839,12,0.2648,26754,39,1,34368,13,5,Bangkok,
A106937,2024-11-02,PL,171949,48,0.1394,5579,31,2,,18,2,Chonburi,Y
A106938,2025-11-07,PL,75548,12,0.2683,7984,48,3,20550,68,999,Nonthaburi,Y
A106939,2023-02-26,HP,297930,60,0.2099,10176,27,2,,22,9,Khon Kaen,
A106940,2022-03-02,HP,435096,72,0.2695,15814,53,1,30944,31,0,Nonthaburi,
A106941,2025-02-10,PL,175533,12,0.2004,17559,37,2,57993,48,8,Songkhla,N
A106942,2025-11-14,CC,47055,0,0.2529,0,27,1,19038,93,999,Khon Kaen,Y
A106943,2022-06-01,PL,160025,36,0.1778,6816,47,2,15702,35,18,Songkhla,
A106944,2022-08-13,HP,568631,60,0.0998,14206,29,1,,13,6,Nakhon Ratchasima,
A106945,2022-04-08,HP,286402,72,0.207,8918,41,1,27784,53,13,Nonthaburi,
A106946,2025-05-21,HP,257898,72,0.0954,5632,30,2,31819,67,14,Nakhon Ratchasima,Y
A106947,2025-10-05,CC,43755,0,0.1229,0,35,1,,28,1,Nakhon Ratchasima,Y
A106948,2022-03-30,PL,93007,12,0.1371,8813,33,2,,66,4,Bangkok,
A106949,2025-05-20,HP,601444,48,0.2616,25641,39,1,25270,130,999,Ubon Ratchathani,Y
A106950,2023-05-06,HP,384691,36,0.1635,15927,46,2,50522,93,17,Udon Thani,
A106951,2024-09-25,HP,281722,72,0.1297,6957,42,3,21122,9,2,Nonthaburi,N
A106952,2024-06-02,PL,126779,36,0.0949,4524,36,2,44325,9,999,Chonburi,N
A106953,2025-08-22,PL,97898,48,0.1755,3471,21,3,14923,104,0,Samut Prakan,Y
A106954,2024-04-08,HP,305508,36,0.1306,11811,30,1,21456,41,3,Udon Thani,N
A106955,2024-06-11,CC,126115,0,0.252,0,44,1,25430,22,10,Nakhon Ratchasima,Y
A106956,2023-10-07,PL,83502,24,0.2557,5258,50,1,28539,34,11,Udon Thani,
A106957,2025-03-27,HP,702394,72,0.1394,17914,32,1,,82,30,Chiang Mai,N
A106958,2024-11-11,PL,102634,12,0.1367,9722,20,2,46757,74,14,Chonburi,Y
A106959,2022-01-28,HP,383435,36,0.0971,13753,35,1,,51,3,Chonburi,
A106960,2025-04-28,CC,34216,0,0.1659,0,37,1,27768,60,32,Ubon Ratchathani,Y
A106961,2022-10-27,HP,762321,60,0.1194,20290,36,1,,6,1,Nakhon Ratchasima,
A106962,2024-05-06,HP,210412,72,0.1706,5913,41,2,43598,42,6,Ubon Ratchathani,Y
A106963,2025-06-27,HP,799667,36,0.2204,36900,41,2,29734,77,6,Rayong,Y
A106964,2023-01-10,PL,103015,36,0.1224,3912,20,1,11410,125,0,Udon Thani,
A106965,2024-08-24,PL,64190,24,0.1184,3307,28,1,19147,53,0,Nakhon Ratchasima,Y
A106966,2022-07-03,PL,132268,12,0.2748,14051,44,2,42428,40,11,Khon Kaen,
A106967,2023-05-21,HP,366838,60,0.2651,14218,51,2,24996,74,10,Khon Kaen,
A106968,2023-08-26,PL,250835,48,0.1848,9088,33,1,,107,999,Khon Kaen,
A106969,2024-11-19,HP,537983,48,0.1659,18645,41,2,,30,10,Songkhla,N
A106970,2023-06-04,PL,62061,36,0.2182,2852,29,2,25908,3,7,Bangkok,
A106971,2023-05-19,PL,98790,12,0.119,9212,20,1,40960,85,23,Songkhla,
A106972,2023-06-21,HP,222131,60,0.1737,6917,32,1,52617,25,3,Bangkok,
A106973,2022-12-21,PL,139383,12,0.0946,12714,38,2,,50,1,Rayong,
A106974,2023-11-15,HP,532219,36,0.1781,22682,34,3,35952,66,12,Khon Kaen,
A106975,2024-05-18,CC,36065,0,0.221,0,25,1,15838,45,10,Chiang Mai,Y
A106976,2023-03-04,PL,183756,12,0.2279,18802,47,2,,107,0,Nakhon Ratchasima,
A106977,2023-05-02,CC,20856,0,0.169,0,42,1,24621,44,11,Udon Thani,
A106978,2024-07-06,HP,570518,36,0.1024,20716,54,1,14691,35,1,Songkhla,Y
A106979,2023-09-11,HP,323171,72,0.1038,7283,27,2,21896,127,2,Bangkok,
A106980,2022-09-27,PL,70512,24,0.185,4025,47,1,28354,44,11,Songkhla,
A106981,2025-05-23,PL,84398,12,0.1196,7874,40,2,51818,121,9,Khon Kaen,Y
A106982,2024-02-09,HP,1214456,72,0.2248,39618,44,3,51812,49,14,Ubon Ratchathani,
A106983,2024-06-21,CC,61011,0,0.1944,0,38,3,19557,20,3,Chiang Mai,Y
A106984,2023-10-14,CC,22688,0,0.1137,0,33,1,26936,92,17,Udon Thani,
A106985,2022-11-24,PL,80776,24,0.1212,4181,24,1,15706,21,15,Nakhon Ratchasima,
A106986,2024-07-26,HP,632053,60,0.2453,23454,37,1,10962,56,5,Nonthaburi,N
A106987,2024-01-24,PL,31347,48,0.2113,1205,25,1,22868,18,1,Ubon Ratchathani,
A106988,2023-01-25,HP,302703,36,0.1406,11955,48,1,29775,37,999,Rayong,
A106989,2022-09-16,CC,19129,0,0.2699,0,33,1,17552,31,19,Rayong,
A106990,2025-04-06,HP,396677,48,0.2439,16326,20,1,15248,84,6,Rayong,Y
A106991,2024-02-10,PL,165410,36,0.2328,7803,43,1,32880,57,6,Phuket,
A106992,2023-11-23,PL,71042,12,0.0908,6457,41,1,,6,4,Chiang Mai,
A106993,2024-01-25,HP,451942,48,0.2361,18307,37,1,60621,7,6,Ubon Ratchathani,
A106994,2024-10-21,HP,1293204,36,0.1078,47539,27,1,13812,22,9,Ubon Ratchathani,Y
A106995,2023-10-17,HP,206122,72,0.2188,6621,32,1,9000,122,999,Phuket,
A106996,2025-08-20,PL,75188,12,0.2565,7872,40,2,67986,1,10,Songkhla,Y
A106997,2024-11-26,HP,435389,48,0.1136,13192,20,1,,76,7,Ubon Ratchathani,Y
A106998,2025-04-13,PL,225604,24,0.1206,11667,49,2,7863,46,999,Chiang Mai,Y
A106999,2022-01-25,PL,169115,12,0.1722,16519,32,2,,55,5,Khon Kaen,
A107000,2025-05-20,HP,422898,72,0.098,9327,30,3,28162,122,4,Nonthaburi,Y
A107001,2022-07-11,PL,169921,48,0.2768,7459,31,3,40917,98,5,Rayong,
A107002,2024-06-08,HP,612623,48,0.1067,18210,44,1,50343,12,5,Rayong,Y
A107003,2025-08-18,PL,181389,24,0.2586,11466,59,2,,12,12,Chiang Mai,Y
A107004,2022-04-27,CC,29038,0,0.1023,0,26,3,30135,94,3,Chiang Mai,
A107005,2023-05-08,CC,50457,0,0.1239,0,36,1,28628,147,3,Rayong,
A107006,2023-09-22,PL,154426,24,0.1585,8474,37,2,,69,14,Rayong,
A107007,2024-10-13,PL,92899,48,0.2526,3890,43,1,32965,93,0,Chiang Mai,Y
A107008,2023-05-29,PL,66547,48,0.1452,2191,51,1,15822,90,12,Chiang Mai,
A107009,2025-10-11,CC,29165,0,0.2189,0,20,2,50567,66,21,Phuket,Y
A107010,2025-12-31,PL,309405,36,0.2049,13877,27,1,18445,29,16,Samut Prakan,Y
A107011,2024-10-21,HP,269304,72,0.1135,6287,21,2,,13,12,Udon Thani,Y
A107012,2023-11-08,PL,92598,48,0.1102,2779,33,1,22208,25,7,Chonburi,
A107013,2025-06-25,HP,226280,48,0.2469,9369,34,1,25147,89,21,Songkhla,N
A107014,2025-03-14,HP,218220,36,0.1827,9384,40,1,17415,70,15,Rayong,N
A107015,2023-05-01,HP,201751,72,0.1037,4545,33,1,29613,12,22,Udon Thani,
A107016,2023-04-16,PL,147723,24,0.1795,8364,42,2,,36,7,Nonthaburi,
A107017,2022-11-10,HP,385424,60,0.2207,13512,30,3,35102,4,24,Bangkok,
A107018,2024-11-12,PL,436687,24,0.2476,27205,52,3,20907,21,4,Bangkok,N
A107019,2023-02-07,HP,275506,60,0.2483,10292,48,1,37611,65,21,Chiang Mai,
A107020,2024-09-18,HP,183348,72,0.1308,4544,43,1,13396,49,12,Songkhla,N
A107021,2022-06-08,PL,239971,12,0.1796,23589,49,2,27567,19,7,Songkhla,
A107022,2023-04-25,HP,364414,36,0.259,17987,35,2,,64,2,Phuket,
A107023,2025-10-11,PL,86595,12,0.2671,9143,35,2,18889,64,11,Chonburi,Y
A107024,2024-10-26,PL,167040,36,0.2345,7904,45,2,64376,83,12,Phuket,Y
A107025,2022-09-18,PL,66937,36,0.2756,3396,50,3,15747,18,9,Nonthaburi,
A107026,2022-01-13,PL,145690,36,0.2683,7304,45,2,,110,7,Nonthaburi,
A107027,2025-03-23,HP,342764,36,0.1653,14242,42,2,,55,0,Chiang Mai,N
A107028,2025-07-02,PL,160031,12,0.1708,15613,34,1,,53,11,Rayong,Y
A107029,2025-11-02,PL,74184,12,0.2684,7841,30,1,32638,71,1,Bangkok,Y
A107030,2023-09-27,CC,29892,0,0.0,0,51,3,31838,65,9,Phuket,
A107031,2024-07-04,CC,70556,0,0.265,0,22,1,26576,5,3,Khon Kaen,Y
A107032,2024-06-30,PL,41878,48,0.1045,1237,49,1,22410,114,15,Songkhla,Y
A107033,2024-10-13,PL,145363,36,0.113,5406,23,2,58492,19,999,Khon Kaen,Y
A107034,2024-11-29,CC,142464,0,0.1192,0,32,3,40550,80,28,Nakhon Ratchasima,Y
A107035,2022-01-20,CC,57473,0,0.1137,0,31,1,22096,14,999,Nonthaburi,
A107036,2023-09-22,HP,231563,36,0.2721,11682,45,1,30655,88,1,Nakhon Ratchasima,
A107037,2022-03-30,HP,377989,60,0.0901,9137,40,1,101056,43,15,Phuket,
A107038,2022-04-18,PL,175944,36,0.2481,8524,32,1,34889,101,8,Khon Kaen,
A107039,2023-07-07,CC,23682,0,0.1191,0,41,1,,28,16,Songkhla,
A107040,2023-09-07,PL,148725,12,0.2739,15788,22,3,37640,14,999,Phuket,
A107041,2024-11-26,PL,122506,24,0.2404,7558,52,2,50280,38,8,Chiang Mai,N
A107042,2022-12-05,PL,81733,36,0.1943,3593,28,1,36638,63,22,Songkhla,
A107043,2023-01-12,HP,473454,60,0.1793,14965,33,2,,44,18,Chonburi,
A107044,2024-07-26,CC,45571,0,0.1162,0,46,1,20277,68,23,Ubon Ratchathani,Y
A107045,2022-04-07,HP,324813,72,0.0921,7004,30,1,21860,15,19,Udon Thani,
A107046,2023-12-13,PL,81908,24,0.1986,4768,38,3,31616,32,999,Khon Kaen,
A107047,2023-12-02,PL,127938,48,0.1837,4623,37,2,50016,8,16,Nonthaburi,
A107048,2025-03-20,PL,248113,12,0.2759,26380,58,1,17032,40,16,Nakhon Ratchasima,Y
A107049,2025-02-26,HP,113255,60,0.1119,2943,20,1,24086,34,0,Nonthaburi,Y
A107050,2023-03-02,HP,424811,36,0.0934,15106,20,3,35173,40,14,Songkhla,
A107051,2023-03-08,HP,1312350,60,0.1752,41032,55,2,,90,5,Rayong,
A107052,2024-12-22,HP,566058,72,0.2664,20428,50,1,,33,0,Udon Thani,Y
A107053,2025-06-10,PL,105904,24,0.2556,6668,44,3,27672,31,4,Chiang Mai,Y
A107054,2022-08-01,CC,58484,0,0.0938,0,23,1,65607,50,999,Nakhon Ratchasima,
A107055,2024-06-01,PL,149988,48,0.1778,5347,35,1,,89,16,Khon Kaen,Y
A107056,2022-04-12,CC,60209,0,0.1585,0,41,2,22434,23,1,Chonburi,
A107057,2025-09-04,PL,143692,48,0.1885,5250,21,2,55342,23,9,Chiang Mai,Y
A107058,2023-05-11,HP,249109,72,0.0982,5498,47,1,31487,128,6,Udon Thani,
A107059,2022-08-13,PL,153863,12,0.132,14514,40,1,60419,106,5,Nakhon Ratchasima,
A107060,2024-01-14,HP,166995,48,0.1393,5417,65,2,,95,17,Chiang Mai,
A107061,2025-08-25,HP,426473,48,0.1768,15168,27,2,40620,10,17,Rayong,N
A107062,2024-10-15,PL,155287,48,0.2655,6670,40,3,23326,23,14,Udon Thani,N
A107063,2022-02-25,PL,112097,24,0.2508,7013,38,1,23341,87,10,Rayong,
A107064,2025-01-18,CC,78903,0,0.0968,0,20,3,26417,5,18,Samut Prakan,N
A107065,2024-02-15,CC,43942,0,0.198,0,36,3,18630,27,1,Ubon Ratchathani,
A107066,2024-01-09,CC,39656,0,0.188,0,35,2,26074,126,9,Udon Thani,
A107067,2022-07-18,CC,118681,0,0.117,0,31,1,29091,46,4,Samut Prakan,
A107068,2023-09-17,HP,361773,60,0.1643,10982,20,3,,59,2,Rayong,
A107069,2025-04-26,HP,506640,48,0.2251,20058,30,3,52063,21,13,Songkhla,Y
A107070,2024-01-22,HP,177564,60,0.2568,6759,31,3,34285,148,10,Phuket,
A107071,2024-02-25,HP,455998,72,0.1253,11094,20,1,25212,15,5,Udon Thani,
A107072,2023-11-16,HP,474092,48,0.0917,13499,31,3,28594,140,8,Khon Kaen,
A107073,2024-04-26,PL,184323,12,0.0914,16764,48,2,,21,18,Phuket,Y
A107074,2024-08-07,CC,25881,0,0.1076,0,20,1,49617,79,999,Chiang Mai,Y
A107075,2022-06-25,HP,473827,72,0.1486,12448,36,3,44897,77,999,Rayong,
A107076,2024-09-29,CC,13853,0,0.2058,0,40,1,24549,71,999,Nonthaburi,Y
A107077,2025-08-02,HP,327119,72,0.2004,10006,59,1,38184,40,4,Nonthaburi,N
A107078,2023-10-12,PL,111611,36,0.2393,5326,22,1,77722,43,1,Ubon Ratchathani,
A107079,2024-12-22,PL,220138,48,0.1505,7347,33,1,56313,106,15,Nakhon Ratchasima,Y
A107080,2024-05-06,HP,241936,72,0.1324,6029,46,3,36578,0,0,Udon Thani,Y
A107081,2022-12-30,PL,99321,48,0.253,4163,26,1,57525,48,7,Samut Prakan,
A107082,2023-12-14,PL,78166,48,0.0945,2244,36,1,44749,112,8,Samut Prakan,
A107083,2023-03-21,CC,16129,0,0.1489,0,55,3,23694,22,0,Phuket,
A107084,2022-08-24,HP,218299,60,0.1839,6983,33,1,53852,21,20,Rayong,
A107085,2025-07-19,HP,220425,60,0.2324,7942,20,3,,55,26,Khon Kaen,Y
A107086,2024-01-21,CC,91034,0,0.2447,0,29,1,60119,49,20,Bangkok,
A107087,2022-08-27,HP,425376,60,0.232,15313,35,2,,96,12,Bangkok,
A107088,2022-12-05,PL,45801,12,0.1862,4527,53,2,,61,999,Khon Kaen,
A107089,2025-12-15,PL,130901,48,0.127,4112,49,1,27907,101,1,Ubon Ratchathani,Y
A107090,2022-07-22,HP,325302,48,0.2721,14153,37,1,36270,59,999,Samut Prakan,
A107091,2024-06-14,HP,570738,72,0.1226,13757,20,2,,81,16,Rayong,Y
A107092,2024-07-06,PL,110537,48,0.0933,3162,29,2,,12,17,Chiang Mai,Y
A107093,2024-03-30,HP,197625,48,0.2074,7532,29,1,33731,26,999,Bangkok,
A107094,2023-02-16,HP,111581,36,0.2025,4982,43,3,60183,12,8,Bangkok,
A107095,2022-08-07,PL,163825,24,0.1134,8374,41,1,22998,87,6,Chonburi,
A107096,2022-04-15,CC,192008,0,0.1651,0,44,1,32658,61,11,Bangkok,
A107097,2024-12-14,HP,324084,48,0.2168,12606,41,1,36057,79,14,Chiang Mai,Y
A107098,2025-04-23,HP,358186,48,0.2338,14440,32,1,25155,8,13,Nonthaburi,Y
A107099,2023-01-09,HP,315499,36,0.2481,15286,35,1,26441,138,11,Chiang Mai,
A107100,2025-06-14,HP,376478,48,0.1941,13932,28,3,32356,60,19,Rayong,Y
A107101,2025-07-29,PL,173732,48,0.1498,5788,39,1,16877,84,25,Chonburi,Y
A107102,2025-04-03,PL,51430,12,0.1534,4943,42,9,,50,12,Bangkok,Y
A107103,2023-07-04,HP,280786,36,0.1655,11672,33,2,,42,26,Nonthaburi,
A107104,2024-03-05,HP,205426,72,0.1525,5463,31,1,36152,61,17,Ubon Ratchathani,
A107105,2024-10-27,PL,146798,12,0.1805,14441,54,1,30658,17,15,Chiang Mai,N
A107106,2025-10-24,PL,49108,36,0.2797,2508,30,3,25543,75,15,Phuket,N
A107107,2022-03-23,HP,429640,60,0.2003,14332,41,1,50843,85,3,Bangkok,
A107108,2025-12-05,CC,19973,0,0.229,0,37,1,50957,12,16,Nakhon Ratchasima,Y
A107109,2025-06-09,HP,157540,72,0.1426,4060,44,1,23691,4,999,Nonthaburi,Y
A107110,2025-01-01,PL,109304,24,0.1333,5768,39,1,16316,13,12,Ubon Ratchathani,N
A107111,2023-09-25,HP,225208,60,0.2158,7803,41,2,,118,16,Khon Kaen,
A107112,2022-01-12,CC,62643,0,0.1329,0,20,2,79122,26,18,Chonburi,
A107113,2025-02-05,HP,256220,48,0.1622,8801,20,3,35424,25,999,Nonthaburi,Y
A107114,2024-02-01,HP,292139,36,0.2213,13502,31,2,,78,999,Bangkok,
A107115,2024-01-23,PL,94710,24,0.1151,4854,21,1,19880,23,14,Ubon Ratchathani,
A107116,2024-01-30,PL,169022,48,0.1757,5996,31,1,31272,101,999,Udon Thani,
A107117,2024-06-27,PL,51530,48,0.2211,2022,44,2,,46,1,Samut Prakan,N
A107118,2025-02-13,PL,112092,48,0.2462,4635,34,1,39011,99,7,Nonthaburi,N
A107119,2023-02-03,HP,422619,48,0.2277,16823,46,1,17380,43,14,Rayong,
A107120,2024-06-11,HP,224708,36,0.2745,11382,39,1,15823,39,10,Udon Thani,Y
A107121,2023-07-05,CC,28182,0,0.2654,0,20,1,56242,4,17,Bangkok,
A107122,2022-11-11,HP,524650,60,0.1331,14563,29,1,31929,48,7,Phuket,
A107123,2022-09-13,CC,54669,0,0.1276,0,20,3,52667,46,8,Rayong,
A107124,2024-02-15,PL,111051,24,0.2643,7073,39,1,,67,14,Khon Kaen,
A107125,2022-03-29,CC,81108,0,0.1101,0,21,2,,44,12,Nakhon Ratchasima,
A107126,2023-08-07,CC,47625,0,0.264,0,25,1,51673,52,16,Chonburi,
A107127,2023-07-19,PL,69145,12,0.2014,6922,50,1,29107,75,9,Bangkok,
A107128,2022-04-10,PL,156172,48,0.1247,4876,37,1,17242,2,21,Songkhla,
A107129,2025-01-11,PL,68290,48,0.2572,2886,20,1,13798,18,15,Ubon Ratchathani,N
A107130,2024-05-03,HP,298064,72,0.2406,10115,33,3,34825,35,16,Samut Prakan,Y
A107131,2025-04-12,PL,114324,48,0.1396,3711,38,1,37056,16,3,Chonburi,Y
A107132,2023-04-15,PL,291407,48,0.1381,9424,27,1,21457,16,5,Bangkok,
A107133,2023-12-27,PL,59722,24,0.2445,3705,26,9,,37,1,Nonthaburi,
A107134,2023-04-05,HP,445953,36,0.2795,22774,38,3,31057,47,1,Ubon Ratchathani,
A107135,2022-11-11,HP,429395,48,0.2681,18539,24,1,20294,13,0,Bangkok,
A107136,2025-02-16,CC,46337,0,0.1884,0,39,1,14247,15,27,Ubon Ratchathani,Y
A107137,2024-07-31,CC,81300,0,0.1648,0,29,1,,139,10,Samut Prakan,N
A107138,2025-05-14,CC,38053,0,0.1117,0,30,1,22364,57,1,Ubon Ratchathani,Y
A107139,2024-05-20,HP,1001615,48,0.2071,38153,50,2,,56,15,Ubon Ratchathani,N
A107140,2022-08-02,HP,156100,72,0.1426,4023,43,2,84916,28,9,Ubon Ratchathani,
A107141,2025-03-19,PL,119562,36,0.2679,5990,35,2,25800,108,3,Nonthaburi,Y
A107142,2023-09-16,CC,24633,0,0.0,0,33,1,34907,118,19,Nonthaburi,
A107143,2024-11-13,HP,305869,60,0.1086,7865,23,3,34658,98,12,Nakhon Ratchasima,Y
A107144,2023-04-06,PL,89452,24,0.2318,5455,50,3,14329,13,11,Chiang Mai,
A107145,2024-07-21,PL,150002,24,0.1571,8213,40,9,44408,64,21,Phuket,Y
A107146,2024-09-01,HP,422128,48,0.1557,14271,55,1,29574,76,5,Khon Kaen,Y
A107147,2023-08-04,PL,93063,12,0.1681,9058,25,3,67310,3,3,Chonburi,
A107148,2023-08-22,HP,460003,60,0.1687,14133,59,3,52905,9,0,Nonthaburi,
A107149,2024-09-16,PL,63623,48,0.198,2375,37,2,58163,63,0,Nonthaburi,Y
A107150,2022-02-19,CC,92081,0,0.1402,0,56,1,21295,73,12,Songkhla,
A107151,2023-04-30,PL,120782,24,0.1899,6943,42,1,39150,45,0,Ubon Ratchathani,
A107152,2024-03-05,HP,378075,48,0.2202,14814,27,9,,6,11,Bangkok,
A107153,2025-01-13,HP,358454,60,0.1413,10195,43,1,20631,5,12,Ubon Ratchathani,Y
A107154,2022-01-23,HP,879298,48,0.092,25059,48,1,25677,53,10,Songkhla,
A107155,2024-10-16,HP,969428,48,0.165,33526,31,2,71437,47,999,Chiang Mai,N
A107156,2024-01-27,HP,98598,36,0.1235,3753,27,1,19837,21,4,Bangkok,
A107157,2022-02-04,HP,117228,72,0.1944,3527,31,1,32557,93,4,Songkhla,
A107158,2024-06-06,PL,224244,48,0.255,9436,45,3,20048,14,999,Bangkok,N
A107159,2024-02-29,HP,191630,60,0.2266,6812,30,1,12363,133,6,Ubon Ratchathani,
A107160,2025-05-21,HP,470704,48,0.1282,14835,44,9,14389,45,1,Udon Thani,Y
A107161,2022-10-28,HP,260569,60,0.1992,8668,36,9,33432,39,6,Samut Prakan,
A107162,2024-12-29,PL,58597,12,0.2026,5872,39,1,58046,2,15,Ubon Ratchathani,Y
A107163,2025-01-24,PL,103523,48,0.2573,4376,34,2,,12,6,Rayong,Y
A107164,2022-02-10,PL,75004,12,0.2742,7964,31,3,29498,46,1,Khon Kaen,
A107165,2023-10-26,HP,171147,36,0.1312,6625,68,1,30237,27,9,Nonthaburi,
A107166,2024-10-18,HP,363594,60,0.1243,9826,49,2,,105,12,Songkhla,Y
A107167,2025-09-30,HP,198523,48,0.1401,6453,24,2,,54,999,Ubon Ratchathani,Y
A107168,2023-01-01,PL,126421,12,0.0942,11527,43,9,,133,10,Songkhla,
A107169,2022-01-21,PL,218611,12,0.1449,20857,54,1,16273,38,999,Nonthaburi,
A107170,2024-05-31,HP,608480,72,0.1206,14566,34,3,30840,23,20,Chiang Mai,Y
A107171,2023-01-08,PL,136984,48,0.265,5878,36,9,31590,44,14,Bangkok,
A107172,2024-01-07,PL,181836,12,0.2021,18215,42,1,,44,3,Nakhon Ratchasima,
A107173,2023-08-25,PL,75641,48,0.2341,3051,51,3,10096,103,31,Khon Kaen,
A107174,2024-03-30,PL,397414,12,0.0906,36118,35,1,42396,82,25,Ubon Ratchathani,
A107175,2024-08-22,HP,968942,36,0.1638,40141,52,9,43992,102,0,Nakhon Ratchasima,N
A107176,2023-09-12,PL,108079,24,0.1668,6005,51,3,53355,49,3,Ubon Ratchathani,
A107177,2022-05-13,PL,120009,24,0.193,6930,28,2,,53,12,Songkhla,
A107178,2025-12-29,PL,58571,36,0.1255,2239,39,1,25979,67,1,Ubon Ratchathani,N
A107179,2025-10-02,PL,197877,36,0.092,7013,44,2,86559,85,999,Ubon Ratchathani,Y
A107180,2025-08-07,PL,88689,48,0.2511,3703,30,1,38318,88,6,Songkhla,Y
A107181,2025-12-25,CC,88813,0,0.1998,0,39,1,,62,0,Chiang Mai,Y
A107182,2025-04-04,HP,566291,60,0.1344,15780,26,1,19965,37,9,Udon Thani,Y
A107183,2023-11-13,PL,124005,12,0.1378,11757,45,1,34652,74,14,Chonburi,
A107184,2025-01-18,HP,234259,48,0.1264,7347,23,1,36525,24,7,Rayong,Y
A107185,2023-12-26,CC,47185,0,0.1396,0,50,3,28450,39,8,Nonthaburi,
A107186,2022-12-19,HP,377061,48,0.1076,11236,53,1,,19,20,Chonburi,
A107187,2023-05-07,PL,109357,36,0.1498,4402,35,1,14342,158,6,Ubon Ratchathani,
A107188,2025-05-22,PL,42531,48,0.2534,1784,38,1,26150,36,25,Nakhon Ratchasima,Y
A107189,2025-06-28,HP,232148,72,0.0987,5133,24,1,,2,3,Nonthaburi,Y
A107190,2025-09-04,PL,442749,24,0.2267,26812,24,3,12765,57,1,Bangkok,N
A107191,2024-10-17,CC,28596,0,0.2172,0,37,1,20355,37,0,Khon Kaen,N
A107192,2022-01-08,HP,461997,36,0.2693,23201,37,1,22153,37,4,Khon Kaen,
A107193,2022-10-27,HP,235139,48,0.2191,9191,20,1,30187,69,10,Samut Prakan,
A107194,2024-11-16,PL,160001,12,0.1836,15781,32,2,25067,31,1,Bangkok,Y
A107195,2022-01-21,PL,57777,36,0.159,2370,21,3,18538,29,30,Samut Prakan,
A107196,2023-03-21,PL,81045,48,0.0907,2301,20,1,,50,999,Rayong,
A107197,2025-07-03,HP,232143,60,0.1878,7502,33,1,23291,55,2,Chonburi,N
A107198,2023-12-24,PL,102229,12,0.1043,9407,20,2,,16,1,Nonthaburi,
A107199,2022-11-04,PL,143839,48,0.1309,4565,62,1,,92,2,Songkhla,
A107200,2025-12-26,CC,31685,0,0.2457,0,43,1,22098,27,1,Chiang Mai,Y
A107201,2025-08-23,CC,90215,0,0.1764,0,33,3,15124,63,1,Udon Thani,Y
A107202,2022-05-27,CC,23147,0,0.2637,0,29,2,,4,15,Chonburi,
A107203,2023-07-18,PL,237299,12,0.226,24244,43,2,,58,13,Phuket,
A107204,2023-03-24,PL,120482,12,0.2292,12341,41,3,54268,5,0,Khon Kaen,
A107205,2022-04-06,PL,144634,12,0.14,13740,61,1,34873,26,7,Rayong,
A107206,2025-10-16,CC,27704,0,0.2277,0,45,9,,2,10,Chonburi,Y
A107207,2022-04-10,PL,83818,12,0.1612,8110,30,2,48573,42,11,Chonburi,
A107208,2023-03-22,PL,154535,12,0.1096,14289,20,3,33439,19,999,Udon Thani,
A107209,2022-03-22,CC,70051,0,0.1921,0,48,1,22569,35,1,Khon Kaen,
A107210,2024-04-21,PL,247738,48,0.2316,9942,34,1,9000,80,0,Chiang Mai,N
A107211,2024-08-08,HP,912798,48,0.2306,36557,50,3,,105,10,Samut Prakan,Y
A107212,2023-10-22,HP,368152,36,0.1045,13432,44,1,41510,73,5,Songkhla,
A107213,2024-11-19,HP,312960,48,0.1779,11159,26,2,33329,81,5,Chonburi,Y
A107214,2023-01-18,PL,45783,12,0.1303,4312,37,1,24598,45,16,Nonthaburi,
A107215,2023-11-06,CC,26141,0,0.166,0,36,2,23022,96,3,Rayong,
A107216,2023-09-11,PL,266851,24,0.1204,13796,61,2,,124,0,Songkhla,
A107217,2023-04-02,PL,144891,36,0.2353,6865,44,1,9803,90,6,Bangkok,
A107218,2023-09-06,HP,244515,60,0.2202,8562,31,2,45807,56,5,Udon Thani,
A107219,2022-03-06,PL,148360,12,0.2188,15068,61,1,39650,39,5,Ubon Ratchathani,
A107220,2024-01-20,CC,55423,0,0.2521,0,39,1,19560,52,12,Nakhon Ratchasima,
A107221,2024-12-24,HP,518463,60,0.2151,17934,29,1,27679,135,0,Nakhon Ratchasima,Y
A107222,2025-01-18,HP,310313,60,0.1448,8916,43,1,44900,79,12,Khon Kaen,Y
A107223,2025-03-27,PL,168516,24,0.2353,10325,46,2,64459,11,10,Ubon Ratchathani,N
A107224,2023-04-14,CC,55071,0,0.1673,0,31,1,51107,81,10,Rayong,
A107225,2023-04-25,HP,291409,36,0.1626,12043,54,1,23961,36,14,Bangkok,
A107226,2025-07-16,HP,241949,60,0.1786,7633,22,1,59703,109,8,Nonthaburi,N
A107227,2025-01-18,PL,123101,12,0.1596,11895,49,1,28399,68,8,Chiang Mai,N
A107228,2022-03-17,HP,192849,72,0.1622,5285,52,1,9530,7,9,Chonburi,
A107229,2023-04-03,PL,385837,12,0.2526,40274,57,1,41727,50,12,Nonthaburi,
A107230,2023-08-18,PL,66007,12,0.2795,7037,33,3,40068,49,6,Rayong,
A107231,2022-12-04,HP,76699,48,0.1694,2680,53,1,26478,35,4,Songkhla,
A107232,2024-12-15,HP,1099865,48,0.1671,38229,43,1,27854,97,3,Udon Thani,Y
A107233,2022-04-07,PL,60851,48,0.0937,1742,30,1,9361,42,12,Samut Prakan,
A107234,2025-04-25,PL,99185,36,0.1652,4120,42,1,25786,109,1,Phuket,Y
A107235,2024-06-04,HP,181914,60,0.2104,6221,41,3,37556,71,18,Bangkok,Y
A107236,2025-09-24,PL,50793,36,0.1719,2138,44,1,17963,77,0,Udon Thani,Y
A107237,2022-09-07,PL,141197,24,0.1579,7741,34,2,24806,70,17,Rayong,
A107238,2025-05-15,HP,358312,48,0.1569,12149,20,2,,64,19,Phuket,Y
A107239,2025-02-27,PL,121717,12,0.1336,11498,47,1,23088,94,7,Ubon Ratchathani,N
A107240,2024-07-10,HP,160130,48,0.2562,6754,30,2,39264,127,999,Nakhon Ratchasima,Y
A107241,2025-05-24,HP,247233,48,0.1327,7884,54,1,25640,56,13,Nonthaburi,Y
A107242,2022-03-01,PL,39935,24,0.2185,2391,22,3,17927,90,2,Rayong,
A107243,2024-04-30,CC,61510,0,0.2203,0,53,1,49633,56,15,Chiang Mai,Y
A107244,2023-05-05,PL,118334,36,0.1878,5138,35,1,41375,19,999,Chonburi,
A107245,2022-07-13,PL,225597,36,0.1256,8627,23,1,22486,58,1,Nonthaburi,
A107246,2025-12-24,PL,506238,48,0.0985,14701,49,2,33724,72,2,Khon Kaen,N
A107247,2024-01-16,HP,635365,72,0.0996,14098,26,1,,27,15,Rayong,
A107248,2024-09-03,CC,116289,0,0.2473,0,21,1,26675,39,11,Chiang Mai,Y
A107249,2023-02-21,CC,94278,0,0.0,0,42,2,54029,18,11,Songkhla,
A107250,2025-07-07,PL,138225,48,0.1959,5136,39,2,,31,999,Nakhon Ratchasima,Y
A107251,2022-09-08,CC,59259,0,0.2779,0,31,1,26196,5,25,Songkhla,
A107252,2024-05-25,PL,102518,48,0.2239,4048,20,1,10919,70,4,Nakhon Ratchasima,Y
A107253,2024-10-29,HP,278148,36,0.2348,13168,41,1,23162,97,1,Bangkok,N
A107254,2023-11-29,HP,415590,60,0.1613,12512,47,1,17563,37,6,Phuket,
A107255,2023-12-08,PL,174735,48,0.1208,5399,40,2,,43,3,Ubon Ratchathani,
A107256,2024-09-19,PL,114915,24,0.2289,6980,20,2,,62,0,Samut Prakan,Y
A107257,2022-04-09,PL,65248,24,0.1753,3671,48,1,21549,76,0,Samut Prakan,
A107258,2024-06-19,PL,158835,36,0.1717,6684,37,3,37070,16,12,Nonthaburi,Y
A107259,2024-09-07,PL,260539,24,0.2097,15408,50,1,81361,89,9,Rayong,N
A107260,2024-05-20,CC,77961,0,0.2279,0,46,2,25759,32,999,Bangkok,Y
A107261,2022-11-13,CC,22413,0,0.1001,0,33,1,30698,22,5,Udon Thani,
A107262,2025-02-12,HP,320355,48,0.2217,12592,40,1,59181,135,17,Khon Kaen,N
A107263,2024-08-02,CC,52210,0,0.0906,0,28,2,,3,21,Nakhon Ratchasima,Y
A107264,2022-08-11,HP,432780,72,0.2574,15293,22,3,49992,65,8,Bangkok,
A107265,2022-03-10,PL,106859,48,0.1897,3915,60,1,66012,37,999,Ubon Ratchathani,
A107266,2025-05-27,PL,129318,24,0.1068,6539,28,1,35749,7,3,Bangkok,Y
A107267,2024-08-25,CC,51244,0,0.1747,0,53,1,,114,3,Samut Prakan,N
A107268,2023-07-24,HP,327371,48,0.246,13531,53,1,,133,999,Rayong,
A107269,2022-03-06,PL,149918,24,0.1589,8231,49,2,,72,999,Nonthaburi,
A107270,2023-06-07,PL,171832,48,0.1397,5580,29,3,36244,113,1,Songkhla,
A107271,2025-01-08,HP,645217,60,0.1182,17109,36,3,,50,12,Ubon Ratchathani,Y
A107272,2024-09-26,PL,132708,36,0.2708,6681,39,1,20148,99,7,Samut Prakan,Y
A107273,2022-10-10,CC,93166,0,0.0975,0,45,9,,98,1,Nonthaburi,
A107274,2023-01-17,PL,163113,12,0.2268,16675,43,1,40897,18,9,Phuket,
A107275,2022-04-06,PL,130636,36,0.2024,5832,43,1,58486,45,10,Ubon Ratchathani,
A107276,2023-06-08,PL,47748,36,0.1215,1809,32,2,,54,10,Songkhla,
A107277,2024-01-29,CC,77112,0,0.2605,0,32,2,,18,999,Samut Prakan,
A107278,2025-04-13,HP,165339,60,0.0963,4082,20,1,36769,98,5,Samut Prakan,Y
A107279,2023-08-06,CC,33425,0,0.1128,0,39,3,13313,48,3,Samut Prakan,
A107280,2023-06-23,PL,32234,12,0.1631,3124,33,2,,5,999,Ubon Ratchathani,
A107281,2023-10-10,HP,246712,36,0.1646,10237,28,2,,1,4,Bangkok,
A107282,2022-02-14,PL,78510,24,0.1072,3972,52,1,48243,109,9,Phuket,
A107283,2022-11-15,PL,66607,36,0.1681,2783,21,1,79987,7,16,Songkhla,
A107284,2022-06-18,PL,96089,24,0.1983,5591,41,3,30977,128,20,Udon Thani,
A107285,2022-09-06,PL,217322,12,0.1714,21214,29,2,30862,64,23,Khon Kaen,
A107286,2024-10-17,HP,82756,72,0.2329,2755,42,1,30267,21,22,Bangkok,Y
A107287,2024-09-21,HP,146027,72,0.21,4583,31,1,28289,120,18,Ubon Ratchathani,Y
A107288,2022-12-28,PL,42096,48,0.1423,1376,49,1,70995,48,18,Chiang Mai,
A107289,2025-03-23,HP,339959,36,0.1577,13910,27,2,29042,68,15,Bangkok,Y
A107290,2022-12-18,PL,83613,48,0.1309,2654,43,1,27089,42,20,Chiang Mai,
A107291,2025-03-14,HP,282703,72,0.1051,6402,36,3,49971,38,22,Ubon Ratchathani,Y
A107292,2024-01-20,PL,78816,48,0.1474,2610,20,3,27681,40,10,Bangkok,
A107293,2023-01-08,PL,106455,24,0.1143,5449,32,2,88391,53,14,Khon Kaen,
A107294,2024-12-23,PL,70901,48,0.1431,2322,39,1,21825,15,1,Ubon Ratchathani,Y
A107295,2022-04-15,HP,280070,48,0.1734,9881,20,3,11586,150,27,Chonburi,
A107296,2024-06-11,PL,80915,24,0.1599,4449,58,3,54899,20,0,Phuket,Y
A107297,2025-11-27,HP,335086,60,0.1593,10033,36,3,27356,41,4,Samut Prakan,Y
A107298,2024-10-06,HP,683412,36,0.1816,29325,33,1,28606,107,4,Ubon Ratchathani,Y
A107299,2024-10-20,PL,153885,48,0.1348,4934,20,1,29837,59,9,Rayong,N
A107300,2025-09-11,PL,299252,12,0.2771,31847,26,2,,3,8,Nonthaburi,Y
A107301,2024-08-17,PL,328937,12,0.2307,33735,57,1,41060,35,999,Ubon Ratchathani,Y
A107302,2025-03-22,CC,25281,0,0.2138,0,30,2,,59,6,Udon Thani,Y
A107303,2024-06-21,PL,139382,12,0.2309,14297,30,2,57075,102,13,Rayong,Y
A107304,2023-05-06,PL,145501,48,0.2589,6170,27,2,48272,37,5,Udon Thani,
A107305,2023-02-12,HP,422604,48,0.1766,15023,51,3,21323,88,5,Bangkok,
A107306,2022-12-20,HP,563479,48,0.1813,20252,36,1,,92,2,Nonthaburi,
A107307,2022-05-10,CC,37336,0,0.1469,0,27,1,29348,178,3,Rayong,
A107308,2022-08-18,PL,55413,24,0.1869,3171,23,2,14760,28,16,Rayong,
A107309,2022-03-15,PL,67589,24,0.1849,3857,48,3,22362,103,2,Songkhla,
A107310,2023-03-28,PL,93463,12,0.1905,9272,24,1,34246,85,999,Nakhon Ratchasima,
A107311,2025-01-01,HP,517824,36,0.1133,19273,50,1,34402,28,8,Udon Thani,N
A107312,2022-02-18,HP,250409,48,0.1745,8858,30,3,,14,10,Phuket,
A107313,2025-05-24,CC,95967,0,0.1738,0,31,2,,52,7,Phuket,Y
A107314,2023-10-22,HP,285798,48,0.2705,12396,30,2,41894,83,8,Phuket,
A107315,2022-06-02,HP,347460,48,0.096,10018,46,3,,87,9,Chiang Mai,
A107316,2025-02-12,HP,165502,72,0.2234,5379,43,3,31826,75,19,Nonthaburi,Y
A107317,2025-11-23,PL,77460,12,0.1283,7283,20,2,,29,7,Samut Prakan,Y
A107318,2024-06-17,HP,271424,36,0.1628,11221,48,2,,44,3,Chonburi,Y
A107319,2022-07-31,HP,685983,72,0.1303,16976,36,2,,70,14,Udon Thani,
A107320,2022-04-04,HP,478285,72,0.204,14773,35,9,21570,106,2,Songkhla,
A107321,2022-01-10,PL,124957,36,0.2775,6360,44,2,39625,78,5,Chiang Mai,
A107322,2025-10-30,HP,233427,72,0.1758,6661,30,1,44591,19,6,Songkhla,N
A107323,2024-07-25,HP,499761,48,0.1831,18037,33,1,43327,47,14,Phuket,N
A107324,2022-05-21,PL,26523,12,0.1821,2612,40,2,28518,44,999,Songkhla,
A107325,2022-03-03,PL,67149,36,0.1281,2582,44,1,,19,7,Nakhon Ratchasima,
A107326,2025-02-21,PL,149008,24,0.0981,7426,59,2,32450,15,5,Udon Thani,Y
A107327,2024-02-10,PL,145445,24,0.2739,9379,33,1,22312,63,10,Samut Prakan,
A107328,2023-12-22,PL,54706,12,0.2753,5813,23,2,44121,70,4,Songkhla,
A107329,2023-01-24,PL,82275,48,0.1239,2563,20,9,,91,3,Rayong,
A107330,2025-06-17,PL,229810,48,0.1973,8566,35,1,28375,3,16,Nonthaburi,Y
A107331,2025-12-28,HP,748363,36,0.2194,34470,33,1,,71,8,Nonthaburi,Y
A107332,2024-10-03,PL,101119,24,0.1399,5392,40,1,17470,23,5,Bangkok,Y
A107333,2023-04-05,PL,150551,48,0.2013,5661,49,1,56468,11,5,Ubon Ratchathani,
A107334,2023-06-04,HP,331769,36,0.2241,15411,35,2,,55,9,Songkhla,
A107335,2025-08-03,HP,225140,72,0.2702,8196,24,1,28817,76,3,Nakhon Ratchasima,Y
A107336,2024-12-26,PL,112890,24,0.1505,6119,34,2,273698,3,5,Khon Kaen,Y
A107337,2024-08-10,PL,107419,48,0.1868,3910,20,2,63942,11,4,Nonthaburi,Y
A107338,2024-08-02,PL,119325,36,0.1817,5121,46,1,37701,103,0,Udon Thani,Y
A107339,2023-10-19,PL,104390,24,0.146,5619,28,3,13599,50,2,Rayong,
A107340,2025-06-05,CC,59355,0,0.2717,0,23,2,,4,10,Udon Thani,Y
A107341,2024-11-07,CC,37301,0,0.134,0,30,3,17659,2,999,Ubon Ratchathani,Y
A107342,2024-05-17,PL,170436,12,0.1998,17040,36,1,42979,9,9,Rayong,Y
A107343,2025-07-11,PL,224755,12,0.2704,23794,49,2,18167,42,8,Songkhla,Y
A107344,2024-08-08,HP,188889,36,0.0963,6762,40,1,45469,104,0,Samut Prakan,Y
A107345,2025-04-21,PL,54156,48,0.2436,2227,33,9,24108,10,6,Udon Thani,N
A107346,2025-12-07,PL,88115,12,0.1815,8675,40,2,43075,24,13,Samut Prakan,N
A107347,2025-04-20,HP,139046,36,0.2105,6301,29,3,24522,37,8,Bangkok,Y
A107348,2023-07-10,HP,93082,36,0.2452,4487,33,2,59217,24,5,Nakhon Ratchasima,
A107349,2022-10-25,CC,58874,0,0.2166,0,37,3,31511,33,14,Nonthaburi,
A107350,2022-04-10,HP,328923,48,0.173,11594,27,1,17519,133,1,Nonthaburi,
A107351,2024-10-04,HP,244551,36,0.1398,9642,28,1,,1,999,Udon Thani,Y
A107352,2025-09-24,PL,44772,36,0.1656,1861,21,1,24540,0,6,Chonburi,Y
A107353,2023-12-04,HP,892809,60,0.1579,26628,46,2,65445,113,8,Phuket,
A107354,2025-06-19,HP,309112,48,0.1155,9415,27,2,25085,76,13,Samut Prakan,Y
A107355,2024-11-29,HP,350690,36,0.1289,13508,35,9,17377,90,0,Chonburi,Y
A107356,2025-10-22,HP,150143,48,0.2247,5939,28,1,13506,82,999,Chiang Mai,Y
A107357,2024-07-06,HP,470558,72,0.1089,10805,37,2,,92,10,Songkhla,Y
A107358,2023-09-09,HP,511331,48,0.1973,19059,30,1,21567,28,11,Samut Prakan,
A107359,2023-08-13,HP,328044,48,0.1843,11872,34,2,,5,16,Samut Prakan,
A107360,2025-07-30,CC,87235,0,0.2258,0,29,1,15354,7,4,Chiang Mai,Y
A107361,2022-08-29,HP,118148,72,0.101,2635,46,2,36126,100,14,Ubon Ratchathani,
A107362,2023-04-27,CC,118799,0,0.0,0,20,3,24414,27,999,Nakhon Ratchasima,
A107363,2022-07-17,PL,147839,48,0.1161,4510,47,1,18536,31,9,Rayong,
A107364,2023-05-22,PL,97615,12,0.1361,9241,54,1,52271,146,6,Udon Thani,
A107365,2023-03-09,HP,201436,48,0.2033,7609,44,1,30626,17,3,Chonburi,
A107366,2022-11-26,CC,22412,0,0.0,0,56,3,44939,45,13,Khon Kaen,
A107367,2023-11-12,HP,311795,72,0.2255,10189,41,1,41894,77,16,Nakhon Ratchasima,
A107368,2022-10-06,HP,717585,48,0.2717,31197,43,1,41276,42,9,Bangkok,
A107369,2022-03-26,CC,34264,0,0.1137,0,53,2,,35,2,Khon Kaen,
A107370,2025-04-03,PL,55607,36,0.1243,2120,35,1,61819,28,1,Songkhla,Y
A107371,2023-06-07,HP,253036,48,0.1414,8253,47,2,,124,20,Chonburi,
A107372,2023-02-10,CC,48370,0,0.0,0,29,2,,7,10,Udon Thani,
A107373,2023-10-29,PL,89743,24,0.2257,5427,52,2,,70,22,Samut Prakan,
A107374,2022-03-06,PL,149856,12,0.1038,13784,42,2,,92,14,Chiang Mai,
A107375,2024-01-15,HP,396652,60,0.1447,11393,45,3,24973,60,9,Bangkok,
A107376,2024-03-23,PL,46540,48,0.1877,1697,32,3,35773,24,13,Nonthaburi,
A107377,2024-03-30,CC,26736,0,0.2183,0,39,1,30345,82,9,Bangkok,
A107378,2022-07-09,HP,256638,60,0.2248,9084,46,1,40619,9,12,Udon Thani,
A107379,2022-07-24,HP,127726,48,0.183,4608,61,1,28541,56,11,Samut Prakan,
A107380,2025-02-28,PL,83236,36,0.1987,3690,47,9,32349,99,999,Rayong,N
A107381,2025-09-13,HP,519271,48,0.2073,19788,39,1,27847,77,8,Nakhon Ratchasima,N
A107382,2025-05-02,CC,30368,0,0.1499,0,39,3,,6,7,Phuket,Y
A107383,2022-01-15,CC,47788,0,0.1985,0,50,1,19298,107,999,Chiang Mai,
A107384,2023-12-22,PL,160493,48,0.2434,6598,43,3,19377,43,4,Chiang Mai,
A107385,2023-08-05,PL,122499,24,0.226,7411,29,3,,123,15,Samut Prakan,
A107386,2025-06-23,PL,132650,12,0.2162,13444,36,3,12750,46,999,Bangkok,Y
A107387,2023-03-03,PL,124184,48,0.1791,4440,60,2,35405,7,17,Khon Kaen,
A107388,2023-05-14,CC,14813,0,0.1976,0,36,2,43857,103,5,Khon Kaen,
A107389,2022-08-22,PL,66461,48,0.0994,1935,38,3,9878,61,999,Chonburi,
A107390,2024-09-30,HP,233727,60,0.132,6466,48,9,32404,70,19,Samut Prakan,Y
A107391,2023-04-09,PL,376568,24,0.2063,22164,51,1,49060,20,4,Songkhla,
A107392,2023-08-24,PL,61310,48,0.2145,2373,38,1,53216,115,1,Nakhon Ratchasima,
A107393,2023-03-17,CC,57568,0,0.1823,0,28,1,34076,114,14,Chonburi,
A107394,2022-05-14,PL,104935,24,0.2108,6215,20,3,24806,163,1,Khon Kaen,
A107395,2025-02-24,HP,415064,72,0.0911,8915,38,2,,19,10,Chiang Mai,Y
A107396,2022-04-29,CC,77934,0,0.1801,0,28,1,,38,5,Chonburi,
A107397,2023-11-12,PL,78087,12,0.1253,7322,54,1,,84,3,Bangkok,
A107398,2025-09-12,PL,119235,48,0.1734,4207,35,2,60238,59,5,Chiang Mai,Y
A107399,2025-07-22,PL,196307,36,0.2064,8829,41,2,42667,56,1,Chiang Mai,Y
A107400,2022-03-04,PL,107312,12,0.2653,11315,28,2,,20,22,Nakhon Ratchasima,
A107401,2025-01-13,HP,269814,60,0.231,9690,56,3,49859,161,15,Udon Thani,N
A107402,2024-06-26,CC,63193,0,0.1628,0,46,1,43141,28,23,Songkhla,Y
A107403,2024-11-23,HP,181025,60,0.1499,5278,23,1,43272,54,999,Nonthaburi,Y
A107404,2025-09-25,PL,110725,24,0.1157,5681,31,3,27397,45,1,Nakhon Ratchasima,Y
A107405,2023-03-11,PL,63603,12,0.2589,6672,43,3,42271,38,12,Nakhon Ratchasima,
A107406,2025-07-04,HP,323983,72,0.1804,9370,35,1,,90,2,Samut Prakan,N
A107407,2022-07-24,HP,425374,48,0.109,12725,21,1,,1,1,Songkhla,
A107408,2024-11-18,HP,606667,60,0.1482,17603,33,3,43657,39,0,Nakhon Ratchasima,Y
A107409,2025-11-28,CC,20609,0,0.2575,0,28,2,,0,14,Samut Prakan,N
A107410,2024-05-23,HP,313493,48,0.094,8986,27,9,,106,8,Samut Prakan,Y
A107411,2025-12-10,HP,247864,60,0.2426,9142,42,1,57965,71,999,Chonburi,N
A107412,2024-08-23,HP,315711,36,0.2485,15307,50,1,18221,61,14,Khon Kaen,N
A107413,2024-09-16,PL,203682,48,0.1101,6112,23,1,,23,21,Chonburi,Y
A107414,2025-12-08,CC,41325,0,0.1025,0,37,1,43497,22,7,Samut Prakan,Y
A107415,2024-08-25,PL,196145,36,0.1963,8657,44,2,30858,112,0,Nakhon Ratchasima,Y
A107416,2025-12-30,HP,355908,60,0.1976,11792,48,1,42930,132,8,Udon Thani,Y
A107417,2025-03-05,HP,239729,36,0.221,11074,45,1,27659,90,3,Khon Kaen,N
A107418,2024-09-07,PL,64557,36,0.2275,3017,45,2,,62,7,Rayong,N
A107419,2024-09-26,HP,293829,72,0.1147,6889,46,1,24188,92,2,Bangkok,Y
A107420,2023-11-27,PL,140102,36,0.1194,5285,32,3,19894,49,10,Bangkok,
A107421,2024-10-05,HP,520339,36,0.2611,25775,30,3,44128,62,0,Chonburi,Y
A107422,2022-01-11,PL,141105,12,0.1975,14081,38,1,14759,91,8,Phuket,
A107423,2024-07-19,HP,132838,60,0.2402,4872,27,2,28245,46,13,Udon Thani,N
A107424,2023-10-30,PL,187527,48,0.1848,6794,37,2,,3,7,Chiang Mai,
A107425,2024-11-15,PL,80982,24,0.1157,4155,41,1,20614,138,14,Phuket,Y
A107426,2024-06-16,PL,69536,36,0.1147,2596,55,1,20318,71,13,Samut Prakan,Y
A107427,2023-10-19,PL,150479,48,0.0924,4293,32,1,17647,25,6,Udon Thani,
A107428,2024-10-27,PL,171442,36,0.2193,7895,39,3,26030,150,999,Khon Kaen,Y
A107429,2024-11-29,HP,439181,48,0.1342,14061,35,1,29427,110,12,Samut Prakan,N
A107430,2025-02-01,PL,97896,36,0.259,4832,46,1,46231,38,20,Phuket,Y
A107431,2023-04-23,HP,322618,48,0.2105,12380,24,1,,0,4,Ubon Ratchathani,
A107432,2022-07-20,HP,240291,72,0.0969,5277,20,2,,100,22,Chonburi,
A107433,2022-02-19,PL,220468,48,0.1626,7580,57,2,,38,8,Songkhla,
A107434,2025-10-20,CC,27184,0,0.1543,0,20,1,20647,96,999,Khon Kaen,Y
A107435,2022-09-21,HP,634640,48,0.1541,21371,35,1,34255,6,5,Rayong,
A107436,2023-08-16,PL,84547,36,0.2298,3967,33,1,24478,24,15,Chonburi,
A107437,2025-03-14,CC,32908,0,0.1217,0,46,1,24635,73,19,Chonburi,Y
A107438,2025-07-01,HP,789997,60,0.1922,25819,32,1,31105,135,999,Bangkok,Y
A107439,2023-05-26,HP,229098,60,0.1998,7632,39,1,25256,87,5,Chonburi,
A107440,2022-11-17,HP,180316,60,0.2072,6118,36,1,39440,12,9,Nakhon Ratchasima,
A107441,2025-08-30,HP,172932,36,0.1936,7593,31,1,15651,98,7,Bangkok,Y
A107442,2022-05-25,PL,121998,12,0.1041,11224,24,2,,138,16,Ubon Ratchathani,
A107443,2023-11-20,HP,408625,48,0.2544,17175,36,1,,96,999,Nakhon Ratchasima,
A107444,2022-04-21,HP,384875,36,0.136,15052,31,1,21491,47,12,Rayong,
A107445,2022-07-10,PL,228013,12,0.2197,23175,30,1,41930,54,0,Rayong,
A107446,2025-02-18,PL,38275,36,0.2687,1920,63,1,21442,174,2,Ubon Ratchathani,N
A107447,2024-06-18,HP,234765,72,0.2315,7789,41,1,27336,21,16,Khon Kaen,Y
A107448,2023-10-14,HP,244061,36,0.2203,11260,29,3,56040,91,999,Udon Thani,
A107449,2023-10-23,HP,109228,48,0.2739,4768,49,3,42108,136,999,Rayong,
A107450,2025-02-11,HP,146907,60,0.27,5753,40,2,34388,46,15,Samut Prakan,N
A107451,2022-11-19,HP,167886,48,0.1387,5438,20,1,26109,34,8,Nakhon Ratchasima,
A107452,2023-11-17,PL,116934,12,0.1191,10905,25,3,26637,55,7,Rayong,
A107453,2025-08-23,CC,84075,0,0.0,0,51,9,,58,8,Ubon Ratchathani,Y
A107454,2024-09-05,PL,179987,48,0.1569,6103,20,1,41350,69,10,Nakhon Ratchasima,Y
A107455,2024-03-06,PL,50490,12,0.1246,4731,53,1,48422,21,5,Samut Prakan,
A107456,2024-12-27,HP,452267,60,0.2118,15520,21,3,28672,34,999,Nonthaburi,Y
A107457,2024-07-31,HP,323440,60,0.1615,9743,39,2,,10,9,Ubon Ratchathani,Y
A107458,2023-02-11,PL,134671,48,0.2078,5137,23,3,18361,64,13,Rayong,
A107459,2025-07-18,HP,737775,60,0.1105,19089,37,1,21315,47,999,Nakhon Ratchasima,Y
A107460,2022-12-20,HP,171393,48,0.1465,5663,36,2,27646,133,10,Nonthaburi,
A107461,2024-03-13,CC,152804,0,0.2798,0,43,1,56203,83,18,Nakhon Ratchasima,
A107462,2025-04-18,PL,139934,48,0.1661,4852,37,1,15321,51,8,Samut Prakan,Y
A107463,2025-07-08,CC,12247,0,0.215,0,37,1,15917,39,10,Phuket,Y
A107464,2023-11-07,CC,42980,0,0.2189,0,29,2,36209,67,8,Chiang Mai,
A107465,2023-01-20,CC,42662,0,0.2122,0,42,2,58104,102,12,Chiang Mai,
A107466,2022-07-11,CC,100528,0,0.2789,0,43,1,52615,73,8,Bangkok,
A107467,2024-01-26,PL,203446,24,0.098,10138,35,1,44577,20,4,Nakhon Ratchasima,
A107468,2022-09-01,HP,318367,48,0.0939,9123,44,1,9190,45,13,Nakhon Ratchasima,
A107469,2024-09-01,HP,151994,36,0.1945,6685,49,3,33493,81,6,Khon Kaen,Y
A107470,2023-12-05,HP,567516,60,0.1989,18865,31,1,36519,101,1,Udon Thani,
A107471,2025-02-16,HP,837543,48,0.2472,34702,38,2,,17,18,Chiang Mai,N
A107472,2024-10-06,PL,105438,12,0.121,9849,34,1,64034,55,11,Udon Thani,Y
A107473,2022-06-07,HP,558717,60,0.1757,17492,38,1,24344,69,1,Phuket,
A107474,2025-07-11,PL,134352,12,0.23,13771,45,3,23514,23,4,Chonburi,Y
A107475,2025-08-20,CC,41073,0,0.2389,0,26,3,12400,128,0,Chonburi,Y
A107476,2025-03-05,PL,110001,12,0.2385,11353,51,2,,31,19,Songkhla,Y
A107477,2025-11-24,PL,69579,24,0.0963,3457,33,3,14097,12,2,Nonthaburi,Y
A107478,2025-10-17,CC,36480,0,0.1088,0,29,1,12996,27,22,Songkhla,Y
A107479,2025-12-04,HP,309846,60,0.1601,9297,20,1,31043,35,13,Nakhon Ratchasima,Y
A107480,2025-10-19,PL,240022,24,0.1183,12367,35,3,43668,73,15,Nonthaburi,Y
A107481,2025-11-18,PL,64823,48,0.1819,2333,24,1,14151,57,12,Khon Kaen,N
A107482,2022-08-11,PL,108746,48,0.1978,4058,44,2,26803,74,4,Nakhon Ratchasima,
A107483,2023-03-15,HP,433562,36,0.2253,20183,41,1,25932,62,13,Bangkok,
A107484,2025-06-10,PL,122240,36,0.1043,4458,23,1,22720,36,5,Ubon Ratchathani,Y
A107485,2023-01-06,HP,359289,72,0.2204,11589,55,2,35879,57,3,Chonburi,
A107486,2024-05-16,HP,477663,72,0.1045,10793,50,2,,89,4,Nonthaburi,Y
A107487,2022-10-08,PL,77782,48,0.143,2547,42,1,19715,37,7,Nonthaburi,
A107488,2025-03-16,CC,76939,0,0.1555,0,29,2,,97,10,Ubon Ratchathani,Y
A107489,2025-04-10,HP,765740,48,0.1428,25065,32,2,,122,4,Nonthaburi,Y
A107490,2022-04-02,HP,348432,48,0.2073,13278,46,1,51935,64,3,Ubon Ratchathani,
A107491,2025-06-06,PL,114200,36,0.1937,5015,38,2,,118,15,Udon Thani,N
A107492,2022-10-16,HP,187612,72,0.1778,5385,38,1,31552,4,4,Samut Prakan,
A107493,2023-03-15,HP,143462,48,0.2678,6190,58,1,,8,19,Nakhon Ratchasima,
A107494,2023-06-08,HP,721309,60,0.1371,20262,39,2,40254,75,10,Rayong,
A107495,2025-03-02,HP,183031,36,0.2297,8587,47,1,40714,75,6,Chonburi,N
A107496,2024-03-22,PL,185565,24,0.0936,9179,45,1,54110,3,11,Udon Thani,
A107497,2023-11-15,HP,483159,60,0.2516,18182,41,1,19508,12,8,Songkhla,
A107498,2025-08-22,PL,55589,24,0.1051,2803,35,1,23647,75,13,Rayong,Y
A107499,2023-07-21,PL,156081,48,0.2255,6184,43,1,68180,66,10,Khon Kaen,
A107500,2022-10-28,PL,69008,12,0.2555,7219,46,1,,31,18,Ubon Ratchathani,
A107501,2023-07-02,HP,348708,48,0.2743,15235,23,3,22532,57,10,Rayong,
A107502,2022-06-26,PL,121838,12,0.1315,11488,45,1,22370,1,11,Chiang Mai,
A107503,2025-11-01,CC,41793,0,0.2684,0,31,1,41737,52,0,Rayong,Y
A107504,2023-05-02,PL,232250,48,0.2284,9259,29,1,29801,74,999,Nonthaburi,
A107505,2023-02-01,HP,565464,60,0.2045,19060,29,1,,41,999,Khon Kaen,
A107506,2024-11-06,CC,30130,0,0.2492,0,28,3,48288,147,8,Rayong,N
A107507,2024-04-08,PL,86039,48,0.2397,3511,37,1,,100,5,Samut Prakan,Y
A107508,2025-02-07,HP,184121,48,0.2754,8061,43,1,23899,114,24,Samut Prakan,Y
A107509,2024-12-19,HP,247667,48,0.1557,8373,23,3,31083,11,10,Phuket,Y
A107510,2022-02-01,PL,102793,12,0.1481,9834,38,1,39200,88,15,Chonburi,
A107511,2025-03-02,CC,104182,0,0.1764,0,28,2,,83,5,Songkhla,N
A107512,2025-02-06,PL,115356,48,0.1632,3972,38,1,,76,14,Nakhon Ratchasima,Y
A107513,2023-02-22,PL,217106,48,0.2495,9037,20,1,25528,51,11,Khon Kaen,
A107514,2025-05-20,PL,159863,48,0.1203,4933,43,1,35034,47,11,Phuket,Y
A107515,2022-01-20,PL,96673,24,0.209,5711,46,3,35143,65,999,Chiang Mai,
A107516,2025-09-19,PL,123199,36,0.1153,4605,46,2,,25,15,Samut Prakan,Y
A107517,2023-01-17,HP,468465,48,0.2106,17981,32,1,22094,11,14,Udon Thani,
A107518,2023-02-10,HP,784703,60,0.1188,20846,35,2,28613,89,9,Samut Prakan,
A107519,2023-07-29,HP,294307,36,0.1233,11199,41,2,,3,999,Ubon Ratchathani,
A107520,2025-04-05,PL,62888,12,0.1865,6218,51,1,26760,128,5,Chiang Mai,Y
A107521,2022-09-26,PL,136256,24,0.1758,7673,52,1,18753,53,3,Rayong,
A107522,2022-10-01,CC,53585,0,0.1245,0,46,1,29003,23,17,Samut Prakan,
A107523,2025-06-20,HP,786553,48,0.2219,30931,20,1,34917,44,5,Nakhon Ratchasima,Y
A107524,2025-06-22,PL,68718,12,0.1009,6304,38,1,21980,22,3,Rayong,N
A107525,2022-10-03,PL,145037,24,0.1311,7627,47,1,29604,69,5,Ubon Ratchathani,
A107526,2023-04-23,HP,172792,48,0.1032,5085,67,1,21523,115,0,Rayong,
A107527,2022-02-01,CC,58346,0,0.1286,0,42,1,32429,2,21,Chiang Mai,
A107528,2023-07-06,HP,458436,48,0.1004,13386,37,2,59143,78,999,Rayong,
A107529,2022-09-16,HP,846607,36,0.1323,32850,34,1,51559,65,12,Ubon Ratchathani,
A107530,2025-01-26,CC,80858,0,0.1169,0,36,2,53767,91,16,Samut Prakan,N
A107531,2023-08-08,PL,99003,24,0.2646,6308,23,2,40162,23,11,Phuket,
A107532,2025-12-16,CC,84719,0,0.2289,0,37,1,25298,70,9,Chiang Mai,Y
A107533,2024-12-28,PL,85374,36,0.0988,3074,33,2,,61,29,Khon Kaen,N
A107534,2022-01-21,HP,149501,72,0.1304,3700,38,3,26129,85,5,Nakhon Ratchasima,
A107535,2024-11-03,PL,131031,48,0.1389,4246,43,1,32164,67,999,Samut Prakan,Y
A107536,2023-02-28,PL,528177,36,0.1669,22017,54,3,23946,34,20,Chonburi,
A107537,2023-01-19,PL,47080,24,0.238,2895,34,2,,42,11,Samut Prakan,
A107538,2024-05-04,PL,192881,48,0.2362,7814,48,2,,62,8,Phuket,Y
A107539,2025-03-05,PL,228205,12,0.1796,22432,48,1,,22,11,Khon Kaen,N
A107540,2023-12-20,HP,841905,60,0.0923,20507,48,1,24724,90,11,Bangkok,
A107541,2024-10-17,HP,142121,60,0.1785,4482,24,1,38459,72,6,Khon Kaen,Y
A107542,2022-06-14,HP,540293,60,0.2635,20868,28,1,31128,12,15,Rayong,
A107543,2023-11-07,CC,23085,0,0.2006,0,26,1,,106,2,Chiang Mai,
A107544,2025-10-26,CC,83687,0,0.2564,0,47,2,,104,7,Samut Prakan,Y
A107545,2025-09-24,HP,456487,60,0.2328,16463,22,2,,7,12,Bangkok,Y
A107546,2022-07-24,PL,68609,24,0.1452,3688,28,2,41012,48,999,Khon Kaen,
A107547,2025-02-05,HP,296695,60,0.2726,11684,34,9,,39,16,Chonburi,Y
A107548,2022-07-22,CC,44624,0,0.1051,0,28,1,27985,60,999,Songkhla,
A107549,2022-08-28,PL,103262,36,0.1715,4344,29,1,35372,62,24,Ubon Ratchathani,
A107550,2022-11-18,PL,138079,12,0.1658,13414,23,2,114049,32,5,Ubon Ratchathani,
A107551,2023-05-10,PL,138023,48,0.1346,4423,39,2,,71,9,Songkhla,
A107552,2022-10-01,CC,93564,0,0.1585,0,38,2,59216,80,16,Bangkok,
A107553,2025-03-20,PL,156953,24,0.1807,8903,47,1,30279,60,9,Phuket,N
A107554,2024-04-16,CC,69684,0,0.1384,0,30,2,,46,4,Songkhla,Y
A107555,2024-10-09,PL,133846,36,0.2191,6161,38,2,,25,9,Rayong,Y
A107556,2025-08-23,CC,68494,0,0.1648,0,33,2,11627,110,17,Nakhon Ratchasima,Y
A107557,2023-08-15,PL,287062,24,0.2495,17929,42,3,18794,3,18,Rayong,
A107558,2022-04-05,PL,141865,48,0.2164,5513,23,1,23005,21,999,Bangkok,
A107559,2022-11-20,CC,28313,0,0.1467,0,28,2,,55,2,Nakhon Ratchasima,
A107560,2025-11-02,HP,258121,72,0.2314,8562,36,1,26393,19,999,Chonburi,Y
A107561,2023-10-09,CC,46435,0,0.1449,0,34,1,28853,0,25,Chiang Mai,
A107562,2024-08-07,CC,40644,0,0.2069,0,25,3,76980,2,15,Khon Kaen,Y
A107563,2024-09-02,PL,79566,48,0.2456,3286,32,3,23973,15,11,Bangkok,Y
A107564,2022-12-23,HP,183080,72,0.1435,4732,49,9,53575,13,4,Bangkok,
A107565,2022-01-13,HP,212240,60,0.2122,7290,61,1,39688,96,6,Nakhon Ratchasima,
A107566,2023-10-15,HP,263532,36,0.2331,12439,48,1,27375,160,10,Udon Thani,
A107567,2023-06-21,HP,259948,48,0.262,11091,33,1,62950,42,24,Chonburi,
A107568,2022-07-14,CC,30660,0,0.2652,0,42,1,23862,84,16,Rayong,
A107569,2024-03-06,PL,74378,24,0.2407,4590,30,3,42735,82,15,Nakhon Ratchasima,
A107570,2022-04-09,PL,98750,36,0.2295,4631,51,2,,58,999,Songkhla,
A107571,2022-06-26,CC,25589,0,0.151,0,27,1,18792,79,15,Samut Prakan,
A107572,2023-07-10,PL,71262,48,0.1522,2388,40,1,25701,97,12,Chiang Mai,
A107573,2025-01-01,CC,36195,0,0.2494,0,41,3,19073,11,7,Nakhon Ratchasima,N
A107574,2024-09-10,CC,18155,0,0.2559,0,25,1,35201,12,2,Nonthaburi,Y
A107575,2024-10-16,HP,509393,60,0.2325,18359,49,2,65674,85,4,Chonburi,N
A107576,2025-01-01,HP,289761,60,0.2582,11064,33,1,10721,88,0,Udon Thani,Y
A107577,2025-08-16,PL,156891,36,0.1041,5719,51,1,17168,12,10,Ubon Ratchathani,Y
A107578,2025-02-21,HP,577939,72,0.1148,13555,23,3,42358,41,10,Chiang Mai,Y
A107579,2025-12-17,HP,1699620,72,0.2705,61918,30,1,17364,5,2,Chiang Mai,Y
A107580,2022-02-03,CC,20945,0,0.1774,0,27,1,46938,44,9,Phuket,
A107581,2024-06-09,PL,80861,48,0.1253,2528,35,1,16229,39,13,Rayong,N
A107582,2025-05-13,HP,519617,48,0.2245,20546,42,2,,66,22,Phuket,Y
A107583,2024-01-29,HP,1371533,60,0.2197,47969,49,1,31809,41,14,Phuket,
A107584,2022-03-14,CC,28582,0,0.2539,0,43,2,20025,105,6,Ubon Ratchathani,
A107585,2025-01-20,CC,38917,0,0.0946,0,33,9,,46,5,Rayong,N
A107586,2024-01-07,PL,372972,24,0.1266,19475,40,1,18964,119,6,Nonthaburi,
A107587,2023-04-01,HP,358086,72,0.0945,7793,20,1,,76,4,Chonburi,
A107588,2022-09-24,HP,623198,72,0.271,22729,51,1,23361,7,15,Nakhon Ratchasima,
A107589,2022-06-18,CC,56471,0,0.2395,0,49,2,,50,11,Khon Kaen,
A107590,2024-07-29,HP,317883,48,0.1897,11647,20,1,20945,82,14,Khon Kaen,Y
A107591,2022-07-20,PL,84825,36,0.2273,3962,22,1,,65,6,Ubon Ratchathani,
A107592,2024-03-05,HP,330079,36,0.2035,14766,30,3,16994,129,7,Rayong,
A107593,2023-06-13,PL,216518,48,0.2011,8139,25,1,26906,80,13,Samut Prakan,
A107594,2025-09-02,PL,100695,48,0.1577,3421,20,1,40117,29,9,Phuket,N
A107595,2025-01-03,HP,278289,48,0.1966,10356,51,2,49794,118,6,Chonburi,Y
A107596,2022-03-10,PL,81814,36,0.257,4024,39,3,28177,126,15,Chonburi,
A107597,2022-02-15,HP,409282,36,0.225,19042,36,9,,111,2,Udon Thani,
A107598,2023-08-12,PL,264955,48,0.1737,9355,34,2,12347,27,10,Nakhon Ratchasima,
A107599,2024-12-04,PL,88631,24,0.2071,5222,48,1,18448,74,15,Khon Kaen,Y
A107600,2025-04-12,PL,105846,24,0.1955,6134,36,3,23327,111,4,Bangkok,Y
A107601,2023-08-07,PL,42875,12,0.1475,4099,20,1,65713,88,22,Songkhla,
A107602,2023-06-20,PL,76514,36,0.165,3177,47,1,,1,12,Samut Prakan,
A107603,2024-08-22,PL,117778,36,0.1766,5004,32,3,24228,82,20,Khon Kaen,Y
A107604,2024-09-13,HP,902844,72,0.1322,22485,30,1,33051,134,999,Nonthaburi,Y
A107605,2024-05-19,HP,324150,36,0.1835,13960,25,1,40204,87,3,Songkhla,Y
A107606,2024-06-23,CC,10131,0,0.1605,0,35,3,,6,0,Khon Kaen,Y
A107607,2025-09-09,PL,112337,48,0.1276,3534,35,2,,21,11,Chiang Mai,Y
A107608,2023-02-25,PL,220025,48,0.2485,9140,32,2,26559,99,2,Udon Thani,
A107609,2025-08-11,HP,221521,60,0.1688,6808,21,2,,49,2,Nonthaburi,N
A107610,2024-12-21,HP,1071688,36,0.1334,41682,45,1,25782,17,5,Rayong,Y
A107611,2025-06-13,HP,615413,60,0.1429,17585,32,1,46122,56,24,Samut Prakan,Y
A107612,2022-04-14,CC,75502,0,0.1506,0,56,1,51165,33,24,Songkhla,
A107613,2024-10-31,HP,185522,72,0.2046,5739,31,2,,5,16,Rayong,Y
A107614,2024-03-07,CC,90186,0,0.2511,0,52,1,44906,34,1,Songkhla,
A107615,2022-05-13,PL,146248,12,0.1709,14270,39,1,42959,28,11,Phuket,
A107616,2023-08-14,PL,120382,12,0.2416,12455,21,2,74665,87,12,Khon Kaen,
A107617,2025-06-25,CC,70850,0,0.2164,0,52,9,,29,14,Bangkok,Y
A107618,2023-12-30,HP,329910,60,0.1552,9765,20,2,,38,13,Bangkok,
A107619,2025-01-29,PL,380237,24,0.1278,19892,30,3,9781,36,10,Nakhon Ratchasima,Y
A107620,2022-02-24,HP,251124,72,0.1624,6886,57,3,17392,35,21,Nakhon Ratchasima,
A107621,2022-12-05,PL,127425,24,0.1227,6612,28,2,,93,6,Chonburi,
A107622,2024-04-24,HP,153312,60,0.2087,5221,40,1,21514,88,17,Khon Kaen,Y
A107623,2024-08-19,PL,72570,48,0.1446,2386,45,2,127754,100,11,Udon Thani,N
A107624,2023-07-20,PL,196069,48,0.2226,7721,36,3,22632,4,7,Udon Thani,
A107625,2023-04-08,HP,557296,48,0.1975,20782,20,1,35520,16,7,Chonburi,
A107626,2025-06-02,HP,306384,36,0.1347,11949,61,1,49993,12,14,Chiang Mai,N
A107627,2025-11-10,HP,125651,60,0.1057,3200,31,1,103399,79,23,Ubon Ratchathani,Y
A107628,2023-07-14,PL,66111,48,0.2657,2841,36,1,19963,12,999,Chiang Mai,
A107629,2022-04-23,HP,176632,60,0.1141,4623,56,3,36790,44,1,Nonthaburi,
A107630,2023-10-31,PL,87819,12,0.2172,8907,44,9,,19,5,Udon Thani,
A107631,2023-07-10,HP,347513,36,0.1182,13076,38,2,,5,17,Bangkok,
A107632,2022-05-05,PL,34534,48,0.0934,988,30,3,,41,10,Nakhon Ratchasima,
A107633,2025-03-20,PL,191822,36,0.1009,6941,46,1,15903,23,999,Ubon Ratchathani,Y
A107634,2023-02-19,HP,586698,60,0.1719,18182,31,3,28557,125,16,Chonburi,
A107635,2023-06-13,HP,309023,60,0.2089,10529,30,1,32632,77,16,Chonburi,
A107636,2023-08-30,HP,184645,48,0.2683,7975,38,1,12283,47,22,Ubon Ratchathani,
A107637,2024-03-27,HP,468718,36,0.0945,16711,38,1,24593,27,17,Chonburi,
A107638,2025-03-13,HP,296965,72,0.2085,9284,40,3,23182,35,999,Bangkok,Y
A107639,2023-05-06,PL,187726,24,0.2759,12138,33,1,39997,38,18,Nakhon Ratchasima,
A107640,2022-09-25,CC,78441,0,0.1444,0,20,1,25577,96,999,Chonburi,
A107641,2023-04-05,PL,205774,48,0.0992,5988,56,1,28765,24,14,Bangkok,
A107642,2024-09-07,HP,534130,36,0.2002,23748,41,1,48841,46,0,Rayong,N
A107643,2025-09-17,PL,236692,12,0.0989,21675,47,1,22976,7,10,Khon Kaen,Y
A107644,2024-05-30,CC,50420,0,0.1402,0,44,1,34726,36,999,Ubon Ratchathani,Y
A107645,2025-09-21,PL,122987,24,0.1277,6433,24,3,16811,25,4,Ubon Ratchathani,N
A107646,2025-08-25,PL,103618,48,0.2223,4078,41,1,17627,47,3,Ubon Ratchathani,Y
A107647,2022-08-04,HP,338818,72,0.1215,8136,29,1,16991,28,1,Udon Thani,
A107648,2025-09-05,PL,101954,24,0.1956,5909,61,3,35391,38,22,Nakhon Ratchasima,Y
A107649,2025-01-04,PL,295511,12,0.1969,29474,24,2,51059,82,19,Ubon Ratchathani,Y
A107650,2024-12-14,PL,278824,36,0.2707,14034,42,2,26450,22,6,Nonthaburi,Y
A107651,2024-01-27,HP,299337,48,0.152,10027,49,1,31709,32,7,Songkhla,
A107652,2022-03-25,PL,215932,24,0.2214,12981,20,2,39793,21,25,Bangkok,
A107653,2025-07-05,PL,135755,48,0.2364,5502,30,2,20463,5,14,Khon Kaen,Y
A107654,2023-09-19,CC,30899,0,0.1925,0,48,1,28948,110,8,Bangkok,
A107655,2025-03-05,PL,108035,24,0.1057,5453,45,3,20460,46,17,Khon Kaen,N
A107656,2023-09-14,CC,105381,0,0.2051,0,37,1,31336,79,999,Nakhon Ratchasima,
A107657,2024-10-12,PL,84917,36,0.108,3123,23,1,27939,71,2,Rayong,Y
A107658,2024-07-23,HP,220048,72,0.1853,6454,55,3,32453,16,0,Ubon Ratchathani,Y
A107659,2024-06-20,PL,95692,12,0.1939,9520,40,1,26947,1,5,Chiang Mai,N
A107660,2024-12-04,CC,86250,0,0.265,0,32,1,11737,81,19,Nonthaburi,Y
A107661,2023-01-09,CC,74304,0,0.1803,0,50,1,,17,0,Rayong,
A107662,2025-06-17,PL,69820,12,0.1222,6529,20,1,15703,87,1,Bangkok,N
A107663,2023-11-22,HP,109388,72,0.235,3661,29,1,,11,10,Phuket,
A107664,2022-03-22,PL,115410,36,0.2418,5531,39,1,53479,40,0,Phuket,
A107665,2025-10-26,PL,99318,24,0.1643,5498,20,1,26339,98,3,Bangkok,N
A107666,2023-01-29,PL,39141,12,0.1547,3766,40,1,48025,76,10,Rayong,
A107667,2022-02-03,PL,121933,36,0.1144,4549,38,1,18408,50,16,Bangkok,
A107668,2022-02-28,PL,76040,36,0.1574,3109,39,2,,6,14,Nonthaburi,
A107669,2022-02-11,CC,35889,0,0.1454,0,54,3,,14,4,Nonthaburi,
A107670,2025-02-23,PL,126260,24,0.0928,6237,60,1,28536,41,2,Chiang Mai,Y
A107671,2024-08-05,CC,65433,0,0.2223,0,53,3,41859,3,16,Bangkok,Y
A107672,2025-12-21,PL,108912,24,0.1665,6049,38,2,,9,12,Chiang Mai,N
A107673,2025-03-24,CC,42650,0,0.199,0,41,1,39484,86,20,Bangkok,Y
A107674,2022-01-30,HP,561107,60,0.096,13840,42,1,36277,17,6,Nakhon Ratchasima,
A107675,2024-10-03,PL,56119,12,0.2788,5980,65,1,36394,14,5,Nonthaburi,Y
A107676,2024-04-04,HP,317919,60,0.2045,10716,30,9,,10,0,Bangkok,Y
A107677,2022-05-01,PL,92770,12,0.2292,9502,27,3,24830,176,22,Nonthaburi,
A107678,2022-03-07,PL,240054,12,0.1084,22172,20,2,,26,13,Ubon Ratchathani,
A107679,2025-06-27,PL,132322,48,0.1727,4661,20,3,21472,33,6,Udon Thani,Y
A107680,2023-02-04,CC,28923,0,0.2391,0,42,1,44702,75,15,Rayong,
A107681,2025-05-21,CC,47156,0,0.1807,0,20,1,,0,8,Samut Prakan,N
A107682,2022-11-24,CC,23483,0,0.2072,0,28,3,,41,7,Nonthaburi,
A107683,2025-08-08,PL,58393,36,0.1837,2515,41,1,53448,64,4,Bangkok,Y
A107684,2025-12-03,HP,282581,36,0.1943,12424,44,1,26211,32,13,Samut Prakan,Y
A107685,2023-02-15,HP,207692,60,0.1055,5287,36,3,16546,63,9,Khon Kaen,
A107686,2024-11-10,PL,57479,12,0.1164,5347,25,2,21039,142,8,Nonthaburi,Y
A107687,2025-12-19,HP,265813,72,0.2074,8285,49,2,15126,122,8,Samut Prakan,N
A107688,2025-02-22,HP,544292,60,0.1632,16473,39,3,24534,2,15,Nonthaburi,N
A107689,2025-11-20,PL,31300,36,0.1505,1261,20,1,41316,13,7,Nakhon Ratchasima,Y
A107690,2024-10-06,PL,147454,12,0.2768,15689,46,1,12184,52,6,Bangkok,N
A107691,2024-03-11,CC,40231,0,0.2774,0,32,1,33520,11,15,Phuket,
A107692,2023-10-01,HP,553998,72,0.215,17620,41,1,25325,37,11,Bangkok,
A107693,2022-10-05,PL,153131,12,0.222,15593,46,1,27581,81,999,Chonburi,
A107694,2025-02-09,PL,71663,24,0.1649,3970,20,3,40193,63,999,Nonthaburi,N
A107695,2025-03-07,PL,57895,24,0.1888,3323,37,3,21286,2,4,Nakhon Ratchasima,Y
A107696,2022-05-29,PL,333081,12,0.2286,34101,25,2,35758,32,4,Nakhon Ratchasima,
A107697,2023-06-03,PL,63052,36,0.1941,2771,34,3,50324,95,4,Udon Thani,
A107698,2023-02-02,HP,386136,36,0.2553,18941,29,3,30374,32,24,Bangkok,
A107699,2022-01-24,PL,191281,48,0.2471,7923,48,1,33905,2,23,Chiang Mai,
A107700,2025-07-18,HP,393650,72,0.106,8944,48,1,25849,25,24,Phuket,Y
A107701,2023-09-17,HP,420124,36,0.2017,18731,56,3,44178,55,22,Songkhla,
A107702,2023-06-05,HP,583631,36,0.2146,26649,28,1,,15,7,Udon Thani,
A107703,2025-02-07,HP,425281,48,0.1232,13226,33,1,16269,1,17,Nakhon Ratchasima,Y
A107704,2022-08-11,HP,140646,72,0.111,3254,33,3,9200,79,10,Udon Thani,
A107705,2025-09-23,PL,84880,48,0.1404,2761,25,2,38772,20,8,Khon Kaen,Y
A107706,2022-01-27,CC,96221,0,0.1591,0,38,2,,67,14,Bangkok,
A107707,2023-03-29,CC,22323,0,0.0,0,39,1,24989,8,14,Ubon Ratchathani,
A107708,2022-10-31,CC,44373,0,0.1147,0,32,2,41221,80,2,Udon Thani,
A107709,2023-03-03,PL,54420,36,0.2751,2759,21,1,30199,102,0,Udon Thani,
A107710,2023-05-20,CC,19937,0,0.1782,0,42,1,29863,61,21,Samut Prakan,
A107711,2023-05-14,HP,262004,36,0.0909,9262,20,1,21353,36,10,Chiang Mai,
A107712,2023-07-24,HP,161891,72,0.2447,5549,33,3,40288,119,999,Phuket,
A107713,2025-03-28,CC,19180,0,0.1961,0,51,3,53149,52,999,Songkhla,Y
A107714,2024-04-17,HP,253442,48,0.1426,8291,24,2,87188,43,19,Udon Thani,Y
A107715,2023-11-22,HP,643512,36,0.1931,28230,46,3,21452,55,2,Bangkok,
A107716,2025-02-04,HP,312521,36,0.2299,14668,23,1,30510,111,999,Songkhla,Y
A107717,2025-01-18,PL,78910,24,0.1565,4317,44,2,,42,6,Bangkok,N
A107718,2025-11-17,PL,136370,24,0.2604,8641,49,1,13102,68,7,Phuket,Y
A107719,2024-04-03,PL,134731,24,0.1703,7525,38,2,63739,89,7,Nonthaburi,Y
A107720,2024-12-24,HP,292332,60,0.135,8160,21,3,43344,74,13,Bangkok,N
A107721,2023-07-19,PL,151701,48,0.0918,4320,53,1,36339,28,0,Bangkok,
A107722,2023-12-15,PL,50186,24,0.251,3140,23,1,21528,100,1,Nonthaburi,
A107723,2023-04-17,CC,27203,0,0.2631,0,33,1,38035,6,12,Bangkok,
A107724,2024-04-03,PL,69644,48,0.2136,2690,29,2,59295,21,999,Nakhon Ratchasima,Y
A107725,2022-09-21,PL,84299,48,0.2353,3409,33,1,,126,4,Nakhon Ratchasima,
A107726,2023-09-06,PL,68089,48,0.1248,2126,31,3,,32,8,Ubon Ratchathani,
A107727,2024-10-22,CC,141180,0,0.2012,0,67,2,49687,28,6,Rayong,N
A107728,2025-08-04,PL,157377,24,0.1065,7954,41,1,37464,49,1,Rayong,Y
A107729,2022-05-22,CC,33237,0,0.15,0,30,1,22515,26,20,Khon Kaen,
A107730,2022-04-27,PL,118712,12,0.2141,12010,49,1,17099,78,22,Udon Thani,
A107731,2022-03-27,PL,111901,12,0.1664,10876,33,1,14824,137,7,Bangkok,
A107732,2023-07-12,HP,287826,72,0.2696,10464,25,1,26232,27,6,Nakhon Ratchasima,
A107733,2022-10-05,HP,262819,36,0.2187,12090,20,2,21155,18,12,Chiang Mai,
A107734,2022-04-20,PL,234957,36,0.278,11969,39,3,36294,12,2,Bangkok,
A107735,2024-09-29,CC,114880,0,0.2214,0,32,3,24703,52,8,Nakhon Ratchasima,N
A107736,2024-07-17,PL,80074,36,0.1126,2975,38,3,29731,0,0,Phuket,Y
A107737,2025-01-17,HP,448702,36,0.0957,16042,29,1,36972,75,18,Songkhla,Y
A107738,2023-05-20,HP,414753,72,0.1807,12005,42,1,17444,27,14,Phuket,
A107739,2022-02-12,PL,80212,24,0.2277,4864,33,1,33039,70,6,Bangkok,
A107740,2022-02-09,HP,275168,36,0.0911,9732,31,1,32077,1,1,Chiang Mai,
A107741,2023-07-27,PL,275446,24,0.1254,14355,40,3,17645,31,18,Bangkok,
A107742,2025-11-07,PL,135574,24,0.2649,8641,54,1,29683,10,5,Rayong,N
A107743,2024-05-06,HP,593937,72,0.2587,21053,24,2,,60,3,Bangkok,N
A107744,2025-07-09,PL,61001,24,0.1942,3528,35,1,36241,10,999,Samut Prakan,N
A107745,2022-09-06,CC,30132,0,0.1692,0,25,1,21128,26,8,Chonburi,
A107746,2023-11-07,PL,197108,12,0.223,20088,31,3,41982,63,8,Ubon Ratchathani,
A107747,2024-12-31,HP,310633,60,0.2795,12412,53,1,31354,56,20,Udon Thani,Y
A107748,2022-04-19,CC,49146,0,0.2081,0,25,1,34515,200,13,Phuket,
A107749,2025-10-12,CC,54188,0,0.1874,0,28,1,30448,110,7,Chonburi,Y
A107750,2025-07-12,HP,468450,48,0.1713,16446,51,1,22405,97,999,Nakhon Ratchasima,Y
A107751,2023-02-07,HP,336466,48,0.2036,12718,30,3,29318,78,10,Bangkok,
A107752,2025-01-15,PL,198172,24,0.114,10139,55,3,22673,99,10,Udon Thani,Y
A107753,2024-10-18,PL,104760,12,0.1997,10473,39,1,,10,10,Chonburi,Y
A107754,2023-06-16,HP,262978,72,0.1587,7130,31,3,45179,70,10,Nonthaburi,
A107755,2023-08-17,HP,291961,60,0.1463,8425,36,3,,92,17,Khon Kaen,
A107756,2023-07-31,HP,989442,36,0.2398,47256,40,3,27516,104,0,Rayong,
A107757,2022-05-26,HP,233901,60,0.1898,7597,42,1,9196,45,999,Ubon Ratchathani,
A107758,2022-08-18,HP,1415461,60,0.1557,41956,29,1,51318,118,19,Udon Thani,
A107759,2023-06-11,PL,53193,48,0.2538,2233,72,1,12317,23,22,Udon Thani,
A107760,2022-12-12,HP,429531,60,0.1049,10913,28,1,38884,112,19,Nonthaburi,
A107761,2023-06-08,HP,922805,36,0.1634,38199,34,2,34380,60,10,Nakhon Ratchasima,
A107762,2023-09-20,PL,270054,36,0.2396,12893,36,1,28771,62,10,Ubon Ratchathani,
A107763,2025-02-11,HP,365014,60,0.1307,10059,41,3,,22,11,Rayong,N
A107764,2023-03-25,HP,321380,48,0.1476,10648,24,2,19972,90,999,Bangkok,
A107765,2022-04-10,PL,48063,48,0.1047,1420,41,1,18257,92,6,Bangkok,
A107766,2022-11-02,PL,173452,24,0.2007,10128,32,1,36189,38,11,Khon Kaen,
A107767,2023-03-15,HP,1217406,72,0.2405,41307,20,1,25905,1,29,Bangkok,
A107768,2023-04-15,CC,39079,0,0.2049,0,31,1,57237,19,1,Ubon Ratchathani,
A107769,2024-08-22,HP,603103,36,0.2025,26930,32,2,56617,35,22,Songkhla,N
A107770,2023-01-26,PL,42746,36,0.201,1903,50,3,39472,48,0,Chonburi,
A107771,2024-05-28,PL,77803,48,0.2084,2972,34,1,42388,28,9,Rayong,Y
A107772,2024-01-26,PL,199732,48,0.1703,6995,42,1,34951,62,9,Phuket,
A107773,2022-08-21,CC,56977,0,0.1541,0,41,1,39913,31,5,Khon Kaen,
A107774,2022-09-15,PL,194061,24,0.2284,11779,36,3,17122,24,6,Rayong,
A107775,2024-03-07,PL,166197,12,0.1347,15715,25,2,58215,125,18,Nakhon Ratchasima,
A107776,2023-04-17,PL,155058,24,0.2292,9422,53,1,30774,0,7,Samut Prakan,
A107777,2024-09-23,PL,200952,36,0.2125,9140,34,1,31709,76,10,Chiang Mai,N
A107778,2022-08-15,HP,192735,48,0.1692,6732,38,1,35471,105,2,Bangkok,
A107779,2022-07-15,CC,49997,0,0.1201,0,54,1,27626,35,10,Songkhla,
A107780,2025-03-24,HP,211818,72,0.2099,6646,40,2,58362,92,14,Nonthaburi,Y
A107781,2023-12-22,HP,200960,60,0.1301,5528,34,2,,23,999,Samut Prakan,
A107782,2023-05-31,PL,247799,36,0.1031,9012,59,1,14337,93,3,Chiang Mai,
A107783,2022-12-03,CC,25524,0,0.2176,0,26,3,,25,999,Udon Thani,
A107784,2023-04-05,CC,15491,0,0.234,0,26,2,,171,3,Nakhon Ratchasima,
A107785,2024-09-02,PL,327078,36,0.1215,12397,42,1,75760,23,7,Samut Prakan,Y
A107786,2025-12-08,CC,92942,0,0.1866,0,29,1,25093,151,20,Samut Prakan,Y
A107787,2025-08-27,PL,49408,36,0.2596,2441,33,2,,69,31,Songkhla,Y
A107788,2024-10-05,PL,44756,36,0.1631,1851,37,2,,49,1,Samut Prakan,Y
A107789,2022-09-04,HP,172466,36,0.2433,8287,45,1,45141,60,3,Chonburi,
A107790,2024-02-12,PL,123625,24,0.2677,7908,48,1,,80,6,Phuket,
A107791,2022-05-11,PL,139481,24,0.1983,8116,20,2,28945,96,7,Chiang Mai,
A107792,2025-01-26,PL,229093,36,0.1684,9578,34,2,,17,10,Chiang Mai,N
A107793,2025-07-24,HP,196759,72,0.2796,7317,52,1,51296,97,16,Chiang Mai,Y
A107794,2023-12-04,PL,103948,36,0.2211,4802,32,3,34466,87,18,Chonburi,
A107795,2024-08-29,HP,87781,72,0.1686,2452,33,2,,40,999,Ubon Ratchathani,Y
A107796,2023-06-24,PL,108438,36,0.1644,4497,34,1,,2,3,Khon Kaen,
A107797,2024-01-31,CC,44436,0,0.1018,0,36,3,23077,58,26,Chonburi,
A107798,2023-12-31,HP,268316,72,0.146,6991,36,2,74700,114,11,Nonthaburi,
A107799,2023-06-30,PL,124553,12,0.1996,12451,37,3,17685,66,1,Chiang Mai,
A107800,2022-09-30,CC,39342,0,0.2747,0,24,2,,84,2,Rayong,
A107801,2022-04-16,HP,296464,36,0.2027,13242,46,2,46846,29,3,Songkhla,
A107802,2022-05-19,CC,20241,0,0.2661,0,52,3,41541,17,4,Phuket,
A107803,2022-06-06,PL,70860,36,0.09,2499,41,3,13609,51,14,Udon Thani,
A107804,2024-11-24,PL,158096,12,0.1732,15456,36,1,38960,41,21,Udon Thani,Y
A107805,2025-05-30,PL,68087,48,0.1277,2143,21,1,37478,78,2,Udon Thani,Y
A107806,2022-06-22,HP,748132,48,0.1577,25417,26,2,,24,6,Samut Prakan,
A107807,2023-08-24,PL,86182,24,0.2149,5134,47,9,,28,9,Bangkok,
A107808,2023-06-17,PL,38212,48,0.1931,1410,30,2,,55,14,Rayong,
A107809,2022-11-01,PL,116785,36,0.1616,4816,29,1,69260,29,21,Nakhon Ratchasima,
A107810,2025-03-06,HP,365779,36,0.0981,13150,30,1,32763,55,16,Phuket,Y
A107811,2025-04-14,PL,198760,24,0.2479,12387,64,2,32001,39,2,Nonthaburi,Y
A107812,2023-12-03,CC,60587,0,0.1321,0,43,1,24154,85,5,Samut Prakan,
A107813,2023-04-24,HP,133232,48,0.1578,4527,54,1,50459,76,11,Bangkok,
A107814,2023-03-08,PL,276884,36,0.0933,9843,43,2,33499,6,8,Khon Kaen,
A107815,2023-07-28,HP,368376,72,0.1791,10614,29,1,38562,88,6,Nakhon Ratchasima,
A107816,2024-01-22,PL,63136,36,0.1898,2752,22,1,26808,31,999,Bangkok,
A107817,2023-04-08,PL,188629,36,0.1896,8220,35,1,22084,112,999,Nakhon Ratchasima,
A107818,2025-05-19,HP,253436,60,0.237,9229,44,2,98184,54,20,Samut Prakan,Y
A107819,2022-11-09,PL,233040,24,0.2283,14143,33,1,20671,52,10,Bangkok,
A107820,2023-09-22,HP,208014,48,0.1347,6668,35,1,21417,36,15,Songkhla,
A107821,2023-04-26,HP,852681,36,0.2697,42849,30,1,28516,8,7,Bangkok,
A107822,2024-05-06,PL,145565,12,0.2593,15275,24,1,37143,89,1,Samut Prakan,Y
A107823,2022-05-16,PL,128698,36,0.2248,5985,25,1,17900,67,7,Ubon Ratchathani,
A107824,2022-03-07,HP,867817,60,0.1109,22483,40,1,58001,46,4,Udon Thani,
A107825,2025-09-29,HP,189936,72,0.1331,4744,35,1,49192,79,26,Samut Prakan,Y
A107826,2024-07-18,PL,118633,12,0.1379,11249,20,3,23697,37,4,Rayong,Y
A107827,2022-02-15,HP,149385,36,0.1257,5714,38,1,26131,141,1,Nakhon Ratchasima,
A107828,2024-02-25,HP,217933,60,0.0989,5428,44,1,28767,47,4,Chiang Mai,
A107829,2024-11-22,HP,311265,36,0.1334,12106,42,1,12860,55,5,Nonthaburi,N
A107830,2025-04-29,PL,85544,36,0.0966,3064,20,1,52677,55,7,Chonburi,N
A107831,2024-02-18,CC,61937,0,0.222,0,31,1,21566,107,999,Bangkok,
A107832,2022-09-25,HP,340230,72,0.2484,11768,33,3,27425,7,18,Phuket,
A107833,2025-07-25,CC,29132,0,0.1674,0,45,2,,21,999,Phuket,N
A107834,2023-07-31,HP,173539,36,0.2017,7737,30,1,,41,16,Bangkok,
A107835,2022-07-28,PL,380438,24,0.2588,24056,44,1,38468,22,999,Nonthaburi,
A107836,2024-06-21,PL,88513,24,0.1948,5124,20,2,,5,7,Songkhla,Y
A107837,2023-02-02,CC,81293,0,0.1228,0,21,3,37614,55,1,Bangkok,
A107838,2024-06-10,PL,167404,12,0.191,16614,45,1,72650,64,7,Samut Prakan,N
A107839,2023-01-03,PL,136541,24,0.1486,7380,32,2,68849,98,17,Rayong,
A107840,2024-11-18,HP,233607,72,0.1955,7050,41,1,,49,0,Bangkok,Y
A107841,2025-12-19,CC,44496,0,0.133,0,33,1,,16,10,Rayong,Y
A107842,2023-11-06,PL,244218,36,0.1832,10512,47,2,,49,999,Samut Prakan,
A107843,2023-07-27,CC,42782,0,0.1716,0,35,1,31067,44,10,Udon Thani,
A107844,2025-08-05,PL,158271,36,0.1677,6608,39,1,20982,36,7,Ubon Ratchathani,Y
A107845,2022-01-16,HP,148253,48,0.2665,6381,20,2,,52,999,Rayong,
A107846,2025-07-13,HP,528964,36,0.2688,26542,24,3,16731,32,3,Chiang Mai,Y
A107847,2022-10-06,HP,133383,72,0.1738,3784,40,3,,2,3,Nakhon Ratchasima,
A107848,2025-12-23,PL,86732,36,0.1276,3331,42,9,,11,6,Chiang Mai,N
A107849,2022-11-11,HP,184684,60,0.1115,4794,54,1,18649,13,6,Samut Prakan,
A107850,2025-09-25,PL,173418,24,0.1868,9925,35,1,21901,11,8,Khon Kaen,N
A107851,2025-12-09,HP,246314,48,0.2357,9969,33,9,,59,10,Chiang Mai,Y
A107852,2024-11-22,CC,16496,0,0.0949,0,72,1,22630,59,11,Phuket,N
A107853,2024-09-20,PL,147652,12,0.1299,13902,20,2,,18,4,Phuket,Y
A107854,2024-05-13,HP,275375,60,0.2512,10354,30,3,47123,71,7,Ubon Ratchathani,Y
A107855,2023-06-07,PL,96459,12,0.2101,9727,46,1,24677,56,4,Ubon Ratchathani,
A107856,2024-02-19,HP,433747,72,0.0907,9302,35,1,17859,88,1,Khon Kaen,
A107857,2022-03-22,PL,482942,24,0.1046,24332,32,3,11386,51,15,Nonthaburi,
A107858,2022-07-15,HP,217241,36,0.1333,8447,34,9,69930,4,7,Nakhon Ratchasima,
A107859,2022-06-21,PL,107666,48,0.095,3095,44,1,42372,42,1,Songkhla,
A107860,2024-01-23,HP,273453,36,0.1677,11417,57,2,35629,36,8,Khon Kaen,
A107861,2025-03-21,HP,321521,72,0.1452,8355,46,1,26280,51,22,Khon Kaen,Y
A107862,2024-08-27,PL,93315,24,0.1854,5329,25,1,25302,13,999,Udon Thani,Y
A107863,2022-10-31,PL,80867,12,0.1928,8038,29,1,11072,1,19,Udon Thani,
A107864,2024-11-16,PL,63347,24,0.1737,3556,54,1,29880,87,22,Rayong,Y
A107865,2022-03-18,HP,326230,72,0.2633,11689,49,3,26920,36,6,Rayong,
A107866,2024-12-20,PL,96434,48,0.1921,3552,48,3,25772,0,12,Phuket,N
A107867,2023-08-30,CC,31769,0,0.2232,0,48,3,21564,101,3,Rayong,
A107868,2022-10-21,CC,72140,0,0.143,0,43,1,,94,15,Phuket,
A107869,2022-11-30,HP,278611,72,0.1711,7842,55,3,49597,37,0,Ubon Ratchathani,
A107870,2025-07-12,HP,183727,48,0.2671,7917,51,2,,91,9,Ubon Ratchathani,Y
A107871,2022-11-03,HP,929301,72,0.1256,22633,45,1,27421,21,3,Songkhla,
A107872,2025-03-09,HP,260221,60,0.2667,10120,49,1,25996,65,10,Songkhla,Y
A107873,2022-04-18,PL,90215,36,0.1342,3514,55,1,63301,90,19,Rayong,
A107874,2022-10-21,HP,208447,72,0.1011,4651,24,1,43352,21,15,Nakhon Ratchasima,
A107875,2024-07-18,PL,72158,12,0.1577,6961,37,1,56259,21,7,Chonburi,N
A107876,2022-03-31,PL,106466,36,0.2425,5108,44,9,22122,15,18,Nakhon Ratchasima,
A107877,2022-02-28,HP,261328,60,0.1041,6622,45,3,25634,18,15,Chiang Mai,
A107878,2025-07-30,CC,73458,0,0.2573,0,27,1,19373,10,6,Ubon Ratchathani,Y
A107879,2024-11-18,CC,58433,0,0.1571,0,29,1,32478,8,9,Udon Thani,Y
A107880,2025-10-03,HP,693459,36,0.1938,30462,37,3,30811,55,999,Rayong,Y
A107881,2022-12-05,PL,155137,48,0.2086,5928,20,1,58289,5,5,Ubon Ratchathani,
A107882,2025-10-15,PL,124447,24,0.2493,7770,34,2,29095,44,17,Chonburi,N
A107883,2025-08-23,HP,273250,36,0.1796,11679,29,2,27259,63,24,Samut Prakan,N
A107884,2023-06-06,PL,47322,24,0.1361,2508,27,1,36756,23,16,Udon Thani,
A107885,2023-12-29,CC,56630,0,0.094,0,49,1,42916,34,9,Nonthaburi,
A107886,2025-07-26,CC,24170,0,0.2734,0,54,9,,47,12,Bangkok,N
A107887,2023-10-20,CC,46754,0,0.1667,0,22,2,,4,10,Songkhla,
A107888,2022-08-04,PL,105045,36,0.2616,5207,32,1,25753,73,12,Chonburi,
A107889,2025-12-17,PL,209922,24,0.1269,10966,21,2,,20,9,Nonthaburi,Y
A107890,2023-07-29,HP,431776,72,0.2122,13632,38,1,19008,121,11,Rayong,
A107891,2024-08-19,PL,78840,12,0.2186,8006,53,1,27307,29,5,Chiang Mai,N
A107892,2023-12-30,PL,193000,12,0.1063,17792,28,2,29482,42,6,Nonthaburi,
A107893,2022-03-10,HP,184130,36,0.122,6986,24,1,33943,22,5,Bangkok,
A107894,2023-02-12,HP,289786,48,0.215,11229,33,3,37785,78,19,Rayong,
A107895,2024-03-19,PL,192626,24,0.1325,10152,63,1,50801,64,12,Bangkok,
A107896,2023-06-15,CC,111355,0,0.1558,0,45,2,,40,8,Songkhla,
A107897,2022-07-16,HP,366709,48,0.1837,13253,61,2,,26,3,Songkhla,
A107898,2025-05-10,CC,23299,0,0.1137,0,54,2,39334,125,20,Samut Prakan,Y
A107899,2022-10-21,HP,116688,60,0.136,3267,34,2,32677,67,19,Khon Kaen,
A107900,2022-01-17,PL,166121,48,0.1127,5021,52,1,,65,13,Songkhla,
A107901,2024-05-08,CC,24551,0,0.0,0,23,1,33055,51,19,Ubon Ratchathani,Y
A107902,2023-09-28,PL,127371,12,0.1233,11922,37,3,25329,42,24,Songkhla,
A107903,2022-09-25,HP,183465,72,0.2797,6824,47,3,49321,56,22,Bangkok,
A107904,2022-08-16,PL,66578,24,0.2018,3893,26,1,37321,76,1,Rayong,
A107905,2023-02-25,PL,138267,12,0.2775,14719,36,2,34987,60,16,Nakhon Ratchasima,
A107906,2025-08-17,CC,37647,0,0.2527,0,35,3,32169,64,5,Udon Thani,N
A107907,2022-01-26,PL,140979,36,0.2305,6624,35,1,27260,31,2,Khon Kaen,
A107908,2023-02-06,PL,86896,12,0.1407,8260,30,1,37479,2,2,Khon Kaen,
A107909,2024-06-30,PL,216236,36,0.1508,8723,42,2,,65,5,Nakhon Ratchasima,Y
A107910,2022-04-17,HP,392678,72,0.1068,8948,44,1,15026,57,2,Chonburi,
A107911,2022-02-20,PL,177229,48,0.2658,7617,35,9,,69,3,Bangkok,
A107912,2024-01-18,HP,166942,36,0.1751,7073,35,1,21930,29,999,Nakhon Ratchasima,
A107913,2022-06-27,HP,485978,48,0.189,17778,67,1,,107,14,Khon Kaen,
A107914,2025-01-28,PL,159137,24,0.1669,8844,57,9,,0,4,Khon Kaen,Y
A107915,2025-05-01,HP,883223,36,0.2591,43604,28,2,28495,20,15,Khon Kaen,N
A107916,2024-08-06,HP,320700,36,0.2479,15533,33,2,,70,10,Nonthaburi,N
A107917,2025-03-17,HP,258070,60,0.1397,7305,20,1,30260,25,9,Chiang Mai,N
A107918,2022-10-20,CC,47655,0,0.1624,0,35,3,15911,71,3,Songkhla,
A107919,2024-12-16,CC,59417,0,0.1715,0,56,1,67535,81,6,Chiang Mai,N
A107920,2025-12-08,PL,179964,24,0.254,11307,39,2,31094,222,4,Ubon Ratchathani,Y
A107921,2023-01-08,HP,571419,36,0.1415,22610,25,1,21907,22,1,Chiang Mai,
A107922,2024-08-23,HP,495078,72,0.2721,18101,41,2,,133,27,Udon Thani,Y
A107923,2023-09-21,PL,461739,24,0.1714,25834,50,2,29632,84,20,Bangkok,
A107924,2023-09-17,PL,96905,48,0.1739,3423,32,2,,43,3,Udon Thani,
A107925,2022-10-30,PL,88145,48,0.1056,2612,38,2,,63,6,Samut Prakan,
A107926,2023-10-02,HP,178754,36,0.1405,7058,40,2,,18,12,Chonburi,
A107927,2024-06-13,CC,47498,0,0.1585,0,44,3,23369,41,8,Chonburi,Y
A107928,2023-10-04,CC,50616,0,0.1791,0,32,3,46675,86,1,Rayong,
A107929,2024-01-26,PL,128820,24,0.2156,7681,38,2,,107,10,Phuket,
A107930,2025-02-15,HP,300958,36,0.2358,14273,47,1,,4,999,Samut Prakan,Y
A107931,2023-01-06,HP,526237,48,0.2676,22698,20,1,22239,86,8,Ubon Ratchathani,
A107932,2025-11-22,CC,29108,0,0.2329,0,32,1,24488,45,17,Khon Kaen,N
A107933,2022-02-17,PL,173532,24,0.1055,8756,50,9,,18,4,Bangkok,
A107934,2023-12-04,PL,270770,24,0.188,15524,33,2,23577,25,4,Khon Kaen,
A107935,2023-02-18,HP,350334,72,0.263,12543,60,2,,125,0,Khon Kaen,
A107936,2022-04-06,HP,156109,60,0.1617,4705,30,1,33770,3,10,Rayong,
A107937,2023-09-17,CC,156125,0,0.0,0,38,3,15810,79,0,Songkhla,
A107938,2023-10-15,CC,71531,0,0.2523,0,41,1,50614,36,12,Chiang Mai,
A107939,2024-09-04,HP,395855,36,0.2081,17860,49,1,27051,42,10,Khon Kaen,Y
A107940,2022-10-27,PL,178593,12,0.2328,18347,32,2,34765,51,20,Chonburi,
A107941,2025-12-23,CC,80355,0,0.2578,0,33,1,19231,4,12,Phuket,N
A107942,2023-12-22,PL,182396,12,0.0987,16699,23,1,60681,1,5,Chiang Mai,
A107943,2022-12-21,PL,87260,12,0.162,8449,33,1,,42,1,Songkhla,
A107944,2022-04-07,HP,506312,36,0.219,23304,38,1,55008,83,3,Songkhla,
A107945,2023-07-28,HP,455846,60,0.1287,12486,33,1,31302,8,14,Udon Thani,
A107946,2022-04-16,PL,93447,48,0.1071,2780,45,1,93339,62,1,Phuket,
A107947,2022-09-24,CC,55002,0,0.0,0,39,1,25149,9,7,Phuket,
A107948,2025-07-06,HP,232415,72,0.2211,7510,20,3,25153,69,999,Rayong,N
A107949,2024-12-16,HP,208255,48,0.1142,6320,49,3,44199,66,11,Nakhon Ratchasima,Y
A107950,2022-03-04,PL,120367,48,0.1836,4349,32,1,22339,80,10,Nonthaburi,
A107951,2023-09-16,HP,119092,72,0.1473,3115,28,1,19180,33,8,Nakhon Ratchasima,
A107952,2025-05-14,HP,218922,60,0.2749,8663,39,1,49825,141,0,Bangkok,Y
A107953,2023-07-03,PL,31385,48,0.2775,1379,34,1,11556,14,2,Samut Prakan,
A107954,2022-08-10,PL,179664,36,0.1015,6510,51,1,21613,40,13,Phuket,
A107955,2023-07-08,CC,60800,0,0.1697,0,47,2,,75,999,Nakhon Ratchasima,
A107956,2022-11-11,HP,481182,36,0.198,21305,43,2,35556,117,9,Chonburi,
A107957,2022-06-24,HP,301017,48,0.1865,10949,45,3,25912,29,10,Chonburi,
A107958,2024-07-07,PL,151697,12,0.1984,15149,56,2,80737,36,3,Ubon Ratchathani,N
A107959,2024-02-17,HP,377950,48,0.1299,11965,42,2,,35,17,Songkhla,
A107960,2025-03-04,HP,417528,60,0.2647,16168,44,2,61862,129,14,Bangkok,Y
A107961,2023-05-10,PL,178110,12,0.2631,18747,35,1,36539,26,10,Nonthaburi,
A107962,2025-11-19,PL,64361,24,0.1667,3575,53,1,31804,86,6,Nonthaburi,Y
A107963,2024-09-28,CC,70834,0,0.1471,0,28,1,24054,113,5,Ubon Ratchathani,N
A107964,2023-04-16,HP,401124,48,0.0944,11512,20,1,42022,37,11,Bangkok,
A107965,2025-05-31,HP,607795,72,0.116,14316,44,1,,48,8,Bangkok,Y
A107966,2023-01-09,PL,112582,48,0.2542,4730,30,1,21658,80,1,Rayong,
A107967,2022-08-21,PL,248204,24,0.248,15471,20,1,45432,33,9,Khon Kaen,
A107968,2025-11-20,HP,339428,60,0.1593,10163,47,1,19443,32,5,Udon Thani,Y
A107969,2024-07-15,PL,85742,48,0.2526,3591,40,3,35749,74,4,Chiang Mai,Y
A107970,2024-10-28,CC,42764,0,0.1364,0,44,1,28268,56,12,Songkhla,N
A107971,2022-10-09,PL,76938,12,0.0911,6995,24,1,,57,15,Samut Prakan,
A107972,2025-02-06,PL,84819,48,0.1704,2971,41,3,51723,21,9,Nonthaburi,N
A107973,2022-08-19,CC,42373,0,0.2458,0,33,2,,1,4,Ubon Ratchathani,
A107974,2025-10-19,PL,137429,12,0.1127,12743,55,2,,60,9,Ubon Ratchathani,Y
A107975,2024-04-10,PL,113932,12,0.0932,10379,40,1,39768,74,7,Bangkok,Y
A107976,2022-08-19,PL,102039,48,0.0905,2895,33,2,,68,17,Nonthaburi,
A107977,2023-07-28,PL,137980,12,0.2455,14321,31,1,21238,65,0,Samut Prakan,
A107978,2024-03-06,PL,72874,24,0.1031,3662,42,9,23494,75,14,Khon Kaen,
A107979,2025-01-02,PL,109456,24,0.0916,5396,48,2,55276,20,4,Samut Prakan,Y
A107980,2022-05-25,CC,40285,0,0.1868,0,48,1,19848,69,2,Chiang Mai,
A107981,2025-11-30,PL,34383,24,0.1871,1968,30,1,27281,50,4,Samut Prakan,Y
A107982,2024-10-03,HP,182730,48,0.1245,5702,52,1,,84,7,Khon Kaen,Y
A107983,2022-05-01,PL,210735,24,0.0995,10527,37,1,17788,81,1,Nakhon Ratchasima,
A107984,2024-10-10,HP,201432,72,0.1081,4612,24,1,19748,56,15,Rayong,N
A107985,2024-03-08,PL,57549,24,0.1744,3234,39,2,36823,56,19,Khon Kaen,
A107986,2025-06-01,PL,27533,36,0.1514,1112,30,1,24591,68,19,Bangkok,N
A107987,2025-09-09,HP,178513,60,0.1579,5324,36,2,,8,15,Udon Thani,N
A107988,2025-09-24,HP,355514,60,0.1243,9607,20,2,,65,3,Khon Kaen,Y
A107989,2024-11-07,HP,236242,60,0.2325,8514,43,1,38410,21,7,Nonthaburi,Y
A107990,2025-01-18,CC,42319,0,0.196,0,52,2,47609,51,9,Rayong,Y
A107991,2024-10-21,PL,67133,36,0.2692,3370,48,1,35608,73,19,Chiang Mai,Y
A107992,2022-09-11,HP,511754,48,0.2097,19604,34,2,,3,16,Udon Thani,
A107993,2023-03-28,PL,98790,36,0.1068,3623,32,3,19788,26,12,Bangkok,
A107994,2022-01-11,CC,18209,0,0.1805,0,54,1,31252,17,3,Ubon Ratchathani,
A107995,2024-12-31,CC,67596,0,0.2326,0,20,1,16280,60,8,Songkhla,N
A107996,2025-07-17,PL,96482,36,0.1981,4272,57,3,,8,14,Songkhla,Y
A107997,2022-07-21,HP,264133,36,0.1232,10048,23,1,36133,74,9,Khon Kaen,
A107998,2023-09-22,HP,475752,48,0.2594,20195,35,3,31167,84,10,Khon Kaen,
A107999,2024-04-07,CC,61308,0,0.2028,0,38,1,10661,86,18,Chiang Mai,Y
A108000,2023-10-30,CC,69945,0,0.2104,0,48,2,,28,5,Rayong,
A108001,2022-05-17,PL,215473,24,0.2003,12574,52,3,23611,128,8,Rayong,
A108002,2023-09-14,HP,144096,60,0.2129,4958,45,1,43890,47,8,Khon Kaen,
A108003,2025-07-19,CC,15808,0,0.0953,0,28,2,61276,120,13,Nakhon Ratchasima,Y
A108004,2024-09-01,PL,107787,36,0.1123,4002,32,3,30455,11,16,Khon Kaen,Y
A108005,2023-07-03,HP,170154,48,0.2107,6532,47,1,24319,63,8,Phuket,
A108006,2022-04-14,PL,183758,12,0.1108,17009,20,1,30362,136,11,Khon Kaen,
A108007,2023-04-01,PL,321072,12,0.1574,30967,39,2,,67,4,Phuket,
A108008,2022-03-11,PL,218974,48,0.1482,7266,27,1,47302,68,20,Rayong,
A108009,2025-11-14,HP,261001,72,0.2757,9621,23,3,32095,54,5,Nonthaburi,Y
A108010,2022-09-07,CC,28534,0,0.2315,0,33,1,13573,116,6,Ubon Ratchathani,
A108011,2024-09-12,PL,104233,24,0.2593,6595,30,3,30897,51,2,Udon Thani,Y
A108012,2023-10-12,PL,65596,24,0.2321,4001,38,1,73720,47,999,Rayong,
A108013,2024-06-26,PL,135390,36,0.1289,5215,41,1,25320,125,9,Rayong,Y
A108014,2023-05-25,PL,209257,36,0.2454,10092,35,1,,35,1,Samut Prakan,
A108015,2022-06-19,PL,143497,24,0.1652,7954,28,1,16103,66,11,Bangkok,
A108016,2022-06-26,HP,221952,60,0.1183,5887,38,1,23578,64,21,Khon Kaen,
A108017,2022-12-04,CC,54123,0,0.1616,0,23,3,36543,3,9,Chonburi,
A108018,2025-09-02,PL,121894,36,0.1818,5232,26,2,36253,139,24,Chiang Mai,Y
A108019,2025-09-02,HP,119830,36,0.1192,4518,51,1,28861,81,6,Songkhla,Y
A108020,2025-02-17,HP,436973,72,0.2644,15697,44,1,24982,86,999,Ubon Ratchathani,Y
A108021,2023-08-30,PL,126363,24,0.2209,7591,24,1,,44,6,Songkhla,
A108022,2024-08-17,CC,64640,0,0.1926,0,38,1,24060,65,6,Chiang Mai,N
A108023,2022-02-21,PL,91921,36,0.1305,3553,41,9,19405,136,11,Phuket,
A108024,2022-08-09,CC,28541,0,0.2382,0,56,1,28959,94,15,Nakhon Ratchasima,
A108025,2023-02-14,HP,271421,48,0.0932,7762,33,1,54478,70,32,Nakhon Ratchasima,
A108026,2024-04-05,HP,828765,48,0.2283,33033,38,1,28951,56,11,Nonthaburi,N
A108027,2023-01-25,PL,195196,36,0.1795,8341,36,2,,26,1,Nonthaburi,
A108028,2023-08-17,PL,104859,12,0.1468,10021,48,1,54052,24,16,Udon Thani,
A108029,2025-07-17,HP,902686,48,0.2291,36039,49,1,61302,169,999,Udon Thani,Y
A108030,2025-08-22,PL,216904,24,0.2484,13527,54,1,,113,12,Songkhla,Y
A108031,2024-01-21,HP,290184,60,0.1469,8388,48,1,68542,46,16,Nonthaburi,
A108032,2022-03-08,HP,239385,36,0.1116,8875,50,1,25744,47,999,Rayong,
A108033,2025-04-11,PL,100884,12,0.1699,9835,48,3,28881,10,999,Chonburi,N
A108034,2025-03-03,PL,423319,12,0.2718,44864,32,3,19176,56,11,Chiang Mai,Y
A108035,2023-11-27,PL,147397,48,0.2731,6425,42,1,11444,75,0,Nakhon Ratchasima,
A108036,2025-12-21,CC,35133,0,0.1413,0,42,3,54036,7,20,Nakhon Ratchasima,N
A108037,2024-10-03,HP,259533,72,0.1077,5933,32,3,35658,99,18,Chiang Mai,Y
A108038,2022-02-02,HP,163629,48,0.1331,5223,41,2,,8,24,Samut Prakan,
A108039,2025-12-24,HP,165943,36,0.1055,6068,37,2,,0,14,Rayong,Y
A108040,2023-03-20,PL,128217,36,0.0992,4621,43,1,19071,72,1,Rayong,
A108041,2022-02-23,PL,270453,24,0.26,17128,41,9,,104,999,Udon Thani,
A108042,2022-08-07,HP,190923,72,0.2262,6250,43,1,39410,58,4,Chonburi,
A108043,2023-07-21,CC,168932,0,0.2466,0,22,3,36209,13,8,Ubon Ratchathani,
A108044,2023-12-14,PL,115866,24,0.1179,5966,43,2,,24,33,Songkhla,
A108045,2025-02-20,PL,123334,12,0.2352,12695,37,1,30375,3,12,Songkhla,Y
A108046,2022-07-26,PL,93461,24,0.1122,4768,20,3,31998,63,1,Chonburi,
A108047,2025-08-27,PL,97650,12,0.1211,9122,37,1,24125,37,3,Nakhon Ratchasima,Y
A108048,2024-11-29,HP,237093,60,0.1765,7438,34,1,9000,34,5,Songkhla,Y
A108049,2024-08-25,CC,143361,0,0.1979,0,23,3,55294,124,18,Phuket,Y
A108050,2023-09-04,CC,52821,0,0.2388,0,20,1,15353,169,0,Udon Thani,
A108051,2022-07-12,PL,121049,36,0.1382,4756,48,3,52497,106,19,Udon Thani,
A108052,2022-05-17,HP,254313,36,0.1111,9418,35,1,31530,38,12,Bangkok,
A108053,2023-05-30,CC,77263,0,0.2362,0,43,1,51929,16,9,Rayong,
A108054,2022-11-28,PL,84969,48,0.1153,2586,42,2,37038,27,0,Phuket,
A108055,2023-01-06,CC,28456,0,0.1107,0,23,1,30557,86,3,Bangkok,
A108056,2023-05-23,CC,38452,0,0.2422,0,39,2,,136,6,Ubon Ratchathani,
A108057,2023-07-25,CC,25027,0,0.1758,0,32,2,,12,3,Bangkok,
A108058,2025-07-27,CC,10321,0,0.1384,0,20,3,22139,83,9,Chonburi,Y
A108059,2025-03-19,CC,53010,0,0.1991,0,20,1,13953,150,3,Chonburi,Y
A108060,2022-05-22,HP,265328,48,0.2311,10637,20,2,,60,13,Rayong,
A108061,2022-06-11,PL,145605,24,0.1355,7710,44,3,19464,37,3,Songkhla,
A108062,2022-11-03,PL,56407,36,0.263,2803,45,3,23772,95,10,Chiang Mai,
A108063,2025-03-02,HP,183074,60,0.1178,4848,32,1,36948,37,4,Rayong,Y
A108064,2023-04-18,HP,359485,60,0.0931,8780,40,1,34818,66,2,Chiang Mai,
A108065,2024-10-21,PL,100135,36,0.1798,4281,38,9,,58,16,Bangkok,Y
A108066,2025-04-03,PL,174308,12,0.1143,16185,38,1,44623,99,2,Samut Prakan,N
A108067,2023-05-18,PL,137018,48,0.2241,5413,39,1,51659,51,5,Bangkok,
A108068,2025-10-27,PL,115917,12,0.2548,12121,38,3,20832,74,9,Chiang Mai,Y
A108069,2022-12-02,PL,258224,12,0.2129,26099,36,1,32524,9,4,Songkhla,
A108070,2024-04-17,HP,213488,36,0.0984,7680,23,1,18688,146,2,Khon Kaen,Y
A108071,2024-12-19,CC,42435,0,0.1537,0,24,1,25354,7,999,Bangkok,N
A108072,2022-10-02,PL,29401,48,0.1527,986,20,1,43961,102,4,Rayong,
A108073,2023-12-31,HP,625221,36,0.1856,27037,26,1,12574,24,11,Songkhla,
A108074,2025-10-19,PL,63576,24,0.2158,3792,31,2,,31,14,Samut Prakan,Y
A108075,2025-09-29,HP,188377,36,0.2554,9241,31,1,30502,13,0,Chonburi,Y
A108076,2024-04-18,HP,228431,60,0.2402,8379,45,3,23747,97,11,Phuket,Y
A108077,2023-06-02,HP,295931,60,0.2056,10002,38,2,18808,55,6,Chiang Mai,
A108078,2022-09-19,PL,98713,24,0.2592,6245,33,1,33413,25,5,Ubon Ratchathani,
A108079,2025-07-13,PL,152524,36,0.1141,5687,35,1,24056,91,18,Bangkok,N
A108080,2025-06-15,HP,286142,72,0.2132,9057,27,1,,57,7,Nonthaburi,Y
A108081,2024-08-02,PL,120383,48,0.1758,4271,32,1,,105,1,Udon Thani,Y
A108082,2022-03-25,PL,118173,12,0.2376,12187,48,1,19338,21,10,Chiang Mai,
A108083,2023-08-28,HP,910169,48,0.1558,30778,34,2,30818,46,1,Chiang Mai,
A108084,2024-06-29,HP,179284,36,0.1929,7862,20,3,64873,28,1,Phuket,N
A108085,2022-05-21,HP,121984,48,0.1457,4022,32,1,22107,89,4,Songkhla,
A108086,2025-05-11,PL,118232,12,0.2757,12569,24,3,61034,29,6,Nonthaburi,N
A108087,2024-03-08,PL,371072,24,0.1935,21444,32,1,15075,41,9,Phuket,
A108088,2022-11-20,HP,181310,36,0.239,8647,44,2,,35,31,Phuket,
A108089,2023-08-05,HP,825686,48,0.1634,28444,29,3,20355,25,7,Ubon Ratchathani,
A108090,2022-05-02,HP,204534,60,0.1616,6163,35,2,,49,19,Ubon Ratchathani,
A108091,2023-05-18,HP,120818,36,0.1906,5275,44,1,11571,78,5,Chiang Mai,
A108092,2022-12-19,HP,372784,48,0.2488,15495,38,2,,90,1,Rayong,
A108093,2025-08-27,PL,103452,24,0.1319,5447,39,3,28502,63,3,Chonburi,Y
A108094,2022-02-17,PL,225610,36,0.1156,8440,51,1,36963,38,23,Udon Thani,
A108095,2023-10-07,PL,155654,12,0.2201,15826,37,1,24368,43,0,Khon Kaen,
A108096,2024-09-10,CC,70369,0,0.1125,0,37,1,40391,117,15,Chiang Mai,N
A108097,2023-11-14,PL,23907,36,0.166,994,35,1,12617,91,5,Songkhla,
A108098,2025-11-27,PL,87540,36,0.214,3992,20,1,20680,55,20,Nakhon Ratchasima,Y
A108099,2024-07-20,PL,38609,12,0.2695,4084,33,2,,61,14,Ubon Ratchathani,Y
A108100,2023-07-24,PL,260914,12,0.1321,24615,27,2,37668,2,11,Ubon Ratchathani,
A108101,2024-11-07,CC,27675,0,0.2616,0,21,2,,70,0,Nonthaburi,Y
A108102,2022-02-03,PL,210450,36,0.0999,7597,50,3,19752,60,999,Ubon Ratchathani,
A108103,2025-10-17,CC,41804,0,0.1838,0,34,2,,10,18,Ubon Ratchathani,Y
A108104,2025-09-16,PL,236884,36,0.2166,10855,36,1,9164,25,17,Ubon Ratchathani,Y
A108105,2025-10-30,HP,367741,36,0.1259,14073,21,1,22075,33,2,Khon Kaen,N
A108106,2025-02-05,HP,677703,36,0.2041,30351,47,1,39572,95,999,Nakhon Ratchasima,Y
A108107,2025-08-11,CC,116282,0,0.1789,0,33,1,29159,69,1,Ubon Ratchathani,Y
A108108,2025-01-04,PL,101649,12,0.18,9995,28,1,52543,83,20,Khon Kaen,Y
A108109,2022-05-20,HP,609911,72,0.1439,15784,37,1,18616,19,8,Phuket,
A108110,2022-10-19,CC,19499,0,0.1999,0,28,1,30054,38,7,Nakhon Ratchasima,
A108111,2025-06-03,HP,140393,36,0.2595,6935,49,1,11300,89,999,Udon Thani,N
A108112,2024-04-07,CC,48827,0,0.1665,0,50,1,17575,114,8,Udon Thani,Y
A108113,2025-07-17,PL,95977,36,0.2456,4630,38,1,14318,84,2,Samut Prakan,Y
A108114,2024-04-29,CC,64828,0,0.2124,0,20,3,21293,10,18,Chonburi,Y
A108115,2023-11-25,PL,150068,48,0.194,5552,42,1,35807,27,0,Bangkok,
A108116,2022-05-08,CC,22252,0,0.0985,0,47,1,44895,2,4,Phuket,
A108117,2022-06-08,CC,27996,0,0.1187,0,49,3,,3,5,Phuket,
A108118,2024-01-17,HP,190474,48,0.1902,6987,55,1,37790,103,10,Samut Prakan,
A108119,2022-09-01,HP,275719,48,0.2416,11295,33,1,27963,110,3,Chiang Mai,
A108120,2024-07-30,PL,152667,48,0.1031,4492,20,2,,127,6,Phuket,N
A108121,2023-05-25,PL,133335,24,0.1885,7650,42,1,,103,999,Nakhon Ratchasima,
A108122,2022-07-22,PL,229882,36,0.2044,10301,27,1,59825,33,14,Ubon Ratchathani,
A108123,2022-07-06,HP,264936,60,0.1609,7967,32,3,22662,134,4,Udon Thani,
A108124,2022-10-14,PL,93791,48,0.099,2727,29,1,24373,50,12,Chonburi,
A108125,2023-12-01,PL,150963,48,0.1547,5091,45,1,20017,77,12,Khon Kaen,
A108126,2025-10-05,PL,72523,36,0.173,3060,36,1,,39,5,Chiang Mai,Y
A108127,2024-10-20,HP,506283,48,0.1549,17082,50,1,22972,70,5,Bangkok,Y
A108128,2025-10-16,HP,380729,72,0.0946,8289,20,2,43100,72,18,Chiang Mai,Y
A108129,2023-07-16,PL,139411,36,0.1282,5361,39,1,42834,88,8,Bangkok,
A108130,2025-03-28,CC,21403,0,0.1148,0,42,1,68308,68,8,Nakhon Ratchasima,Y
A108131,2022-05-14,PL,114667,36,0.1912,5012,40,2,64517,98,28,Samut Prakan,
A108132,2022-04-23,PL,64775,24,0.1256,3376,23,1,23266,42,8,Samut Prakan,
A108133,2022-01-12,HP,518160,48,0.1311,16455,22,1,36710,87,9,Phuket,
A108134,2024-09-27,PL,61583,12,0.1082,5687,47,1,15889,54,14,Khon Kaen,Y
A108135,2023-12-26,HP,285661,72,0.278,10585,25,1,22414,107,999,Songkhla,
A108136,2025-11-22,HP,175391,36,0.1938,7704,58,1,24210,69,19,Bangkok,Y
A108137,2023-10-05,CC,50536,0,0.2722,0,26,2,,5,19,Udon Thani,
A108138,2023-11-12,CC,49772,0,0.2339,0,51,1,21824,79,999,Songkhla,
A108139,2025-03-05,HP,215637,36,0.1518,8717,20,1,34177,48,1,Khon Kaen,Y
A108140,2024-02-04,PL,80761,12,0.1012,7411,55,2,54545,8,22,Khon Kaen,
A108141,2025-12-05,PL,67725,36,0.1914,2961,55,3,36614,82,5,Rayong,Y
A108142,2023-06-25,PL,150577,24,0.1,7528,26,1,,132,7,Udon Thani,
A108143,2025-01-20,HP,105402,72,0.1384,2679,43,3,14473,43,15,Songkhla,Y
A108144,2024-09-06,HP,261495,48,0.2749,11438,30,1,43480,4,17,Bangkok,Y
A108145,2025-07-11,CC,57767,0,0.26,0,35,2,66537,110,2,Khon Kaen,Y
A108146,2022-11-08,PL,87013,24,0.1608,4791,34,2,50457,14,15,Nonthaburi,
A108147,2024-10-01,CC,93762,0,0.1439,0,44,2,,6,11,Rayong,N
A108148,2024-08-15,HP,337544,72,0.1361,8516,28,1,40520,27,999,Nonthaburi,Y
A108149,2025-04-05,CC,51628,0,0.114,0,26,2,,87,19,Nakhon Ratchasima,Y
A108150,2024-12-18,CC,72341,0,0.1254,0,42,9,,58,2,Phuket,Y
A108151,2022-07-19,HP,374754,72,0.2392,12675,38,2,103415,79,8,Nakhon Ratchasima,
A108152,2023-05-19,CC,21855,0,0.1361,0,24,1,45863,75,999,Samut Prakan,
A108153,2025-11-19,PL,178615,36,0.1497,7189,31,1,17199,95,9,Nonthaburi,N
A108154,2025-09-06,HP,179739,36,0.2102,8141,20,9,,8,21,Khon Kaen,Y
A108155,2024-03-25,PL,124935,36,0.1776,5319,20,2,40472,42,3,Chiang Mai,
A108156,2022-09-30,HP,140598,72,0.2224,4558,34,1,42084,51,4,Nakhon Ratchasima,
A108157,2024-03-20,CC,24714,0,0.1972,0,43,1,,20,17,Songkhla,
A108158,2024-03-15,CC,96437,0,0.2515,0,38,1,17903,38,14,Nonthaburi,
A108159,2025-12-14,HP,915085,48,0.162,31417,39,3,12893,59,4,Nonthaburi,Y
A108160,2025-12-14,CC,35862,0,0.2748,0,37,1,40062,67,999,Khon Kaen,Y
A108161,2024-06-06,PL,160013,12,0.1627,15503,58,1,22934,2,18,Chonburi,Y
A108162,2023-04-17,PL,87911,12,0.1188,8196,37,1,32349,63,0,Nakhon Ratchasima,
A108163,2023-02-11,CC,12571,0,0.1058,0,22,1,16676,34,16,Ubon Ratchathani,
A108164,2024-05-04,CC,139550,0,0.1912,0,37,1,28037,27,0,Nakhon Ratchasima,N
A108165,2025-07-13,PL,236382,24,0.0924,11669,45,3,30297,26,3,Songkhla,Y
A108166,2024-10-09,PL,80394,24,0.2234,4846,38,1,25910,28,12,Chonburi,N
A108167,2025-07-06,HP,345667,60,0.1957,11398,45,1,18413,72,10,Phuket,Y
A108168,2022-08-15,PL,156906,24,0.1917,9044,35,1,18251,107,6,Bangkok,
A108169,2024-01-02,PL,52418,36,0.0909,1853,47,9,15603,12,0,Phuket,
A108170,2022-07-12,CC,20133,0,0.2627,0,31,3,20981,88,0,Udon Thani,
A108171,2022-07-19,PL,167977,36,0.1882,7300,44,2,,51,1,Chonburi,
A108172,2023-01-08,HP,395169,48,0.2761,17324,30,2,,91,999,Rayong,
A108173,2025-05-19,PL,314989,36,0.1906,13752,50,3,,24,999,Ubon Ratchathani,Y
A108174,2025-11-01,CC,17696,0,0.1151,0,44,1,23398,15,3,Khon Kaen,Y
A108175,2025-11-24,HP,127740,48,0.1398,4149,20,3,48281,133,4,Songkhla,Y
A108176,2024-01-11,PL,69354,12,0.0999,6356,34,1,29961,84,9,Bangkok,
A108177,2023-10-14,PL,85706,12,0.1859,8469,49,1,31570,102,14,Nakhon Ratchasima,
A108178,2025-05-27,PL,39618,36,0.2182,1820,30,1,29712,81,7,Songkhla,Y
A108179,2024-02-15,HP,310918,60,0.1759,9739,29,1,9000,4,16,Nonthaburi,
A108180,2022-06-23,HP,402180,72,0.2188,12918,37,1,30062,8,11,Bangkok,
A108181,2022-06-05,PL,141492,24,0.224,8536,20,1,49566,25,0,Samut Prakan,
A108182,2025-06-25,HP,262105,48,0.095,7535,40,3,41152,22,2,Samut Prakan,N
A108183,2023-03-20,PL,134978,24,0.2294,8204,34,3,27820,18,17,Chiang Mai,
A108184,2024-10-10,PL,101504,48,0.1317,3228,20,3,18601,49,3,Udon Thani,Y
A108185,2023-04-30,HP,323932,72,0.2373,10904,43,1,15827,23,3,Chonburi,
A108186,2023-10-19,HP,221770,48,0.2334,8933,41,9,,19,11,Songkhla,
A108187,2024-05-10,PL,123881,36,0.1182,4661,45,2,,41,12,Phuket,Y
A108188,2025-01-22,PL,41961,12,0.1435,3998,47,1,17597,74,9,Songkhla,Y
A108189,2022-07-03,PL,235391,48,0.2797,10390,36,1,,72,11,Samut Prakan,
A108190,2025-09-02,HP,438496,48,0.0992,12760,23,2,28629,10,1,Udon Thani,N
A108191,2022-06-05,PL,154683,24,0.2177,9251,29,2,,14,1,Songkhla,
A108192,2023-04-09,HP,160502,60,0.1003,4016,50,1,16869,45,14,Nakhon Ratchasima,
A108193,2022-06-28,HP,603368,36,0.1783,25725,29,2,,81,999,Chonburi,
A108194,2024-02-17,HP,220392,36,0.11,8142,20,9,25715,47,999,Nakhon Ratchasima,
A108195,2024-07-06,PL,261290,36,0.1082,9614,43,2,32379,56,5,Nonthaburi,N
A108196,2022-11-17,PL,71243,36,0.1965,3145,43,2,,43,20,Chiang Mai,
A108197,2025-04-17,PL,162414,12,0.2546,16980,30,1,39254,107,7,Ubon Ratchathani,N
A108198,2025-03-24,HP,228588,48,0.158,7771,36,1,17089,42,5,Songkhla,Y
A108199,2023-09-01,PL,72152,48,0.1203,2226,57,1,29674,35,999,Ubon Ratchathani,
A108200,2025-01-13,CC,73135,0,0.1872,0,50,1,18273,53,5,Chiang Mai,N
A108201,2025-02-28,PL,85269,24,0.1163,4379,46,3,,134,15,Khon Kaen,Y
A108202,2025-10-24,PL,75389,48,0.1147,2291,31,1,33241,5,9,Rayong,Y
A108203,2023-11-29,PL,200397,24,0.0962,9956,31,1,24803,73,4,Samut Prakan,
A108204,2024-01-25,PL,356792,36,0.2684,17891,52,3,77694,65,12,Songkhla,
A108205,2022-03-26,HP,434403,72,0.2707,15832,40,1,12611,84,999,Phuket,
A108206,2024-04-14,HP,204494,72,0.1737,5800,37,1,31090,75,7,Ubon Ratchathani,Y
A108207,2023-03-16,PL,412501,12,0.2605,43329,35,1,21688,39,0,Nakhon Ratchasima,
A108208,2023-08-28,PL,139231,36,0.1374,5461,24,3,25408,19,10,Rayong,
A108209,2025-02-04,HP,398355,36,0.1438,15839,23,9,,33,17,Nakhon Ratchasima,N
A108210,2022-04-11,PL,170136,24,0.1919,9809,32,9,,6,999,Songkhla,
A108211,2023-04-16,PL,214761,48,0.1974,8007,48,1,32047,1,14,Nonthaburi,
A108212,2025-09-24,HP,135984,48,0.1691,4749,53,2,,80,18,Samut Prakan,N
A108213,2024-11-06,PL,68741,24,0.1122,3506,51,2,,104,6,Songkhla,N
A108214,2022-06-03,PL,60479,24,0.1787,3420,55,2,,52,1,Songkhla,
A108215,2025-12-23,PL,83050,48,0.1608,2843,48,3,32715,106,4,Nonthaburi,Y
A108216,2022-12-20,PL,55022,24,0.0923,2715,37,3,36502,2,6,Udon Thani,
A108217,2025-09-11,HP,321710,72,0.2768,11888,47,1,45261,102,11,Samut Prakan,Y
A108218,2025-12-21,HP,590901,60,0.216,20484,43,1,20617,50,999,Samut Prakan,Y
A108219,2025-05-10,PL,199072,24,0.2376,12236,21,3,46638,9,11,Phuket,Y
A108220,2023-10-09,PL,85174,12,0.2314,8740,44,3,44972,51,3,Khon Kaen,
A108221,2025-02-25,HP,779291,72,0.26,27708,21,2,,53,16,Chonburi,Y
A108222,2023-08-31,PL,220084,36,0.1214,8339,20,1,,67,10,Songkhla,
A108223,2022-06-13,CC,104092,0,0.1926,0,32,1,30671,52,8,Songkhla,
A108224,2022-12-01,PL,114885,48,0.1082,3429,21,1,30027,115,999,Phuket,
A108225,2024-03-08,HP,879783,48,0.2792,38798,41,9,48913,108,3,Phuket,
A108226,2023-12-13,PL,63281,48,0.0986,1838,22,9,,31,18,Samut Prakan,
A108227,2024-10-29,PL,47290,36,0.2123,2150,44,2,,69,2,Nakhon Ratchasima,Y
A108228,2024-12-25,PL,77273,48,0.1711,2711,33,3,28945,123,1,Khon Kaen,Y
A108229,2023-06-24,HP,604683,36,0.1263,23161,25,3,32729,109,0,Udon Thani,
A108230,2022-12-06,CC,24045,0,0.2609,0,50,1,20322,78,7,Chonburi,
A108231,2025-08-30,PL,147409,36,0.2649,7348,20,1,16206,46,999,Khon Kaen,Y
A108232,2023-02-04,CC,49905,0,0.1437,0,35,1,15078,88,0,Rayong,
A108233,2025-12-09,CC,79509,0,0.1278,0,41,1,27599,11,9,Nakhon Ratchasima,Y
A108234,2025-10-16,PL,33347,12,0.1129,3092,41,1,32978,67,8,Chiang Mai,Y
A108235,2025-02-16,PL,94298,48,0.2573,3986,31,1,31946,139,22,Ubon Ratchathani,Y
A108236,2022-12-28,HP,146549,60,0.091,3553,50,1,9816,50,13,Phuket,
A108237,2024-08-09,PL,178429,48,0.1532,5995,28,1,36743,43,999,Nonthaburi,N
A108238,2025-12-12,PL,77405,36,0.2165,3546,44,1,15019,129,11,Samut Prakan,Y
A108239,2023-04-24,CC,20093,0,0.0,0,44,1,18093,92,11,Bangkok,
A108240,2023-06-12,CC,67750,0,0.1237,0,23,2,,102,1,Bangkok,
A108241,2025-03-14,PL,157252,24,0.2156,9377,47,1,22982,67,18,Khon Kaen,N
A108242,2025-07-25,PL,87106,48,0.1748,3083,33,1,18735,59,7,Ubon Ratchathani,Y
A108243,2024-12-15,PL,150709,12,0.1102,13943,22,2,,22,3,Bangkok,N
A108244,2024-03-14,PL,194683,24,0.0929,9618,39,1,31263,70,0,Khon Kaen,
A108245,2025-01-31,PL,102925,24,0.2465,6402,42,1,38317,25,16,Nakhon Ratchasima,N
A108246,2025-11-28,PL,83788,36,0.2056,3763,24,1,44042,23,4,Samut Prakan,Y
A108247,2024-08-21,PL,47715,12,0.1005,4375,38,2,20739,37,2,Nonthaburi,Y
A108248,2024-10-01,HP,297616,72,0.2711,10857,24,2,,125,1,Chiang Mai,N
A108249,2024-10-30,HP,318130,48,0.156,10763,32,3,38814,14,10,Rayong,Y
A108250,2025-09-19,CC,16172,0,0.218,0,41,2,,45,32,Samut Prakan,N
A108251,2022-11-27,PL,172881,24,0.2167,10325,43,1,29740,82,15,Samut Prakan,
A108252,2025-01-27,HP,178231,72,0.2381,6011,20,1,23061,62,22,Nakhon Ratchasima,Y
A108253,2023-07-29,HP,161556,72,0.0992,3579,49,2,,45,7,Nakhon Ratchasima,
A108254,2025-03-14,CC,35104,0,0.2563,0,51,2,,71,7,Nonthaburi,N
A108255,2022-01-29,PL,50144,24,0.2502,3134,29,2,,11,3,Chonburi,
A108256,2025-03-11,PL,177739,12,0.1579,17150,39,1,,19,6,Nakhon Ratchasima,Y
A108257,2025-02-12,HP,218543,36,0.2063,9827,61,1,,72,10,Bangkok,N
A108258,2023-12-28,HP,89682,60,0.1976,2971,34,2,23919,20,5,Chonburi,
A108259,2024-03-27,HP,196135,48,0.1381,6343,31,1,34403,76,4,Khon Kaen,
A108260,2025-07-10,PL,107567,48,0.1753,3812,54,9,14467,39,14,Ubon Ratchathani,Y
A108261,2024-09-06,PL,71072,12,0.2309,7290,33,2,11188,21,999,Chonburi,Y
A108262,2023-09-04,CC,42484,0,0.1405,0,44,1,27228,163,999,Udon Thani,
A108263,2022-01-14,HP,452423,36,0.1312,17513,42,3,37927,14,999,Udon Thani,
A108264,2022-05-23,CC,33991,0,0.0,0,47,2,26532,39,999,Udon Thani,
A108265,2025-03-06,HP,174270,60,0.1332,4838,42,1,20384,95,4,Songkhla,Y
A108266,2023-05-29,PL,209167,24,0.2057,12300,39,2,30727,71,9,Samut Prakan,
A108267,2025-01-21,HP,287861,48,0.1126,8698,27,1,17525,46,6,Samut Prakan,N
A108268,2023-11-08,PL,171640,12,0.1619,16619,50,3,37431,62,18,Udon Thani,
A108269,2023-07-26,PL,30190,24,0.1174,1553,38,1,47014,88,13,Udon Thani,
A108270,2025-01-02,PL,170150,48,0.1988,6363,46,3,25408,82,6,Songkhla,N
A108271,2025-07-10,HP,375779,60,0.1862,12093,37,2,15812,29,999,Khon Kaen,N
A108272,2022-06-20,CC,25322,0,0.1029,0,40,1,27311,15,10,Chonburi,
A108273,2023-08-29,CC,109458,0,0.233,0,38,1,35812,27,10,Nonthaburi,
A108274,2025-06-07,CC,74782,0,0.0,0,47,1,12867,60,13,Khon Kaen,Y
A108275,2023-01-21,HP,300206,72,0.2695,10911,38,2,,64,13,Rayong,
A108276,2022-02-14,PL,109151,12,0.143,10396,38,3,27364,11,8,Nakhon Ratchasima,
A108277,2023-03-12,CC,44889,0,0.2004,0,42,1,25289,65,17,Songkhla,
A108278,2023-03-17,HP,597967,48,0.1819,21521,21,1,18325,39,10,Rayong,
A108279,2024-08-04,HP,607451,60,0.261,23336,48,2,,42,8,Chonburi,Y
A108280,2024-05-25,PL,85924,24,0.1684,4785,36,2,,85,18,Samut Prakan,N
A108281,2025-02-27,CC,69178,0,0.2033,0,50,2,,169,14,Phuket,Y
A108282,2022-04-04,CC,29434,0,0.1753,0,37,2,40370,45,13,Nakhon Ratchasima,
A108283,2022-04-13,CC,60833,0,0.2066,0,36,1,14394,9,7,Samut Prakan,
A108284,2023-11-10,PL,55257,48,0.2045,2092,37,1,59342,77,12,Nonthaburi,
A108285,2023-05-09,HP,219721,72,0.2702,7999,35,1,32957,40,1,Samut Prakan,
A108286,2025-08-06,HP,300610,48,0.1996,11262,39,1,37198,39,7,Bangkok,Y
A108287,2022-08-06,PL,170770,48,0.1993,6393,23,1,34349,74,9,Bangkok,
A108288,2025-03-17,HP,364358,36,0.1421,14435,40,1,44372,60,999,Udon Thani,Y
A108289,2022-11-02,PL,66861,12,0.194,6652,39,1,29019,72,8,Chiang Mai,
A108290,2023-01-01,PL,64618,24,0.1533,3517,45,2,,95,13,Nakhon Ratchasima,
A108291,2022-02-22,CC,80851,0,0.1516,0,34,2,,20,7,Udon Thani,
A108292,2023-09-12,HP,541730,72,0.2295,17884,53,1,32022,173,8,Rayong,
A108293,2024-12-18,PL,192481,36,0.1982,8525,40,1,21644,70,10,Songkhla,Y
A108294,2024-07-02,HP,184518,36,0.2638,9181,45,3,29448,62,2,Bangkok,Y
A108295,2022-05-15,CC,26768,0,0.1378,0,46,2,16447,87,10,Udon Thani,
A108296,2022-12-19,PL,360199,48,0.2073,13726,42,1,29345,10,4,Samut Prakan,
A108297,2022-01-12,PL,141216,24,0.132,7437,30,2,32068,80,3,Songkhla,
A108298,2024-11-16,HP,184710,60,0.245,6849,34,1,36359,33,10,Ubon Ratchathani,N
A108299,2023-12-11,HP,908588,36,0.2522,44334,35,1,34485,77,999,Rayong,
A108300,2025-11-09,CC,40610,0,0.2685,0,39,3,,98,2,Udon Thani,Y
A108301,2024-03-29,HP,231376,36,0.1953,10192,31,1,,38,11,Nakhon Ratchasima,
A108302,2025-06-27,PL,201507,48,0.1091,6030,21,3,28561,78,13,Rayong,N
A108303,2024-10-07,CC,38030,0,0.1983,0,53,3,47875,39,13,Chiang Mai,Y
A108304,2025-12-24,CC,19400,0,0.1525,0,62,1,32935,22,12,Songkhla,N
A108305,2023-03-12,PL,215580,12,0.0936,19646,28,3,52271,67,3,Khon Kaen,
A108306,2025-08-02,PL,174761,48,0.268,7543,33,3,43617,44,999,Rayong,Y
A108307,2024-09-06,PL,242412,36,0.1856,10482,27,1,26455,89,11,Nonthaburi,N
A108308,2023-04-20,HP,423791,72,0.0924,9149,35,1,,10,2,Udon Thani,
A108309,2022-08-15,PL,202634,24,0.1276,10597,53,1,,46,10,Bangkok,
A108310,2022-06-12,PL,73747,36,0.2041,3302,30,1,41491,101,14,Nakhon Ratchasima,
A108311,2025-01-28,PL,75488,36,0.1844,3256,26,1,,28,8,Rayong,Y
A108312,2023-06-17,CC,22821,0,0.1618,0,44,3,33820,53,1,Bangkok,
A108313,2023-07-24,PL,114296,36,0.1611,4709,37,1,29614,52,12,Nakhon Ratchasima,
A108314,2023-01-28,PL,52201,24,0.1518,2835,63,3,18087,38,15,Udon Thani,
A108315,2023-04-11,PL,42690,36,0.2147,1949,26,1,9100,67,8,Ubon Ratchathani,
A108316,2024-07-10,HP,397865,36,0.0999,14364,39,1,,63,999,Khon Kaen,Y
A108317,2022-10-07,CC,60712,0,0.1031,0,43,1,,6,6,Samut Prakan,
A108318,2025-03-05,HP,285477,72,0.1003,6351,44,3,25644,84,3,Chiang Mai,Y
A108319,2023-09-04,PL,120573,12,0.172,11775,34,1,12949,8,4,Nonthaburi,
A108320,2022-09-02,PL,103130,36,0.2719,5201,20,1,27590,151,12,Udon Thani,
A108321,2024-08-03,HP,461199,48,0.253,19331,41,3,26420,5,12,Bangkok,Y
A108322,2023-02-06,PL,191846,48,0.2773,8430,31,3,66899,33,999,Nakhon Ratchasima,
A108323,2022-08-26,CC,26058,0,0.1366,0,31,1,12946,24,6,Nonthaburi,
A108324,2025-06-16,PL,117479,48,0.1414,3831,35,3,37353,42,11,Nakhon Ratchasima,Y
A108325,2025-10-07,CC,23742,0,0.1427,0,63,1,26063,83,7,Nonthaburi,Y
A108326,2025-12-19,HP,246490,36,0.2794,12586,47,1,28647,45,10,Bangkok,Y
A108327,2022-08-28,PL,71576,36,0.0996,2582,35,2,,21,11,Rayong,
A108328,2023-12-31,PL,128070,24,0.1643,7089,48,1,42244,113,8,Chiang Mai,
A108329,2024-05-26,PL,55542,12,0.2423,5749,44,1,21049,0,0,Bangkok,Y
A108330,2025-01-17,PL,80479,36,0.1292,3102,29,9,24902,26,999,Nonthaburi,Y
A108331,2024-01-11,CC,104835,0,0.2333,0,42,3,23565,81,3,Nakhon Ratchasima,
A108332,2022-06-06,PL,117848,48,0.275,5155,24,1,,34,17,Phuket,
A108333,2022-10-16,PL,367794,48,0.2093,14077,31,1,24381,109,4,Ubon Ratchathani,
A108334,2025-06-23,PL,17915,48,0.14,582,46,1,51247,56,16,Nakhon Ratchasima,Y
A108335,2025-06-30,HP,578508,72,0.2043,17883,31,2,,161,3,Ubon Ratchathani,Y
A108336,2024-06-17,CC,73381,0,0.0,0,43,1,32996,17,5,Bangkok,N
A108337,2024-04-08,CC,46023,0,0.1693,0,39,1,68054,68,999,Bangkok,N
A108338,2023-11-23,PL,95439,24,0.1645,5284,20,2,24152,16,16,Phuket,
A108339,2023-01-20,PL,278340,36,0.1361,10888,39,2,63871,72,999,Chonburi,
A108340,2025-10-17,CC,64283,0,0.0,0,29,9,23853,39,8,Udon Thani,Y
A108341,2022-10-07,PL,52650,48,0.217,2048,36,1,26237,57,6,Chiang Mai,
A108342,2024-11-27,HP,153738,48,0.2205,6027,38,1,34080,14,999,Songkhla,N
A108343,2025-10-17,PL,77388,48,0.0954,2227,42,1,13852,28,2,Nonthaburi,Y
A108344,2025-07-30,PL,153771,48,0.153,5164,20,2,55090,91,13,Chiang Mai,Y
A108345,2023-07-10,HP,257593,48,0.2164,10011,37,2,32690,2,6,Phuket,
A108346,2022-02-25,CC,31579,0,0.214,0,34,1,31094,19,1,Khon Kaen,
A108347,2024-04-20,HP,303150,36,0.1765,12879,39,1,39383,9,999,Khon Kaen,Y
A108348,2025-05-27,CC,18385,0,0.158,0,36,1,35969,43,12,Nonthaburi,Y
A108349,2025-11-19,CC,50903,0,0.2174,0,20,2,36659,18,10,Samut Prakan,Y
A108350,2025-10-10,PL,139747,36,0.1432,5549,42,1,31898,105,11,Chonburi,Y
A108351,2022-03-25,HP,252309,72,0.2123,7968,20,1,25467,82,6,Ubon Ratchathani,
A108352,2023-12-19,PL,112307,36,0.2115,5099,31,1,36634,38,19,Chiang Mai,
A108353,2024-07-02,HP,145337,48,0.211,5583,39,1,53688,82,3,Chonburi,N
A108354,2025-02-23,PL,101709,48,0.1531,3416,45,1,36595,96,3,Songkhla,Y
A108355,2022-04-22,HP,247470,48,0.2013,9306,39,3,21944,70,10,Songkhla,
A108356,2025-07-28,PL,179852,12,0.1516,17259,38,1,,64,3,Bangkok,Y
A108357,2025-08-29,CC,65747,0,0.1584,0,49,1,16867,16,7,Samut Prakan,Y
A108358,2024-10-31,HP,361915,36,0.1124,13443,41,3,52140,4,12,Rayong,Y
A108359,2023-03-16,CC,46061,0,0.1305,0,35,1,17856,79,2,Udon Thani,
A108360,2022-06-30,CC,19942,0,0.1911,0,20,3,12327,37,12,Khon Kaen,
A108361,2022-05-13,PL,72337,48,0.2688,3127,35,3,9000,62,0,Rayong,
A108362,2024-01-22,PL,436324,12,0.1409,41483,22,1,31434,107,999,Samut Prakan,
A108363,2023-07-07,CC,72684,0,0.0967,0,30,2,27198,71,20,Samut Prakan,
A108364,2024-11-13,PL,168814,48,0.2548,7101,40,9,28435,10,999,Bangkok,Y
A108365,2024-06-05,CC,41897,0,0.1191,0,20,1,,20,999,Songkhla,N
A108366,2023-08-13,CC,32918,0,0.2203,0,51,1,36810,77,15,Ubon Ratchathani,
A108367,2022-07-18,HP,207362,72,0.2028,6384,41,3,17379,84,999,Nakhon Ratchasima,
A108368,2025-09-11,PL,87040,24,0.2047,5111,32,1,22841,37,7,Udon Thani,Y
A108369,2023-10-09,HP,244523,72,0.0939,5309,47,3,34451,51,13,Samut Prakan,
A108370,2023-09-07,PL,217101,12,0.2575,22750,28,1,,55,16,Ubon Ratchathani,
A108371,2024-10-29,PL,153125,24,0.2321,9341,61,1,21825,21,24,Ubon Ratchathani,Y
A108372,2023-08-12,PL,76409,48,0.1682,2662,36,1,62530,53,26,Samut Prakan,
A108373,2024-06-07,PL,134574,24,0.1892,7729,35,1,,51,3,Nonthaburi,Y
A108374,2025-09-22,HP,181569,72,0.1695,5086,44,2,77352,111,7,Bangkok,Y
A108375,2023-03-28,HP,610386,48,0.2523,25549,34,1,39923,95,19,Khon Kaen,
A108376,2022-09-23,PL,147767,36,0.1734,6239,29,3,24246,75,8,Nonthaburi,
A108377,2023-01-21,PL,101875,24,0.2019,5958,46,1,16145,117,16,Rayong,
A108378,2025-12-15,PL,91169,12,0.185,9002,38,2,27441,45,1,Nakhon Ratchasima,N
A108379,2025-01-12,CC,35411,0,0.2762,0,62,1,40163,96,5,Nonthaburi,Y
A108380,2024-05-16,HP,130482,72,0.158,3530,23,2,36003,73,7,Samut Prakan,N
A108381,2023-10-23,HP,266649,60,0.1986,8857,45,1,22584,90,999,Songkhla,
A108382,2023-12-01,PL,153805,12,0.2359,15840,31,1,36751,50,3,Chiang Mai,
A108383,2023-07-17,CC,26365,0,0.1393,0,32,1,11563,54,4,Nonthaburi,
A108384,2023-03-23,CC,52727,0,0.2071,0,28,3,36029,4,999,Rayong,
A108385,2023-06-11,HP,356778,36,0.2722,18003,20,1,27545,58,9,Bangkok,
A108386,2022-03-12,HP,441115,60,0.1831,14082,31,2,,12,1,Udon Thani,
A108387,2023-02-10,PL,163394,24,0.218,9776,54,9,,52,12,Nakhon Ratchasima,
A108388,2024-08-02,HP,104499,72,0.2747,3843,42,2,,46,6,Nakhon Ratchasima,N
A108389,2022-06-24,PL,96559,12,0.1917,9589,36,1,62549,3,10,Nonthaburi,
A108390,2023-01-30,PL,271218,12,0.1308,25557,60,1,21781,51,3,Phuket,
A108391,2025-06-03,CC,32876,0,0.1108,0,20,3,37771,17,9,Samut Prakan,Y
A108392,2025-06-14,CC,29597,0,0.0,0,48,1,35832,100,2,Phuket,Y
A108393,2025-08-21,HP,525975,60,0.2136,18128,48,2,,86,999,Nonthaburi,Y
A108394,2023-05-23,CC,50505,0,0.2282,0,22,1,38895,25,14,Nonthaburi,
A108395,2025-12-15,PL,39143,12,0.0942,3569,34,1,12519,43,2,Rayong,Y
A108396,2024-04-26,HP,154795,72,0.0976,3408,33,1,21959,30,15,Nakhon Ratchasima,Y
A108397,2022-12-20,PL,117927,24,0.2686,7553,42,2,,39,25,Songkhla,
A108398,2024-11-26,HP,236073,60,0.2179,8221,44,1,,191,13,Songkhla,N
A108399,2025-04-26,PL,82532,12,0.2253,8427,35,3,,112,11,Nakhon Ratchasima,Y
A108400,2024-08-13,CC,46554,0,0.2702,0,36,1,9000,168,12,Rayong,Y
A108401,2025-04-20,PL,161914,12,0.1621,15680,32,1,16498,43,999,Samut Prakan,N
A108402,2024-10-04,PL,159854,12,0.1494,15311,20,2,,8,999,Chonburi,Y
A108403,2022-12-30,HP,91141,72,0.1534,2430,49,1,24196,59,8,Samut Prakan,
A108404,2024-06-13,PL,151109,24,0.1359,8007,30,2,,70,21,Chiang Mai,Y
A108405,2025-11-21,PL,50572,48,0.2204,1982,59,1,59123,107,8,Samut Prakan,Y
A108406,2024-04-13,CC,35395,0,0.1292,0,29,1,27572,66,10,Nonthaburi,N
A108407,2025-10-27,CC,32178,0,0.2106,0,42,1,,61,999,Bangkok,Y
A108408,2024-04-25,PL,93360,24,0.1425,4998,38,3,32618,17,5,Songkhla,Y
A108409,2022-09-17,PL,195595,48,0.1235,6087,23,3,64820,115,17,Samut Prakan,
A108410,2025-05-27,PL,64120,12,0.2761,6818,50,1,39983,18,2,Nakhon Ratchasima,Y
A108411,2023-04-23,HP,489882,48,0.1313,15566,40,1,40443,105,17,Phuket,
A108412,2024-11-24,HP,557407,36,0.1682,23296,20,1,27132,99,6,Rayong,Y
A108413,2025-02-28,HP,397883,48,0.2696,17228,44,2,,28,12,Chiang Mai,Y
A108414,2025-12-09,HP,363084,72,0.0938,7880,41,2,,78,29,Chonburi,Y
A108415,2023-12-29,PL,91889,24,0.1236,4775,40,1,74039,81,10,Songkhla,
A108416,2024-08-30,CC,81347,0,0.2193,0,51,3,24406,70,14,Rayong,Y
A108417,2022-03-12,PL,404604,36,0.2024,18063,32,1,19724,9,1,Songkhla,
A108418,2022-10-10,PL,303312,24,0.1123,15476,39,3,41598,24,16,Udon Thani,
A108419,2022-03-23,PL,96454,24,0.1686,5374,55,1,26604,130,8,Songkhla,
A108420,2024-08-08,PL,96798,48,0.1659,3354,33,1,26593,11,22,Phuket,N
A108421,2025-08-26,PL,87071,12,0.131,8206,38,1,37822,104,10,Udon Thani,Y
A108422,2023-08-03,PL,147665,24,0.2255,8927,39,1,21440,6,18,Nakhon Ratchasima,
A108423,2022-03-16,CC,58663,0,0.1923,0,43,1,37497,41,18,Samut Prakan,
A108424,2025-01-02,HP,292030,60,0.2299,10461,25,1,103929,81,9,Songkhla,N
A108425,2023-04-16,PL,161924,48,0.1074,4822,40,1,43862,21,0,Khon Kaen,
A108426,2023-11-12,PL,82164,24,0.1888,4716,44,1,27744,7,13,Ubon Ratchathani,
A108427,2023-03-14,HP,689433,36,0.138,27079,38,3,24104,107,7,Udon Thani,
A108428,2022-02-16,PL,129699,48,0.1176,3973,35,3,12235,101,6,Chonburi,
A108429,2025-11-14,PL,120841,48,0.1058,3582,45,2,,73,14,Samut Prakan,N
A108430,2024-01-10,HP,272931,72,0.1071,6226,39,1,31585,49,13,Chiang Mai,
A108431,2024-10-20,CC,29249,0,0.2241,0,55,3,37314,85,17,Rayong,N
A108432,2023-11-10,PL,39405,36,0.2229,1826,40,2,,46,31,Nakhon Ratchasima,
A108433,2025-09-12,CC,32278,0,0.0,0,46,2,,63,1,Nonthaburi,N
A108434,2024-05-31,PL,82868,36,0.2085,3741,42,1,12500,67,3,Chiang Mai,Y
A108435,2025-01-20,PL,119335,36,0.2759,6058,33,1,21557,19,11,Ubon Ratchathani,Y
A108436,2025-08-05,HP,251692,72,0.2614,8978,27,9,,109,9,Rayong,Y
A108437,2024-07-15,HP,702360,72,0.1028,15771,40,2,43133,25,6,Bangkok,N
A108438,2022-12-17,HP,258002,48,0.2349,10425,29,1,49702,17,27,Rayong,
A108439,2024-10-30,HP,370212,36,0.2692,18588,47,1,17378,29,3,Nonthaburi,Y
A108440,2023-06-05,PL,111886,48,0.2464,4628,42,3,21673,62,999,Bangkok,
A108441,2023-02-27,CC,20005,0,0.2109,0,22,2,35742,32,3,Udon Thani,
A108442,2022-11-17,CC,68287,0,0.201,0,39,1,47497,61,8,Khon Kaen,
A108443,2022-09-11,PL,136059,12,0.1445,12976,29,1,28673,22,11,Phuket,
A108444,2025-09-16,CC,36705,0,0.2145,0,32,1,,28,0,Chonburi,Y
A108445,2022-03-15,HP,487674,72,0.1754,13901,22,1,40787,0,11,Songkhla,
A108446,2022-05-14,HP,350188,36,0.1501,14107,45,1,24171,53,999,Nakhon Ratchasima,
A108447,2025-07-09,HP,217166,48,0.2072,8274,28,1,18735,88,999,Udon Thani,Y
A108448,2023-06-19,HP,256142,36,0.19,11170,27,1,33791,0,14,Udon Thani,
A108449,2025-02-07,HP,226942,48,0.1367,7313,31,2,,42,11,Bangkok,Y
A108450,2023-02-21,CC,36107,0,0.2716,0,26,9,29348,105,1,Chonburi,
A108451,2022-03-04,HP,691549,72,0.1975,20986,20,1,26832,54,14,Rayong,
A108452,2025-08-27,CC,44813,0,0.2764,0,33,2,25351,77,9,Songkhla,Y
A108453,2024-08-08,PL,208003,48,0.1065,6179,45,3,39069,22,13,Udon Thani,Y
A108454,2024-11-04,PL,105380,24,0.188,6041,43,1,11840,88,4,Songkhla,Y
A108455,2025-01-29,PL,124156,48,0.2764,5446,20,3,22279,36,999,Chonburi,Y
A108456,2025-04-16,HP,250325,72,0.1896,7431,31,1,52911,43,21,Khon Kaen,Y
A108457,2024-01-09,CC,80950,0,0.0,0,22,2,152227,48,7,Ubon Ratchathani,
A108458,2023-06-29,PL,77035,24,0.2345,4715,45,1,34023,95,15,Bangkok,
A108459,2023-07-19,HP,122814,36,0.2311,5776,32,2,66018,105,1,Nonthaburi,
A108460,2022-04-25,PL,215981,36,0.2651,10770,36,1,19478,49,8,Rayong,
A108461,2025-01-03,HP,362558,72,0.2063,11268,51,3,29168,70,18,Samut Prakan,Y
A108462,2022-12-23,PL,162769,36,0.2057,7311,20,1,22578,75,3,Khon Kaen,
A108463,2022-06-29,PL,107484,24,0.125,5598,28,2,8760,27,1,Nakhon Ratchasima,
A108464,2024-07-15,HP,225889,48,0.2417,9255,40,1,19025,90,4,Khon Kaen,Y
A108465,2024-01-14,HP,502653,36,0.2076,22658,44,3,24089,85,9,Nakhon Ratchasima,
A108466,2024-06-16,HP,203490,60,0.1889,6594,35,1,23399,133,6,Songkhla,Y
A108467,2024-04-02,PL,39861,12,0.2402,4119,38,2,80794,124,18,Samut Prakan,Y
A108468,2025-06-09,PL,177785,48,0.2256,7046,20,1,22230,31,11,Songkhla,Y
A108469,2025-06-22,PL,79602,24,0.182,4524,28,1,27116,66,14,Udon Thani,Y
A108470,2024-09-18,HP,179855,48,0.1968,6696,37,2,,62,4,Ubon Ratchathani,Y
A108471,2025-04-15,PL,147489,12,0.2193,14986,33,1,52612,121,4,Songkhla,N
A108472,2023-11-22,HP,449507,48,0.2263,17841,26,2,40803,23,5,Chonburi,
A108473,2023-05-04,HP,260953,48,0.1045,7708,50,3,21020,81,14,Songkhla,
A108474,2024-09-08,PL,142823,48,0.2721,6213,29,2,66120,1,4,Ubon Ratchathani,Y
A108475,2024-10-22,HP,144465,36,0.1496,5813,37,1,35625,37,5,Bangkok,Y
A108476,2022-09-27,HP,427511,36,0.1016,15494,49,2,,97,13,Nonthaburi,
A108477,2022-03-15,PL,96801,12,0.2327,9943,33,1,46240,72,8,Rayong,
A108478,2024-07-17,PL,152261,36,0.222,7046,25,1,65638,43,10,Bangkok,Y
A108479,2022-12-29,CC,42472,0,0.1317,0,34,1,12211,51,1,Nonthaburi,
A108480,2025-06-09,PL,209376,36,0.1413,8281,30,2,69192,65,4,Khon Kaen,Y
A108481,2025-05-22,PL,141081,36,0.1532,5720,38,3,22444,38,13,Phuket,Y
A108482,2022-05-27,CC,50271,0,0.1128,0,39,1,41587,32,18,Chonburi,
A108483,2022-10-25,HP,421273,60,0.2576,16064,20,1,34662,2,2,Rayong,
A108484,2022-01-12,HP,251388,60,0.1626,7596,22,2,114218,28,17,Nakhon Ratchasima,
A108485,2025-07-10,HP,360588,72,0.1623,9885,44,2,,8,6,Nonthaburi,Y
A108486,2024-09-12,CC,43512,0,0.227,0,45,1,16461,2,1,Udon Thani,Y
A108487,2024-12-13,PL,152653,48,0.0967,4410,27,1,55929,122,5,Rayong,Y
A108488,2024-10-10,PL,85830,36,0.1335,3339,26,1,20691,27,12,Bangkok,Y
A108489,2025-06-13,HP,734650,36,0.1425,29130,39,1,43601,0,3,Phuket,Y
A108490,2022-10-27,PL,151889,36,0.1359,5939,35,1,11617,80,15,Udon Thani,
A108491,2022-07-03,HP,481504,60,0.227,17133,20,2,,86,0,Rayong,
A108492,2025-11-15,CC,137847,0,0.2535,0,32,3,40742,23,0,Chiang Mai,Y
A108493,2022-10-23,CC,18341,0,0.1297,0,29,3,29204,63,13,Chiang Mai,
A108494,2024-09-02,HP,408853,60,0.1902,13294,45,1,14329,19,15,Bangkok,Y
A108495,2022-12-15,PL,161143,24,0.1072,8153,26,3,28523,14,10,Bangkok,
A108496,2022-09-23,HP,240869,48,0.2355,9745,24,1,47765,7,13,Chonburi,
A108497,2022-09-25,HP,618392,36,0.1751,26200,40,3,15715,115,15,Rayong,
A108498,2023-09-07,CC,41142,0,0.1175,0,29,3,14555,109,11,Khon Kaen,
A108499,2022-09-20,PL,104494,24,0.1818,5937,36,3,24058,130,11,Samut Prakan,
A108500,2022-09-30,PL,58013,24,0.1453,3119,22,1,40154,26,2,Khon Kaen,
A108501,2023-10-27,HP,309032,72,0.2542,10838,41,1,,170,14,Nonthaburi,
A108502,2023-07-01,CC,74959,0,0.1434,0,20,3,55824,137,16,Samut Prakan,
A108503,2023-12-14,PL,80150,24,0.2778,5195,47,2,,71,5,Khon Kaen,
A108504,2025-06-15,HP,742529,36,0.2668,37134,57,2,,95,999,Rayong,Y
A108505,2023-12-21,PL,110068,24,0.2124,6534,26,1,23811,39,2,Songkhla,
A108506,2024-02-08,PL,160770,12,0.1397,15269,25,1,40870,93,7,Nakhon Ratchasima,
A108507,2023-03-28,HP,738234,48,0.2117,28403,20,1,29049,58,999,Samut Prakan,
A108508,2022-05-16,PL,42052,12,0.244,4359,36,3,,114,9,Chonburi,
A108509,2024-03-08,CC,51299,0,0.2515,0,40,2,,65,2,Rayong,
A108510,2025-11-20,PL,120849,36,0.216,5532,34,3,37811,62,999,Chonburi,Y
A108511,2025-04-27,PL,98707,48,0.1653,3416,36,1,43311,17,8,Rayong,N
A108512,2024-09-24,HP,648495,48,0.2181,25296,48,2,31522,35,4,Chiang Mai,Y
A108513,2023-10-08,HP,206975,48,0.2418,8482,26,2,48961,58,23,Rayong,
A108514,2025-06-10,HP,492814,60,0.2234,17388,32,1,39781,86,11,Nonthaburi,Y
A108515,2024-06-27,PL,154419,36,0.2599,7633,29,1,,26,7,Khon Kaen,Y
A108516,2025-11-16,CC,75787,0,0.2291,0,28,1,22941,13,4,Udon Thani,N
A108517,2024-08-11,PL,105150,36,0.1029,3822,50,1,19648,103,21,Samut Prakan,Y
A108518,2022-07-25,PL,69987,24,0.113,3575,35,2,,71,21,Phuket,
A108519,2023-11-21,PL,110498,36,0.1869,4790,27,1,15793,80,9,Nonthaburi,
A108520,2023-06-01,PL,209171,36,0.0976,7511,29,3,33059,8,8,Bangkok,
A108521,2024-11-03,CC,73769,0,0.2111,0,21,1,23176,100,2,Bangkok,Y
A108522,2024-05-16,PL,132262,24,0.1041,6658,30,1,13330,47,999,Chonburi,N
A108523,2023-03-08,PL,223921,48,0.1386,7251,38,2,21951,18,5,Chiang Mai,
A108524,2025-09-21,PL,137152,12,0.2386,14156,56,3,33791,58,1,Bangkok,Y
A108525,2023-11-15,PL,200867,12,0.0945,18320,33,1,32196,124,11,Songkhla,
A108526,2024-09-24,HP,418950,48,0.258,17735,40,2,91164,82,0,Nonthaburi,Y
A108527,2022-07-30,PL,230495,48,0.1108,6930,26,3,43428,73,999,Ubon Ratchathani,
A108528,2022-02-01,PL,128120,12,0.0985,11728,46,1,43133,100,22,Rayong,
A108529,2023-07-31,PL,165589,24,0.1588,9090,26,2,29560,50,20,Rayong,
A108530,2022-12-27,HP,199864,72,0.1683,5578,28,1,,84,0,Rayong,
A108531,2024-09-14,HP,137296,48,0.2483,5701,49,3,23321,113,999,Khon Kaen,Y
A108532,2022-12-06,HP,703386,72,0.2376,23696,35,1,45235,22,11,Bangkok,
A108533,2024-03-05,PL,126270,48,0.1104,3792,26,2,,56,5,Songkhla,
A108534,2024-11-11,PL,155432,12,0.1229,14544,39,2,22486,77,999,Songkhla,N
A108535,2023-06-22,CC,60967,0,0.2109,0,22,1,21524,107,999,Chiang Mai,
A108536,2024-03-29,HP,230895,36,0.1733,9748,43,3,37822,42,15,Nonthaburi,
A108537,2024-12-22,CC,75967,0,0.2636,0,28,1,23429,123,7,Nakhon Ratchasima,Y
A108538,2024-04-26,PL,58998,36,0.2619,2926,38,1,29316,70,14,Samut Prakan,N
A108539,2024-01-30,HP,605848,48,0.1672,21063,31,1,18254,21,19,Nakhon Ratchasima,
A108540,2022-12-11,PL,158302,12,0.1359,14984,34,1,33077,53,9,Khon Kaen,
A108541,2024-06-17,HP,336014,60,0.2482,12550,27,1,47931,115,2,Bangkok,N
A108542,2023-12-30,PL,297977,36,0.1667,12416,49,1,29457,75,6,Khon Kaen,
A108543,2023-09-17,PL,197084,24,0.1795,11159,33,1,49020,118,9,Chonburi,
A108544,2022-03-06,HP,244744,48,0.2724,10654,41,3,,31,2,Khon Kaen,
A108545,2024-05-26,HP,242645,36,0.1949,10681,36,1,,132,999,Chiang Mai,Y
A108546,2022-04-16,CC,24823,0,0.1039,0,23,1,12864,158,2,Rayong,
A108547,2022-04-07,PL,227540,12,0.24,23512,26,1,25114,34,13,Chiang Mai,
A108548,2022-01-29,CC,59016,0,0.1693,0,30,1,32706,10,16,Samut Prakan,
A108549,2022-01-29,PL,216505,48,0.2387,8817,20,1,36912,6,8,Phuket,
A108550,2024-08-21,HP,131878,48,0.1555,4456,20,3,21435,48,2,Nakhon Ratchasima,Y
A108551,2024-12-29,PL,68172,12,0.2249,6958,33,1,,1,12,Phuket,Y
A108552,2025-03-01,CC,35026,0,0.2615,0,44,1,21437,96,5,Nonthaburi,Y
A108553,2025-05-07,PL,96018,48,0.2685,4148,37,1,34505,63,4,Nonthaburi,Y
A108554,2022-03-26,HP,262333,36,0.1298,10124,38,1,26781,46,7,Khon Kaen,
A108555,2023-11-23,CC,37855,0,0.2732,0,20,1,29847,10,10,Khon Kaen,
A108556,2023-01-11,HP,898630,60,0.1628,27168,20,2,,14,999,Rayong,
A108557,2022-04-28,PL,150796,48,0.2125,5811,40,3,19959,87,999,Khon Kaen,
A108558,2025-05-18,CC,40141,0,0.2334,0,29,1,36215,74,12,Bangkok,N
A108559,2023-03-01,HP,161068,36,0.2662,8047,20,1,35253,109,15,Bangkok,
A108560,2025-02-23,HP,258312,60,0.2456,9591,60,2,,15,12,Chonburi,Y
A108561,2025-03-10,CC,83523,0,0.1346,0,37,1,60342,53,6,Chiang Mai,Y
A108562,2022-09-15,HP,368966,48,0.2349,14909,21,2,,28,17,Udon Thani,
A108563,2023-05-16,CC,44307,0,0.126,0,50,1,26335,47,12,Ubon Ratchathani,
A108564,2025-01-25,HP,287273,48,0.1976,10715,55,3,37618,21,17,Chiang Mai,Y
A108565,2022-10-21,CC,35867,0,0.2547,0,41,1,32385,20,4,Nonthaburi,
A108566,2022-04-16,HP,187721,60,0.124,5068,29,1,12331,5,0,Nakhon Ratchasima,
A108567,2025-09-14,PL,174590,36,0.2333,8244,40,1,17964,80,8,Rayong,Y
A108568,2022-08-25,PL,173912,36,0.0955,6214,29,1,11640,11,4,Phuket,
A108569,2022-07-27,HP,185509,60,0.1593,5554,39,2,,102,11,Phuket,
A108570,2024-04-25,CC,25191,0,0.193,0,42,2,38814,52,8,Nakhon Ratchasima,Y
A108571,2022-09-05,PL,369787,48,0.1249,11552,33,1,49875,91,16,Nonthaburi,
A108572,2023-05-25,PL,60698,48,0.2571,2564,29,1,34091,57,17,Udon Thani,
A108573,2022-12-09,HP,821763,48,0.1581,27946,38,1,19792,73,11,Nonthaburi,
A108574,2024-07-18,PL,177890,12,0.2145,18003,30,1,14253,37,999,Udon Thani,Y
A108575,2025-07-25,HP,250506,48,0.1834,9047,45,1,15949,93,20,Chonburi,Y
A108576,2022-10-15,HP,668696,72,0.2571,23614,45,1,21347,23,1,Chiang Mai,
A108577,2023-10-04,HP,492017,72,0.137,12450,48,9,,76,18,Chiang Mai,
A108578,2024-01-09,PL,289596,36,0.1628,11973,35,2,51682,43,6,Bangkok,
A108579,2022-09-23,CC,44684,0,0.1981,0,23,2,,6,999,Bangkok,
A108580,2022-02-24,HP,178937,60,0.1096,4616,24,1,31313,7,9,Udon Thani,
A108581,2024-12-27,PL,217727,36,0.2222,10079,57,3,42879,17,25,Udon Thani,Y
A108582,2025-09-30,CC,96013,0,0.1223,0,46,1,72851,57,24,Chiang Mai,Y
A108583,2023-11-27,HP,393297,60,0.1652,11969,32,2,68317,37,999,Chiang Mai,
A108584,2025-05-03,CC,55809,0,0.129,0,25,2,34951,115,14,Phuket,Y
A108585,2025-01-19,PL,110533,36,0.1358,4321,37,2,62133,68,1,Nakhon Ratchasima,Y
A108586,2025-11-10,CC,27594,0,0.2056,0,47,2,,80,18,Bangkok,Y
A108587,2023-06-05,PL,182181,12,0.2294,18664,42,1,26468,21,3,Nonthaburi,
A108588,2024-02-20,PL,146626,48,0.1255,4588,58,1,,3,999,Songkhla,
A108589,2022-01-15,HP,234783,48,0.1978,8761,23,1,,14,21,Chonburi,
A108590,2025-04-23,PL,128974,24,0.1047,6499,38,1,,35,7,Bangkok,Y
A108591,2022-10-31,PL,99603,24,0.1125,5083,37,1,32090,0,28,Samut Prakan,
A108592,2024-07-04,HP,273048,60,0.2522,10289,30,2,36822,14,2,Bangkok,N
A108593,2024-06-29,PL,78185,36,0.2073,3522,22,1,73818,44,11,Nakhon Ratchasima,Y
A108594,2024-10-27,PL,156646,36,0.1683,6548,30,3,26236,54,5,Chonburi,N
A108595,2023-01-14,PL,181573,12,0.2587,19045,32,1,37419,55,10,Nonthaburi,
A108596,2024-02-03,PL,350462,36,0.2004,15587,38,1,18154,54,1,Chiang Mai,
A108597,2023-08-05,PL,363737,24,0.2076,21448,22,1,14115,13,999,Khon Kaen,
A108598,2022-07-30,PL,181611,12,0.2293,18604,53,1,47121,2,6,Nonthaburi,
A108599,2024-09-30,CC,130984,0,0.192,0,22,1,18395,26,9,Ubon Ratchathani,N
A108600,2022-08-10,HP,90649,36,0.2672,4536,31,1,46481,32,1,Nakhon Ratchasima,
A108601,2025-12-22,HP,657404,72,0.141,16855,20,3,13639,65,7,Chonburi,Y
A108602,2024-08-22,HP,185389,72,0.2188,5955,57,2,,21,4,Nakhon Ratchasima,Y
A108603,2024-02-20,HP,379639,48,0.19,13920,30,3,11829,63,18,Rayong,
A108604,2023-10-22,CC,9430,0,0.2297,0,50,1,20081,17,14,Phuket,
A108605,2025-11-05,CC,25968,0,0.2298,0,51,1,50350,11,1,Ubon Ratchathani,Y
A108606,2023-02-09,PL,80940,12,0.2504,8433,30,2,46469,96,13,Songkhla,
A108607,2025-04-29,PL,127022,36,0.2555,6232,38,1,11893,122,17,Nakhon Ratchasima,Y
A108608,2023-06-20,PL,123741,24,0.2748,7989,25,2,,55,24,Samut Prakan,
A108609,2025-02-04,HP,220120,48,0.1151,6697,49,1,24337,125,999,Rayong,Y
A108610,2023-10-23,PL,51127,36,0.227,2387,48,1,18755,52,19,Ubon Ratchathani,
A108611,2024-05-26,CC,43019,0,0.1061,0,37,3,15251,10,0,Phuket,Y
A108612,2024-07-20,CC,35549,0,0.1002,0,39,1,14092,21,10,Songkhla,Y
A108613,2022-11-14,HP,245962,36,0.173,10378,40,1,9000,89,999,Rayong,
A108614,2023-09-20,HP,890095,72,0.1717,25098,45,1,18899,31,0,Khon Kaen,
A108615,2024-12-28,PL,176628,48,0.1575,5997,43,1,19040,34,2,Ubon Ratchathani,N
A108616,2023-12-24,PL,251069,24,0.1014,12582,50,1,29479,39,15,Nakhon Ratchasima,
A108617,2024-08-15,PL,102458,24,0.1259,5344,38,1,44998,70,6,Udon Thani,N
A108618,2025-11-20,PL,174525,36,0.125,6665,37,1,73344,90,8,Nakhon Ratchasima,N
A108619,2022-06-18,PL,51976,48,0.235,2100,43,1,41484,18,17,Nonthaburi,
A108620,2022-02-24,PL,149129,48,0.1683,5198,34,3,34286,8,11,Nakhon Ratchasima,
A108621,2022-05-11,CC,41916,0,0.2402,0,37,3,,21,23,Nakhon Ratchasima,
A108622,2024-02-11,HP,345532,36,0.2169,15843,26,1,32083,13,7,Ubon Ratchathani,
A108623,2025-10-09,HP,353869,36,0.126,13545,27,1,15257,9,13,Rayong,Y
A108624,2025-08-04,CC,29306,0,0.0,0,40,1,56645,11,15,Khon Kaen,N
A108625,2025-07-14,PL,106382,36,0.265,5304,35,1,28968,53,999,Phuket,Y
A108626,2023-05-20,PL,190272,12,0.1168,17707,45,3,28909,71,23,Rayong,
A108627,2025-08-05,HP,200956,36,0.1922,8800,40,3,36946,50,2,Udon Thani,Y
A108628,2023-01-11,PL,74662,12,0.271,7907,52,1,32586,110,11,Bangkok,
A108629,2022-02-01,CC,22661,0,0.1992,0,42,1,27454,58,1,Khon Kaen,
A108630,2024-06-14,CC,95627,0,0.2305,0,37,3,43334,48,16,Chiang Mai,Y
A108631,2022-03-08,PL,112806,48,0.2784,4967,55,9,,6,0,Chonburi,
A108632,2023-03-15,CC,22344,0,0.1518,0,52,1,14844,30,9,Chonburi,
A108633,2025-08-21,PL,93791,36,0.2276,4384,44,1,28205,67,13,Nakhon Ratchasima,Y
A108634,2023-08-20,HP,408494,36,0.2042,18298,44,1,26337,98,16,Phuket,
A108635,2022-09-19,PL,55058,12,0.2573,5768,20,2,,20,11,Khon Kaen,
A108636,2024-06-08,PL,65526,36,0.138,2573,34,1,42534,108,999,Rayong,Y
A108637,2022-02-27,CC,83440,0,0.2627,0,24,1,19225,93,999,Rayong,
A108638,2024-07-10,CC,44615,0,0.2737,0,51,1,21868,15,22,Nonthaburi,Y
A108639,2024-09-24,HP,362051,60,0.0926,8828,34,3,30789,112,7,Ubon Ratchathani,N
A108640,2023-03-13,CC,15717,0,0.0,0,51,2,45872,10,14,Nakhon Ratchasima,
A108641,2025-11-09,HP,310404,72,0.0959,6791,40,1,22727,110,12,Phuket,Y
A108642,2023-03-05,PL,108739,24,0.1833,6191,48,1,,55,5,Khon Kaen,
A108643,2024-02-15,PL,252996,48,0.1902,9280,40,1,22398,67,6,Ubon Ratchathani,
A108644,2022-10-20,HP,427000,60,0.1612,12852,36,1,26237,72,3,Rayong,
A108645,2022-07-24,HP,193311,48,0.2437,7953,56,2,32162,21,7,Samut Prakan,
A108646,2022-08-07,HP,195742,36,0.2525,9556,42,1,45763,73,3,Samut Prakan,
A108647,2025-08-20,CC,52088,0,0.112,0,28,2,,28,5,Rayong,Y
A108648,2023-01-07,CC,24673,0,0.118,0,30,1,54195,49,7,Rayong,
A108649,2025-06-21,HP,433241,72,0.2333,14440,34,1,,125,28,Udon Thani,Y
A108650,2023-11-14,HP,589438,36,0.1323,22871,32,1,32245,75,26,Chonburi,
A108651,2023-02-11,CC,33667,0,0.2148,0,42,1,106130,14,17,Phuket,
A108652,2024-10-15,PL,625810,12,0.1254,58690,52,1,51761,64,1,Songkhla,N
A108653,2024-06-03,HP,107726,48,0.2777,4737,25,1,14848,28,999,Ubon Ratchathani,N
A108654,2024-10-29,HP,249269,72,0.1825,7253,21,2,12442,30,1,Bangkok,Y
A108655,2022-04-30,PL,28459,12,0.2549,2976,44,1,70029,18,0,Phuket,
A108656,2022-08-06,HP,175051,60,0.252,6593,48,1,19317,1,13,Ubon Ratchathani,
A108657,2025-09-24,HP,211616,60,0.0978,5251,35,1,29301,121,9,Ubon Ratchathani,N
A108658,2025-03-19,HP,375800,60,0.1576,11198,44,3,16107,74,11,Udon Thani,Y
A108659,2022-10-20,PL,73402,48,0.234,2960,46,1,17696,79,5,Phuket,
A108660,2023-02-01,CC,27048,0,0.2243,0,72,3,31527,45,14,Khon Kaen,
A108661,2024-09-07,HP,420275,36,0.2689,21091,29,9,18497,16,7,Udon Thani,N
A108662,2022-12-06,CC,35204,0,0.2465,0,32,2,24627,53,11,Chonburi,
A108663,2022-10-16,PL,339428,48,0.2031,12816,37,2,53328,17,7,Khon Kaen,
A108664,2023-11-23,CC,79884,0,0.1438,0,46,3,23927,20,22,Phuket,
A108665,2023-02-05,HP,440831,36,0.1293,16995,28,1,20376,36,14,Nakhon Ratchasima,
A108666,2024-01-05,PL,47595,48,0.1342,1523,20,1,,84,6,Khon Kaen,
A108667,2024-11-23,PL,130187,24,0.2513,8150,61,1,44217,43,17,Nonthaburi,Y
A108668,2025-08-21,CC,44409,0,0.0986,0,41,1,28073,10,17,Ubon Ratchathani,Y
A108669,2022-09-12,HP,921578,48,0.1391,29882,34,2,,37,18,Ubon Ratchathani,
A108670,2022-09-28,CC,79853,0,0.1395,0,44,1,,65,8,Songkhla,
A108671,2024-01-24,PL,72739,48,0.1397,2362,57,1,67389,39,5,Songkhla,
A108672,2025-03-04,PL,52353,36,0.13,2021,39,2,14512,1,3,Bangkok,N
A108673,2024-04-29,CC,64626,0,0.0,0,20,3,35071,14,25,Phuket,Y
A108674,2025-04-04,PL,129833,24,0.266,8287,52,1,32921,77,2,Rayong,N
A108675,2024-04-09,HP,1165085,36,0.2498,56616,20,1,14454,92,5,Bangkok,Y
A108676,2024-09-30,PL,302140,24,0.216,18027,50,2,,116,21,Bangkok,Y
A108677,2023-11-19,PL,68597,36,0.2549,3362,56,3,40845,67,3,Nonthaburi,
A108678,2025-06-14,CC,32718,0,0.2451,0,42,2,,46,2,Chonburi,Y
A108679,2023-02-09,CC,74693,0,0.1488,0,47,1,26146,13,7,Nakhon Ratchasima,
A108680,2025-12-07,CC,95747,0,0.1889,0,22,1,39788,98,9,Rayong,N
A108681,2025-08-26,HP,141356,60,0.2142,4879,45,1,68450,100,10,Nonthaburi,Y
A108682,2022-07-09,HP,260655,48,0.112,7863,41,2,,4,10,Songkhla,
A108683,2024-11-12,CC,77691,0,0.1192,0,31,1,40163,98,3,Bangkok,Y
A108684,2024-01-22,CC,26168,0,0.1089,0,48,1,48357,22,4,Chiang Mai,
A108685,2022-02-24,HP,236581,48,0.2676,10204,33,1,18973,32,3,Nonthaburi,
A108686,2022-05-18,PL,168435,24,0.1282,8817,45,1,68645,33,13,Khon Kaen,
A108687,2022-07-17,PL,101957,48,0.1753,3613,20,1,27908,96,999,Chiang Mai,
A108688,2024-03-03,HP,826155,36,0.196,36442,21,1,,83,11,Chonburi,
A108689,2023-04-11,PL,202546,24,0.1664,11248,52,3,26647,98,4,Bangkok,
A108690,2023-05-18,PL,113399,36,0.2743,5742,33,2,,64,1,Songkhla,
A108691,2024-04-19,HP,974787,72,0.2266,31945,46,3,54650,81,12,Nakhon Ratchasima,N
A108692,2025-02-04,PL,293566,48,0.1633,10110,36,1,40172,58,4,Phuket,N
A108693,2024-04-02,PL,211841,48,0.1572,7188,44,3,16902,120,15,Samut Prakan,Y
A108694,2023-08-05,CC,26329,0,0.1581,0,37,1,14847,21,8,Rayong,
A108695,2023-01-05,PL,167657,48,0.1702,5870,33,2,,45,4,Chiang Mai,
A108696,2024-01-07,HP,611982,72,0.1296,15109,36,1,54298,68,10,Samut Prakan,
A108697,2025-09-24,HP,456046,72,0.1607,12441,41,3,,33,13,Rayong,N
A108698,2024-10-22,HP,242778,60,0.1852,7793,47,1,31323,43,12,Khon Kaen,Y
A108699,2025-09-12,PL,139277,12,0.2283,14256,38,1,,43,5,Nonthaburi,Y
A108700,2024-04-07,PL,111526,12,0.0908,10137,47,1,26651,50,13,Udon Thani,Y
A108701,2023-01-28,HP,395600,36,0.1901,17255,20,1,15358,93,999,Chonburi,
A108702,2024-07-11,HP,138878,36,0.2515,6768,45,1,22323,70,14,Rayong,Y
A108703,2025-10-05,HP,375833,72,0.2621,13428,51,2,,61,13,Khon Kaen,Y
A108704,2022-01-15,HP,374117,36,0.2177,17179,46,1,26469,29,9,Udon Thani,
A108705,2023-08-30,PL,70354,24,0.1292,3688,21,1,45754,66,21,Bangkok,
A108706,2025-09-18,PL,115716,36,0.2322,5453,55,3,27320,117,1,Chiang Mai,N
A108707,2023-06-20,PL,280160,48,0.2389,11414,20,1,29533,61,14,Ubon Ratchathani,
A108708,2023-12-23,HP,78410,60,0.1756,2454,52,2,128993,64,6,Phuket,
A108709,2022-09-08,PL,132891,36,0.1586,5447,45,1,,48,14,Chonburi,
A108710,2025-10-15,HP,482979,48,0.2516,20188,48,3,27795,31,12,Chiang Mai,Y
A108711,2023-07-06,PL,87130,36,0.0929,3094,33,2,29162,111,1,Samut Prakan,
A108712,2022-06-27,PL,252362,48,0.1862,9173,20,1,14029,23,10,Chonburi,
A108713,2025-11-11,HP,1007521,60,0.115,26447,28,1,16934,19,2,Ubon Ratchathani,Y
A108714,2023-11-05,PL,78408,36,0.1236,2985,33,1,43152,80,5,Ubon Ratchathani,
A108715,2022-12-14,HP,154787,72,0.1476,4053,20,1,51742,57,5,Bangkok,
A108716,2025-10-13,CC,59918,0,0.2363,0,41,2,,62,9,Chonburi,N
A108717,2024-01-03,HP,462315,36,0.2152,21132,40,2,,117,0,Chiang Mai,
A108718,2024-01-11,HP,217389,72,0.1327,5423,28,9,17148,49,13,Ubon Ratchathani,
A108719,2024-05-22,PL,199599,36,0.1367,7818,47,9,44027,94,1,Bangkok,N
A108720,2022-06-30,PL,97808,24,0.2417,6045,42,2,,29,14,Rayong,
A108721,2024-01-28,PL,163068,48,0.1356,5239,35,1,25956,83,9,Bangkok,
A108722,2022-06-14,PL,117549,24,0.1655,6519,44,2,27924,11,13,Ubon Ratchathani,
A108723,2022-11-18,HP,550153,72,0.1108,12720,34,1,43393,75,5,Phuket,
A108724,2023-06-18,CC,32489,0,0.1644,0,20,2,,2,13,Khon Kaen,
A108725,2023-05-16,HP,366651,60,0.1195,9762,25,1,50134,28,17,Phuket,
A108726,2025-02-12,CC,62527,0,0.1692,0,57,1,30292,55,10,Ubon Ratchathani,Y
A108727,2023-07-20,CC,15956,0,0.2213,0,26,9,60970,125,1,Nonthaburi,
A108728,2024-06-15,PL,47133,36,0.093,1674,38,1,,118,10,Chonburi,Y
A108729,2022-01-28,PL,52354,48,0.2416,2144,31,1,20515,6,11,Chiang Mai,
A108730,2023-03-04,PL,102406,12,0.1512,9824,31,1,47479,73,0,Chiang Mai,
A108731,2025-06-02,HP,287077,48,0.0957,8270,58,3,30594,104,4,Chiang Mai,Y
A108732,2023-09-29,CC,22792,0,0.1307,0,41,3,38171,5,13,Nonthaburi,
A108733,2023-06-20,PL,55433,12,0.1009,5085,39,3,19350,54,13,Nakhon Ratchasima,
A108734,2022-09-28,HP,364140,36,0.2461,17582,25,3,53228,8,4,Songkhla,
A108735,2024-07-29,PL,51094,12,0.1679,4972,36,1,20772,49,15,Chonburi,N
A108736,2022-08-27,HP,468020,60,0.1552,13853,50,1,17292,22,5,Khon Kaen,
A108737,2023-04-25,CC,25455,0,0.2103,0,24,1,27143,30,999,Songkhla,
A108738,2024-10-24,PL,196341,36,0.1855,8489,30,1,58989,28,9,Songkhla,Y
A108739,2024-01-22,PL,111382,36,0.1107,4121,37,1,45091,2,14,Udon Thani,
A108740,2024-10-21,HP,537213,60,0.1398,15212,38,3,21447,22,10,Chiang Mai,Y
A108741,2025-03-25,CC,41441,0,0.152,0,42,1,37864,29,11,Samut Prakan,N
A108742,2025-04-17,PL,60583,12,0.174,5927,21,9,,90,6,Chonburi,Y
A108743,2025-01-15,PL,185141,12,0.1975,18475,49,3,13530,159,15,Bangkok,Y
A108744,2025-04-28,PL,112332,36,0.1028,4082,35,1,15238,61,0,Songkhla,Y
A108745,2022-02-09,CC,11698,0,0.2296,0,29,1,44143,27,0,Samut Prakan,
A108746,2024-03-04,PL,180781,48,0.1132,5471,41,1,,22,26,Chiang Mai,
A108747,2025-10-02,PL,101441,36,0.2741,5134,23,1,31471,33,8,Nakhon Ratchasima,Y
A108748,2023-08-09,PL,152726,12,0.1548,14697,51,2,,60,3,Chiang Mai,
A108749,2023-12-22,PL,149835,36,0.2261,6985,27,1,17547,53,15,Nakhon Ratchasima,
A108750,2022-07-29,CC,66022,0,0.2049,0,51,1,16596,7,19,Nakhon Ratchasima,
A108751,2024-08-02,HP,584411,60,0.273,23035,20,3,23965,5,1,Phuket,Y
A108752,2024-08-18,PL,216324,24,0.099,10798,34,2,16752,11,7,Ubon Ratchathani,Y
A108753,2024-12-11,PL,142499,12,0.2169,14450,24,2,,24,999,Khon Kaen,Y
A108754,2024-12-23,HP,89347,48,0.1654,3092,31,1,14304,12,4,Udon Thani,Y
A108755,2022-11-16,PL,422839,36,0.1934,18560,60,1,31653,25,4,Nakhon Ratchasima,
A108756,2022-05-26,HP,191903,36,0.2419,9199,41,2,,20,16,Ubon Ratchathani,
A108757,2024-12-02,CC,39686,0,0.1221,0,31,1,23686,113,9,Khon Kaen,Y
A108758,2025-02-25,HP,220325,36,0.2244,10240,31,1,35997,53,1,Khon Kaen,Y
A108759,2022-12-16,PL,57666,24,0.2111,3417,37,1,17833,70,8,Phuket,
A108760,2025-10-28,PL,77251,48,0.261,3289,47,1,25491,59,7,Rayong,Y
A108761,2025-05-13,CC,39882,0,0.1528,0,35,1,22778,45,10,Bangkok,Y
A108762,2024-08-24,CC,28549,0,0.2743,0,20,1,37433,59,999,Samut Prakan,Y
A108763,2025-04-10,PL,179792,12,0.2714,19048,43,2,,70,6,Chiang Mai,N
A108764,2024-10-28,PL,91381,36,0.2718,4608,48,1,26324,104,24,Udon Thani,Y
A108765,2024-05-01,PL,64100,36,0.2615,3177,54,3,44302,62,999,Khon Kaen,N
A108766,2025-01-04,CC,62834,0,0.1272,0,51,3,15437,25,0,Udon Thani,Y
A108767,2022-11-02,PL,279373,48,0.2726,12166,41,3,13585,9,15,Bangkok,
A108768,2023-03-14,PL,109898,12,0.1543,10571,25,1,32942,48,999,Khon Kaen,
A108769,2024-03-01,HP,232232,72,0.2691,8433,54,9,,57,14,Bangkok,
A108770,2022-07-24,CC,50590,0,0.0948,0,26,1,32285,6,6,Khon Kaen,
A108771,2025-12-26,HP,970583,72,0.1281,23841,32,1,24331,39,11,Udon Thani,Y
A108772,2022-12-17,HP,346262,72,0.191,10320,40,3,10451,89,5,Udon Thani,
A108773,2025-09-26,CC,65283,0,0.0,0,41,2,,100,0,Chonburi,Y
A108774,2022-07-15,HP,327369,72,0.1475,8570,49,1,32085,109,13,Rayong,
A108775,2025-11-26,HP,312546,72,0.1941,9396,44,3,35488,14,11,Samut Prakan,Y
A108776,2023-07-06,CC,24573,0,0.2673,0,51,2,23112,88,9,Khon Kaen,
A108777,2025-12-14,HP,307085,72,0.2794,11415,52,2,18309,12,3,Chiang Mai,N
A108778,2024-06-11,HP,775384,36,0.1705,32555,37,1,,67,4,Udon Thani,Y
A108779,2022-07-04,PL,101029,12,0.2516,10537,32,1,47038,115,15,Bangkok,
A108780,2022-12-24,PL,61023,36,0.1407,2410,36,1,40136,17,6,Ubon Ratchathani,
A108781,2022-02-10,PL,122459,12,0.0935,11159,45,2,37497,34,9,Songkhla,
A108782,2022-03-03,PL,160903,24,0.094,7964,37,1,27176,37,7,Phuket,
A108783,2024-07-13,HP,319455,60,0.2567,12157,39,2,,34,12,Rayong,Y
A108784,2022-10-16,HP,242315,72,0.1741,6881,29,3,29809,36,11,Nonthaburi,
A108785,2022-08-01,PL,139558,24,0.1586,7659,39,1,33142,147,5,Nonthaburi,
A108786,2025-04-28,PL,69687,48,0.1847,2524,49,1,19189,9,4,Nonthaburi,N
A108787,2025-08-28,HP,64119,48,0.2704,2780,44,3,38067,70,0,Chonburi,Y
A108788,2025-04-04,PL,153873,36,0.1953,6778,47,1,39315,27,1,Samut Prakan,Y
A108789,2022-04-21,PL,118820,48,0.1756,4214,40,1,21001,72,9,Udon Thani,
A108790,2024-09-14,HP,526961,60,0.1027,13292,47,1,31819,61,0,Samut Prakan,N
A108791,2023-03-03,PL,171615,24,0.0936,8489,29,9,32348,85,8,Rayong,
A108792,2024-11-15,HP,349635,60,0.1859,11243,38,2,21715,23,17,Bangkok,Y
A108793,2023-10-13,HP,401268,60,0.1978,13302,56,1,34760,47,4,Bangkok,
A108794,2025-06-04,PL,112293,12,0.2325,11533,39,2,16799,35,0,Khon Kaen,Y
A108795,2023-09-18,PL,55905,24,0.1413,2987,44,1,50804,16,2,Rayong,
A108796,2023-05-24,HP,496533,48,0.2525,20792,46,1,11380,19,5,Khon Kaen,
A108797,2024-01-31,PL,85222,12,0.1971,8501,47,1,27989,31,13,Samut Prakan,
A108798,2024-06-18,HP,313132,36,0.2687,15709,20,2,,88,2,Ubon Ratchathani,N
A108799,2022-03-11,CC,39317,0,0.1003,0,26,2,,36,16,Samut Prakan,
A108800,2025-01-03,PL,143371,48,0.1487,4763,41,3,47382,84,15,Nonthaburi,Y
A108801,2023-12-01,CC,58869,0,0.0,0,31,1,48077,71,999,Chiang Mai,
A108802,2022-10-03,HP,343576,72,0.1956,10372,34,3,37295,43,6,Udon Thani,
A108803,2024-10-12,CC,31420,0,0.1325,0,52,2,,108,10,Rayong,N
A108804,2023-09-15,CC,61669,0,0.1409,0,33,2,,82,11,Nonthaburi,
A108805,2024-05-23,PL,122677,48,0.2359,4967,45,3,35684,97,10,Nakhon Ratchasima,N
A108806,2022-09-03,CC,48720,0,0.1312,0,46,1,12461,85,18,Khon Kaen,
A108807,2022-02-25,PL,168355,24,0.2183,10077,46,3,35359,3,17,Bangkok,
A108808,2025-09-18,HP,400504,48,0.2525,16771,57,2,,37,10,Chiang Mai,Y
A108809,2025-04-11,HP,660083,48,0.2496,27481,41,2,35148,83,17,Nakhon Ratchasima,Y
A108810,2025-10-03,CC,58114,0,0.2159,0,28,2,,33,8,Samut Prakan,N
A108811,2025-08-02,PL,118665,24,0.1984,6906,53,2,87886,73,12,Rayong,Y
A108812,2023-12-18,PL,135345,48,0.1421,4422,39,1,34035,26,22,Bangkok,
A108813,2022-04-17,CC,14323,0,0.2689,0,26,9,15462,79,12,Chonburi,
A108814,2022-08-27,PL,205746,36,0.1693,8617,39,1,16509,121,9,Ubon Ratchathani,
A108815,2024-08-19,CC,75882,0,0.1527,0,20,9,,16,0,Samut Prakan,N
A108816,2024-12-13,PL,109241,12,0.2791,11644,30,3,21702,43,4,Chiang Mai,Y
A108817,2025-05-30,HP,348917,60,0.252,13142,59,3,32021,31,11,Rayong,Y
A108818,2025-02-13,HP,250611,48,0.2413,10260,57,2,29949,14,999,Khon Kaen,Y
A108819,2024-02-28,HP,133340,60,0.1991,4434,37,1,25774,65,0,Bangkok,
A108820,2022-09-18,CC,56857,0,0.276,0,33,1,52146,23,19,Chonburi,
A108821,2022-04-18,CC,25647,0,0.1204,0,54,3,16930,87,22,Songkhla,
A108822,2024-08-31,HP,256294,36,0.1506,10335,47,3,32630,47,5,Rayong,N
A108823,2025-07-01,HP,755769,36,0.1774,32166,21,3,47840,47,18,Songkhla,Y
A108824,2024-10-24,PL,103643,12,0.2677,10949,42,2,,99,14,Udon Thani,Y
A108825,2025-11-06,CC,94875,0,0.1914,0,41,1,22295,63,11,Songkhla,N
A108826,2025-05-03,CC,41182,0,0.1516,0,30,1,38636,7,999,Khon Kaen,Y
A108827,2023-02-03,PL,196073,12,0.2392,20247,37,3,,89,8,Songkhla,
A108828,2024-03-18,PL,145420,36,0.2304,6831,36,1,18695,70,17,Songkhla,
A108829,2023-01-25,CC,27452,0,0.1341,0,56,2,59564,35,9,Samut Prakan,
A108830,2023-09-22,HP,268336,60,0.093,6551,38,1,42010,5,10,Bangkok,
A108831,2024-08-23,PL,136877,36,0.2138,6240,29,1,34193,21,10,Nakhon Ratchasima,N
A108832,2023-07-24,PL,380830,12,0.1834,37556,45,1,19908,11,19,Chiang Mai,
A108833,2024-10-17,HP,338843,48,0.1844,12266,20,1,26403,34,1,Phuket,Y
A108834,2025-09-15,HP,322493,60,0.2671,12553,21,1,26899,53,18,Chonburi,N
A108835,2024-10-10,HP,151353,60,0.28,6054,39,1,20757,52,4,Nakhon Ratchasima,N
A108836,2022-02-24,CC,17571,0,0.1629,0,60,1,53218,79,14,Samut Prakan,
A108837,2023-08-27,PL,93586,48,0.2678,4038,23,2,,86,5,Samut Prakan,
A108838,2024-05-08,CC,59516,0,0.2176,0,35,1,12178,60,9,Chiang Mai,N
A108839,2022-04-11,HP,328455,48,0.1046,9705,51,1,39036,99,17,Nonthaburi,
A108840,2025-05-05,CC,21568,0,0.1599,0,40,1,17441,9,2,Chonburi,Y
A108841,2023-04-23,PL,261561,48,0.1906,9603,27,1,,47,10,Ubon Ratchathani,
A108842,2022-02-13,HP,531824,48,0.1189,16349,26,1,23235,95,3,Nonthaburi,
A108843,2023-03-14,CC,35388,0,0.0998,0,34,1,25364,62,13,Chiang Mai,
A108844,2023-01-05,HP,151680,60,0.1046,3850,33,9,15552,46,7,Ubon Ratchathani,
A108845,2024-11-25,PL,108912,48,0.1387,3527,54,3,,13,999,Chonburi,Y
A108846,2024-10-08,HP,489027,36,0.1269,18755,42,2,32097,18,13,Bangkok,Y
A108847,2025-02-24,PL,186512,24,0.1574,10217,38,1,20517,52,6,Bangkok,Y
A108848,2025-03-14,PL,100478,12,0.1481,9613,27,1,26675,9,10,Khon Kaen,Y
A108849,2023-08-20,HP,282136,72,0.1596,7670,33,1,36555,34,6,Udon Thani,
A108850,2023-02-07,CC,32990,0,0.1569,0,42,1,28189,36,17,Udon Thani,
A108851,2025-06-18,PL,91418,24,0.1655,5069,40,2,78125,52,12,Nakhon Ratchasima,N
A108852,2025-12-03,CC,54635,0,0.1121,0,20,1,13288,48,5,Samut Prakan,Y
A108853,2025-09-03,PL,90293,36,0.2356,4280,39,1,23024,33,12,Chonburi,Y
A108854,2024-09-05,HP,507853,72,0.1118,11785,43,1,51312,82,11,Samut Prakan,N
A108855,2025-01-28,CC,152189,0,0.1306,0,41,1,30942,44,4,Ubon Ratchathani,Y
A108856,2024-12-17,PL,218226,12,0.1817,21489,50,1,18706,119,4,Nonthaburi,Y
A108857,2024-02-26,PL,102451,12,0.2353,10546,30,1,33476,45,3,Samut Prakan,
A108858,2024-07-31,HP,390357,60,0.1773,12273,33,1,24732,47,0,Phuket,Y
A108859,2023-11-30,CC,37870,0,0.1175,0,20,2,27589,80,0,Nakhon Ratchasima,
A108860,2024-12-19,HP,344483,60,0.1547,10182,26,3,29089,33,13,Nonthaburi,Y
A108861,2023-05-05,CC,34473,0,0.1105,0,26,1,75660,25,999,Samut Prakan,
A108862,2024-01-02,HP,280297,60,0.1013,7037,37,2,,74,4,Nakhon Ratchasima,
A108863,2024-05-15,CC,18894,0,0.194,0,30,2,,84,12,Songkhla,Y
A108864,2022-08-01,PL,34766,24,0.2442,2156,34,1,30069,17,12,Nakhon Ratchasima,
A108865,2023-06-15,HP,478063,72,0.1118,11093,41,1,39424,76,20,Rayong,
A108866,2024-05-12,PL,226860,48,0.2328,9127,42,1,,50,9,Phuket,Y
A108867,2023-08-19,PL,99331,48,0.2001,3725,30,1,68357,88,7,Rayong,
A108868,2022-02-11,HP,485294,72,0.1121,11273,25,3,15403,2,999,Rayong,
A108869,2025-05-23,HP,272113,60,0.1553,8056,35,1,12182,75,999,Rayong,Y
A108870,2023-09-18,CC,39506,0,0.1376,0,34,1,24082,115,999,Bangkok,
A108871,2024-07-02,PL,119302,36,0.2603,5901,35,2,,7,17,Udon Thani,Y
A108872,2025-05-16,HP,573695,48,0.2779,25237,34,3,,94,13,Udon Thani,Y
A108873,2022-01-30,PL,143422,48,0.2632,6133,23,3,,103,999,Khon Kaen,
A108874,2022-06-28,HP,323845,36,0.1886,14085,20,1,27807,41,14,Bangkok,
A108875,2022-11-02,HP,133097,60,0.12,3549,40,1,29861,112,999,Samut Prakan,
A108876,2024-03-28,CC,59446,0,0.1586,0,30,1,41555,0,6,Rayong,
A108877,2023-08-17,CC,45864,0,0.0,0,41,1,,120,17,Phuket,
A108878,2023-12-28,PL,218251,36,0.2093,9869,55,1,68400,45,9,Khon Kaen,
A108879,2024-11-08,HP,456122,48,0.2042,17264,49,2,23355,103,3,Chonburi,N
A108880,2022-09-24,PL,112713,36,0.1351,4399,28,1,20230,97,5,Chonburi,
A108881,2024-08-23,HP,465399,36,0.2314,21902,51,3,52167,8,3,Khon Kaen,N
A108882,2022-09-15,PL,238443,24,0.2117,14141,40,2,,115,18,Bangkok,
A108883,2025-09-15,PL,111157,36,0.1252,4247,57,1,55090,49,27,Nakhon Ratchasima,Y
A108884,2024-01-18,PL,34802,24,0.1095,1767,25,3,18498,44,10,Phuket,
A108885,2024-01-26,CC,18459,0,0.1237,0,27,1,72837,40,4,Phuket,
A108886,2023-10-16,PL,128490,24,0.2038,7535,32,1,36748,76,999,Bangkok,
A108887,2022-09-21,PL,140745,24,0.1737,7901,48,1,,8,0,Ubon Ratchathani,
A108888,2023-12-17,PL,114994,24,0.1849,6563,42,1,29689,3,3,Udon Thani,
A108889,2025-07-17,PL,86445,36,0.1299,3337,46,1,35556,46,4,Phuket,Y
A108890,2023-03-26,HP,177513,60,0.2564,6751,32,2,30996,18,10,Samut Prakan,
A108891,2023-01-18,PL,108521,36,0.117,4072,52,1,26963,91,17,Ubon Ratchathani,
A108892,2023-08-09,HP,883909,36,0.2325,41678,23,1,27726,59,7,Nonthaburi,
A108893,2023-10-17,HP,272896,60,0.1425,7788,20,1,49575,34,1,Bangkok,
A108894,2023-08-22,PL,91412,36,0.2608,4525,49,2,23874,23,999,Nakhon Ratchasima,
A108895,2023-10-07,HP,313153,48,0.1324,9979,44,9,20243,8,5,Nonthaburi,
A108896,2022-03-05,CC,51717,0,0.1227,0,35,1,15153,7,5,Udon Thani,
A108897,2023-06-08,PL,57315,48,0.2198,2243,32,1,32465,73,999,Chiang Mai,
A108898,2025-01-20,CC,85476,0,0.1473,0,40,2,,83,20,Nakhon Ratchasima,N
A108899,2024-08-05,CC,143107,0,0.2232,0,41,3,,67,16,Udon Thani,Y
A108900,2022-11-20,HP,396002,60,0.2644,15325,48,3,14497,15,15,Rayong,
A108901,2024-12-28,PL,127788,48,0.2229,5035,37,1,30653,62,14,Rayong,Y
A108902,2022-12-05,PL,532103,12,0.163,51569,40,1,23654,27,999,Nakhon Ratchasima,
A108903,2024-04-23,HP,215175,36,0.2706,10829,35,1,28443,62,14,Nonthaburi,Y
A108904,2023-03-07,PL,94839,48,0.2103,3637,20,1,36905,80,23,Udon Thani,
A108905,2025-11-16,HP,218707,36,0.2569,10757,43,1,28409,149,9,Bangkok,N
A108906,2024-02-03,HP,406579,48,0.2545,17093,26,2,38344,51,999,Rayong,
A108907,2022-07-05,PL,135451,24,0.2381,8331,20,2,77411,90,7,Bangkok,
A108908,2022-01-03,PL,139898,48,0.1665,4855,38,3,10112,30,10,Songkhla,
A108909,2022-05-09,HP,370003,36,0.1656,15383,38,9,,78,30,Chiang Mai,
A108910,2025-08-10,PL,75660,24,0.1213,3917,63,2,52557,116,7,Samut Prakan,Y
A108911,2024-10-10,PL,79504,36,0.1119,2949,39,1,20126,44,7,Ubon Ratchathani,Y
A108912,2022-06-25,HP,198744,72,0.1682,5546,48,2,,1,10,Ubon Ratchathani,
A108913,2023-10-08,HP,221493,72,0.1445,5743,42,3,25227,10,999,Phuket,
A108914,2025-07-07,CC,34662,0,0.2246,0,29,1,19417,94,7,Chonburi,N
A108915,2022-06-16,CC,55422,0,0.2404,0,34,1,44207,50,999,Phuket,
A108916,2023-03-19,PL,174084,48,0.2129,6715,34,1,32653,53,9,Ubon Ratchathani,
A108917,2024-10-23,CC,33719,0,0.2025,0,72,1,45411,122,13,Samut Prakan,Y
A108918,2024-06-30,HP,178336,72,0.2392,6031,46,1,35358,64,17,Bangkok,Y
A108919,2022-02-20,HP,204295,60,0.2768,8117,41,3,20349,12,21,Chonburi,
A108920,2023-09-17,PL,97241,48,0.1678,3385,48,2,,61,1,Udon Thani,
A108921,2024-09-30,CC,34747,0,0.2119,0,56,1,29733,47,12,Chiang Mai,Y
A108922,2022-05-15,CC,60670,0,0.2498,0,32,2,40886,11,10,Rayong,
A108923,2022-06-28,PL,90407,12,0.1896,8962,38,3,25416,38,999,Chonburi,
A108924,2022-05-27,PL,69671,48,0.1955,2586,20,1,22386,87,11,Samut Prakan,
A108925,2023-01-16,HP,330524,60,0.1759,10353,27,1,25850,9,4,Chonburi,
A108926,2025-02-27,CC,38284,0,0.1669,0,43,2,18049,64,15,Phuket,Y
A108927,2025-06-08,HP,665652,36,0.1948,29296,28,2,,61,7,Phuket,Y
A108928,2025-07-19,PL,81544,24,0.2105,4828,24,1,63008,128,2,Udon Thani,Y
A108929,2025-12-09,PL,197006,36,0.1667,8209,34,1,40421,19,7,Chiang Mai,N
A108930,2025-11-29,PL,187408,48,0.1504,6253,38,1,28028,19,1,Udon Thani,Y
A108931,2025-06-25,PL,65198,36,0.2297,3059,39,1,,26,12,Ubon Ratchathani,Y
A108932,2023-04-17,CC,125985,0,0.2453,0,20,2,48614,88,11,Ubon Ratchathani,
A108933,2022-09-30,PL,252188,12,0.1948,25109,42,1,38918,110,3,Khon Kaen,
A108934,2022-11-14,PL,70930,24,0.1205,3667,20,1,44964,43,17,Nakhon Ratchasima,
A108935,2022-07-01,PL,287205,12,0.2046,28830,50,2,32348,71,19,Udon Thani,
A108936,2022-05-08,CC,38627,0,0.1457,0,49,3,53438,9,999,Nakhon Ratchasima,
A108937,2022-03-26,HP,349451,48,0.1757,12396,35,1,23590,32,10,Rayong,
A108938,2022-04-20,CC,135529,0,0.279,0,45,1,15125,83,9,Ubon Ratchathani,
A108939,2025-01-13,PL,144602,12,0.1533,13897,22,3,13758,14,19,Phuket,Y
A108940,2025-01-21,PL,98474,36,0.2626,4890,32,3,24284,5,9,Nakhon Ratchasima,Y
A108941,2025-02-20,HP,222277,72,0.1487,5841,30,2,27684,16,23,Nakhon Ratchasima,Y
A108942,2025-01-19,PL,228700,12,0.1955,22784,45,2,,65,18,Nakhon Ratchasima,Y
A108943,2024-12-06,PL,102950,48,0.2307,4124,50,1,,60,13,Bangkok,Y
A108944,2025-03-25,PL,123347,12,0.124,11553,35,3,22658,11,8,Songkhla,Y
A108945,2023-04-05,PL,105938,24,0.1113,5396,58,2,,102,7,Bangkok,
A108946,2022-12-21,CC,54662,0,0.0,0,32,2,,22,3,Nakhon Ratchasima,
A108947,2022-01-24,PL,108796,48,0.1627,3741,37,1,35011,83,15,Phuket,
A108948,2023-02-17,HP,185906,36,0.1493,7477,60,1,27821,8,7,Udon Thani,
A108949,2023-02-01,PL,77015,48,0.1204,2377,28,3,23057,50,999,Udon Thani,
A108950,2025-04-07,HP,539872,72,0.2379,18201,34,2,24739,0,999,Songkhla,Y
A108951,2023-10-30,CC,63487,0,0.2452,0,43,1,23062,82,8,Phuket,
A108952,2025-03-08,PL,157985,48,0.1569,5357,54,3,26456,55,8,Chonburi,Y
A108953,2022-09-23,CC,65221,0,0.2697,0,26,2,27888,17,19,Samut Prakan,
A108954,2025-08-11,CC,57318,0,0.2047,0,20,1,14425,67,9,Nonthaburi,Y
A108955,2023-11-01,HP,235766,48,0.1734,8318,39,3,25871,58,21,Udon Thani,
A108956,2024-09-23,PL,71376,36,0.2266,3330,53,1,,57,16,Samut Prakan,N
A108957,2025-10-31,PL,69469,48,0.2737,3031,56,1,,22,2,Songkhla,Y
A108958,2025-02-06,PL,88887,48,0.1131,2689,37,2,11980,18,20,Udon Thani,Y
A108959,2024-09-28,HP,66540,60,0.1799,2106,20,1,40943,66,7,Chonburi,N
A108960,2024-06-23,PL,135387,48,0.2378,5503,37,1,,147,10,Songkhla,Y
A108961,2024-06-11,HP,1472829,72,0.2539,51618,45,3,40804,38,2,Udon Thani,N
A108962,2022-04-02,CC,62780,0,0.1126,0,45,2,,10,999,Phuket,
A108963,2024-10-22,PL,84588,36,0.2129,3850,53,3,25747,28,19,Songkhla,N
A108964,2024-06-25,PL,117874,36,0.1761,5004,22,1,44582,44,31,Nakhon Ratchasima,Y
A108965,2022-08-15,CC,73604,0,0.0,0,37,2,19323,18,15,Nonthaburi,
A108966,2024-12-15,PL,88879,48,0.1004,2595,46,1,28709,44,20,Ubon Ratchathani,Y
A108967,2023-12-30,HP,408831,60,0.1735,12724,32,1,36348,32,18,Phuket,
A108968,2024-01-05,PL,68403,24,0.0957,3395,27,1,30296,60,999,Songkhla,
A108969,2025-12-27,CC,44919,0,0.2005,0,24,1,33177,95,0,Bangkok,Y
A108970,2024-01-17,PL,56106,24,0.0944,2779,56,2,37434,13,2,Nakhon Ratchasima,
A108971,2023-07-29,CC,24677,0,0.141,0,31,1,15783,122,10,Phuket,
A108972,2025-07-13,PL,229959,24,0.1681,12802,35,1,34994,11,13,Samut Prakan,Y
A108973,2025-03-05,HP,245273,48,0.1701,8586,20,3,44778,61,12,Nonthaburi,Y
A108974,2022-09-18,HP,338405,72,0.2693,12294,37,1,18787,90,999,Rayong,
A108975,2024-09-29,PL,82291,36,0.226,3835,40,1,24119,44,4,Phuket,N
A108976,2025-05-12,CC,60678,0,0.2433,0,30,1,25146,49,10,Nonthaburi,Y
A108977,2022-01-09,CC,39272,0,0.169,0,45,3,17130,117,13,Chonburi,
A108978,2025-08-18,HP,451203,36,0.1513,18222,56,1,62714,31,2,Bangkok,Y
A108979,2023-03-26,PL,100455,48,0.2089,3841,20,1,14028,35,17,Chiang Mai,
A108980,2022-05-03,HP,312607,36,0.252,15248,31,2,,28,999,Khon Kaen,
A108981,2023-02-08,PL,68302,24,0.2066,4021,35,1,53800,10,15,Rayong,
A108982,2025-04-24,PL,69885,36,0.2082,3153,33,2,,99,5,Rayong,Y
A108983,2024-03-03,HP,544530,72,0.1652,15059,29,3,,8,15,Rayong,
A108984,2022-11-16,CC,30030,0,0.0,0,41,2,,53,999,Songkhla,
A108985,2024-06-16,PL,133776,36,0.2669,6691,31,1,52328,102,16,Songkhla,N
A108986,2023-12-15,PL,235322,12,0.1932,23398,46,3,23233,39,9,Chiang Mai,
A108987,2022-07-01,HP,235733,60,0.1866,7594,33,2,,0,13,Rayong,
A108988,2023-02-21,HP,587014,48,0.0969,16969,29,1,16628,60,999,Phuket,
A108989,2024-09-26,PL,110294,12,0.1531,10598,44,2,50560,96,11,Nonthaburi,Y
A108990,2025-10-12,PL,97780,24,0.1766,5513,36,3,56944,42,9,Phuket,Y
A108991,2023-08-19,HP,178929,60,0.1458,5156,33,2,,44,999,Songkhla,
A108992,2024-12-08,PL,113798,36,0.2,5057,20,1,25027,150,16,Chonburi,N
A108993,2024-12-02,HP,499350,72,0.2442,17097,22,1,44057,79,12,Nonthaburi,Y
A108994,2025-05-08,HP,366029,72,0.138,9293,42,1,22880,44,15,Samut Prakan,Y
A108995,2022-11-30,CC,35461,0,0.1411,0,35,1,14479,8,0,Phuket,
A108996,2024-01-03,PL,119268,24,0.1842,6800,29,1,35878,1,6,Nakhon Ratchasima,
A108997,2024-09-12,CC,21290,0,0.142,0,36,1,43254,17,999,Phuket,Y
A108998,2022-10-30,HP,315831,36,0.273,15958,25,3,23776,27,6,Chonburi,
A108999,2024-08-28,HP,281752,36,0.1947,12397,42,1,27523,74,999,Samut Prakan,N
A109000,2022-04-13,HP,384712,60,0.2518,14484,36,2,,76,6,Phuket,
A109001,2025-09-24,HP,852349,60,0.1484,24746,49,3,15464,58,3,Bangkok,Y
A109002,2025-07-19,HP,243988,72,0.2382,8231,35,3,25363,65,12,Khon Kaen,Y
A109003,2023-12-03,PL,201126,36,0.2797,10274,33,1,29871,86,9,Khon Kaen,
A109004,2024-09-20,PL,79206,48,0.2077,3021,20,1,30800,19,3,Bangkok,Y
A109005,2025-03-14,HP,204560,48,0.2314,8206,32,1,28636,10,6,Ubon Ratchathani,N
A109006,2025-11-16,PL,114142,36,0.1628,4719,32,1,17310,146,2,Chonburi,Y
A109007,2025-11-10,PL,39510,36,0.1449,1574,26,1,47832,50,5,Ubon Ratchathani,N
A109008,2022-06-10,PL,22721,12,0.1389,2156,37,3,20961,33,999,Nakhon Ratchasima,
A109009,2024-04-02,HP,195422,36,0.152,7903,24,2,38493,96,9,Samut Prakan,Y
A109010,2025-07-08,HP,219736,48,0.0988,6386,41,1,,115,23,Rayong,Y
A109011,2023-04-10,HP,487500,72,0.195,14692,50,2,18619,121,2,Khon Kaen,
A109012,2025-06-04,HP,142500,36,0.1153,5327,64,9,,7,23,Udon Thani,N
A109013,2024-01-01,PL,154022,12,0.2355,15857,36,2,14321,73,3,Nonthaburi,
A109014,2023-07-17,PL,96388,24,0.2784,6252,40,1,53518,4,7,Phuket,
A109015,2024-02-28,HP,461066,60,0.161,13870,37,1,27661,66,13,Nakhon Ratchasima,
A109016,2024-02-11,PL,161269,36,0.1806,6906,27,1,49161,114,11,Ubon Ratchathani,
A109017,2024-11-07,HP,294215,72,0.1566,7925,42,3,34691,11,17,Rayong,Y
A109018,2022-06-25,HP,279982,48,0.1181,8588,54,1,58824,76,11,Udon Thani,
A109019,2025-05-02,HP,483543,72,0.2322,16072,42,2,57838,60,9,Chonburi,Y
A109020,2024-11-13,HP,271927,36,0.2131,12382,20,1,60419,5,1,Bangkok,Y
A109021,2022-04-19,HP,481308,72,0.2094,15083,57,2,,133,6,Ubon Ratchathani,
A109022,2024-12-12,CC,66689,0,0.271,0,36,3,,4,16,Samut Prakan,Y
A109023,2022-06-17,PL,114277,24,0.2149,6808,34,1,34570,19,3,Nakhon Ratchasima,
A109024,2024-05-15,HP,407293,60,0.111,10555,53,1,21015,14,15,Bangkok,Y
A109025,2023-10-13,CC,50986,0,0.1205,0,35,3,25370,53,3,Bangkok,
A109026,2024-09-20,PL,185742,48,0.1148,5646,20,3,59451,86,0,Chiang Mai,N
A109027,2022-11-02,PL,65773,36,0.0928,2335,46,1,35582,88,1,Samut Prakan,
A109028,2024-09-20,CC,21043,0,0.2337,0,23,1,35303,57,18,Bangkok,Y
A109029,2023-08-15,PL,227436,12,0.2328,23365,53,1,17446,48,8,Chonburi,
A109030,2025-10-07,PL,61681,36,0.2316,2903,32,1,13526,48,14,Samut Prakan,Y
A109031,2024-09-30,HP,339361,36,0.254,16609,44,3,30846,5,16,Nonthaburi,N
A109032,2023-04-16,PL,126934,36,0.2353,6014,38,1,85725,109,19,Samut Prakan,
A109033,2023-06-04,PL,80406,12,0.1436,7662,45,1,38704,16,23,Nonthaburi,
A109034,2022-07-12,PL,70787,24,0.1418,3785,41,3,13557,27,3,Nonthaburi,
A109035,2023-07-22,HP,184392,48,0.1119,5560,37,3,39570,50,11,Chiang Mai,
A109036,2024-07-22,PL,316205,12,0.1396,30028,33,1,,26,999,Rayong,N
A109037,2023-03-07,HP,614191,48,0.1626,21117,21,2,,43,999,Samut Prakan,
A109038,2022-01-09,HP,306448,48,0.1045,9052,26,1,62189,19,23,Songkhla,
A109039,2023-02-08,CC,51991,0,0.2064,0,20,1,11500,88,17,Udon Thani,
A109040,2022-02-07,CC,22924,0,0.2212,0,47,3,22631,63,12,Khon Kaen,
A109041,2023-12-11,PL,92227,12,0.2049,9260,39,2,,63,22,Phuket,
A109042,2022-10-19,HP,89946,72,0.2473,3102,35,2,,51,3,Bangkok,
A109043,2024-08-11,CC,75819,0,0.2522,0,47,1,25941,42,15,Phuket,N
A109044,2022-06-14,PL,61034,12,0.1408,5802,41,9,,29,4,Nonthaburi,
A109045,2024-02-07,PL,116527,24,0.222,7011,32,1,15771,17,999,Khon Kaen,
A109046,2023-01-11,HP,905704,60,0.2713,35571,20,2,31915,103,8,Chiang Mai,
A109047,2022-09-11,CC,25209,0,0.1435,0,24,2,,49,10,Songkhla,
A109048,2022-12-10,PL,119453,24,0.1945,6913,31,1,14200,18,16,Chiang Mai,
A109049,2025-05-30,HP,206599,48,0.2675,8909,38,1,,1,20,Khon Kaen,Y
A109050,2022-11-17,PL,107773,24,0.2738,6949,35,2,31954,82,7,Bangkok,
A109051,2025-11-03,HP,211588,60,0.1386,5970,34,3,18280,129,5,Songkhla,Y
A109052,2024-07-27,HP,262283,36,0.1957,11563,50,1,29140,70,21,Nakhon Ratchasima,Y
A109053,2022-05-29,HP,595642,36,0.1296,22978,20,9,,114,9,Khon Kaen,
A109054,2024-07-18,HP,186497,48,0.2349,7536,49,3,25084,60,1,Samut Prakan,Y
A109055,2025-04-04,PL,34542,24,0.2356,2117,38,1,53035,21,12,Songkhla,Y
A109056,2022-06-14,HP,127034,36,0.2731,6419,44,1,16133,81,2,Khon Kaen,
A109057,2023-03-18,HP,373648,60,0.1967,12352,24,1,34627,64,999,Samut Prakan,
A109058,2023-06-15,HP,433281,48,0.1962,16110,20,1,69622,81,4,Ubon Ratchathani,
A109059,2024-07-28,PL,236723,12,0.1893,23461,47,9,33452,85,12,Khon Kaen,Y
A109060,2025-04-26,HP,288912,48,0.2124,11132,34,3,25421,18,13,Ubon Ratchathani,Y
A109061,2025-01-22,HP,238349,60,0.1743,7434,33,1,49452,39,5,Nakhon Ratchasima,Y
A109062,2025-10-29,PL,44044,36,0.2335,2080,26,1,29891,64,15,Songkhla,N
A109063,2023-06-26,PL,218070,24,0.1509,11828,49,2,,61,999,Rayong,
A109064,2025-04-02,HP,514863,48,0.1853,18676,46,1,12662,55,7,Rayong,Y
A109065,2025-06-28,PL,202678,36,0.2211,9364,24,2,68095,40,999,Udon Thani,Y
A109066,2022-01-14,PL,182157,12,0.1087,16829,44,1,24883,54,4,Ubon Ratchathani,
A109067,2025-10-06,HP,283111,60,0.2297,10137,34,3,27690,38,13,Udon Thani,Y
A109068,2025-10-27,HP,315930,36,0.2468,15273,21,1,45993,14,8,Nonthaburi,Y
A109069,2024-05-02,PL,146533,48,0.2294,5853,20,1,27441,25,4,Khon Kaen,Y
A109070,2024-11-26,CC,40155,0,0.164,0,43,3,22931,105,0,Nakhon Ratchasima,Y
A109071,2025-02-13,CC,50563,0,0.0,0,43,1,18979,94,1,Bangkok,Y
A109072,2022-07-30,PL,61515,24,0.2582,3886,36,1,,41,9,Chiang Mai,
A109073,2023-08-11,HP,484935,72,0.1732,13734,27,2,33175,37,999,Ubon Ratchathani,
A109074,2025-07-10,CC,45485,0,0.2562,0,48,1,19924,6,15,Rayong,Y
A109075,2023-06-04,HP,135907,72,0.2093,4258,64,3,18130,15,13,Chiang Mai,
A109076,2022-07-17,PL,94916,36,0.1074,3486,47,2,40009,70,999,Bangkok,
A109077,2024-01-19,HP,449202,60,0.1353,12551,20,1,25986,7,18,Nonthaburi,
A109078,2022-11-18,PL,199097,24,0.1236,10346,39,2,33644,82,3,Udon Thani,
A109079,2024-11-24,HP,133492,60,0.1142,3495,55,2,,43,1,Ubon Ratchathani,Y
A109080,2024-09-01,PL,184102,24,0.2065,10839,42,2,32352,41,6,Samut Prakan,Y
A109081,2025-08-28,PL,79451,24,0.1506,4307,38,3,15615,27,3,Khon Kaen,Y
A109082,2025-10-06,HP,219587,36,0.1369,8604,34,3,18191,14,5,Chiang Mai,N
A109083,2023-08-28,HP,303010,48,0.149,10075,30,2,,76,5,Phuket,
A109084,2025-03-01,CC,95138,0,0.0,0,50,1,31316,12,999,Chonburi,N
A109085,2025-02-06,CC,37629,0,0.2202,0,25,1,41024,30,2,Ubon Ratchathani,N
A109086,2025-02-26,PL,39495,24,0.1688,2201,49,1,29138,68,999,Bangkok,N
A109087,2023-11-15,PL,158066,24,0.1682,8801,46,1,36854,84,13,Nakhon Ratchasima,
A109088,2023-09-22,PL,137046,12,0.1456,13083,31,3,22473,45,1,Udon Thani,
A109089,2024-09-24,PL,65803,12,0.2757,6995,26,1,9000,34,7,Udon Thani,N
A109090,2022-06-19,HP,313600,48,0.1849,11365,39,1,31867,74,11,Bangkok,
A109091,2024-02-25,CC,55950,0,0.1606,0,48,1,22916,46,6,Chonburi,
A109092,2023-04-25,HP,320764,60,0.1777,10096,31,1,28357,10,4,Bangkok,
A109093,2024-10-24,HP,222583,60,0.1336,6187,43,3,33535,90,21,Khon Kaen,Y
A109094,2025-02-07,CC,28489,0,0.255,0,46,1,34951,149,999,Udon Thani,Y
A109095,2022-04-07,PL,147751,12,0.1531,14197,20,3,29354,18,3,Nonthaburi,
A109096,2023-07-18,HP,325659,48,0.2112,12516,40,1,28869,35,999,Udon Thani,
A109097,2024-02-29,HP,517327,72,0.1623,14181,33,9,,72,3,Nonthaburi,
A109098,2023-03-16,PL,121773,12,0.177,11943,45,2,,1,6,Ubon Ratchathani,
A109099,2023-09-02,CC,41392,0,0.1914,0,26,1,32660,121,5,Nakhon Ratchasima,
A109100,2024-06-02,HP,357473,72,0.1504,9445,44,2,28111,4,10,Samut Prakan,Y
A109101,2023-07-28,HP,404459,48,0.1247,12629,42,1,28430,79,999,Rayong,
A109102,2024-09-25,HP,269630,48,0.2033,10185,32,1,20920,5,999,Rayong,Y
A109103,2022-05-21,PL,40212,48,0.1007,1175,36,2,,47,7,Phuket,
A109104,2022-07-21,HP,671285,72,0.1336,16797,26,1,45537,83,14,Rayong,
A109105,2023-03-02,PL,105433,48,0.2132,4069,35,3,19367,37,18,Songkhla,
A109106,2023-09-11,PL,144293,36,0.274,7302,41,3,21758,95,12,Rayong,
A109107,2023-10-31,PL,91454,36,0.2141,4172,52,2,19652,46,9,Nakhon Ratchasima,
A109108,2025-10-11,CC,148358,0,0.1157,0,29,3,15498,84,3,Chiang Mai,Y
A109109,2024-05-30,HP,366057,72,0.1035,8241,38,1,37738,2,19,Nonthaburi,Y
A109110,2025-08-11,PL,23138,24,0.1614,1275,36,1,21301,0,7,Nonthaburi,N
A109111,2025-12-23,HP,519682,48,0.2782,22874,34,1,26987,30,19,Rayong,N
A109112,2025-07-16,PL,252341,36,0.1735,10657,60,3,14324,73,2,Phuket,Y
A109113,2023-06-10,CC,96547,0,0.238,0,48,3,34911,94,30,Rayong,
A109114,2023-05-22,PL,92781,48,0.1284,2925,41,1,27336,60,1,Khon Kaen,
A109115,2024-09-07,HP,374723,60,0.2241,13243,46,2,52347,41,13,Nakhon Ratchasima,Y
A109116,2025-10-26,HP,318600,72,0.2414,10834,25,2,,149,6,Chonburi,N
A109117,2022-09-16,PL,86130,48,0.2274,3426,38,1,19699,43,8,Udon Thani,
A109118,2022-09-21,HP,346533,72,0.0952,7562,45,1,30994,29,999,Samut Prakan,
A109119,2024-01-10,PL,183396,36,0.2389,8745,45,1,,70,999,Ubon Ratchathani,
A109120,2023-05-24,PL,152114,24,0.1914,8764,35,1,,10,13,Nakhon Ratchasima,
A109121,2022-05-02,PL,63769,12,0.1819,6280,42,2,,19,12,Nakhon Ratchasima,
A109122,2025-09-01,HP,143072,36,0.2372,6802,22,1,20735,57,1,Chiang Mai,Y
A109123,2024-12-03,PL,201218,12,0.145,19199,24,1,27813,21,4,Ubon Ratchathani,Y
A109124,2022-07-22,PL,196414,24,0.2464,12216,35,1,14731,15,5,Samut Prakan,
A109125,2025-03-25,PL,56776,24,0.2017,3319,28,2,,67,4,Songkhla,N
A109126,2022-10-06,PL,186949,12,0.1672,18183,62,1,22597,72,15,Ubon Ratchathani,
A109127,2024-06-26,PL,83756,12,0.2021,8390,39,1,28151,77,17,Nonthaburi,Y
A109128,2024-03-05,HP,409527,60,0.1457,11797,23,9,,87,999,Phuket,
A109129,2024-01-10,PL,250182,24,0.252,15678,36,1,14528,62,27,Songkhla,
A109130,2022-03-16,PL,193728,48,0.2206,7597,48,2,53542,40,13,Samut Prakan,
A109131,2024-04-22,PL,254645,36,0.273,12866,50,1,9000,46,20,Samut Prakan,Y
A109132,2024-01-29,PL,110863,48,0.2244,4382,50,2,75210,57,2,Chiang Mai,
A109133,2024-08-21,CC,55685,0,0.2511,0,24,1,51396,88,15,Bangkok,N
A109134,2023-04-30,PL,117808,24,0.2512,7374,28,2,,89,999,Chonburi,
A109135,2025-08-21,HP,135504,36,0.1738,5726,28,1,34988,110,6,Ubon Ratchathani,Y
A109136,2023-10-01,PL,271479,12,0.2674,28672,37,1,36731,17,4,Samut Prakan,
A109137,2022-05-24,PL,120760,24,0.1478,6519,22,1,20966,23,10,Bangkok,
A109138,2022-02-08,PL,238100,36,0.1731,10048,45,3,19053,55,0,Bangkok,
A109139,2024-11-14,HP,318902,48,0.2074,12155,28,1,23904,181,5,Rayong,Y
A109140,2022-05-19,CC,43275,0,0.1542,0,37,1,21484,31,20,Khon Kaen,
A109141,2023-09-30,HP,517511,36,0.1824,22241,38,1,19633,45,5,Ubon Ratchathani,
A109142,2022-12-02,PL,183367,48,0.2075,6990,30,1,16614,19,8,Chiang Mai,
A109143,2022-11-12,PL,184012,24,0.1119,9383,37,2,22307,12,5,Nonthaburi,
A109144,2024-03-20,CC,104442,0,0.1413,0,36,1,47355,40,9,Bangkok,
A109145,2022-05-23,CC,19291,0,0.1287,0,26,3,42343,28,23,Bangkok,
A109146,2024-09-05,PL,134057,12,0.2742,14234,31,1,33784,16,6,Chonburi,Y
A109147,2022-11-04,CC,55508,0,0.2688,0,23,1,23765,4,11,Rayong,
A109148,2025-11-29,CC,111026,0,0.0,0,51,1,32332,109,19,Rayong,Y
A109149,2024-06-06,PL,141326,12,0.1617,13681,53,1,,9,9,Nonthaburi,Y
A109150,2023-05-20,HP,799875,72,0.1595,21741,42,2,,31,17,Ubon Ratchathani,
A109151,2024-04-08,PL,92183,48,0.1613,3159,25,1,27451,41,20,Ubon Ratchathani,N
A109152,2025-12-26,HP,285580,72,0.156,7678,24,2,,23,7,Khon Kaen,Y
A109153,2022-01-05,PL,100838,36,0.0936,3587,33,1,18854,20,14,Phuket,
A109154,2024-05-22,PL,84075,36,0.2504,4089,20,1,,34,8,Phuket,Y
A109155,2024-07-23,HP,790615,36,0.2413,37859,29,1,36832,34,999,Songkhla,N
A109156,2024-12-02,PL,86074,24,0.1692,4800,20,1,53435,40,2,Samut Prakan,Y
A109157,2024-05-19,HP,605373,48,0.1051,17913,35,1,20418,55,7,Nakhon Ratchasima,Y
A109158,2024-10-12,CC,48925,0,0.2058,0,39,3,21759,45,10,Chonburi,Y
A109159,2024-09-22,HP,369513,60,0.27,14472,34,1,42236,23,999,Songkhla,N
A109160,2025-02-12,HP,268370,72,0.2382,9054,36,1,19680,16,12,Bangkok,Y
A109161,2022-03-29,HP,363724,60,0.113,9487,52,3,23676,77,6,Songkhla,
A109162,2024-09-15,PL,101216,48,0.1193,3114,34,2,88250,34,13,Rayong,N
A109163,2024-05-30,HP,345865,48,0.1822,12456,34,1,24422,50,7,Bangkok,Y
A109164,2024-04-23,HP,398578,60,0.2285,14232,57,1,13105,19,1,Udon Thani,Y
A109165,2024-11-05,PL,100225,12,0.2047,10061,48,1,41666,43,19,Chonburi,Y
A109166,2025-02-04,HP,437338,72,0.1103,10094,38,1,13442,75,10,Chiang Mai,Y
A109167,2024-06-19,CC,32773,0,0.2353,0,49,2,,106,5,Rayong,Y
A109168,2025-09-29,HP,373006,48,0.2209,14637,25,1,53832,35,5,Nakhon Ratchasima,Y
A109169,2024-04-18,CC,38722,0,0.2357,0,31,1,35605,66,12,Bangkok,N
A109170,2024-01-04,PL,119432,36,0.247,5775,37,1,,23,1,Nonthaburi,
A109171,2022-01-15,HP,555615,36,0.1894,24203,34,1,17637,45,2,Rayong,
A109172,2024-05-11,PL,107393,12,0.1158,9985,47,1,,126,18,Chiang Mai,Y
A109173,2025-04-04,PL,188902,36,0.2791,9640,27,1,,141,21,Nonthaburi,N
A109174,2025-10-18,PL,110271,12,0.1697,10748,32,1,17492,18,17,Bangkok,Y
A109175,2025-03-28,HP,445765,60,0.1692,13714,54,1,35407,54,10,Nakhon Ratchasima,Y
A109176,2022-07-01,PL,232125,36,0.1121,8616,51,1,41290,147,20,Chiang Mai,
A109177,2025-06-08,PL,52911,48,0.1102,1588,39,1,42830,108,2,Nakhon Ratchasima,Y
A109178,2025-01-11,PL,249132,12,0.1977,24865,27,1,63113,28,14,Chiang Mai,Y
A109179,2022-02-20,HP,340148,60,0.1513,9957,40,9,26570,70,999,Ubon Ratchathani,
A109180,2023-01-23,HP,154483,36,0.1115,5726,46,1,22469,78,14,Nakhon Ratchasima,
A109181,2025-07-03,PL,76807,12,0.166,7463,29,1,9973,60,8,Udon Thani,N
A109182,2023-08-14,PL,472716,12,0.194,47035,49,1,18802,3,1,Udon Thani,
A109183,2022-04-14,PL,231472,36,0.1448,9222,35,3,42136,8,999,Khon Kaen,
A109184,2024-09-22,CC,82819,0,0.2086,0,27,2,,5,5,Songkhla,N
A109185,2025-10-07,CC,30426,0,0.27,0,47,2,,39,9,Nonthaburi,Y
A109186,2023-07-29,PL,27495,36,0.211,1247,46,1,30213,22,8,Nakhon Ratchasima,
A109187,2024-08-27,HP,536828,36,0.1433,21322,45,2,85978,23,1,Ubon Ratchathani,Y
A109188,2022-07-03,CC,13275,0,0.1587,0,31,2,,40,0,Nakhon Ratchasima,
A109189,2023-04-19,PL,246162,48,0.1508,8221,36,2,,52,18,Khon Kaen,
A109190,2025-02-09,PL,83716,48,0.2783,3685,38,1,31862,55,3,Khon Kaen,Y
A109191,2024-04-01,PL,193029,48,0.2751,8446,38,1,22108,32,16,Khon Kaen,Y
A109192,2025-01-16,CC,24452,0,0.0,0,50,1,27214,38,7,Chiang Mai,N
A109193,2022-12-10,HP,420331,36,0.1005,15196,38,9,40847,82,16,Phuket,
A109194,2024-09-23,HP,312385,72,0.2032,9628,43,1,36678,125,7,Udon Thani,N
A109195,2023-12-27,PL,223078,24,0.2469,13884,34,3,,110,3,Khon Kaen,
A109196,2023-04-10,CC,87856,0,0.0938,0,50,1,38982,61,15,Khon Kaen,
A109197,2025-04-06,PL,88608,48,0.1722,3117,36,1,17591,62,7,Udon Thani,Y
A109198,2023-03-05,CC,65504,0,0.2436,0,38,1,25849,1,7,Phuket,
A109199,2022-05-20,CC,127166,0,0.2589,0,29,2,,65,17,Phuket,
A109200,2022-09-08,PL,191431,12,0.2231,19511,32,2,,84,3,Udon Thani,
A109201,2022-06-09,PL,72686,36,0.1182,2735,56,1,30545,54,2,Nakhon Ratchasima,
A109202,2025-01-23,HP,405224,48,0.1532,13615,42,1,21154,133,2,Chonburi,Y
A109203,2023-08-12,HP,304038,48,0.1121,9174,27,3,50596,8,19,Samut Prakan,
A109204,2022-07-15,HP,564341,60,0.1072,14447,35,1,35498,38,0,Rayong,
A109205,2023-05-14,PL,466624,24,0.1277,24408,40,1,41545,6,10,Phuket,
A109206,2022-08-20,PL,94783,36,0.1699,3974,24,2,84918,95,6,Songkhla,
A109207,2023-06-16,CC,49017,0,0.2235,0,45,1,,85,13,Chiang Mai,
A109208,2025-05-26,HP,144389,60,0.2282,5152,27,1,28348,115,7,Udon Thani,Y
A109209,2022-04-25,HP,168635,48,0.2168,6559,35,1,20171,156,10,Phuket,
A109210,2023-01-19,CC,71800,0,0.1586,0,38,2,,15,23,Rayong,
A109211,2024-05-12,PL,335993,12,0.1264,31538,24,1,42718,33,999,Songkhla,Y
A109212,2023-12-16,HP,534953,60,0.2615,20573,25,1,39501,62,6,Bangkok,
A109213,2024-03-17,HP,407098,60,0.1401,11537,48,3,38055,1,12,Nonthaburi,
A109214,2024-05-22,PL,130401,24,0.1584,7154,33,1,,15,22,Songkhla,Y
A109215,2025-07-01,PL,66605,12,0.1073,6145,49,1,,71,18,Nakhon Ratchasima,Y
A109216,2025-04-21,CC,36219,0,0.2221,0,27,2,,96,6,Udon Thani,Y
A109217,2024-02-28,CC,16753,0,0.2355,0,31,1,,24,20,Samut Prakan,
A109218,2022-03-20,HP,328158,60,0.2132,11299,28,1,18295,46,22,Rayong,
A109219,2022-12-02,HP,368165,36,0.1749,15592,37,1,27986,8,16,Bangkok,
A109220,2022-06-12,HP,388519,72,0.2329,12936,20,3,17604,49,5,Udon Thani,
A109221,2022-10-29,CC,42673,0,0.24,0,47,1,29963,54,10,Udon Thani,
A109222,2023-03-09,HP,520875,36,0.0934,18522,24,1,35894,75,1,Samut Prakan,
A109223,2023-06-30,HP,143919,72,0.2469,4960,25,2,28822,37,14,Songkhla,
A109224,2024-03-26,HP,836851,48,0.2486,34771,24,3,39323,70,17,Chiang Mai,
A109225,2023-10-24,PL,107283,48,0.2701,4649,37,1,9000,127,7,Bangkok,
A109226,2022-01-23,PL,143011,24,0.2204,8585,40,2,38333,119,9,Phuket,
A109227,2024-05-18,CC,61364,0,0.2096,0,44,1,51708,22,11,Ubon Ratchathani,Y
A109228,2025-04-20,HP,397136,72,0.232,13193,41,2,41430,74,8,Bangkok,N
A109229,2024-01-22,HP,155181,72,0.2316,5150,43,1,49367,53,17,Ubon Ratchathani,
A109230,2025-11-16,PL,117270,24,0.1005,5868,29,1,30376,102,17,Udon Thani,Y
A109231,2023-11-22,HP,1210477,60,0.1465,34952,46,1,32490,30,18,Udon Thani,
A109232,2025-04-19,PL,135316,12,0.0972,12372,37,2,,70,6,Bangkok,Y
A109233,2024-10-02,CC,74762,0,0.095,0,41,1,28382,77,8,Ubon Ratchathani,Y
A109234,2024-08-22,HP,432783,60,0.1268,11786,20,1,35006,159,25,Chiang Mai,Y
A109235,2023-07-10,CC,46182,0,0.212,0,39,1,11114,41,7,Rayong,
A109236,2023-07-26,HP,661245,60,0.1959,21815,30,1,23962,5,4,Nonthaburi,
A109237,2023-10-21,HP,396233,48,0.1884,14475,46,3,42127,163,12,Ubon Ratchathani,
A109238,2024-09-11,HP,483529,60,0.2174,16818,20,3,20588,39,8,Chiang Mai,Y
A109239,2023-03-30,PL,115435,24,0.1804,6545,29,1,14217,120,11,Chiang Mai,
A109240,2025-07-10,PL,83873,36,0.1197,3166,49,3,25968,104,7,Chiang Mai,Y
A109241,2024-03-18,PL,53854,48,0.2743,2352,40,3,21434,9,29,Nakhon Ratchasima,
A109242,2022-09-01,HP,193243,48,0.1581,6571,47,1,22659,34,19,Phuket,
A109243,2023-06-27,PL,113715,24,0.1105,5785,48,1,22741,36,10,Samut Prakan,
A109244,2022-11-29,PL,84525,36,0.1098,3121,20,3,42919,20,11,Samut Prakan,
A109245,2023-06-05,PL,162813,24,0.2287,9886,46,1,36752,40,7,Udon Thani,
A109246,2023-11-26,HP,231278,36,0.189,10067,35,1,22310,64,0,Khon Kaen,
A109247,2023-01-19,PL,181640,36,0.1461,7257,51,1,,37,1,Nonthaburi,
A109248,2025-08-20,PL,187507,36,0.1013,6791,29,2,31662,26,12,Rayong,N
A109249,2023-12-21,HP,733215,48,0.1146,22277,55,1,79639,142,2,Nakhon Ratchasima,
A109250,2023-01-20,PL,86150,12,0.2586,9035,52,1,16798,113,5,Khon Kaen,
A109251,2023-08-10,CC,41984,0,0.2179,0,29,1,39902,79,11,Khon Kaen,
A109252,2024-01-15,CC,106777,0,0.1994,0,25,1,47947,11,19,Rayong,
A109253,2025-10-16,HP,406444,60,0.1918,13270,50,1,18622,121,3,Khon Kaen,Y
A109254,2024-07-09,PL,49350,36,0.1831,2123,42,1,,19,5,Rayong,Y
A109255,2025-06-10,PL,159032,48,0.1969,5922,38,3,23420,12,11,Khon Kaen,N
A109256,2023-07-04,PL,80298,48,0.2646,3443,21,1,19770,12,15,Chonburi,
A109257,2022-03-17,CC,16634,0,0.1146,0,44,1,29532,28,999,Chonburi,
A109258,2022-05-28,HP,378512,36,0.2283,17715,35,3,59417,100,11,Khon Kaen,
A109259,2022-02-02,PL,72007,36,0.2282,3369,39,1,29568,16,16,Chiang Mai,
A109260,2022-04-19,PL,55164,48,0.096,1590,51,9,30423,14,7,Udon Thani,
A109261,2025-10-23,PL,200769,48,0.257,8482,45,2,16853,78,2,Nakhon Ratchasima,Y
A109262,2022-10-19,HP,190890,36,0.1332,7421,36,2,,11,9,Bangkok,
A109263,2023-09-30,CC,35060,0,0.171,0,50,2,,94,0,Bangkok,
A109264,2024-10-15,HP,457620,60,0.2688,17877,33,1,29956,100,11,Nakhon Ratchasima,Y
A109265,2023-04-17,CC,63931,0,0.2651,0,47,1,17315,59,13,Chiang Mai,
A109266,2023-07-07,PL,209530,36,0.2713,10557,27,3,21003,28,5,Bangkok,
A109267,2025-10-04,HP,921735,72,0.1006,20529,34,2,,79,9,Bangkok,N
A109268,2023-05-17,PL,186365,48,0.1298,5898,51,1,14174,14,999,Chiang Mai,
A109269,2024-07-25,HP,275231,48,0.1611,9428,51,2,,79,6,Ubon Ratchathani,N
A109270,2023-12-30,PL,256996,48,0.135,8245,37,1,33740,55,0,Ubon Ratchathani,
A109271,2024-10-14,PL,84980,36,0.2595,4198,40,1,15769,109,5,Bangkok,Y
A109272,2024-08-10,HP,582287,36,0.2518,28392,20,1,19954,138,6,Songkhla,N
A109273,2024-08-18,HP,417734,48,0.1458,13778,20,2,,52,1,Udon Thani,Y
A109274,2023-06-05,CC,114046,0,0.151,0,50,1,18802,96,2,Khon Kaen,
A109275,2023-06-07,CC,32580,0,0.1429,0,28,3,38955,130,0,Phuket,
A109276,2024-09-05,HP,216763,72,0.1475,5674,30,2,41485,20,21,Rayong,Y
A109277,2024-10-16,PL,107067,24,0.1138,5476,42,1,30282,53,5,Rayong,Y
A109278,2023-03-19,PL,313729,48,0.1568,10635,28,3,26640,14,999,Udon Thani,
A109279,2025-05-21,CC,56103,0,0.2409,0,20,1,,117,9,Nonthaburi,Y
A109280,2022-06-11,PL,103262,24,0.2389,6358,61,1,,53,3,Nonthaburi,
A109281,2025-06-21,PL,45661,24,0.2373,2805,44,2,,63,12,Nonthaburi,Y
A109282,2025-05-26,HP,150685,60,0.2133,5189,56,3,38627,17,999,Chiang Mai,N
A109283,2024-06-29,PL,77045,48,0.2187,3009,25,1,25358,96,8,Udon Thani,Y
A109284,2023-10-27,HP,343596,60,0.2535,12985,44,2,26451,46,9,Ubon Ratchathani,
A109285,2025-05-30,HP,251376,48,0.1345,8054,24,3,23969,43,13,Nakhon Ratchasima,N
A109286,2024-12-19,HP,122470,60,0.1735,3811,32,1,36826,18,999,Phuket,Y
A109287,2022-10-17,PL,464155,12,0.2397,47951,48,3,40268,62,24,Khon Kaen,
A109288,2023-05-29,PL,128501,48,0.1148,3906,39,3,31784,29,8,Bangkok,
A109289,2022-06-28,HP,650908,72,0.2202,20984,53,1,38034,97,11,Ubon Ratchathani,
A109290,2024-02-15,CC,62511,0,0.2714,0,43,3,15095,49,7,Samut Prakan,
A109291,2023-07-21,PL,30028,48,0.2012,1129,54,1,29553,57,3,Songkhla,
A109292,2023-12-25,CC,40005,0,0.1582,0,44,2,,34,26,Chiang Mai,
A109293,2022-09-16,CC,73469,0,0.1475,0,20,3,56270,60,13,Ubon Ratchathani,
A109294,2022-08-27,PL,182549,48,0.1637,6293,46,1,30613,58,1,Songkhla,
A109295,2025-06-26,PL,96565,36,0.2214,4463,26,2,52053,136,14,Samut Prakan,Y
A109296,2025-04-19,HP,345924,48,0.2427,14203,49,3,16028,50,19,Udon Thani,Y
A109297,2023-10-27,PL,39590,24,0.212,2349,37,1,43819,29,11,Chonburi,
A109298,2022-02-03,HP,978844,72,0.0939,21254,36,1,100510,2,34,Phuket,
A109299,2025-01-11,CC,54583,0,0.0962,0,44,1,36295,40,2,Udon Thani,N
A109300,2023-09-18,HP,249077,48,0.2042,9427,49,3,24386,64,7,Bangkok,
A109301,2023-06-15,HP,854432,72,0.1362,21564,41,1,41889,12,10,Chiang Mai,
A109302,2023-08-07,PL,147413,24,0.1884,8456,43,2,,6,17,Udon Thani,
A109303,2025-09-20,PL,92581,36,0.2375,4404,21,2,,67,7,Chonburi,Y
A109304,2023-08-29,CC,62430,0,0.1613,0,48,3,23767,5,1,Songkhla,
A109305,2023-10-06,PL,53871,12,0.1044,4957,41,2,,16,12,Nonthaburi,
A109306,2023-04-24,HP,416336,60,0.1745,12993,36,1,37233,66,0,Ubon Ratchathani,
A109307,2024-10-19,HP,739329,48,0.2213,29037,41,3,47007,22,6,Rayong,N
A109308,2025-07-27,HP,1239225,60,0.211,42443,40,1,21934,160,10,Ubon Ratchathani,Y
A109309,2023-05-21,HP,491872,48,0.1582,16731,23,1,,166,25,Rayong,
A109310,2025-11-19,HP,269607,48,0.231,10806,49,1,21892,6,6,Songkhla,Y
A109311,2023-08-12,PL,138041,36,0.2106,6257,38,2,29372,28,13,Chonburi,
A109312,2024-03-20,PL,68749,48,0.1606,2352,44,1,36149,91,999,Bangkok,
A109313,2022-05-31,PL,252910,24,0.1275,13225,50,2,,100,7,Chonburi,
A109314,2022-05-06,PL,96070,48,0.2608,4089,39,1,35961,24,13,Udon Thani,
A109315,2024-01-08,PL,100947,48,0.1729,3557,26,2,,122,20,Bangkok,
A109316,2024-11-28,PL,74182,36,0.1961,3272,33,1,27089,112,10,Samut Prakan,N
A109317,2025-01-30,HP,288816,72,0.0905,6189,42,1,19627,15,1,Chonburi,Y
A109318,2024-12-14,HP,202578,72,0.1074,4626,46,3,19530,41,4,Rayong,Y
A109319,2022-06-08,PL,529048,24,0.1745,29736,33,1,15800,8,10,Samut Prakan,
A109320,2024-04-10,HP,563685,60,0.2397,20654,29,3,25661,75,4,Chonburi,Y
A109321,2025-12-12,PL,73531,48,0.1348,2357,48,1,33089,70,19,Khon Kaen,Y
A109322,2024-12-17,HP,193195,60,0.2531,7294,43,1,63587,23,9,Ubon Ratchathani,N
A109323,2025-02-26,PL,261939,36,0.1145,9775,58,1,28346,54,13,Rayong,N
A109324,2023-01-04,PL,65320,12,0.2486,6796,39,3,9678,50,5,Nakhon Ratchasima,
A109325,2024-02-08,CC,74826,0,0.191,0,23,1,32332,0,17,Phuket,
A109326,2024-02-19,PL,109340,12,0.1148,10157,31,2,34524,131,10,Ubon Ratchathani,
A109327,2025-04-07,CC,36244,0,0.2257,0,31,1,55343,88,999,Phuket,Y
A109328,2022-02-20,PL,101114,12,0.1553,9734,20,3,14968,31,10,Chiang Mai,
A109329,2022-08-19,PL,314879,24,0.2431,19498,46,1,,102,1,Chonburi,
A109330,2023-01-07,PL,31956,12,0.1576,3082,34,1,39092,33,999,Nakhon Ratchasima,
A109331,2023-02-19,HP,170275,60,0.2285,6080,49,2,27460,67,21,Chiang Mai,
A109332,2022-10-28,HP,169569,72,0.2525,5923,34,2,33911,9,11,Samut Prakan,
A109333,2022-06-22,PL,84988,24,0.2765,5499,43,1,42063,135,0,Bangkok,
A109334,2024-08-21,HP,352451,72,0.2601,12534,20,1,15708,60,17,Chonburi,Y
A109335,2025-04-21,HP,218303,48,0.2668,9401,58,3,32318,44,999,Rayong,N
A109336,2022-03-07,PL,350324,48,0.2562,14777,20,2,68160,79,1,Chonburi,
A109337,2022-08-28,PL,206209,36,0.1285,7936,35,1,,170,5,Samut Prakan,
A109338,2022-11-17,PL,96777,24,0.1034,4866,36,1,30419,86,4,Chonburi,
A109339,2024-09-03,HP,481466,60,0.1314,13296,20,1,31831,44,4,Samut Prakan,Y
A109340,2024-06-04,CC,61424,0,0.2311,0,28,1,31893,12,5,Chiang Mai,N
A109341,2025-03-30,PL,186002,36,0.189,8096,43,1,41001,59,6,Samut Prakan,Y
A109342,2024-10-19,PL,70729,48,0.2021,2664,27,1,19449,45,13,Songkhla,Y
A109343,2025-06-14,HP,203635,36,0.2343,9632,25,3,16063,62,13,Nakhon Ratchasima,Y
A109344,2023-02-20,HP,238196,48,0.1447,7834,20,1,23879,72,8,Songkhla,
A109345,2022-10-06,HP,295613,48,0.2706,12824,41,1,,9,12,Ubon Ratchathani,
A109346,2022-07-02,CC,17201,0,0.1746,0,40,1,41219,0,2,Samut Prakan,
A109347,2022-12-03,PL,184984,36,0.2128,8418,21,3,48007,95,4,Ubon Ratchathani,
A109348,2025-05-25,HP,246223,60,0.2514,9262,41,3,40196,115,10,Khon Kaen,Y
A109349,2022-07-01,HP,171606,36,0.0923,6086,20,1,41564,17,10,Chiang Mai,
A109350,2025-05-22,PL,109250,36,0.2395,5215,20,1,30543,66,999,Nakhon Ratchasima,Y
A109351,2024-07-12,HP,335073,48,0.1401,10892,37,1,38477,53,13,Khon Kaen,N
A109352,2023-08-18,PL,61634,12,0.1806,6063,27,1,27660,56,5,Samut Prakan,
A109353,2024-01-18,CC,42047,0,0.1655,0,27,3,27016,82,7,Ubon Ratchathani,
A109354,2025-06-09,PL,326705,24,0.1737,18341,54,1,19484,68,7,Samut Prakan,Y
A109355,2024-01-02,HP,628094,36,0.1701,26350,28,1,16539,46,15,Nakhon Ratchasima,
A109356,2023-04-09,PL,146471,48,0.1439,4807,32,1,,91,3,Songkhla,
A109357,2025-08-18,HP,506343,72,0.1285,12454,54,2,,16,27,Khon Kaen,Y
A109358,2024-11-01,PL,130103,36,0.1248,4967,41,2,,60,28,Khon Kaen,N
A109359,2022-10-12,HP,442022,72,0.1689,12360,37,1,26029,29,1,Ubon Ratchathani,
A109360,2023-10-02,HP,414272,36,0.2183,19043,49,2,69034,108,999,Bangkok,
A109361,2024-01-18,HP,171267,48,0.2033,6469,24,1,34876,15,999,Chiang Mai,
A109362,2025-04-21,PL,123621,12,0.1639,11990,33,1,,33,999,Udon Thani,Y
A109363,2022-12-23,HP,333114,72,0.1868,9812,20,2,,54,7,Chiang Mai,
A109364,2024-07-26,HP,342636,48,0.2718,14898,39,1,16615,57,13,Songkhla,Y
A109365,2022-12-31,PL,54965,24,0.2701,3527,30,2,,22,7,Chonburi,
A109366,2022-07-11,PL,114955,36,0.0978,4130,27,1,18597,29,15,Samut Prakan,
A109367,2025-12-07,HP,515982,36,0.1296,19905,32,1,23905,39,4,Khon Kaen,N
A109368,2023-03-31,PL,29506,36,0.1582,1208,36,1,22242,38,4,Khon Kaen,
A109369,2022-09-12,CC,9031,0,0.1725,0,20,2,21288,114,2,Khon Kaen,
A109370,2024-07-10,PL,105346,36,0.1094,3886,30,1,24165,90,11,Chiang Mai,N
A109371,2024-06-04,CC,50791,0,0.1524,0,46,1,53169,44,7,Udon Thani,Y
A109372,2022-08-12,CC,42226,0,0.1432,0,31,1,,53,16,Songkhla,
A109373,2023-01-07,PL,93452,48,0.1672,3249,28,1,14602,39,16,Chiang Mai,
A109374,2024-11-04,PL,99258,12,0.1212,9274,39,3,22003,90,25,Bangkok,N
A109375,2022-11-22,PL,201582,24,0.2172,12047,52,3,44937,16,11,Nakhon Ratchasima,
A109376,2022-12-04,PL,76227,24,0.2402,4701,36,2,20893,141,21,Chiang Mai,
A109377,2022-02-08,HP,433276,48,0.2375,17601,57,2,,68,5,Rayong,
A109378,2025-11-25,CC,23072,0,0.0,0,20,2,41126,53,20,Rayong,Y
A109379,2024-03-21,CC,76325,0,0.2294,0,32,2,31311,66,5,Bangkok,
A109380,2024-09-01,HP,321236,48,0.1111,9666,41,3,19761,79,999,Nonthaburi,Y
A109381,2023-03-19,PL,28143,24,0.1606,1549,62,2,,54,999,Songkhla,
A109382,2023-06-01,CC,53726,0,0.2119,0,63,2,,20,15,Nonthaburi,
A109383,2025-05-06,HP,560188,36,0.1061,20513,42,1,29505,98,999,Songkhla,Y
A109384,2025-05-28,PL,520892,36,0.1892,22681,39,9,,131,18,Chiang Mai,Y
A109385,2023-05-23,CC,36642,0,0.2173,0,38,2,,22,15,Udon Thani,
A109386,2022-07-13,HP,530567,60,0.2705,20802,46,1,48773,57,9,Chiang Mai,
A109387,2023-05-19,HP,279029,72,0.1666,7749,31,3,17968,32,21,Ubon Ratchathani,
A109388,2022-05-18,PL,58831,24,0.2068,3465,38,3,,59,17,Chiang Mai,
A109389,2024-04-22,HP,666791,60,0.1809,21165,20,1,11373,29,6,Rayong,N
A109390,2022-05-19,CC,64389,0,0.1825,0,56,3,,43,999,Nonthaburi,
A109391,2024-06-21,PL,114858,48,0.2587,4869,34,1,50206,128,9,Rayong,Y
A109392,2022-11-24,PL,171289,36,0.2162,7844,31,2,,47,15,Songkhla,
A109393,2022-06-07,PL,74344,36,0.1828,3197,33,1,,29,5,Phuket,
A109394,2024-10-30,HP,343734,48,0.2076,13107,34,2,,87,10,Chiang Mai,N
A109395,2022-12-09,HP,306536,48,0.177,10907,62,1,50817,57,8,Chonburi,
A109396,2022-10-23,PL,93676,48,0.2774,4117,48,1,24764,47,12,Ubon Ratchathani,
A109397,2024-09-08,HP,538028,60,0.1077,13795,53,1,28601,28,999,Khon Kaen,Y
A109398,2023-05-01,HP,232946,48,0.2783,10255,68,2,,9,999,Bangkok,
A109399,2024-07-30,HP,303403,36,0.1177,11403,31,2,,15,5,Chiang Mai,N
A109400,2023-06-06,PL,152130,12,0.094,13869,30,2,32904,86,5,Samut Prakan,
A109401,2025-01-06,PL,176095,12,0.2668,18589,43,3,44200,158,18,Nakhon Ratchasima,Y
A109402,2025-03-19,HP,173147,36,0.2125,7875,38,2,39204,26,4,Ubon Ratchathani,Y
A109403,2025-11-09,HP,332408,72,0.1634,9143,38,1,40175,22,20,Chiang Mai,N
A109404,2024-02-27,HP,156472,72,0.2366,5258,33,3,,124,1,Chiang Mai,
A109405,2024-06-28,PL,87932,12,0.2034,8818,52,2,,43,1,Nakhon Ratchasima,Y
A109406,2023-01-11,HP,277240,60,0.2585,10592,36,1,24822,55,10,Songkhla,
A109407,2022-12-31,PL,89731,12,0.1189,8366,33,1,26249,33,6,Rayong,
A109408,2022-01-08,PL,239925,36,0.1867,10397,20,1,27451,107,3,Phuket,
A109409,2022-02-26,HP,189637,72,0.264,6805,32,1,59895,22,21,Samut Prakan,
A109410,2025-08-07,HP,230646,72,0.099,5106,45,3,28541,49,3,Ubon Ratchathani,Y
A109411,2024-06-07,HP,275828,36,0.2513,13438,24,1,36036,52,1,Phuket,Y
A109412,2022-09-08,HP,913218,36,0.1756,38730,44,2,41216,73,23,Nonthaburi,
A109413,2025-06-15,HP,157338,72,0.1023,3526,34,1,21458,91,0,Songkhla,Y
A109414,2024-05-21,PL,121526,12,0.1999,12151,44,3,,62,21,Phuket,N
A109415,2022-09-26,HP,495291,36,0.0922,17563,34,1,18558,106,13,Songkhla,
A109416,2025-08-13,HP,204424,60,0.1968,6759,41,2,,45,11,Nonthaburi,Y
A109417,2024-02-19,HP,260361,48,0.2301,10416,33,1,18647,124,0,Songkhla,
A109418,2024-05-22,CC,81947,0,0.2011,0,25,3,21158,87,19,Nonthaburi,Y
A109419,2025-05-09,PL,83207,36,0.1175,3126,39,1,15024,15,3,Udon Thani,N
A109420,2023-09-26,PL,176193,24,0.1469,9498,29,3,22675,14,9,Udon Thani,
A109421,2025-04-01,PL,196736,24,0.1707,10995,31,1,57219,78,6,Chiang Mai,Y
A109422,2022-10-22,CC,28276,0,0.2797,0,24,2,,91,5,Udon Thani,
A109423,2024-05-23,PL,80909,24,0.2393,4984,46,1,,53,8,Chiang Mai,Y
A109424,2023-07-19,HP,429184,72,0.2439,14684,46,9,,48,2,Chonburi,
A109425,2024-06-26,PL,128111,36,0.2168,5873,55,2,,124,6,Samut Prakan,Y
A109426,2022-11-27,PL,224792,36,0.1829,9670,57,1,11320,8,2,Samut Prakan,
A109427,2024-06-23,CC,42907,0,0.2329,0,36,3,,84,10,Rayong,N
A109428,2025-07-07,HP,326601,36,0.109,12038,21,1,19501,28,14,Bangkok,Y
A109429,2022-03-07,CC,42967,0,0.2233,0,35,1,35072,84,2,Nakhon Ratchasima,
A109430,2024-01-12,HP,158916,48,0.1322,5061,40,1,23649,28,1,Rayong,
A109431,2022-07-28,PL,104132,48,0.1509,3478,38,2,,64,0,Chiang Mai,
A109432,2022-08-27,PL,281891,24,0.2443,17484,37,3,16017,162,31,Khon Kaen,
A109433,2025-02-01,PL,51508,36,0.1476,2064,47,2,68152,32,1,Rayong,Y
A109434,2024-03-04,HP,265479,48,0.2534,11136,41,2,17150,31,13,Phuket,
A109435,2023-07-22,CC,29214,0,0.1156,0,57,1,41229,7,25,Bangkok,
A109436,2023-06-21,PL,288962,24,0.2084,17058,44,1,31522,59,24,Songkhla,
A109437,2025-12-31,PL,193437,36,0.2557,9495,28,1,27223,34,20,Phuket,N
A109438,2025-09-01,PL,165818,24,0.1433,8889,22,1,28384,71,9,Songkhla,N
A109439,2022-11-10,CC,121551,0,0.1257,0,34,2,,10,6,Khon Kaen,
A109440,2023-08-26,PL,158597,48,0.111,4771,39,1,14430,82,15,Bangkok,
A109441,2023-03-17,PL,98328,48,0.1431,3221,32,3,37292,114,6,Udon Thani,
A109442,2022-07-24,PL,171699,24,0.1911,9888,42,2,,42,999,Chonburi,
A109443,2025-07-18,HP,158813,36,0.2001,7059,40,1,,51,999,Samut Prakan,Y
A109444,2024-10-25,CC,39408,0,0.2626,0,55,3,33695,52,4,Nonthaburi,Y
A109445,2022-09-22,CC,58974,0,0.1947,0,48,1,12344,57,13,Rayong,
A109446,2024-08-12,PL,28045,36,0.2313,1319,21,1,40895,64,22,Nakhon Ratchasima,N
A109447,2023-06-29,PL,219287,36,0.177,9325,47,1,50896,145,9,Nonthaburi,
A109448,2023-06-28,PL,222539,48,0.2696,9635,33,1,20533,69,8,Nonthaburi,
A109449,2024-02-09,HP,323742,48,0.1195,9968,48,2,,1,999,Bangkok,
A109450,2023-01-16,PL,220872,12,0.2763,23491,29,2,82415,20,5,Chonburi,
A109451,2023-03-06,CC,51738,0,0.1557,0,31,3,21777,130,8,Nakhon Ratchasima,
A109452,2022-10-02,CC,19121,0,0.129,0,35,1,44226,57,15,Phuket,
A109453,2022-12-10,HP,368083,60,0.2201,12885,35,2,,35,11,Nonthaburi,
A109454,2022-12-23,HP,56208,48,0.1504,1875,34,1,28224,94,5,Nonthaburi,
A109455,2024-10-11,CC,34010,0,0.0,0,36,1,28890,34,10,Ubon Ratchathani,Y
A109456,2023-07-19,HP,491775,72,0.268,17813,35,1,43410,26,999,Chonburi,
A109457,2022-01-04,HP,111290,36,0.1255,4255,38,1,,36,23,Samut Prakan,
A109458,2022-06-10,CC,61099,0,0.1674,0,38,1,44588,112,8,Chonburi,
A109459,2022-09-16,PL,135303,48,0.21,5186,44,2,16556,39,1,Chiang Mai,
A109460,2022-10-24,PL,172323,12,0.1509,16527,43,1,23356,92,13,Khon Kaen,
A109461,2023-10-01,HP,529699,72,0.2791,19676,29,3,30823,27,1,Rayong,
A109462,2025-02-18,PL,141466,48,0.1469,4678,47,2,61823,53,25,Chonburi,Y
A109463,2024-12-02,HP,173882,60,0.2498,6517,24,1,19048,9,5,Phuket,Y
A109464,2023-11-13,PL,147177,24,0.1761,8292,54,3,15738,36,1,Songkhla,
A109465,2024-06-30,PL,76563,48,0.2016,2881,24,3,26751,107,5,Nakhon Ratchasima,N
A109466,2022-10-09,HP,242988,60,0.17,7492,44,3,29749,4,13,Songkhla,
A109467,2024-02-26,PL,100593,12,0.1458,9604,20,1,44023,56,2,Nonthaburi,
A109468,2022-06-02,HP,253886,72,0.2112,7994,20,1,30091,44,6,Chonburi,
A109469,2025-07-26,PL,103171,36,0.1305,3987,50,1,,106,9,Ubon Ratchathani,Y
A109470,2025-05-27,PL,66751,12,0.1096,6172,54,3,19771,72,11,Rayong,Y
A109471,2024-12-29,CC,69187,0,0.2165,0,37,3,15329,62,0,Nakhon Ratchasima,Y
A109472,2025-05-29,HP,121228,36,0.1648,5032,41,3,39702,55,3,Ubon Ratchathani,Y
A109473,2023-10-21,PL,64470,36,0.2296,3024,54,2,49692,90,999,Chiang Mai,
A109474,2025-07-04,PL,116208,24,0.2588,7348,58,2,88934,43,11,Songkhla,Y
A109475,2024-01-14,HP,172096,60,0.1108,4457,46,1,35801,18,999,Udon Thani,
A109476,2022-02-10,PL,212549,36,0.2342,10052,35,1,19713,95,18,Udon Thani,
A109477,2022-09-07,PL,80113,48,0.1378,2588,38,2,,50,5,Chonburi,
A109478,2025-03-21,HP,207170,48,0.1896,7589,45,1,13331,28,9,Ubon Ratchathani,Y
A109479,2024-01-13,HP,372707,36,0.1378,14632,25,1,33103,46,999,Khon Kaen,
A109480,2022-12-03,HP,570376,36,0.1455,22759,20,2,,79,13,Ubon Ratchathani,
A109481,2022-02-06,HP,323349,48,0.1252,10110,20,1,86114,32,26,Ubon Ratchathani,
A109482,2024-06-24,CC,87383,0,0.1669,0,35,2,95990,129,17,Ubon Ratchathani,Y
A109483,2023-01-05,CC,31072,0,0.2258,0,37,1,36922,19,18,Khon Kaen,
A109484,2023-11-17,PL,128166,24,0.2795,8325,20,1,36703,65,16,Udon Thani,
A109485,2025-04-06,PL,88592,12,0.2731,9398,36,1,16461,70,20,Nonthaburi,Y
A109486,2024-11-07,PL,94864,48,0.2583,4018,34,1,,55,999,Udon Thani,Y
A109487,2024-04-28,HP,406883,72,0.2438,13917,48,1,45636,43,26,Udon Thani,Y
A109488,2025-01-03,CC,76474,0,0.1774,0,52,1,15762,22,7,Songkhla,Y
A109489,2023-09-14,HP,327745,48,0.263,14011,43,2,,41,3,Phuket,
A109490,2025-06-03,PL,177935,48,0.1002,5192,66,1,15889,104,12,Chiang Mai,Y
A109491,2022-12-14,PL,92793,36,0.1669,3868,25,2,,89,16,Chiang Mai,
A109492,2025-08-30,PL,194366,48,0.1068,5779,41,3,45031,3,11,Chonburi,Y
A109493,2024-09-13,HP,92833,48,0.2223,3653,49,1,27394,23,13,Samut Prakan,Y
A109494,2024-02-10,CC,83871,0,0.2181,0,20,1,35700,96,20,Phuket,
A109495,2023-06-26,CC,97295,0,0.2241,0,47,1,21980,72,4,Rayong,
A109496,2023-05-05,PL,169134,48,0.1674,5883,34,1,44173,7,5,Udon Thani,
A109497,2023-02-04,PL,196828,36,0.0974,7065,50,1,23335,66,17,Songkhla,
A109498,2023-03-12,PL,243065,12,0.2447,25211,39,1,47317,16,13,Nakhon Ratchasima,
A109499,2024-08-17,PL,90317,12,0.2062,9078,32,1,26373,60,25,Songkhla,N
A109500,2023-09-26,HP,435405,72,0.1944,13100,23,1,,23,4,Bangkok,
A109501,2024-08-29,HP,378001,60,0.2698,14798,47,2,,2,4,Khon Kaen,Y
A109502,2024-07-08,CC,13572,0,0.2001,0,35,2,34058,45,11,Samut Prakan,Y
A109503,2025-04-01,HP,434299,60,0.2246,15366,33,2,50306,156,12,Nonthaburi,Y
A109504,2025-11-17,HP,297537,60,0.1441,8531,28,1,29756,46,22,Udon Thani,Y
A109505,2022-10-29,PL,98758,12,0.2365,10176,34,3,79574,12,20,Rayong,
A109506,2025-07-20,HP,103704,72,0.227,3402,25,1,28136,36,9,Chonburi,N
A109507,2022-10-23,HP,416331,60,0.1455,11986,21,2,,94,999,Udon Thani,
A109508,2025-03-31,HP,181123,72,0.1325,4515,29,9,37515,62,13,Phuket,Y
A109509,2023-07-14,HP,345772,60,0.107,8846,49,1,47961,68,12,Ubon Ratchathani,
A109510,2022-09-23,HP,376883,72,0.1234,9110,30,2,21816,17,10,Bangkok,
A109511,2022-08-17,HP,723036,48,0.1473,23938,35,2,68146,99,10,Phuket,
A109512,2025-03-09,PL,143179,24,0.1459,7706,39,1,16056,101,12,Songkhla,Y
A109513,2022-04-10,CC,42091,0,0.1174,0,44,2,,77,21,Nakhon Ratchasima,
A109514,2023-11-06,CC,100689,0,0.1103,0,29,1,83925,39,13,Phuket,
A109515,2022-06-04,CC,48505,0,0.164,0,48,3,27654,0,3,Chonburi,
A109516,2024-09-23,HP,246510,36,0.2422,11822,27,1,43330,166,14,Rayong,N
A109517,2024-08-17,HP,303302,60,0.2004,10120,30,2,62889,5,0,Samut Prakan,N
A109518,2022-08-27,PL,34888,36,0.1789,1489,42,2,,95,0,Rayong,
A109519,2024-12-22,PL,88000,36,0.1596,3614,57,2,,118,999,Khon Kaen,Y
A109520,2024-07-11,PL,142289,24,0.1464,7664,20,1,15954,5,1,Chonburi,Y
A109521,2025-02-25,HP,288662,72,0.1717,8139,20,2,,121,15,Udon Thani,N
A109522,2023-12-06,CC,32866,0,0.2408,0,21,1,32318,14,13,Nonthaburi,
A109523,2025-06-02,PL,119919,12,0.2608,12599,41,1,42513,46,11,Ubon Ratchathani,Y
A109524,2024-05-18,HP,751062,48,0.2183,29310,42,2,,101,18,Ubon Ratchathani,Y
A109525,2025-08-08,HP,156289,60,0.1935,5124,34,2,,9,1,Rayong,Y
A109526,2023-07-06,CC,39965,0,0.0,0,32,1,34740,184,13,Ubon Ratchathani,
A109527,2025-03-16,PL,147697,24,0.2034,8657,24,3,43700,56,1,Ubon Ratchathani,Y
A109528,2023-05-21,CC,43663,0,0.1884,0,49,1,33242,95,999,Udon Thani,
A109529,2022-07-30,CC,64857,0,0.1601,0,22,3,12021,72,5,Nakhon Ratchasima,
A109530,2022-08-11,PL,44353,36,0.2452,2138,31,2,,57,10,Chonburi,
A109531,2025-12-12,PL,204025,48,0.1335,6520,29,2,91050,74,15,Khon Kaen,Y
A109532,2022-04-11,HP,144708,48,0.2506,6036,53,1,14639,29,9,Chiang Mai,
A109533,2025-10-31,HP,333907,48,0.2025,12591,36,3,,51,0,Chiang Mai,Y
A109534,2025-11-24,HP,538278,72,0.1688,15047,20,2,43964,14,0,Rayong,Y
A109535,2025-02-17,HP,466886,36,0.1311,18069,43,1,18807,100,2,Ubon Ratchathani,Y
A109536,2022-05-21,HP,266873,36,0.1779,11369,32,1,30944,93,19,Songkhla,
A109537,2024-12-31,CC,71657,0,0.1744,0,54,1,59346,9,6,Nakhon Ratchasima,Y
A109538,2023-11-02,HP,673693,48,0.1137,20418,41,3,22168,31,6,Nakhon Ratchasima,
A109539,2022-11-15,CC,85969,0,0.0,0,23,1,27866,22,3,Chiang Mai,
A109540,2025-08-11,PL,52512,36,0.1974,2322,20,1,,64,3,Songkhla,N
A109541,2024-08-30,PL,256615,48,0.1533,8624,46,1,41025,78,7,Bangkok,N
A109542,2025-06-05,CC,21563,0,0.1744,0,55,2,,8,15,Rayong,Y
A109543,2023-11-05,HP,155862,60,0.2772,6198,49,9,,58,11,Nonthaburi,
A109544,2025-01-28,CC,54935,0,0.1165,0,39,2,35951,153,7,Nakhon Ratchasima,Y
A109545,2023-12-02,PL,198708,48,0.1028,5842,30,1,29829,39,4,Nakhon Ratchasima,
A109546,2022-05-31,PL,82915,36,0.1121,3077,29,1,12848,43,8,Songkhla,
A109547,2025-09-08,PL,88426,48,0.2626,3777,32,1,54539,12,999,Samut Prakan,Y
A109548,2022-08-19,CC,83458,0,0.2483,0,50,1,34771,43,7,Nakhon Ratchasima,
A109549,2023-04-06,PL,32255,24,0.186,1843,34,3,36291,59,19,Khon Kaen,
A109550,2022-08-04,PL,82139,36,0.172,3458,37,3,25969,11,9,Khon Kaen,
A109551,2024-06-22,HP,401168,72,0.2272,13167,20,1,15151,54,5,Chiang Mai,Y
A109552,2023-06-02,CC,27331,0,0.2157,0,55,3,12852,58,4,Samut Prakan,
A109553,2025-05-22,HP,1206015,72,0.1291,29724,37,1,45067,115,12,Rayong,Y
A109554,2023-05-10,PL,135767,36,0.2126,6176,41,1,28375,74,12,Songkhla,
A109555,2025-11-13,CC,127157,0,0.221,0,33,2,,122,999,Samut Prakan,Y
A109556,2022-07-20,PL,218995,12,0.1111,20277,49,1,36193,6,8,Bangkok,
A109557,2023-04-14,CC,51287,0,0.1719,0,29,3,27000,39,6,Chiang Mai,
A109558,2023-09-18,PL,97448,36,0.1325,3782,38,1,40657,26,7,Chiang Mai,
A109559,2023-05-04,HP,374205,60,0.1628,11313,52,1,44955,12,3,Phuket,
A109560,2023-06-23,PL,64109,24,0.2296,3897,24,3,12238,54,999,Nakhon Ratchasima,
A109561,2023-04-18,PL,169782,48,0.1239,5290,20,1,28425,30,16,Chiang Mai,
A109562,2024-12-21,PL,94718,12,0.2018,9486,65,2,,1,10,Nakhon Ratchasima,Y
A109563,2023-08-16,CC,56790,0,0.2695,0,22,1,16923,42,16,Udon Thani,
A109564,2023-04-16,PL,119755,12,0.1004,10981,45,1,44550,54,2,Khon Kaen,
A109565,2024-01-31,CC,74630,0,0.0,0,46,9,30937,20,999,Nakhon Ratchasima,
A109566,2025-03-11,PL,92877,36,0.1044,3387,25,1,20058,44,3,Phuket,Y
A109567,2023-08-20,PL,107066,48,0.1138,3245,37,2,60004,92,3,Nonthaburi,
A109568,2025-03-12,HP,312134,48,0.1175,9559,23,9,16281,18,15,Khon Kaen,Y
A109569,2025-11-22,PL,80448,48,0.1822,2897,32,1,22488,15,6,Rayong,N
A109570,2025-01-09,HP,171365,36,0.1072,6290,32,1,29704,49,9,Khon Kaen,Y
A109571,2024-06-10,PL,69267,36,0.1208,2621,48,1,24565,148,999,Chiang Mai,Y
A109572,2025-04-01,PL,137321,12,0.1164,12775,34,1,54712,66,0,Rayong,N
A109573,2022-11-01,HP,72342,36,0.2579,3564,32,1,13922,101,999,Nonthaburi,
A109574,2023-07-04,CC,23010,0,0.0998,0,22,2,38829,59,16,Chonburi,
A109575,2024-09-30,HP,518220,36,0.1322,20104,28,2,74930,27,7,Khon Kaen,N
A109576,2025-11-20,HP,237786,48,0.1954,8825,34,1,30154,2,6,Udon Thani,Y
A109577,2023-04-30,PL,234165,24,0.2442,14522,48,3,26072,46,2,Nonthaburi,
A109578,2023-10-02,HP,792935,60,0.1653,24138,26,2,,21,2,Rayong,
A109579,2022-08-01,HP,1064156,36,0.1168,39917,30,1,15761,68,999,Rayong,
A109580,2025-07-25,HP,108773,48,0.1617,3731,43,2,,126,12,Phuket,Y
A109581,2023-07-14,HP,141981,48,0.2329,5713,23,2,,80,10,Nonthaburi,
A109582,2025-09-24,PL,119826,24,0.1318,6308,27,1,21321,165,12,Nonthaburi,N
A109583,2023-07-31,HP,185143,48,0.2279,7373,29,2,41381,1,19,Khon Kaen,
A109584,2023-12-22,PL,233834,24,0.1542,12747,36,2,,62,9,Ubon Ratchathani,
A109585,2024-12-14,HP,392023,36,0.1332,15240,43,2,,37,15,Udon Thani,Y
A109586,2024-05-17,PL,244555,12,0.2235,24934,48,1,43634,98,15,Rayong,Y
A109587,2022-07-07,CC,61860,0,0.0,0,41,1,29460,32,2,Rayong,
A109588,2025-09-28,HP,829636,72,0.2734,30424,43,1,19193,77,14,Chonburi,Y
A109589,2022-07-01,PL,199578,36,0.2239,9267,35,3,11857,27,1,Nakhon Ratchasima,
A109590,2023-03-28,PL,70817,36,0.0924,2512,36,1,17085,28,7,Udon Thani,
A109591,2022-04-17,PL,79754,12,0.2382,8229,28,1,32999,69,999,Udon Thani,
A109592,2025-03-17,PL,93674,48,0.107,2786,28,2,56109,3,23,Khon Kaen,Y
A109593,2022-10-06,CC,37570,0,0.1848,0,43,1,19936,51,14,Phuket,
A109594,2023-11-24,HP,308280,72,0.1046,6968,35,1,21655,43,5,Chiang Mai,
A109595,2022-10-01,PL,181199,24,0.1911,10435,51,1,,3,10,Nonthaburi,
A109596,2025-03-26,PL,71516,36,0.1305,2764,38,1,43015,102,2,Phuket,Y
A109597,2023-06-10,HP,312272,72,0.1004,6949,42,3,23110,74,5,Phuket,
A109598,2024-06-22,PL,51211,24,0.1886,2938,20,1,34432,15,0,Phuket,Y
A109599,2024-07-10,CC,20925,0,0.1907,0,46,1,14135,39,9,Ubon Ratchathani,Y
A109600,2023-02-12,PL,109020,36,0.1793,4657,27,2,48764,0,8,Ubon Ratchathani,
A109601,2023-02-26,CC,35239,0,0.2731,0,55,2,,54,3,Chonburi,
A109602,2022-03-25,CC,41131,0,0.2344,0,43,1,46908,63,18,Ubon Ratchathani,
A109603,2025-10-16,CC,38658,0,0.1424,0,44,1,14980,50,22,Khon Kaen,Y
A109604,2024-06-26,HP,946504,72,0.2535,33140,36,1,63010,33,4,Songkhla,Y
A109605,2022-05-14,HP,143209,60,0.1811,4548,32,1,50657,119,0,Rayong,
A109606,2022-04-25,HP,278761,48,0.1624,9580,58,1,37147,29,999,Nakhon Ratchasima,
A109607,2025-09-22,HP,528771,72,0.163,14526,38,1,12756,8,0,Chonburi,N
A109608,2023-12-28,PL,82996,48,0.1004,2423,32,1,32506,61,5,Ubon Ratchathani,
A109609,2023-05-18,PL,102506,24,0.1506,5557,43,1,24500,32,16,Bangkok,
A109610,2023-10-26,PL,104417,24,0.1283,5467,35,1,29563,43,3,Songkhla,
A109611,2022-02-18,HP,452517,48,0.1081,13503,39,1,,32,27,Udon Thani,
A109612,2023-12-20,PL,292799,12,0.2654,30875,29,1,27586,33,7,Phuket,
A109613,2025-02-12,CC,46242,0,0.1942,0,22,1,41892,53,3,Rayong,Y
A109614,2025-02-14,CC,81282,0,0.2109,0,20,1,57230,38,1,Bangkok,Y
A109615,2022-01-02,PL,106571,36,0.2518,5196,48,9,,48,5,Ubon Ratchathani,
A109616,2025-01-23,HP,954852,60,0.1157,25120,37,2,39043,46,15,Bangkok,Y
A109617,2022-08-18,PL,95551,36,0.1354,3732,35,3,34257,45,11,Nonthaburi,
A109618,2022-08-09,HP,175895,48,0.2751,7696,20,2,,98,5,Nakhon Ratchasima,
A109619,2022-05-10,PL,106371,12,0.2673,11233,44,1,22737,126,24,Rayong,
A109620,2025-11-12,PL,94210,48,0.2737,4111,42,1,36704,107,6,Samut Prakan,N
A109621,2025-04-11,PL,262740,12,0.0964,24005,27,1,37694,22,11,Ubon Ratchathani,Y
A109622,2022-03-10,HP,528432,36,0.2627,26246,25,1,25424,16,7,Bangkok,
A109623,2023-06-24,HP,149867,36,0.2092,6775,21,1,31413,126,9,Chiang Mai,
A109624,2025-12-24,PL,75586,48,0.221,2966,42,1,36032,133,14,Chonburi,N
A109625,2024-01-22,PL,136162,12,0.1359,12888,43,1,18966,15,12,Chonburi,
A109626,2025-06-07,HP,436063,72,0.2768,16114,43,3,29519,113,4,Chiang Mai,N
A109627,2025-11-17,HP,313896,72,0.2333,10462,30,1,,12,0,Chiang Mai,Y
A109628,2023-02-07,CC,33970,0,0.2326,0,48,2,23975,122,5,Ubon Ratchathani,
A109629,2024-10-19,PL,115447,12,0.1153,10729,27,2,70185,22,10,Songkhla,Y
A109630,2024-08-11,HP,219656,36,0.2579,10822,21,2,,25,2,Samut Prakan,N
A109631,2023-02-02,PL,73782,48,0.2298,2950,61,1,,129,12,Bangkok,
A109632,2025-01-01,PL,66874,12,0.1973,6672,31,3,21759,52,9,Ubon Ratchathani,N
A109633,2022-11-01,PL,147291,48,0.1414,4804,47,1,19419,110,4,Songkhla,
A109634,2025-10-02,HP,437650,36,0.1213,16580,45,1,55186,13,10,Songkhla,Y
A109635,2024-05-28,HP,314538,36,0.1667,13106,42,1,11391,87,4,Songkhla,Y
A109636,2024-08-31,HP,316606,60,0.2761,12561,36,9,130644,71,7,Bangkok,Y
A109637,2023-03-09,PL,211962,12,0.1053,19523,20,1,44442,82,6,Samut Prakan,
A109638,2022-08-13,CC,49359,0,0.1711,0,44,2,,44,13,Songkhla,
A109639,2025-08-10,PL,102360,48,0.1567,3469,49,1,17382,57,999,Ubon Ratchathani,Y
A109640,2025-01-19,PL,54434,36,0.1752,2306,42,1,32065,100,5,Rayong,Y
A109641,2022-04-02,HP,184332,72,0.1403,4715,26,1,39793,29,1,Nakhon Ratchasima,
A109642,2022-05-02,PL,80742,36,0.1489,3244,36,1,55958,111,999,Rayong,
A109643,2023-04-28,HP,300949,60,0.1409,8549,40,2,18441,21,5,Samut Prakan,
A109644,2022-06-13,HP,559935,48,0.2686,24198,42,1,27903,83,16,Ubon Ratchathani,
A109645,2022-07-20,PL,165522,24,0.1488,8949,35,2,27028,60,16,Phuket,
A109646,2022-12-07,CC,76176,0,0.0916,0,28,1,29035,38,7,Phuket,
A109647,2025-10-15,PL,218682,24,0.1059,11041,39,1,,74,10,Khon Kaen,N
A109648,2025-08-18,PL,241533,36,0.1767,10265,34,1,23918,61,6,Rayong,Y
A109649,2023-04-11,HP,938168,36,0.2338,44338,41,1,34616,1,20,Samut Prakan,
A109650,2023-06-13,CC,53769,0,0.1019,0,37,2,33995,54,7,Bangkok,
A109651,2024-03-12,PL,197766,36,0.1035,7199,38,2,43946,23,4,Chiang Mai,
A109652,2022-12-12,HP,356722,36,0.2273,16665,37,1,44031,8,9,Samut Prakan,
A109653,2024-09-11,CC,37195,0,0.2314,0,40,2,123966,65,999,Songkhla,Y
A109654,2022-12-18,PL,167939,12,0.1724,16407,33,1,27902,10,9,Nonthaburi,
A109655,2023-03-20,HP,271246,48,0.2319,10892,34,1,34012,86,13,Phuket,
A109656,2023-12-03,PL,66813,12,0.1305,6294,29,1,14802,80,0,Khon Kaen,
A109657,2023-05-11,PL,81347,48,0.2268,3232,57,2,28007,102,12,Songkhla,
A109658,2022-07-19,HP,179573,36,0.1485,7210,38,3,25062,2,999,Nakhon Ratchasima,
A109659,2025-03-24,CC,85713,0,0.2227,0,60,1,9282,13,12,Khon Kaen,Y
A109660,2022-03-21,PL,93580,12,0.2458,9715,59,1,14623,5,19,Nakhon Ratchasima,
A109661,2024-12-14,CC,42664,0,0.1323,0,37,1,50667,88,9,Samut Prakan,Y
A109662,2022-02-26,HP,171170,36,0.2216,7915,47,1,35850,39,22,Bangkok,
A109663,2023-05-05,PL,231941,24,0.238,14264,60,1,,119,999,Bangkok,
A109664,2023-01-06,PL,58966,24,0.2267,3570,50,1,28524,22,1,Samut Prakan,
A109665,2022-07-19,PL,26741,48,0.2245,1057,40,1,12768,74,2,Samut Prakan,
A109666,2025-06-29,HP,193530,72,0.178,5558,28,2,,16,3,Nakhon Ratchasima,N
A109667,2022-02-19,CC,16480,0,0.1101,0,37,1,37732,19,10,Bangkok,
A109668,2023-05-19,HP,255940,36,0.1743,10826,51,1,28917,1,10,Chiang Mai,
A109669,2024-07-02,PL,154924,36,0.2743,7844,35,1,,57,23,Phuket,N
A109670,2025-05-17,HP,549177,36,0.2167,25172,23,1,27040,42,19,Rayong,N
A109671,2022-03-14,HP,388145,72,0.1255,9450,51,2,,46,7,Chiang Mai,
A109672,2023-06-23,HP,432170,72,0.1749,12301,26,2,51197,6,11,Chonburi,
A109673,2023-05-31,CC,50237,0,0.1587,0,28,2,,32,11,Chonburi,
A109674,2024-06-15,HP,290556,72,0.122,6989,34,2,,81,6,Chiang Mai,Y
A109675,2024-07-12,PL,105055,48,0.1668,3648,37,1,22661,44,5,Songkhla,Y
A109676,2024-06-08,HP,176021,48,0.219,6879,29,2,,25,18,Nakhon Ratchasima,Y
A109677,2022-11-24,PL,80625,48,0.2084,3079,54,2,20380,54,16,Rayong,
A109678,2024-11-09,HP,304070,72,0.181,8809,42,3,83913,52,17,Chonburi,Y
A109679,2025-06-14,CC,34651,0,0.2763,0,48,1,,10,12,Phuket,N
A109680,2025-11-01,CC,33213,0,0.2577,0,51,2,,154,10,Chonburi,Y
A109681,2024-04-13,PL,54600,48,0.1879,1992,23,1,11565,44,6,Chiang Mai,Y
A109682,2022-07-16,PL,53736,12,0.1304,5061,32,1,22750,39,13,Bangkok,
A109683,2025-09-03,PL,138548,24,0.2282,8407,29,2,,68,8,Ubon Ratchathani,N
A109684,2023-04-02,HP,278200,48,0.0918,7924,38,2,14027,136,10,Chiang Mai,
A109685,2025-06-10,CC,87221,0,0.1506,0,38,2,,127,4,Samut Prakan,N
A109686,2023-05-30,HP,327615,72,0.1612,8951,34,1,19439,68,14,Rayong,
A109687,2022-01-27,HP,227858,36,0.2184,10476,46,3,29238,48,6,Songkhla,
A109688,2024-12-05,PL,115504,36,0.2499,5613,29,1,28880,10,15,Chiang Mai,Y
A109689,2023-05-23,HP,132847,36,0.1671,5540,42,3,32551,106,2,Nakhon Ratchasima,
A109690,2023-09-25,CC,32570,0,0.1067,0,20,9,40801,12,14,Samut Prakan,
A109691,2022-03-16,HP,355305,60,0.2735,14019,43,1,28318,57,1,Nonthaburi,
A109692,2025-03-10,HP,165013,48,0.1913,6068,40,3,50126,1,999,Udon Thani,Y
A109693,2024-05-15,PL,205907,24,0.2625,13083,28,2,,27,5,Bangkok,Y
A109694,2025-12-14,PL,197017,12,0.2248,20108,20,3,27040,63,999,Samut Prakan,Y
A109695,2025-07-04,PL,122654,12,0.1325,11575,37,3,46531,153,11,Ubon Ratchathani,Y
A109696,2024-11-09,HP,366805,48,0.1922,13516,29,1,16438,61,15,Khon Kaen,Y
A109697,2024-04-25,PL,108554,48,0.2468,4494,43,2,,35,999,Khon Kaen,Y
A109698,2025-06-14,CC,74416,0,0.0,0,30,2,23834,67,1,Phuket,Y
A109699,2025-11-01,PL,235968,12,0.2572,24721,37,1,26063,40,6,Chiang Mai,N
A109700,2025-02-18,PL,133448,24,0.2358,8182,27,3,,45,6,Bangkok,Y
A109701,2025-08-21,HP,323514,36,0.091,11439,34,3,49285,5,6,Ubon Ratchathani,N
A109702,2022-06-23,PL,61194,48,0.2277,2436,39,3,27719,58,1,Rayong,
A109703,2022-07-25,CC,33741,0,0.2641,0,63,1,20272,105,1,Songkhla,
A109704,2025-05-15,CC,21271,0,0.1288,0,51,1,26832,31,13,Khon Kaen,Y
A109705,2025-08-23,HP,311956,72,0.0914,6708,32,2,,33,15,Bangkok,Y
A109706,2024-07-02,PL,88518,12,0.1019,8128,39,1,18586,126,999,Udon Thani,N
A109707,2022-06-21,PL,53744,12,0.1538,5167,20,1,16654,128,15,Nakhon Ratchasima,
A109708,2025-10-10,HP,302496,36,0.2603,14964,38,2,,36,19,Ubon Ratchathani,Y
A109709,2022-06-20,HP,178682,60,0.1109,4629,44,2,,65,999,Udon Thani,
A109710,2022-09-12,PL,51789,48,0.18,1855,35,1,35468,74,6,Chonburi,
A109711,2024-04-14,HP,220610,72,0.173,6244,32,2,,62,1,Nonthaburi,Y
A109712,2025-08-28,CC,38417,0,0.1012,0,41,1,41093,0,2,Nonthaburi,Y
A109713,2023-05-20,PL,243832,12,0.1804,23984,52,1,18781,56,7,Songkhla,
A109714,2025-03-15,HP,182696,48,0.22,7155,34,3,36751,19,6,Songkhla,Y
A109715,2022-06-22,PL,114651,12,0.2205,11660,34,3,24216,127,999,Samut Prakan,
A109716,2022-07-12,CC,74237,0,0.2297,0,49,1,32590,88,14,Chonburi,
A109717,2025-05-31,PL,46872,36,0.2266,2187,20,1,12245,33,6,Nakhon Ratchasima,Y
A109718,2023-08-14,PL,105487,36,0.1121,3915,35,1,33955,79,3,Rayong,
A109719,2023-05-17,HP,687542,48,0.1762,24419,35,1,,6,3,Nakhon Ratchasima,
A109720,2025-02-18,PL,264529,12,0.1899,26230,25,1,29263,127,999,Nonthaburi,Y
A109721,2022-05-07,PL,87009,48,0.2771,3821,45,1,20401,128,9,Samut Prakan,
A109722,2024-05-28,HP,882193,48,0.1605,30178,35,1,16182,52,9,Chiang Mai,Y
A109723,2025-03-25,HP,413436,60,0.1735,12868,43,1,39811,75,12,Songkhla,Y
A109724,2022-01-25,HP,292346,48,0.2663,12578,56,1,35405,34,2,Nonthaburi,
A109725,2022-01-07,CC,77345,0,0.1787,0,35,1,,15,3,Rayong,
A109726,2023-07-28,PL,55477,24,0.1596,3049,43,3,72972,40,3,Phuket,
A109727,2023-10-24,HP,242649,60,0.1641,7362,27,3,,40,0,Rayong,
A109728,2023-06-14,PL,229467,12,0.1287,21583,20,1,51645,32,12,Chiang Mai,
A109729,2023-06-28,HP,848409,60,0.1212,22709,41,3,19919,23,2,Nonthaburi,
A109730,2022-09-14,PL,147110,48,0.1481,4880,37,1,33971,94,11,Phuket,
A109731,2023-04-18,CC,30876,0,0.0,0,54,2,78902,110,0,Samut Prakan,
A109732,2022-01-19,CC,80993,0,0.1013,0,30,1,39652,151,3,Samut Prakan,
A109733,2022-11-01,HP,151378,36,0.1119,5616,26,1,,17,11,Bangkok,
A109734,2023-05-17,HP,240916,48,0.2249,9534,23,3,,44,22,Chonburi,
A109735,2023-08-09,PL,51535,24,0.2767,3335,28,1,23975,63,9,Ubon Ratchathani,
A109736,2024-11-27,HP,1140050,48,0.1118,34372,56,2,,35,7,Rayong,N
A109737,2023-03-31,CC,26207,0,0.2136,0,27,2,,99,0,Songkhla,
A109738,2024-04-03,HP,300358,36,0.1333,11679,44,1,39018,70,14,Bangkok,N
A109739,2022-11-05,PL,136363,12,0.09,12386,24,3,64718,0,7,Chonburi,
A109740,2022-07-20,PL,277582,24,0.093,13717,43,2,17244,80,0,Ubon Ratchathani,
A109741,2023-02-26,HP,288831,60,0.1911,9413,54,2,,22,999,Bangkok,
A109742,2023-09-04,CC,28955,0,0.2668,0,41,2,50990,74,5,Nonthaburi,
A109743,2022-04-12,HP,68115,60,0.2145,2352,48,1,36968,22,11,Songkhla,
A109744,2022-07-10,CC,48341,0,0.1003,0,50,1,20001,2,999,Chiang Mai,
A109745,2023-12-17,PL,115089,36,0.2752,5836,35,3,53814,102,999,Khon Kaen,
A109746,2025-02-01,PL,241771,48,0.1034,7120,34,2,27701,81,0,Phuket,Y
A109747,2022-01-17,PL,94645,12,0.2021,9481,21,1,34536,66,2,Khon Kaen,
A109748,2022-09-19,PL,142323,24,0.1249,7411,22,1,17260,8,4,Songkhla,
A109749,2023-01-29,PL,203702,48,0.093,5822,23,1,38412,36,11,Ubon Ratchathani,
A109750,2024-09-08,CC,55775,0,0.24,0,46,1,19168,101,17,Ubon Ratchathani,N
A109751,2022-05-21,HP,297719,48,0.2324,11968,49,1,41009,71,15,Phuket,
A109752,2023-05-04,HP,879725,60,0.1642,26699,38,1,18509,104,5,Songkhla,
A109753,2025-12-12,HP,217137,60,0.243,8015,52,2,54048,51,15,Samut Prakan,Y
A109754,2024-02-08,PL,231411,24,0.2435,14337,51,1,29832,74,999,Songkhla,
A109755,2023-04-14,HP,417686,60,0.1448,12001,55,2,40622,35,2,Rayong,
A109756,2024-02-21,CC,70387,0,0.1009,0,20,3,49546,83,15,Samut Prakan,
A109757,2025-03-09,PL,274862,24,0.2237,16576,41,2,14881,37,23,Samut Prakan,Y
A109758,2023-08-12,HP,315132,48,0.1087,9419,43,1,63983,23,11,Nakhon Ratchasima,
A109759,2023-11-19,CC,59234,0,0.1437,0,67,2,53179,75,11,Nonthaburi,
A109760,2025-06-14,PL,82074,24,0.1554,4482,41,3,,64,6,Nonthaburi,Y
A109761,2025-04-02,PL,51674,24,0.2774,3347,39,2,68171,57,999,Khon Kaen,Y
A109762,2025-09-25,HP,175710,72,0.126,4285,27,3,19955,67,14,Chiang Mai,Y
A109763,2023-01-10,PL,90765,24,0.166,5037,47,1,26326,11,3,Samut Prakan,
A109764,2024-07-22,PL,84905,48,0.1337,2714,36,3,34044,84,999,Songkhla,N
A109765,2024-06-29,PL,275495,24,0.2065,16219,46,1,24360,102,24,Songkhla,Y
A109766,2022-11-09,CC,28018,0,0.1144,0,35,1,29967,70,9,Khon Kaen,
A109767,2022-11-02,CC,59737,0,0.2284,0,45,1,26941,18,11,Nonthaburi,
A109768,2025-05-08,PL,73578,24,0.1521,3998,35,3,24663,38,1,Nakhon Ratchasima,Y
A109769,2022-10-08,PL,118520,48,0.2256,4697,34,1,24517,80,3,Nonthaburi,
A109770,2024-08-19,PL,238237,36,0.277,12116,23,3,,85,7,Nakhon Ratchasima,N
A109771,2024-01-21,HP,782148,36,0.1944,34397,37,1,25647,83,7,Khon Kaen,
A109772,2022-12-04,PL,160270,24,0.2681,10258,33,1,16836,49,19,Nonthaburi,
A109773,2023-06-10,PL,68579,36,0.1623,2832,29,1,18844,5,18,Nonthaburi,
A109774,2025-08-29,PL,75089,36,0.2543,3677,41,3,27057,104,18,Rayong,Y
A109775,2022-03-31,PL,149940,24,0.2019,8770,45,2,,22,999,Udon Thani,
A109776,2023-09-26,PL,130586,36,0.2124,5938,54,3,15989,67,999,Bangkok,
A109777,2024-03-22,HP,406124,72,0.2522,14175,34,1,14935,68,2,Bangkok,
A109778,2023-12-02,HP,707194,60,0.1713,21881,59,2,47340,133,1,Bangkok,
A109779,2022-09-07,HP,323650,36,0.2238,15026,26,2,,150,18,Bangkok,
A109780,2022-08-06,HP,570252,72,0.117,13480,37,2,14125,74,10,Samut Prakan,
A109781,2025-01-25,PL,115285,48,0.149,3833,23,1,27417,46,999,Songkhla,Y
A109782,2022-08-15,HP,109997,60,0.2625,4239,38,1,22351,77,27,Nonthaburi,
A109783,2023-10-22,HP,141357,60,0.2007,4720,45,1,66940,96,6,Khon Kaen,
A109784,2024-08-09,PL,140768,12,0.2483,14643,55,1,33248,94,7,Khon Kaen,Y
A109785,2022-09-13,PL,140482,24,0.1848,8016,37,2,,92,2,Bangkok,
A109786,2023-12-04,HP,451305,36,0.192,19757,20,1,,8,12,Udon Thani,
A109787,2024-01-01,PL,102054,48,0.1625,3508,40,2,40268,6,8,Khon Kaen,
A109788,2025-03-11,HP,386824,36,0.1259,14803,46,3,15988,40,5,Nonthaburi,Y
A109789,2022-07-19,HP,608165,60,0.1378,17119,20,1,31655,72,11,Nonthaburi,
A109790,2023-06-27,HP,831086,48,0.1787,29690,26,3,23006,90,5,Phuket,
A109791,2024-06-06,HP,305541,48,0.2467,12646,53,1,24804,44,10,Nonthaburi,Y
A109792,2024-11-26,PL,276091,24,0.1237,14349,26,1,26611,10,12,Samut Prakan,Y
A109793,2022-04-02,PL,120660,36,0.2703,6069,44,1,36853,17,17,Chiang Mai,
A109794,2025-10-11,HP,850337,60,0.1382,23965,46,1,58434,136,999,Songkhla,N
A109795,2024-12-15,HP,467831,60,0.1956,15422,60,1,39654,42,999,Bangkok,Y
A109796,2024-02-08,PL,191185,36,0.1842,8245,27,3,24261,58,8,Ubon Ratchathani,
A109797,2025-09-04,PL,73893,24,0.1143,3782,35,3,23751,46,11,Nakhon Ratchasima,Y
A109798,2024-12-27,HP,211411,48,0.1214,6543,20,1,18610,43,0,Khon Kaen,N
A109799,2022-07-18,PL,75109,48,0.2709,3260,44,1,34171,102,22,Ubon Ratchathani,
A109800,2024-08-17,PL,94165,36,0.0995,3396,27,2,,140,8,Samut Prakan,Y
A109801,2023-10-20,CC,27260,0,0.1658,0,45,1,24498,33,999,Udon Thani,
A109802,2023-04-09,CC,38823,0,0.2201,0,44,1,10907,120,15,Rayong,
A109803,2023-11-05,HP,184979,36,0.1641,7667,41,1,44431,81,11,Khon Kaen,
A109804,2025-01-20,HP,402105,48,0.2205,15765,35,2,,80,5,Nonthaburi,Y
A109805,2025-05-26,PL,124435,24,0.2062,7322,37,1,45904,42,2,Bangkok,Y
A109806,2023-09-21,PL,65451,24,0.1356,3466,38,1,50338,111,999,Phuket,
A109807,2022-05-19,HP,186477,48,0.1364,6004,24,2,29176,101,8,Nonthaburi,
A109808,2023-03-01,PL,92814,12,0.2335,9540,45,2,18761,114,19,Bangkok,
A109809,2025-08-17,CC,57312,0,0.1257,0,44,1,14215,79,0,Ubon Ratchathani,Y
A109810,2025-08-02,PL,108742,48,0.1394,3528,47,9,,33,15,Phuket,N
A109811,2024-10-25,PL,64034,48,0.1813,2301,39,1,45141,99,4,Udon Thani,Y
A109812,2024-10-24,PL,108180,12,0.0922,9846,51,1,31767,89,19,Rayong,Y
A109813,2022-04-20,HP,654396,60,0.1596,19610,26,1,24642,29,23,Samut Prakan,
A109814,2022-06-12,HP,328032,48,0.2388,13361,32,1,35322,4,6,Rayong,
A109815,2023-02-19,PL,51924,24,0.2541,3262,63,2,47129,39,999,Nonthaburi,
A109816,2023-11-28,CC,36297,0,0.2647,0,35,2,51760,69,14,Udon Thani,
A109817,2023-04-16,PL,242575,24,0.1997,14144,20,1,22126,93,9,Rayong,
A109818,2022-05-16,HP,524826,48,0.1843,18994,41,2,28025,80,7,Bangkok,
A109819,2025-01-13,PL,132329,36,0.2074,5962,41,1,23034,1,9,Nakhon Ratchasima,Y
A109820,2025-03-10,PL,220130,36,0.1825,9462,48,3,22583,53,23,Chiang Mai,Y
A109821,2024-09-21,HP,334175,72,0.2057,10369,41,1,20743,75,4,Chonburi,Y
A109822,2025-09-05,PL,257089,48,0.2656,11046,47,1,32404,111,15,Udon Thani,N
A109823,2023-04-13,PL,76322,36,0.1773,3247,26,2,13607,71,999,Samut Prakan,
A109824,2023-02-27,HP,147680,48,0.1659,5118,30,1,,48,1,Chiang Mai,
A109825,2025-01-23,CC,33554,0,0.1914,0,38,2,99026,109,0,Samut Prakan,Y
A109826,2024-08-29,HP,399295,72,0.268,14463,44,1,22921,22,999,Songkhla,N
A109827,2025-09-01,CC,48892,0,0.2091,0,35,2,17645,43,8,Songkhla,Y
A109828,2025-12-01,CC,43328,0,0.0,0,23,1,86297,48,10,Ubon Ratchathani,N
A109829,2022-03-05,PL,73824,48,0.195,2737,51,3,24552,65,12,Rayong,
A109830,2024-07-06,CC,52395,0,0.2018,0,40,3,27867,91,13,Songkhla,Y
A109831,2022-06-26,PL,126441,48,0.2364,5125,37,2,,61,19,Bangkok,
A109832,2022-03-01,CC,10564,0,0.2441,0,27,2,,36,15,Bangkok,
A109833,2024-10-03,PL,234077,12,0.2139,23678,51,2,,98,2,Songkhla,N
A109834,2023-03-30,HP,211102,48,0.2287,8421,28,1,35794,19,9,Samut Prakan,
A109835,2025-06-03,PL,161358,12,0.1458,15406,50,1,16508,46,7,Phuket,Y
A109836,2025-02-06,CC,67487,0,0.0,0,46,1,25690,20,10,Songkhla,Y
A109837,2023-08-26,CC,167661,0,0.2475,0,33,3,26127,1,0,Samut Prakan,
A109838,2023-02-22,HP,134474,60,0.259,5143,39,2,,76,3,Bangkok,
A109839,2022-08-25,CC,29710,0,0.2044,0,47,2,27942,69,12,Rayong,
A109840,2023-05-22,PL,53942,24,0.2798,3505,37,2,,135,2,Khon Kaen,
A109841,2025-11-30,HP,747205,36,0.1033,27187,30,2,,22,5,Chiang Mai,Y
A109842,2024-07-21,CC,87679,0,0.2758,0,40,1,20897,9,17,Rayong,Y
A109843,2023-04-12,HP,458849,48,0.2557,19336,42,1,27643,21,4,Nonthaburi,
A109844,2024-10-10,CC,35014,0,0.1907,0,55,3,36565,33,15,Khon Kaen,Y
A109845,2023-07-19,HP,297181,48,0.1221,9215,33,1,16086,109,14,Phuket,
A109846,2022-08-06,HP,495390,72,0.0965,10864,34,1,42395,50,22,Songkhla,
A109847,2024-07-26,CC,91984,0,0.1741,0,34,1,33137,40,15,Khon Kaen,Y
A109848,2025-06-03,PL,102433,48,0.2141,3961,50,3,22884,24,15,Phuket,Y
A109849,2022-06-14,HP,181957,72,0.2701,6622,47,2,,56,1,Chonburi,
A109850,2023-12-03,HP,451949,48,0.24,18454,37,3,66475,22,0,Udon Thani,
A109851,2024-03-10,HP,110088,36,0.2214,5089,46,2,,84,2,Udon Thani,
A109852,2023-05-06,PL,99536,36,0.1905,4345,37,1,25947,39,17,Nonthaburi,
A109853,2024-07-07,CC,24077,0,0.0,0,40,2,31136,31,6,Songkhla,Y
A109854,2022-12-12,CC,61560,0,0.1303,0,41,1,26158,72,8,Rayong,
A109855,2024-02-24,HP,961699,48,0.1619,33010,65,1,,59,8,Phuket,
A109856,2022-05-01,CC,95108,0,0.2693,0,59,1,135628,33,7,Chiang Mai,
A109857,2025-01-17,HP,402408,48,0.2248,15921,48,2,33460,46,7,Samut Prakan,Y
A109858,2022-08-08,PL,217872,48,0.0997,6349,28,1,40336,70,6,Nakhon Ratchasima,
A109859,2022-06-12,PL,186126,24,0.1471,10036,20,1,21444,5,14,Nonthaburi,
A109860,2023-10-17,PL,332350,48,0.1429,10881,20,1,,13,3,Nakhon Ratchasima,
A109861,2024-01-16,HP,223075,60,0.2347,8080,52,1,51691,63,8,Udon Thani,
A109862,2024-07-20,PL,236281,48,0.2492,9829,50,1,15735,143,15,Bangkok,Y
A109863,2025-07-16,CC,54174,0,0.1078,0,49,2,33078,13,8,Nakhon Ratchasima,Y
A109864,2024-06-05,PL,49492,24,0.2099,2927,42,1,49583,65,22,Bangkok,Y
A109865,2024-03-29,HP,362599,72,0.115,8511,27,1,44323,74,6,Khon Kaen,
A109866,2022-07-13,PL,74551,24,0.1884,4276,49,1,27881,48,8,Samut Prakan,
A109867,2024-01-31,PL,296791,36,0.1002,10722,34,3,39159,73,22,Khon Kaen,
A109868,2022-01-03,PL,46398,36,0.1882,2016,51,2,,19,0,Chiang Mai,
A109869,2022-10-20,HP,333810,72,0.2014,10238,28,3,63246,154,0,Phuket,
A109870,2025-05-01,PL,313540,24,0.219,18786,45,2,10147,63,30,Khon Kaen,N
A109871,2025-05-09,PL,49688,24,0.139,2645,41,1,38739,4,3,Bangkok,Y
A109872,2025-01-21,HP,116491,36,0.1582,4771,28,1,12903,48,2,Bangkok,Y
A109873,2022-09-23,PL,41604,24,0.1365,2206,33,3,32528,78,3,Chonburi,
A109874,2025-01-02,CC,39320,0,0.1125,0,40,1,25162,5,14,Chonburi,Y
A109875,2025-02-28,PL,81093,24,0.1767,4572,47,3,29021,66,7,Songkhla,Y
A109876,2025-03-20,HP,384802,72,0.1152,9038,50,2,,43,11,Ubon Ratchathani,N
A109877,2023-05-02,CC,48245,0,0.0984,0,58,3,29568,5,12,Bangkok,
A109878,2023-03-16,PL,163489,24,0.0909,8050,44,2,54826,39,10,Udon Thani,
A109879,2022-08-15,CC,44530,0,0.1504,0,29,2,24969,10,7,Bangkok,
A109880,2022-04-05,PL,100516,48,0.1014,2943,41,1,39794,124,12,Bangkok,
A109881,2024-03-21,PL,104018,48,0.1891,3806,43,1,31564,123,1,Nakhon Ratchasima,
A109882,2024-04-16,PL,395211,24,0.1427,21166,40,1,23494,37,16,Nonthaburi,N
A109883,2023-05-03,HP,217788,36,0.1829,9369,51,3,13471,54,3,Rayong,
A109884,2025-07-22,CC,89882,0,0.1628,0,21,9,,144,999,Ubon Ratchathani,Y
A109885,2023-01-18,PL,202531,36,0.0978,7276,40,1,36607,118,3,Khon Kaen,
A109886,2022-03-22,PL,124303,12,0.1726,12146,34,1,19278,36,0,Nonthaburi,
A109887,2024-06-24,CC,15227,0,0.1905,0,39,1,,103,3,Songkhla,Y
A109888,2022-01-31,CC,31327,0,0.2359,0,31,2,39768,24,20,Chonburi,
A109889,2025-08-15,PL,137332,12,0.2661,14489,58,9,,6,2,Nakhon Ratchasima,Y
A109890,2022-11-29,HP,550315,60,0.1274,15014,42,2,,82,23,Samut Prakan,
A109891,2022-03-21,PL,74858,48,0.2217,2942,22,2,,28,13,Phuket,
A109892,2024-06-04,CC,70633,0,0.1662,0,39,1,28622,90,12,Nonthaburi,Y
A109893,2023-05-12,HP,311174,48,0.1978,11611,57,1,51215,15,4,Ubon Ratchathani,
A109894,2025-10-20,HP,189616,36,0.1403,7484,23,1,16559,118,4,Nonthaburi,N
A109895,2025-12-23,PL,147952,36,0.2416,7088,46,2,97453,6,4,Khon Kaen,Y
A109896,2025-05-05,CC,58155,0,0.2772,0,40,1,49075,106,15,Udon Thani,Y
A109897,2023-11-13,HP,302449,60,0.1922,9885,36,1,12849,47,6,Khon Kaen,
A109898,2024-08-29,PL,109487,12,0.2499,11403,20,3,24625,102,19,Phuket,Y
A109899,2023-07-28,CC,45191,0,0.1295,0,23,1,9557,67,17,Nonthaburi,
A109900,2024-06-25,PL,153818,24,0.2363,9438,39,1,29419,57,10,Chonburi,N
A109901,2025-08-14,HP,567939,36,0.1442,22600,20,1,27472,73,6,Udon Thani,Y
A109902,2025-12-07,HP,390478,48,0.1827,14079,52,2,25044,23,6,Samut Prakan,N
A109903,2022-07-07,PL,245355,48,0.1077,7313,24,2,,39,6,Bangkok,
A109904,2024-11-23,CC,56624,0,0.1921,0,36,2,,46,4,Nonthaburi,N
A109905,2024-07-20,HP,1009887,60,0.1852,32417,35,1,12340,92,4,Nonthaburi,N
A109906,2025-03-31,CC,58228,0,0.2483,0,34,1,14312,60,6,Chiang Mai,Y
A109907,2023-07-28,PL,165766,36,0.0958,5927,41,1,40618,84,8,Khon Kaen,
A109908,2024-12-25,CC,51017,0,0.198,0,42,2,36925,28,17,Songkhla,Y
A109909,2024-08-19,PL,88719,48,0.2112,3409,34,3,27127,23,9,Rayong,Y
A109910,2022-09-06,PL,85444,48,0.2725,3720,44,2,,26,18,Chiang Mai,
A109911,2023-02-04,PL,250210,36,0.2532,12229,30,2,32222,61,6,Udon Thani,
A109912,2025-09-09,CC,54457,0,0.2467,0,35,1,40709,41,9,Bangkok,N
A109913,2025-03-17,HP,718176,60,0.1647,21826,49,1,,40,999,Phuket,N
A109914,2023-04-14,PL,131629,36,0.1193,4964,41,3,64415,76,7,Bangkok,
A109915,2024-02-01,HP,255511,60,0.1883,8267,23,1,24861,54,7,Nonthaburi,
A109916,2024-07-25,CC,10607,0,0.1388,0,43,2,10091,6,999,Chiang Mai,Y
A109917,2023-07-02,HP,432986,60,0.1805,13729,36,9,,27,7,Chonburi,
A109918,2024-12-21,CC,46915,0,0.1706,0,30,3,22482,61,5,Rayong,Y
A109919,2023-02-01,HP,698778,48,0.1835,25243,24,3,12503,6,999,Nakhon Ratchasima,
A109920,2024-06-11,HP,313774,36,0.1691,13137,45,2,38860,73,5,Ubon Ratchathani,Y
A109921,2025-10-25,CC,55734,0,0.1378,0,49,2,64329,67,999,Samut Prakan,Y
A109922,2022-12-26,PL,111910,24,0.1317,5891,35,1,31128,30,1,Udon Thani,
A109923,2025-10-17,CC,60499,0,0.1237,0,35,3,30675,26,6,Samut Prakan,Y
A109924,2025-12-21,HP,775664,60,0.0922,18887,39,9,,74,15,Chonburi,Y
A109925,2024-01-26,PL,225410,24,0.2248,13614,29,1,54428,30,11,Chiang Mai,
A109926,2022-06-08,HP,345918,36,0.1354,13511,42,1,36189,68,6,Chiang Mai,
A109927,2025-08-03,CC,30745,0,0.1306,0,30,2,16649,119,3,Chonburi,Y
A109928,2023-05-30,PL,55607,48,0.1529,1867,37,1,,1,11,Chiang Mai,
A109929,2024-09-08,PL,238500,24,0.1772,13459,30,1,34921,61,13,Songkhla,Y
A109930,2024-07-25,CC,45452,0,0.1632,0,44,1,35931,109,13,Ubon Ratchathani,Y
A109931,2023-12-09,PL,101550,36,0.232,4784,37,9,,13,6,Chiang Mai,
A109932,2024-06-13,PL,228735,12,0.1965,22806,40,2,,11,8,Rayong,N
A109933,2023-09-06,CC,61126,0,0.1627,0,20,1,67999,29,13,Samut Prakan,
A109934,2022-10-14,PL,91390,12,0.2419,9458,43,3,35275,59,20,Ubon Ratchathani,
A109935,2023-12-02,PL,80562,24,0.1196,4159,38,2,59127,43,9,Phuket,
A109936,2025-03-11,CC,49946,0,0.1421,0,33,1,90743,70,16,Udon Thani,N
A109937,2024-12-09,CC,56999,0,0.2566,0,34,2,,4,11,Udon Thani,Y
A109938,2025-08-17,PL,33981,12,0.1493,3254,41,2,,83,8,Phuket,Y
A109939,2022-08-02,HP,505285,48,0.2074,19259,35,2,,59,14,Chonburi,
A109940,2024-06-23,PL,156178,24,0.115,8004,34,1,18587,59,7,Ubon Ratchathani,Y
A109941,2025-12-29,PL,178047,12,0.2158,18039,33,1,50047,37,1,Khon Kaen,Y
A109942,2024-07-10,HP,236867,60,0.1173,6263,57,1,36677,25,6,Phuket,Y
A109943,2025-09-06,HP,475241,72,0.18,13729,25,1,19248,152,20,Phuket,N
A109944,2025-10-09,PL,150331,36,0.2477,7278,42,1,,186,6,Ubon Ratchathani,N
A109945,2025-11-16,PL,167219,24,0.1657,9276,30,1,22845,123,999,Udon Thani,Y
A109946,2023-09-18,PL,60758,36,0.1851,2624,29,3,,16,22,Khon Kaen,
A109947,2025-07-22,HP,79444,72,0.2718,2902,61,1,22449,3,9,Phuket,N
A109948,2025-03-19,PL,63740,12,0.1917,6329,39,9,,95,9,Samut Prakan,N
A109949,2022-09-17,HP,241387,60,0.1793,7629,50,2,33877,7,999,Ubon Ratchathani,
A109950,2022-05-06,HP,563616,60,0.2145,19468,52,2,,37,17,Phuket,
A109951,2024-08-18,PL,67669,48,0.1085,2021,47,1,21913,81,4,Nonthaburi,Y
A109952,2022-05-09,PL,239786,24,0.2728,15442,45,1,18563,50,8,Rayong,
A109953,2024-09-06,HP,286489,72,0.1339,7175,35,1,36099,68,6,Nonthaburi,Y
A109954,2025-05-29,HP,168062,60,0.1871,5421,43,9,35516,40,18,Rayong,Y
A109955,2024-07-07,CC,106440,0,0.1776,0,21,1,83468,10,2,Nakhon Ratchasima,Y
A109956,2024-04-06,HP,252746,72,0.1596,6871,26,1,48307,15,1,Bangkok,Y
A109957,2023-12-10,PL,154652,24,0.2544,9722,29,1,40762,84,5,Chiang Mai,
A109958,2025-02-12,HP,251758,72,0.2796,9362,30,2,42298,57,7,Khon Kaen,Y
A109959,2025-03-10,PL,145891,36,0.2355,6915,47,3,32570,20,3,Bangkok,Y
A109960,2022-07-19,CC,57802,0,0.0948,0,48,1,29925,52,7,Songkhla,
A109961,2024-04-12,HP,319574,36,0.1013,11574,45,1,23971,171,999,Songkhla,N
A109962,2024-02-08,CC,51533,0,0.1122,0,47,3,28314,39,10,Nakhon Ratchasima,
A109963,2022-03-12,CC,60771,0,0.2106,0,45,3,50373,45,13,Nakhon Ratchasima,
A109964,2024-12-01,CC,43011,0,0.1138,0,45,2,16130,102,0,Udon Thani,N
A109965,2023-04-23,PL,114089,24,0.2493,7123,29,2,27533,69,15,Chiang Mai,
A109966,2022-08-29,CC,38493,0,0.2244,0,31,2,49374,56,4,Phuket,
A109967,2022-03-04,CC,31073,0,0.2129,0,34,2,42817,39,7,Khon Kaen,
A109968,2022-04-26,HP,292530,72,0.2394,9898,45,1,26566,22,24,Nakhon Ratchasima,
A109969,2022-11-10,HP,349820,36,0.2421,16774,46,2,12902,69,13,Songkhla,
A109970,2025-02-03,HP,707567,48,0.1456,23326,29,9,19678,39,10,Udon Thani,Y
A109971,2023-01-03,PL,99954,12,0.2271,10221,20,9,,64,999,Chiang Mai,
A109972,2024-09-17,PL,65812,12,0.1357,6228,30,1,26980,52,19,Bangkok,N
A109973,2024-06-16,CC,11849,0,0.231,0,31,1,,191,2,Nakhon Ratchasima,Y
A109974,2025-10-06,CC,30459,0,0.2234,0,45,1,34746,96,0,Bangkok,Y
A109975,2024-06-28,CC,25795,0,0.0,0,39,1,26978,24,5,Ubon Ratchathani,Y
A109976,2025-11-20,HP,480931,72,0.2485,16638,34,1,39817,26,7,Nonthaburi,Y
A109977,2022-08-17,HP,189108,36,0.132,7333,21,9,74724,129,4,Bangkok,
A109978,2025-07-19,PL,64779,36,0.2353,3069,40,1,12943,78,13,Phuket,Y
A109979,2022-12-27,PL,169509,12,0.2007,16960,21,2,58694,63,12,Khon Kaen,
A109980,2022-05-14,PL,400145,12,0.1779,39277,30,1,20983,37,5,Chiang Mai,
A109981,2025-01-24,PL,315012,12,0.1577,30390,54,1,58543,32,9,Bangkok,Y
A109982,2024-10-09,PL,104854,36,0.092,3716,43,2,,126,11,Phuket,N
A109983,2025-05-05,HP,871250,36,0.1566,35571,50,3,42970,25,5,Songkhla,N
A109984,2023-08-13,HP,412001,36,0.273,20817,21,1,26465,34,13,Chonburi,
A109985,2022-07-02,PL,135743,48,0.2422,5567,57,2,,77,9,Samut Prakan,
A109986,2022-12-14,PL,95783,48,0.2624,4089,20,2,45837,75,14,Ubon Ratchathani,
A109987,2025-01-24,CC,16457,0,0.17,0,29,3,,58,0,Chiang Mai,N
A109988,2022-09-04,PL,263841,24,0.1187,13603,31,1,64028,54,10,Khon Kaen,
A109989,2025-12-01,PL,97280,12,0.1855,9610,25,2,50721,29,6,Samut Prakan,Y
A109990,2025-04-10,PL,118705,12,0.1725,11598,39,3,24877,90,17,Nonthaburi,Y
A109991,2023-12-14,PL,157638,48,0.2601,6700,39,9,,72,5,Samut Prakan,
A109992,2023-07-11,PL,62878,12,0.2065,6321,64,1,20908,15,33,Nonthaburi,
A109993,2022-01-01,PL,37908,36,0.2265,1768,34,2,101897,81,15,Ubon Ratchathani,
A109994,2024-09-25,PL,77896,24,0.2115,4618,22,1,16650,36,10,Khon Kaen,N
A109995,2024-02-12,HP,259285,36,0.1938,11389,37,3,,16,4,Songkhla,
A109996,2024-10-02,PL,715873,12,0.2636,75381,46,1,22272,49,2,Songkhla,N
A109997,2023-02-23,HP,255692,60,0.1789,8073,49,2,17490,28,999,Samut Prakan,
A109998,2024-06-07,PL,157353,36,0.2778,8013,42,3,17294,56,4,Songkhla,N
A109999,2023-05-26,HP,220813,72,0.2374,7435,31,1,23931,127,10,Nakhon Ratchasima,
A110000,2023-02-09,CC,175983,0,0.1438,0,26,2,,65,2,Phuket,
A110001,2023-06-25,HP,381449,60,0.2318,13725,33,1,82061,23,3,Nonthaburi,
A110002,2025-05-15,CC,24051,0,0.1301,0,38,1,,44,14,Phuket,Y
A110003,2023-07-26,PL,50949,48,0.1776,1815,44,3,21861,112,999,Songkhla,
A110004,2022-11-14,HP,179458,48,0.1394,5823,50,3,34836,74,16,Rayong,
A110005,2022-06-22,HP,696976,36,0.247,33706,46,2,,19,3,Songkhla,
A110006,2023-12-29,PL,105464,24,0.2578,6660,35,1,24310,30,13,Samut Prakan,
A110007,2024-03-19,HP,364762,60,0.1259,9906,28,1,16201,60,8,Phuket,
A110008,2024-05-11,CC,15539,0,0.2034,0,41,3,27050,36,23,Nonthaburi,Y
A110009,2022-07-04,PL,59255,48,0.1019,1737,53,3,25538,6,999,Chonburi,
A110010,2022-11-21,CC,30140,0,0.2716,0,42,1,13772,72,10,Chiang Mai,
A110011,2024-12-09,PL,158606,12,0.2514,16539,41,2,49338,151,6,Nakhon Ratchasima,Y
A110012,2024-05-21,HP,153709,60,0.1873,4960,65,1,46049,115,6,Rayong,Y
A110013,2025-04-08,HP,130860,36,0.098,4703,28,1,16765,37,1,Nonthaburi,Y
A110014,2025-06-17,PL,33173,36,0.157,1355,34,1,35762,24,5,Songkhla,N
A110015,2024-07-17,PL,84030,12,0.2746,8925,50,2,28005,28,7,Samut Prakan,Y
A110016,2023-10-12,CC,72843,0,0.1035,0,46,2,,47,12,Khon Kaen,
A110017,2024-02-02,HP,622790,48,0.2658,26769,42,1,,131,18,Nonthaburi,
A110018,2025-09-16,CC,15856,0,0.276,0,44,3,48094,108,3,Chonburi,Y
A110019,2022-07-22,HP,161014,60,0.1524,4728,20,1,42730,107,11,Nonthaburi,
A110020,2024-11-16,PL,94491,12,0.101,8669,54,2,,68,17,Nakhon Ratchasima,Y
A110021,2023-05-06,HP,400943,72,0.1862,11789,40,2,,26,5,Chonburi,
A110022,2022-12-08,CC,44305,0,0.1367,0,49,1,15312,13,1,Chiang Mai,
A110023,2023-02-28,HP,281845,72,0.2229,9149,52,2,,33,0,Chonburi,
A110024,2024-10-10,PL,198612,24,0.2706,12754,29,1,,87,999,Rayong,Y
A110025,2025-12-25,CC,36941,0,0.2391,0,36,2,,45,19,Ubon Ratchathani,Y
A110026,2022-09-03,CC,44115,0,0.2278,0,22,3,28526,75,0,Bangkok,
A110027,2024-11-15,HP,893714,60,0.1645,27146,35,1,,38,13,Chiang Mai,Y
A110028,2025-07-04,PL,225542,24,0.1953,13068,41,1,50493,5,6,Phuket,Y
A110029,2024-12-22,HP,120737,60,0.1274,3294,42,1,56326,69,13,Samut Prakan,N
A110030,2025-04-21,HP,974354,48,0.2552,41020,57,1,38613,37,28,Udon Thani,Y
A110031,2024-01-29,HP,208855,48,0.2516,8730,20,1,17619,19,3,Khon Kaen,
A110032,2022-01-28,CC,23057,0,0.1818,0,25,2,24282,35,4,Chonburi,
A110033,2024-10-05,PL,200773,24,0.2516,12575,53,3,29816,34,16,Samut Prakan,N
A110034,2023-12-31,CC,45301,0,0.1149,0,56,1,28841,92,21,Songkhla,
A110035,2023-11-16,PL,248657,36,0.2796,12700,20,1,16429,105,12,Samut Prakan,
A110036,2022-11-18,PL,141470,36,0.2111,6418,64,2,58970,37,18,Samut Prakan,
A110037,2023-06-11,CC,49513,0,0.138,0,20,1,34302,36,10,Ubon Ratchathani,
A110038,2022-01-28,PL,189360,12,0.2021,18969,42,2,,116,19,Chonburi,
A110039,2023-11-18,PL,118066,36,0.0958,4222,33,1,53453,90,1,Ubon Ratchathani,
A110040,2023-08-31,HP,425205,36,0.1153,15896,35,1,40834,31,999,Rayong,
A110041,2024-02-10,PL,106670,12,0.2177,10824,40,2,,83,6,Rayong,
A110042,2024-01-26,CC,91038,0,0.243,0,44,3,43450,27,31,Rayong,
A110043,2022-10-04,CC,22498,0,0.1266,0,31,1,,68,1,Nonthaburi,
A110044,2024-05-29,HP,248021,60,0.1423,7074,34,1,31581,68,0,Nonthaburi,N
A110045,2023-09-21,PL,162856,48,0.1049,4816,20,2,,99,12,Nakhon Ratchasima,
A110046,2023-12-05,CC,22347,0,0.1547,0,44,1,33879,95,5,Nonthaburi,
A110047,2024-01-27,CC,31903,0,0.2355,0,38,1,51797,1,999,Bangkok,
A110048,2024-05-12,CC,259275,0,0.1646,0,20,9,,29,8,Songkhla,Y
A110049,2022-09-18,PL,76806,24,0.1768,4331,57,2,,24,1,Udon Thani,
A110050,2022-06-20,PL,162606,12,0.1081,15015,24,2,,33,18,Bangkok,
A110051,2023-03-25,HP,180069,60,0.2609,6916,31,2,,58,4,Udon Thani,
A110052,2022-10-11,CC,34577,0,0.0,0,50,2,,71,23,Ubon Ratchathani,
A110053,2024-01-02,PL,69793,48,0.1541,2350,37,1,9000,44,6,Samut Prakan,
A110054,2025-07-11,CC,29050,0,0.0,0,47,3,25334,55,12,Phuket,Y
A110055,2025-01-13,HP,188511,60,0.2276,6717,37,2,,89,9,Songkhla,Y
A110056,2022-01-10,CC,62990,0,0.2095,0,24,2,36249,83,4,Chonburi,
A110057,2025-07-03,CC,23648,0,0.2379,0,41,1,18167,100,999,Songkhla,Y
A110058,2024-07-26,PL,68994,36,0.1959,3042,34,3,21764,25,999,Udon Thani,Y
A110059,2025-06-14,PL,148044,48,0.1836,5349,25,1,30303,75,1,Rayong,Y
A110060,2023-07-23,PL,258905,36,0.257,12736,37,2,,25,24,Bangkok,
A110061,2024-10-07,CC,46845,0,0.2199,0,34,2,,90,20,Udon Thani,Y
A110062,2025-07-15,PL,295426,24,0.1696,16484,52,2,11252,79,5,Chonburi,Y
A110063,2025-05-29,HP,251140,36,0.2671,12566,46,3,30271,97,1,Chiang Mai,N
A110064,2022-02-12,CC,37638,0,0.106,0,41,1,15325,51,5,Nonthaburi,
A110065,2024-04-26,HP,211064,48,0.2083,8060,27,2,,21,11,Phuket,Y
A110066,2025-01-12,CC,25952,0,0.2027,0,32,2,,94,2,Ubon Ratchathani,N
A110067,2024-01-26,HP,115562,60,0.0933,2824,27,3,22043,28,1,Chiang Mai,
A110068,2023-03-04,PL,121300,36,0.1939,5329,23,1,,90,999,Chiang Mai,
A110069,2022-02-25,HP,277537,36,0.0945,9894,50,1,21099,110,8,Chiang Mai,
A110070,2025-08-20,PL,70994,24,0.2443,4403,37,9,,4,1,Songkhla,Y
A110071,2022-04-12,PL,197251,48,0.102,5786,48,3,23259,32,8,Phuket,
A110072,2024-11-24,PL,115148,36,0.2643,5734,20,2,,35,8,Rayong,N
A110073,2022-03-29,HP,268870,60,0.2007,8978,26,3,33360,4,13,Rayong,
A110074,2023-09-14,HP,305020,72,0.1243,7395,36,1,36822,22,13,Samut Prakan,
A110075,2022-05-15,PL,170467,12,0.2708,18052,32,1,14606,128,14,Udon Thani,
A110076,2023-04-02,HP,220713,72,0.2153,7025,36,3,49278,113,3,Nakhon Ratchasima,
A110077,2023-11-03,PL,216656,48,0.1765,7700,45,2,57325,6,999,Udon Thani,
A110078,2023-11-25,CC,44054,0,0.2051,0,58,2,60920,127,999,Udon Thani,
A110079,2024-08-28,PL,54106,24,0.1393,2882,29,2,23806,82,999,Nonthaburi,N
A110080,2025-06-09,PL,131392,48,0.1934,4854,35,1,28608,43,3,Nakhon Ratchasima,Y
A110081,2024-06-11,HP,356393,72,0.2265,11676,35,1,28484,48,0,Phuket,N
A110082,2025-02-05,PL,176286,48,0.2777,7752,53,1,34486,85,2,Khon Kaen,Y
A110083,2025-01-24,HP,358902,36,0.1075,13184,20,3,37830,90,20,Nakhon Ratchasima,Y
A110084,2022-10-16,PL,108090,12,0.0928,9843,40,3,15947,58,16,Samut Prakan,
A110085,2025-07-26,CC,20069,0,0.1405,0,27,1,31133,109,1,Chonburi,Y
A110086,2022-08-18,CC,73344,0,0.2637,0,43,3,72893,48,15,Bangkok,
A110087,2025-10-11,HP,553384,72,0.2255,18084,30,1,20963,34,0,Khon Kaen,Y
A110088,2025-12-15,CC,29106,0,0.1623,0,55,1,20019,27,17,Bangkok,Y
A110089,2022-02-14,CC,30826,0,0.0,0,36,1,22278,56,4,Rayong,
A110090,2024-03-01,PL,118075,12,0.1759,11570,38,1,41122,22,8,Chiang Mai,
A110091,2024-01-14,HP,286195,60,0.2287,10224,44,2,78748,15,999,Songkhla,
A110092,2025-11-20,PL,175447,36,0.1014,6356,35,1,58976,36,9,Ubon Ratchathani,Y
A110093,2023-07-24,HP,286505,48,0.258,12128,67,3,60713,27,1,Ubon Ratchathani,
A110094,2022-07-20,HP,283018,72,0.2677,10244,29,2,,68,10,Chiang Mai,
A110095,2022-04-10,PL,139470,24,0.2524,8744,45,3,17707,6,16,Chonburi,
A110096,2022-09-08,PL,112737,24,0.2025,6599,34,1,20907,7,13,Chiang Mai,
A110097,2025-11-20,PL,127982,36,0.1261,4899,29,1,,74,3,Nonthaburi,Y
A110098,2024-05-06,HP,466124,60,0.2191,16279,20,1,16066,18,2,Nonthaburi,Y
A110099,2025-12-28,PL,187756,24,0.179,10623,47,2,,99,2,Rayong,Y
A110100,2025-10-08,PL,103646,48,0.2782,4562,33,2,,5,6,Phuket,Y
A110101,2024-03-11,HP,192129,48,0.0992,5590,29,1,22702,84,12,Nonthaburi,
A110102,2024-03-23,PL,81024,48,0.2168,3151,55,1,9045,70,10,Rayong,
A110103,2023-09-21,CC,32952,0,0.2106,0,31,2,,15,12,Nakhon Ratchasima,
A110104,2022-05-22,HP,976463,72,0.2264,31984,34,2,,104,7,Phuket,
A110105,2025-02-05,HP,646189,48,0.1072,19234,33,2,,13,20,Rayong,Y
A110106,2025-09-26,CC,27493,0,0.211,0,37,3,57954,60,21,Rayong,Y
A110107,2025-07-12,CC,50841,0,0.2092,0,48,2,,14,13,Ubon Ratchathani,Y
A110108,2022-07-11,HP,240540,48,0.2022,9064,20,9,14207,86,9,Songkhla,
A110109,2025-06-30,HP,297905,60,0.1969,9853,32,1,18088,48,0,Nonthaburi,N
A110110,2022-06-26,HP,275395,72,0.217,8804,37,2,,53,1,Phuket,
A110111,2022-10-08,CC,26830,0,0.2545,0,20,2,83415,25,23,Samut Prakan,
A110112,2023-09-13,PL,61062,48,0.1998,2288,41,2,,73,21,Phuket,
A110113,2023-12-27,PL,78965,24,0.155,4310,23,2,,69,6,Udon Thani,
A110114,2022-09-04,HP,763979,48,0.1374,24663,48,2,57725,82,7,Songkhla,
A110115,2025-04-06,HP,247417,72,0.2626,8850,29,3,47048,39,8,Ubon Ratchathani,N
A110116,2024-09-19,PL,33496,24,0.1913,1929,20,3,33306,43,999,Samut Prakan,N
A110117,2022-10-04,HP,566164,48,0.1404,18419,38,1,41936,7,13,Ubon Ratchathani,
A110118,2024-03-20,PL,133238,12,0.2425,13795,40,1,54281,37,14,Chonburi,
A110119,2023-12-20,PL,65567,24,0.1881,3759,37,1,16686,49,14,Khon Kaen,
A110120,2024-06-08,PL,146130,12,0.1799,14368,34,3,35024,92,17,Ubon Ratchathani,Y
A110121,2024-03-28,HP,145558,72,0.2224,4719,22,3,25788,53,13,Khon Kaen,
A110122,2025-05-18,PL,418818,24,0.2478,26099,29,2,,120,3,Chiang Mai,Y
A110123,2025-12-01,PL,161176,24,0.1406,8604,23,1,33124,40,5,Nakhon Ratchasima,Y
A110124,2025-10-28,PL,181091,12,0.2785,19293,46,1,50264,46,2,Rayong,Y
A110125,2024-04-13,PL,212552,48,0.2283,8471,32,1,23856,45,16,Rayong,N
A110126,2023-07-18,HP,362841,48,0.1679,12635,45,1,25055,79,7,Songkhla,
A110127,2024-03-28,PL,575063,36,0.2428,27609,40,2,38864,4,999,Phuket,
A110128,2025-11-19,PL,334912,36,0.2157,15323,35,3,27533,40,0,Nonthaburi,Y
A110129,2022-07-09,PL,187172,48,0.1695,6543,32,1,,92,15,Chonburi,
A110130,2022-12-17,PL,190273,48,0.1161,5804,54,1,22226,100,15,Rayong,
A110131,2022-08-26,HP,216699,60,0.1913,7066,64,1,24088,5,10,Nakhon Ratchasima,
A110132,2024-05-02,PL,54469,48,0.1892,1993,33,3,13378,17,4,Chiang Mai,Y
A110133,2024-09-02,HP,904315,72,0.1412,23200,53,1,38450,57,20,Rayong,Y
A110134,2022-04-16,CC,36393,0,0.1013,0,26,1,,117,16,Bangkok,
A110135,2023-02-14,PL,83998,12,0.1309,7916,32,2,,53,22,Udon Thani,
A110136,2024-10-07,PL,213966,36,0.2447,10306,39,2,,8,15,Chonburi,Y
A110137,2023-09-13,PL,109529,36,0.2427,5257,25,1,30760,21,18,Samut Prakan,
A110138,2025-01-14,CC,101436,0,0.2295,0,26,1,41202,86,1,Khon Kaen,Y
A110139,2023-03-15,PL,191377,48,0.1933,7069,40,1,21093,165,999,Songkhla,
A110140,2023-01-26,PL,174951,48,0.1196,5388,39,1,21411,31,5,Samut Prakan,
A110141,2025-06-08,PL,272648,12,0.1635,26435,40,1,26701,0,16,Khon Kaen,Y
A110142,2025-11-07,HP,548721,36,0.1635,22718,46,1,55789,15,9,Nakhon Ratchasima,Y
A110143,2025-05-11,CC,79751,0,0.1559,0,49,1,51762,107,17,Khon Kaen,Y
A110144,2025-08-30,HP,332592,48,0.1926,12267,36,3,28541,125,13,Phuket,Y
A110145,2024-04-16,PL,142020,48,0.1749,5028,35,1,18893,4,9,Nakhon Ratchasima,Y
A110146,2025-03-09,PL,104576,48,0.1127,3160,31,2,,58,999,Ubon Ratchathani,Y
A110147,2024-08-19,PL,181318,48,0.1341,5803,36,1,23323,26,0,Ubon Ratchathani,Y
A110148,2023-06-21,PL,145556,12,0.1138,13510,30,1,38971,88,15,Udon Thani,
A110149,2024-04-23,HP,809596,60,0.2436,29928,23,2,,41,4,Ubon Ratchathani,Y
A110150,2024-02-04,CC,164610,0,0.2242,0,43,1,32858,13,12,Rayong,
A110151,2022-07-24,HP,215561,36,0.1757,9143,34,1,26951,41,9,Phuket,
A110152,2023-05-26,PL,59015,36,0.133,2293,53,1,,79,19,Nonthaburi,
A110153,2023-03-07,CC,20155,0,0.0,0,23,3,32917,58,10,Ubon Ratchathani,
A110154,2022-03-14,CC,59293,0,0.2652,0,41,3,15128,27,0,Phuket,
A110155,2022-11-08,HP,586484,72,0.1377,14875,42,3,24807,49,1,Udon Thani,
A110156,2023-10-23,PL,69204,12,0.1207,6463,44,2,30809,49,4,Phuket,
A110157,2025-09-18,PL,150872,24,0.09,7417,30,1,69304,27,6,Chiang Mai,Y
A110158,2022-04-29,PL,101677,12,0.2273,10399,37,3,28686,8,14,Songkhla,
A110159,2022-10-22,HP,233491,60,0.217,8113,21,1,26374,8,1,Phuket,
A110160,2023-10-30,PL,113831,12,0.2255,11624,25,1,27586,73,999,Ubon Ratchathani,
A110161,2022-09-28,CC,30076,0,0.2249,0,20,9,,51,10,Bangkok,
A110162,2024-07-29,PL,177675,12,0.1844,17536,42,3,20895,82,0,Chonburi,Y
A110163,2024-12-21,PL,82302,12,0.2634,8665,39,1,26388,99,3,Nakhon Ratchasima,Y
A110164,2025-11-05,CC,44861,0,0.1376,0,31,1,43960,132,35,Rayong,N
A110165,2022-01-22,PL,105548,12,0.2307,10824,20,1,13429,29,7,Samut Prakan,
A110166,2024-01-26,HP,539351,36,0.2613,26726,20,1,33535,125,8,Chonburi,
A110167,2022-01-01,HP,204604,48,0.1582,6959,51,1,14894,17,9,Phuket,
A110168,2023-06-25,PL,50164,48,0.2359,2031,25,1,53936,89,15,Bangkok,
A110169,2022-02-03,PL,341958,36,0.2583,16859,23,1,17103,86,16,Bangkok,
A110170,2025-06-26,HP,162581,36,0.2217,7519,38,1,63730,70,5,Nakhon Ratchasima,Y
A110171,2023-08-28,CC,51664,0,0.1387,0,27,9,33656,98,7,Samut Prakan,
A110172,2022-12-14,PL,137896,48,0.1192,4242,44,2,,15,2,Nakhon Ratchasima,
A110173,2023-09-14,HP,523178,60,0.1153,13746,33,2,30902,121,2,Phuket,
A110174,2022-05-18,HP,349307,48,0.2358,14141,29,1,,54,4,Nonthaburi,
A110175,2023-06-05,CC,169556,0,0.1662,0,34,3,14886,31,5,Khon Kaen,
A110176,2025-10-27,HP,209263,60,0.2262,7432,40,3,27418,20,4,Nakhon Ratchasima,N
A110177,2024-03-30,PL,180036,48,0.1586,6130,29,1,43151,117,17,Nakhon Ratchasima,
A110178,2023-04-07,CC,13613,0,0.1105,0,34,3,38478,3,12,Nakhon Ratchasima,
A110179,2023-06-07,CC,34432,0,0.1041,0,35,3,33671,84,20,Songkhla,
A110180,2025-10-26,HP,410620,72,0.2242,13374,35,1,16493,36,19,Songkhla,Y
A110181,2022-10-11,HP,326371,48,0.2677,14080,34,2,,41,0,Samut Prakan,
A110182,2025-05-14,HP,592469,72,0.2024,18221,20,3,14783,154,1,Songkhla,Y
A110183,2024-07-02,PL,131426,12,0.1672,12783,42,1,16127,7,2,Songkhla,Y
A110184,2024-10-23,HP,917104,60,0.1591,27444,30,3,31291,1,0,Phuket,Y
A110185,2022-10-11,PL,109749,24,0.2658,7003,41,1,24137,70,17,Rayong,
A110186,2022-12-04,PL,65598,12,0.1201,6123,33,1,23545,65,17,Khon Kaen,
A110187,2023-04-17,PL,83967,36,0.275,4256,35,1,48380,67,999,Rayong,
A110188,2022-10-31,HP,177291,48,0.1147,5388,34,2,,99,7,Chonburi,
A110189,2024-02-24,HP,346759,36,0.2531,16945,33,1,39303,68,6,Udon Thani,
A110190,2024-01-08,PL,72504,36,0.2092,3277,42,1,,77,3,Nonthaburi,
A110191,2022-11-25,PL,116336,24,0.1611,6409,60,1,16437,10,3,Bangkok,
A110192,2025-10-11,CC,31276,0,0.148,0,40,2,116685,32,8,Ubon Ratchathani,N
A110193,2023-12-15,CC,39049,0,0.1358,0,29,2,79715,78,5,Rayong,
A110194,2022-10-28,PL,131022,12,0.2186,13305,20,3,31772,106,999,Bangkok,
A110195,2022-06-02,PL,76661,48,0.1784,2736,27,3,14773,22,3,Ubon Ratchathani,
A110196,2025-03-05,PL,88269,36,0.1194,3330,37,1,37310,80,15,Chonburi,Y
A110197,2022-06-28,CC,68646,0,0.1946,0,41,1,23525,72,2,Songkhla,
A110198,2025-04-30,PL,95065,12,0.2051,9546,29,2,32564,112,999,Khon Kaen,Y
A110199,2024-08-06,CC,23512,0,0.1029,0,53,1,73567,52,17,Songkhla,Y
A110200,2022-12-10,PL,193071,48,0.0983,5603,24,1,31703,45,2,Ubon Ratchathani,
A110201,2025-09-12,HP,210474,60,0.1141,5509,33,3,25254,23,22,Chiang Mai,Y
A110202,2022-09-18,PL,166644,24,0.1353,8822,55,1,30120,33,8,Samut Prakan,
A110203,2025-07-17,CC,53974,0,0.0,0,22,2,,22,16,Samut Prakan,Y
A110204,2024-10-30,PL,100517,48,0.1704,3521,24,1,16328,155,8,Nakhon Ratchasima,Y
A110205,2023-06-01,PL,145857,24,0.1659,8093,39,2,15541,56,15,Khon Kaen,
A110206,2022-10-25,PL,130388,48,0.2346,5265,36,2,,47,17,Chonburi,
A110207,2023-11-06,HP,257403,72,0.2657,9274,48,2,,3,2,Ubon Ratchathani,
A110208,2023-10-09,HP,539589,36,0.2484,26158,29,3,17508,37,21,Nakhon Ratchasima,
A110209,2025-11-14,PL,92247,24,0.1921,5320,31,2,22244,9,8,Chiang Mai,Y
A110210,2024-03-30,HP,716440,36,0.1602,29465,47,2,,195,5,Nakhon Ratchasima,
A110211,2025-12-31,CC,41067,0,0.0,0,20,1,41101,44,16,Udon Thani,N
A110212,2023-03-17,PL,104177,48,0.1765,3702,44,1,27764,114,5,Samut Prakan,
A110213,2025-12-04,PL,92667,24,0.0961,4603,25,1,56410,73,999,Samut Prakan,Y
A110214,2023-01-03,HP,121396,60,0.1252,3289,31,2,,56,4,Samut Prakan,
A110215,2022-12-11,PL,173582,36,0.1371,6804,38,1,15588,66,8,Nonthaburi,
A110216,2025-01-17,PL,265110,24,0.2065,15608,25,1,51837,28,999,Chiang Mai,N
A110217,2025-09-05,PL,130672,48,0.1823,4707,32,2,,48,22,Songkhla,N
A110218,2022-02-26,CC,21521,0,0.1777,0,32,1,27785,28,7,Khon Kaen,
A110219,2022-05-24,HP,283196,48,0.1229,8800,49,3,21069,69,0,Songkhla,
A110220,2023-02-03,PL,341233,36,0.172,14369,28,2,85736,117,12,Chiang Mai,
A110221,2022-09-18,PL,48711,36,0.1391,1917,32,3,42430,17,15,Ubon Ratchathani,
A110222,2024-06-02,PL,317209,48,0.1028,9325,34,3,36942,23,11,Songkhla,Y
A110223,2024-07-06,PL,122024,12,0.1713,11910,38,1,,9,6,Ubon Ratchathani,N
A110224,2025-10-18,HP,440562,60,0.1955,14520,49,1,47153,22,7,Bangkok,Y
A110225,2022-06-30,HP,465908,36,0.2729,23537,54,1,62003,98,2,Rayong,
A110226,2025-08-27,PL,200097,24,0.1609,11020,21,1,16267,18,6,Phuket,N
A110227,2024-05-22,CC,75025,0,0.1295,0,36,1,35162,40,3,Phuket,Y
A110228,2023-08-18,CC,99471,0,0.1787,0,41,2,,73,4,Chonburi,
A110229,2024-09-04,PL,165486,48,0.2371,6717,45,1,28287,85,999,Rayong,Y
A110230,2022-12-02,PL,78160,48,0.1434,2562,45,1,22045,3,7,Samut Prakan,
A110231,2022-02-15,PL,109439,48,0.121,3383,39,3,24339,68,20,Chonburi,
A110232,2022-04-11,CC,29578,0,0.1135,0,30,1,35661,65,3,Nonthaburi,
A110233,2022-08-08,PL,64452,12,0.2267,6588,53,1,25145,89,5,Bangkok,
A110234,2023-01-18,PL,148762,48,0.1732,5246,23,1,24574,48,10,Nakhon Ratchasima,
A110235,2022-01-19,HP,111929,72,0.2756,4125,28,1,18316,59,16,Nakhon Ratchasima,
A110236,2023-11-25,HP,277965,72,0.2769,10274,52,9,18479,11,16,Chiang Mai,
A110237,2022-11-27,HP,264951,72,0.1996,8086,63,1,,43,10,Phuket,
A110238,2025-10-16,HP,324409,36,0.2013,14453,24,1,12869,62,21,Nonthaburi,N
A110239,2024-06-24,PL,182342,36,0.1001,6586,30,2,15431,82,9,Chiang Mai,Y
A110240,2025-03-28,CC,55509,0,0.2773,0,24,1,25749,56,6,Rayong,Y
A110241,2025-09-15,PL,59179,48,0.271,2569,49,3,62455,33,20,Nakhon Ratchasima,N
A110242,2023-08-08,CC,48212,0,0.1516,0,40,2,,51,0,Nakhon Ratchasima,
A110243,2023-04-16,PL,104660,24,0.1405,5586,46,1,23937,24,16,Nakhon Ratchasima,
A110244,2022-11-05,HP,207202,36,0.2766,10531,38,1,25567,6,9,Nakhon Ratchasima,
A110245,2023-11-30,PL,70950,12,0.1081,6551,36,3,15768,87,17,Chiang Mai,
A110246,2025-09-26,PL,87703,36,0.2414,4200,47,1,,38,8,Ubon Ratchathani,Y
A110247,2023-03-20,PL,228553,24,0.1273,11947,42,2,,27,999,Ubon Ratchathani,
A110248,2025-05-06,CC,20598,0,0.1769,0,29,1,45096,24,1,Nonthaburi,Y
A110249,2024-07-01,PL,170006,12,0.0958,15524,55,9,14703,20,12,Nonthaburi,Y
A110250,2023-12-25,PL,155997,36,0.101,5646,59,1,39619,38,999,Nakhon Ratchasima,
A110251,2024-08-18,CC,32710,0,0.17,0,60,2,43249,40,12,Nonthaburi,Y
A110252,2022-08-06,PL,65194,48,0.1468,2155,47,3,40835,80,9,Khon Kaen,
A110253,2023-05-19,HP,299721,36,0.1153,11205,38,1,,12,999,Chiang Mai,
A110254,2023-02-24,PL,114636,48,0.1057,3398,37,1,21402,0,5,Ubon Ratchathani,
A110255,2023-10-25,PL,84950,24,0.1157,4358,29,1,53176,27,13,Ubon Ratchathani,
A110256,2022-12-23,PL,119064,36,0.1085,4383,46,1,18753,176,27,Nonthaburi,
A110257,2024-10-05,PL,121179,36,0.2271,5659,30,1,23831,0,8,Bangkok,N
A110258,2022-04-06,HP,871583,36,0.211,39535,31,3,66019,93,999,Samut Prakan,
A110259,2025-09-10,HP,774487,36,0.1108,28664,29,1,13568,1,18,Bangkok,Y
A110260,2025-09-30,HP,287819,60,0.2535,10877,21,1,21387,91,17,Phuket,Y
A110261,2023-08-01,HP,305528,36,0.1782,13023,40,9,,56,3,Samut Prakan,
A110262,2023-05-12,HP,195601,72,0.0951,4266,53,3,16761,17,25,Bangkok,
A110263,2025-10-17,HP,461740,48,0.1826,16645,41,1,20283,20,21,Phuket,Y
A110264,2022-09-04,CC,65441,0,0.1799,0,53,1,25750,105,10,Ubon Ratchathani,
A110265,2024-04-19,CC,51437,0,0.2219,0,50,3,17096,32,14,Samut Prakan,Y
A110266,2023-02-17,PL,64100,36,0.2234,2973,45,1,,65,999,Ubon Ratchathani,
A110267,2024-12-12,PL,157210,24,0.2634,10001,31,2,47765,93,999,Udon Thani,Y
A110268,2024-12-30,HP,647924,36,0.1744,27414,45,1,21723,71,9,Nonthaburi,N
A110269,2022-05-08,HP,139295,72,0.2338,4648,48,9,,53,7,Nonthaburi,
A110270,2022-07-25,PL,66201,36,0.15,2666,28,3,26116,160,13,Bangkok,
A110271,2024-04-26,PL,144139,48,0.1937,5329,20,3,46241,69,999,Chiang Mai,Y
A110272,2022-04-24,CC,87648,0,0.2114,0,52,2,,106,21,Khon Kaen,
A110273,2024-02-06,HP,248378,72,0.2121,7839,43,1,16595,86,6,Samut Prakan,
A110274,2022-08-29,CC,50430,0,0.0,0,31,2,24032,45,14,Chonburi,
A110275,2023-05-09,HP,380700,48,0.1918,14016,29,1,27641,102,16,Udon Thani,
A110276,2025-10-03,HP,179271,72,0.2653,6453,46,1,42622,106,13,Chiang Mai,Y
A110277,2025-06-24,PL,105164,36,0.155,4279,31,2,46068,66,3,Nakhon Ratchasima,Y
A110278,2024-05-10,PL,72232,36,0.1315,2797,43,1,,25,14,Khon Kaen,Y
A110279,2023-11-29,HP,158268,60,0.1814,5030,37,1,86775,38,1,Samut Prakan,
A110280,2024-07-28,CC,64876,0,0.2557,0,25,1,30274,0,10,Songkhla,Y
A110281,2025-10-31,CC,31815,0,0.1225,0,44,3,26523,155,14,Nakhon Ratchasima,Y
A110282,2022-02-09,HP,684456,36,0.186,29621,47,1,11238,118,18,Samut Prakan,
A110283,2022-08-15,PL,63880,36,0.2026,2852,31,1,,40,17,Khon Kaen,
A110284,2022-10-31,HP,541579,60,0.1804,17168,20,2,,98,3,Bangkok,
A110285,2024-12-08,PL,127240,48,0.2311,5101,30,2,24370,68,31,Samut Prakan,N
A110286,2022-01-29,HP,509244,48,0.1209,15739,38,2,43760,61,8,Phuket,
A110287,2022-05-27,CC,37328,0,0.1445,0,34,1,17831,81,11,Samut Prakan,
A110288,2022-08-24,PL,133606,36,0.2353,6331,43,3,20780,19,5,Chonburi,
A110289,2023-01-08,HP,286942,60,0.1654,8737,40,1,,51,7,Nakhon Ratchasima,
A110290,2022-03-23,PL,97839,24,0.2758,6325,32,1,25058,153,17,Nakhon Ratchasima,
A110291,2022-12-23,HP,392914,60,0.1611,11823,36,1,26748,106,27,Chiang Mai,
A110292,2023-07-27,CC,62831,0,0.18,0,49,1,24519,96,26,Chonburi,
A110293,2024-04-22,PL,177269,48,0.2016,6671,42,1,19979,103,14,Udon Thani,Y
A110294,2022-06-27,PL,142365,12,0.1688,13866,45,2,,47,6,Udon Thani,
A110295,2025-04-02,PL,70304,48,0.239,2864,20,1,29155,2,9,Udon Thani,N
A110296,2022-11-09,HP,400330,60,0.2746,15833,30,1,24426,12,15,Rayong,
A110297,2025-09-30,HP,516216,60,0.212,17723,48,1,,78,16,Nakhon Ratchasima,N
A110298,2022-05-05,CC,68947,0,0.1129,0,21,2,,18,2,Bangkok,
A110299,2024-06-04,HP,605416,72,0.2215,19583,25,1,59625,35,10,Chiang Mai,Y
A110300,2022-07-13,HP,347301,36,0.2782,17698,34,2,62911,3,13,Ubon Ratchathani,
A110301,2024-10-09,PL,150895,48,0.129,4765,23,1,24212,15,10,Bangkok,Y
A110302,2024-07-13,HP,303925,36,0.108,11177,42,1,22119,13,14,Chonburi,Y
A110303,2022-10-29,HP,250665,60,0.2362,9111,31,1,17131,67,17,Khon Kaen,
A110304,2022-08-12,PL,380150,36,0.1942,16711,38,2,20160,59,21,Songkhla,
A110305,2024-05-03,PL,86472,48,0.2432,3553,38,1,,19,2,Songkhla,Y
A110306,2025-08-06,CC,54663,0,0.1499,0,43,3,23131,64,13,Bangkok,N
A110307,2022-11-12,CC,106211,0,0.1141,0,28,1,48027,154,10,Nakhon Ratchasima,
A110308,2025-11-22,CC,13684,0,0.2179,0,37,1,35467,53,21,Nonthaburi,Y
A110309,2022-09-13,PL,104197,24,0.1041,5245,31,2,26466,89,4,Samut Prakan,
A110310,2022-08-30,PL,48138,36,0.1634,1992,52,2,39110,60,12,Samut Prakan,
A110311,2024-08-02,HP,363876,48,0.2059,13824,30,3,,29,999,Nonthaburi,Y
A110312,2023-07-18,HP,233951,48,0.0949,6724,52,1,,41,24,Chonburi,
A110313,2025-08-09,PL,76542,36,0.2105,3468,47,1,,1,2,Phuket,Y
A110314,2023-03-30,HP,184367,60,0.138,5193,20,9,,34,9,Songkhla,
A110315,2024-03-08,HP,398279,48,0.2156,15453,41,9,34058,94,8,Ubon Ratchathani,
A110316,2023-06-12,PL,190565,12,0.1639,18483,42,2,26397,94,9,Songkhla,
A110317,2025-11-24,PL,96300,24,0.189,5529,27,2,,32,12,Bangkok,N
A110318,2022-08-01,CC,80621,0,0.1181,0,42,1,32466,8,4,Khon Kaen,
A110319,2023-06-04,HP,681037,72,0.1697,19089,30,2,44183,43,999,Phuket,
A110320,2025-12-18,CC,44239,0,0.1858,0,46,2,90717,8,8,Ubon Ratchathani,Y
A110321,2024-04-13,HP,677743,72,0.1227,16343,65,2,56992,96,0,Chiang Mai,Y
A110322,2025-11-07,HP,286580,36,0.222,13262,47,1,21438,7,4,Khon Kaen,N
A110323,2022-01-25,PL,68006,48,0.1035,2003,42,2,45757,9,1,Nakhon Ratchasima,
A110324,2025-03-24,HP,566563,72,0.1746,16112,48,1,28588,66,999,Bangkok,Y
A110325,2025-06-25,CC,54854,0,0.2141,0,44,3,30727,103,5,Samut Prakan,Y
A110326,2023-09-22,HP,349181,48,0.0926,9969,33,1,38093,92,999,Chonburi,
A110327,2025-08-20,CC,30905,0,0.1634,0,33,9,,41,16,Nakhon Ratchasima,Y
A110328,2025-11-07,PL,122959,36,0.1007,4447,44,2,,70,999,Nonthaburi,Y
A110329,2025-02-09,HP,677527,72,0.0904,14514,25,1,33234,23,1,Khon Kaen,Y
A110330,2023-01-21,PL,161698,12,0.2518,16867,20,1,23916,127,23,Chiang Mai,
A110331,2023-02-24,HP,245816,72,0.0958,5376,24,3,26290,114,9,Songkhla,
A110332,2022-09-30,HP,298104,60,0.2467,11096,41,3,33401,48,9,Bangkok,
A110333,2025-09-13,HP,668717,60,0.2686,26113,35,1,17419,100,999,Bangkok,Y
A110334,2023-09-11,HP,105268,72,0.1495,2773,48,2,,27,999,Chiang Mai,
A110335,2024-02-09,PL,98156,36,0.2441,4723,35,1,17581,158,4,Samut Prakan,
A110336,2025-04-11,HP,160430,60,0.2371,5843,26,2,48356,31,21,Khon Kaen,Y
A110337,2025-02-26,HP,245705,60,0.1423,7008,28,1,84877,53,2,Bangkok,Y
A110338,2025-08-14,HP,602508,48,0.1509,20128,40,1,56096,40,16,Ubon Ratchathani,Y
A110339,2025-01-09,PL,123465,12,0.2203,12555,24,1,21184,174,11,Songkhla,Y
A110340,2023-01-27,CC,25747,0,0.1813,0,46,3,23592,3,1,Chiang Mai,
A110341,2025-09-11,PL,29392,48,0.2621,1254,45,1,19757,91,2,Samut Prakan,N
A110342,2022-02-27,PL,51155,24,0.1717,2863,44,2,59690,111,6,Udon Thani,
A110343,2022-01-13,CC,97390,0,0.1408,0,31,1,,170,23,Nonthaburi,
A110344,2022-07-11,PL,167392,36,0.2132,7623,29,1,21491,52,999,Nonthaburi,
A110345,2023-08-18,CC,34608,0,0.13,0,47,1,22936,10,7,Ubon Ratchathani,
A110346,2022-10-20,HP,375301,36,0.1334,14597,47,2,20398,52,12,Nakhon Ratchasima,
A110347,2023-06-07,HP,929490,72,0.1871,27401,30,1,46112,104,10,Songkhla,
A110348,2024-10-02,CC,25596,0,0.0,0,46,1,38066,62,1,Songkhla,Y
A110349,2023-06-19,PL,105377,24,0.2299,6409,42,1,39028,107,0,Phuket,
A110350,2023-02-06,CC,103574,0,0.136,0,36,1,13921,62,12,Chiang Mai,
A110351,2022-04-05,PL,63116,12,0.0948,5758,41,2,18597,54,4,Rayong,
A110352,2025-01-02,CC,68204,0,0.2606,0,43,1,15030,69,8,Songkhla,Y
A110353,2025-05-22,HP,426352,48,0.1011,12474,41,1,32954,46,12,Ubon Ratchathani,Y
A110354,2022-05-09,CC,102990,0,0.1275,0,33,1,17661,52,11,Bangkok,
A110355,2024-01-28,CC,22632,0,0.1248,0,42,3,29430,21,6,Udon Thani,
A110356,2022-05-07,HP,506863,36,0.2004,22544,35,1,25386,26,10,Chonburi,
A110357,2025-05-11,PL,94270,48,0.1329,3007,20,1,,82,10,Rayong,Y
A110358,2024-02-10,PL,87213,12,0.1582,8417,35,2,,77,16,Nonthaburi,
A110359,2022-12-25,PL,88572,24,0.1123,4519,35,1,23873,11,4,Chiang Mai,
A110360,2022-08-20,PL,37171,36,0.1156,1390,42,1,,20,24,Nakhon Ratchasima,
A110361,2022-05-19,HP,301935,60,0.1987,10031,27,1,44141,39,3,Ubon Ratchathani,
A110362,2025-02-14,PL,104152,12,0.2301,10676,35,1,30879,86,0,Nakhon Ratchasima,Y
A110363,2025-11-21,CC,60137,0,0.2011,0,52,2,64416,30,0,Udon Thani,N
A110364,2022-07-14,PL,52167,48,0.2389,2125,24,3,47265,73,6,Phuket,
A110365,2025-08-12,CC,63457,0,0.1494,0,37,1,,96,999,Rayong,Y
A110366,2022-11-20,PL,356064,24,0.219,21334,46,3,,41,2,Bangkok,
A110367,2025-07-31,HP,1120304,48,0.2716,48695,50,2,,37,11,Phuket,Y
A110368,2025-01-10,CC,64321,0,0.092,0,20,1,17946,46,999,Udon Thani,Y
A110369,2023-02-05,PL,48999,36,0.1374,1922,43,1,41661,45,8,Songkhla,
A110370,2024-05-31,PL,206648,12,0.1722,20186,34,1,28870,16,4,Songkhla,Y
A110371,2024-10-24,HP,740759,60,0.1527,21772,38,1,40159,115,19,Ubon Ratchathani,N
A110372,2023-11-02,PL,242040,36,0.1833,10420,39,1,21326,88,0,Samut Prakan,
A110373,2023-12-03,PL,189894,36,0.1018,6885,45,2,,53,17,Samut Prakan,
A110374,2025-05-30,HP,443197,72,0.2315,14705,44,1,19089,55,7,Chiang Mai,Y
A110375,2025-03-04,PL,212735,48,0.2389,8667,20,1,24375,61,22,Songkhla,Y
A110376,2023-04-02,HP,302899,36,0.21,13714,44,2,,90,10,Udon Thani,
A110377,2022-08-10,PL,128916,36,0.2543,6312,29,3,46897,53,11,Chonburi,
A110378,2023-06-05,PL,197259,36,0.2292,9247,46,1,19806,37,4,Songkhla,
A110379,2025-12-29,CC,46630,0,0.207,0,20,1,,93,15,Rayong,N
A110380,2023-03-01,HP,458444,36,0.1707,19255,49,2,21666,48,7,Ubon Ratchathani,
A110381,2025-08-05,CC,20999,0,0.1856,0,47,3,19550,55,8,Samut Prakan,Y
A110382,2022-04-10,HP,307238,72,0.1399,7849,29,3,35597,12,0,Nakhon Ratchasima,
A110383,2025-08-09,PL,110875,12,0.2442,11495,41,2,,8,6,Chonburi,Y
A110384,2023-09-01,CC,36621,0,0.1694,0,43,1,26715,54,4,Khon Kaen,
A110385,2024-07-09,PL,113205,12,0.2646,11929,20,1,31343,17,24,Ubon Ratchathani,Y
A110386,2024-10-12,HP,151724,48,0.2407,6204,30,2,,65,6,Nakhon Ratchasima,N
A110387,2023-11-30,HP,123144,72,0.1874,3633,39,1,28856,3,15,Ubon Ratchathani,
A110388,2024-04-30,CC,35377,0,0.1092,0,31,2,36674,38,13,Chiang Mai,Y
A110389,2024-08-17,PL,173365,24,0.213,10300,43,1,45488,41,14,Ubon Ratchathani,Y
A110390,2022-08-22,PL,97570,12,0.247,10139,42,1,9387,90,10,Bangkok,
A110391,2023-12-15,HP,278288,48,0.2705,12070,22,2,,1,8,Phuket,
A110392,2025-05-02,PL,59109,12,0.1141,5487,51,1,20322,105,2,Udon Thani,Y
A110393,2025-03-29,CC,85401,0,0.1691,0,34,3,116137,67,5,Rayong,Y
A110394,2025-08-22,PL,147048,24,0.1721,8235,36,1,46459,13,22,Nakhon Ratchasima,Y
A110395,2024-09-22,PL,61308,24,0.2109,3631,20,3,32023,21,7,Chiang Mai,Y
A110396,2022-10-23,PL,207231,48,0.1554,7000,42,1,24367,39,999,Bangkok,
A110397,2024-04-15,PL,155706,12,0.2074,15666,28,1,,17,3,Phuket,Y
A110398,2023-05-24,CC,77221,0,0.2453,0,37,1,23905,25,6,Songkhla,
A110399,2025-03-31,CC,66428,0,0.147,0,52,3,19947,127,2,Chiang Mai,N
A110400,2025-05-25,PL,177599,24,0.2277,10769,69,1,31358,97,8,Nakhon Ratchasima,Y
A110401,2024-03-30,PL,88555,12,0.2239,9031,51,3,9756,3,5,Chonburi,
A110402,2022-01-19,PL,61779,24,0.2273,3744,42,1,41271,62,10,Khon Kaen,
A110403,2025-11-20,CC,85363,0,0.2197,0,26,3,36220,57,5,Khon Kaen,Y
A110404,2024-07-25,CC,111311,0,0.2252,0,20,3,26478,42,12,Phuket,N
A110405,2023-01-24,PL,270973,48,0.1083,8090,40,3,51239,90,13,Udon Thani,
A110406,2022-01-10,HP,591236,60,0.2551,22422,24,1,,50,19,Ubon Ratchathani,
A110407,2025-07-01,PL,131532,36,0.1237,5009,26,1,17838,124,15,Chonburi,Y
A110408,2024-06-21,CC,79558,0,0.1243,0,55,3,41197,53,13,Nonthaburi,Y
A110409,2022-07-19,CC,22887,0,0.2202,0,42,2,,8,14,Samut Prakan,
A110410,2024-01-19,PL,184652,36,0.2794,9428,33,1,,36,25,Songkhla,
A110411,2023-11-08,CC,47996,0,0.0,0,38,1,21606,84,3,Udon Thani,
A110412,2024-04-12,PL,58423,12,0.1062,5385,37,3,24894,97,999,Udon Thani,Y
A110413,2023-12-26,HP,1004293,72,0.2285,33071,40,1,27616,83,11,Samut Prakan,
A110414,2023-08-30,PL,47239,48,0.1687,1648,41,3,18949,64,7,Phuket,
A110415,2022-09-08,HP,287577,36,0.1441,11441,53,1,25197,32,10,Rayong,
A110416,2023-07-09,PL,118966,48,0.1554,4019,38,2,35027,20,22,Bangkok,
A110417,2025-04-15,PL,275051,36,0.2363,13056,42,3,54141,112,999,Chiang Mai,Y
A110418,2024-08-14,HP,362223,36,0.1876,15724,60,3,18357,54,3,Rayong,Y
A110419,2023-08-06,PL,74720,48,0.1785,2668,28,1,29052,136,23,Samut Prakan,
A110420,2023-08-29,PL,130030,12,0.1494,12454,45,3,36400,66,2,Chiang Mai,
A110421,2024-02-16,PL,172101,12,0.2634,18119,50,1,16974,51,10,Nonthaburi,
A110422,2022-03-07,PL,108906,12,0.2574,11411,26,1,12367,66,13,Phuket,
A110423,2024-03-20,CC,34084,0,0.2395,0,41,9,,68,9,Khon Kaen,
A110424,2022-08-31,CC,39347,0,0.0955,0,39,3,25705,135,1,Chonburi,
A110425,2025-12-09,PL,181395,36,0.1279,6972,45,2,39816,82,20,Nonthaburi,Y
A110426,2024-04-04,PL,52512,12,0.1778,5154,42,1,18061,93,4,Songkhla,N
A110427,2024-05-15,PL,53015,36,0.2785,2703,35,1,14563,20,5,Phuket,Y
A110428,2024-06-16,CC,95349,0,0.2464,0,36,1,9000,15,10,Chiang Mai,Y
A110429,2025-10-31,CC,63836,0,0.227,0,41,2,26856,45,11,Khon Kaen,Y
A110430,2022-10-14,PL,147601,36,0.1372,5787,33,2,,15,12,Samut Prakan,
A110431,2022-08-31,PL,38078,24,0.1964,2209,34,2,,112,13,Khon Kaen,
A110432,2022-02-26,HP,274050,36,0.142,10855,43,1,59056,27,2,Udon Thani,
A110433,2024-07-09,CC,33112,0,0.1333,0,23,1,9000,119,2,Nakhon Ratchasima,N
A110434,2024-01-13,PL,144271,48,0.2527,6043,32,1,13333,41,0,Khon Kaen,
A110435,2022-09-27,HP,801320,72,0.1318,19930,54,3,18850,60,17,Ubon Ratchathani,
A110436,2024-03-11,PL,101737,36,0.2028,4545,33,1,23892,19,1,Samut Prakan,
A110437,2025-11-22,PL,189157,48,0.2534,7935,44,1,29833,101,14,Phuket,N
A110438,2025-09-06,HP,167100,60,0.1086,4297,47,2,41894,63,7,Bangkok,Y
A110439,2022-06-10,PL,211914,48,0.2245,8379,43,1,24929,40,10,Nakhon Ratchasima,
A110440,2022-11-29,PL,269811,24,0.2676,17258,36,2,36399,10,3,Khon Kaen,
A110441,2025-10-05,PL,162604,48,0.1086,4859,22,3,34081,105,10,Chiang Mai,N
A110442,2025-04-02,CC,21827,0,0.2469,0,43,1,17091,119,24,Songkhla,Y
A110443,2025-01-20,HP,170695,60,0.2175,5938,22,3,22983,34,20,Udon Thani,N
A110444,2024-07-02,HP,517456,60,0.1831,16519,23,1,16517,68,4,Chiang Mai,N
A110445,2024-10-15,PL,216400,36,0.1359,8461,35,3,19164,39,12,Samut Prakan,Y
A110446,2022-11-03,PL,52158,36,0.2764,2650,28,1,24941,86,4,Nakhon Ratchasima,
A110447,2023-09-16,HP,439884,48,0.2759,19277,39,3,30665,34,13,Khon Kaen,
A110448,2025-05-07,HP,181035,72,0.1242,4388,42,1,,19,25,Songkhla,Y
A110449,2023-01-22,PL,46158,12,0.1486,4418,35,2,,79,11,Khon Kaen,
A110450,2025-06-09,HP,240958,72,0.1125,5605,48,1,23958,39,19,Nakhon Ratchasima,Y
A110451,2022-12-19,PL,238533,48,0.1895,8736,37,3,14982,77,22,Rayong,
A110452,2025-07-07,HP,301710,48,0.1952,11193,39,1,14479,35,999,Udon Thani,Y
A110453,2022-05-11,CC,22552,0,0.2188,0,44,2,,6,4,Rayong,
A110454,2024-06-06,PL,114298,24,0.1605,6291,31,1,29088,5,3,Khon Kaen,N
A110455,2023-02-17,PL,109440,36,0.2425,5251,54,2,,54,11,Phuket,
A110456,2022-12-14,HP,218585,36,0.1699,9166,38,1,13701,20,12,Ubon Ratchathani,
A110457,2025-02-10,CC,44774,0,0.0,0,39,1,13982,68,11,Chonburi,N
A110458,2023-10-11,PL,95301,48,0.2721,4146,54,1,25249,15,3,Ubon Ratchathani,
A110459,2024-12-15,CC,34021,0,0.2475,0,33,3,15497,100,9,Ubon Ratchathani,Y
A110460,2025-02-25,PL,138466,48,0.1896,5072,29,1,33228,45,4,Rayong,Y
A110461,2025-03-20,PL,125320,24,0.1768,7068,30,1,15741,84,7,Phuket,N
A110462,2023-06-27,PL,344765,48,0.2085,13172,44,1,42984,20,18,Songkhla,
A110463,2023-05-25,PL,154697,48,0.2684,6682,44,2,42073,5,1,Ubon Ratchathani,
A110464,2025-07-31,CC,93863,0,0.2204,0,53,2,,39,1,Nonthaburi,N
A110465,2023-09-17,CC,51779,0,0.0909,0,40,1,33454,68,999,Nakhon Ratchasima,
A110466,2024-07-23,PL,136163,36,0.2211,6291,56,2,39729,68,999,Phuket,Y
A110467,2024-05-29,CC,38451,0,0.2044,0,48,2,17590,42,999,Udon Thani,Y
A110468,2024-06-13,PL,91274,12,0.1132,8467,33,1,45669,0,17,Nonthaburi,Y
A110469,2022-08-06,PL,181688,24,0.1603,9997,29,1,71142,67,999,Ubon Ratchathani,
A110470,2023-05-31,HP,229830,60,0.2163,7973,37,3,25525,14,5,Bangkok,
A110471,2023-10-21,PL,37137,48,0.2259,1472,34,1,18105,0,1,Rayong,
A110472,2025-08-02,HP,1089924,60,0.2516,41017,37,3,33490,131,999,Phuket,Y
A110473,2022-03-08,HP,264932,48,0.144,8698,45,2,31829,25,8,Songkhla,
A110474,2024-04-08,CC,46052,0,0.261,0,31,1,27608,22,3,Songkhla,Y
A110475,2022-05-08,PL,62544,24,0.1721,3502,32,2,47766,59,20,Ubon Ratchathani,
A110476,2024-04-23,HP,323338,72,0.2249,10550,43,1,18564,0,999,Chiang Mai,N
A110477,2025-08-26,PL,174324,24,0.1299,9150,28,1,35645,23,19,Phuket,Y
A110478,2024-10-14,HP,348250,72,0.2309,11537,32,1,29729,144,6,Nakhon Ratchasima,Y
A110479,2022-04-22,HP,282126,48,0.1931,10417,56,2,,146,10,Ubon Ratchathani,
A110480,2022-03-29,HP,424353,72,0.2614,15137,51,1,28872,45,11,Phuket,
A110481,2024-11-28,PL,156674,48,0.1809,5625,62,1,27828,28,13,Nonthaburi,Y
A110482,2023-12-02,HP,173085,72,0.2055,5368,45,1,35733,8,15,Songkhla,
A110483,2023-02-24,PL,122293,12,0.1108,11320,41,2,93282,70,5,Khon Kaen,
A110484,2023-09-12,HP,551418,72,0.2193,17735,22,1,32622,21,8,Chiang Mai,
A110485,2022-04-06,HP,436077,48,0.2779,19183,20,1,13906,55,999,Rayong,
A110486,2022-08-16,CC,39296,0,0.1278,0,40,1,18790,22,4,Udon Thani,
A110487,2022-09-05,HP,130519,72,0.1935,3917,32,1,49103,90,20,Phuket,
A110488,2023-02-18,PL,101459,48,0.1503,3384,47,3,29909,36,0,Chiang Mai,
A110489,2022-02-07,PL,84909,48,0.2544,3569,49,2,,42,12,Khon Kaen,
A110490,2022-01-28,PL,242161,24,0.2366,14864,20,1,46931,28,6,Chiang Mai,
A110491,2023-12-17,PL,94283,12,0.2467,9795,31,1,25037,8,17,Chiang Mai,
A110492,2025-07-07,HP,103920,72,0.1929,3113,46,1,22190,48,20,Songkhla,Y
A110493,2022-05-19,HP,332537,48,0.1395,10793,23,1,63096,80,5,Nonthaburi,
A110494,2022-01-14,PL,197735,12,0.2319,20299,56,2,11508,16,999,Bangkok,
A110495,2024-12-13,PL,95877,48,0.2537,4024,36,9,,36,5,Samut Prakan,Y
A110496,2023-05-23,CC,79986,0,0.2668,0,31,1,35805,48,999,Phuket,
A110497,2023-09-18,PL,207446,24,0.2687,13288,39,3,25376,21,10,Phuket,
A110498,2022-11-24,HP,138602,72,0.1627,3804,34,1,34038,138,5,Udon Thani,
A110499,2023-07-03,CC,41947,0,0.11,0,49,1,74506,41,10,Udon Thani,
A110500,2023-11-16,HP,300291,48,0.2424,12321,24,3,18173,46,18,Chonburi,
A110501,2023-10-02,PL,67400,12,0.2716,7142,60,2,21693,94,9,Bangkok,
A110502,2025-11-25,PL,71344,12,0.1616,6906,23,1,49485,50,12,Udon Thani,N
A110503,2023-08-08,CC,71334,0,0.1707,0,27,2,,18,2,Chonburi,
A110504,2024-01-26,PL,222466,24,0.2702,14278,32,1,14372,0,11,Ubon Ratchathani,
A110505,2022-06-15,PL,152024,36,0.1389,5982,20,2,,41,22,Khon Kaen,
A110506,2023-03-27,PL,307181,36,0.1444,12229,39,3,22696,47,17,Chiang Mai,
A110507,2022-09-22,CC,77327,0,0.1018,0,31,3,,135,9,Samut Prakan,
A110508,2023-11-10,PL,165444,48,0.2545,6955,42,1,43140,26,7,Bangkok,
A110509,2025-02-01,CC,79308,0,0.1868,0,45,2,,77,2,Phuket,N
A110510,2023-04-27,CC,81198,0,0.16,0,45,1,28970,22,5,Chiang Mai,
A110511,2023-04-27,PL,262606,48,0.1536,8832,20,1,35628,3,14,Udon Thani,
A110512,2024-05-10,PL,155688,24,0.158,8536,30,2,45907,65,999,Udon Thani,Y
A110513,2024-02-07,HP,628602,48,0.2577,26595,35,2,33024,3,14,Nonthaburi,
A110514,2024-01-24,HP,1038711,60,0.2617,39964,21,2,,6,2,Chonburi,
A110515,2022-03-18,CC,54968,0,0.1365,0,33,2,69577,79,14,Samut Prakan,
A110516,2023-04-14,PL,204628,12,0.1271,19219,33,1,22394,16,0,Bangkok,
A110517,2025-06-29,HP,279592,36,0.2705,14068,28,2,33231,65,11,Khon Kaen,Y
A110518,2024-09-10,PL,313501,48,0.2162,12179,24,2,,10,6,Chiang Mai,N
A110519,2022-10-04,CC,27779,0,0.2525,0,31,3,43783,35,2,Khon Kaen,
A110520,2023-04-10,PL,171902,12,0.1728,16800,44,3,48922,55,22,Chiang Mai,
A110521,2022-10-15,HP,270909,36,0.2392,12925,50,3,13698,146,12,Songkhla,
A110522,2023-08-27,CC,101299,0,0.187,0,26,1,,85,999,Udon Thani,
A110523,2023-02-11,PL,129236,48,0.0931,3695,51,9,,105,3,Phuket,
A110524,2022-05-08,CC,65647,0,0.1248,0,43,1,,62,10,Rayong,
A110525,2025-05-30,PL,94953,24,0.2757,6137,42,1,,60,5,Udon Thani,N
A110526,2022-03-06,HP,252833,60,0.2636,9767,47,1,20071,59,0,Nakhon Ratchasima,
A110527,2022-08-21,PL,240415,12,0.1436,22911,35,1,35004,71,1,Phuket,
A110528,2025-03-25,HP,347580,48,0.0976,10068,34,1,30623,4,20,Samut Prakan,Y
A110529,2023-06-03,HP,93183,60,0.1236,2512,36,1,48492,16,999,Chonburi,
A110530,2022-01-29,HP,729627,60,0.1302,20076,41,9,14221,1,1,Songkhla,
A110531,2023-03-15,PL,135909,12,0.1755,13313,36,1,,42,7,Samut Prakan,
A110532,2023-02-11,HP,305344,36,0.1293,11771,37,1,38364,35,2,Samut Prakan,
A110533,2025-10-31,PL,145528,36,0.1265,5576,23,1,23111,78,999,Samut Prakan,Y
A110534,2022-11-01,HP,201071,60,0.1124,5234,20,9,26732,76,6,Songkhla,
A110535,2025-10-20,PL,139538,12,0.1912,13851,55,1,20664,92,7,Khon Kaen,Y
A110536,2022-09-14,PL,122817,48,0.1939,4543,21,1,,68,999,Udon Thani,
A110537,2023-10-04,PL,218556,24,0.1436,11721,42,1,41189,17,3,Udon Thani,
A110538,2023-10-12,PL,145591,48,0.2018,5481,33,1,35008,55,15,Songkhla,
A110539,2022-05-22,HP,415391,72,0.1581,11242,31,3,46236,63,12,Samut Prakan,
A110540,2024-02-22,PL,55866,36,0.2436,2685,42,1,25544,88,4,Chonburi,
A110541,2025-05-13,HP,794486,72,0.1464,20727,59,3,,167,3,Khon Kaen,Y
A110542,2025-01-29,CC,84697,0,0.0941,0,31,3,19983,78,4,Udon Thani,N
A110543,2024-10-12,HP,192385,60,0.1064,4912,37,3,17133,60,10,Samut Prakan,N
A110544,2022-07-09,CC,25783,0,0.1022,0,26,2,,29,12,Samut Prakan,
A110545,2025-12-07,PL,181645,12,0.2647,19143,36,1,56571,50,17,Samut Prakan,N
A110546,2025-05-26,PL,249221,48,0.1002,7273,35,1,21102,75,10,Nakhon Ratchasima,N
A110547,2022-01-16,CC,28344,0,0.2203,0,33,1,18805,66,999,Chiang Mai,
A110548,2025-07-10,PL,42290,12,0.2383,4363,36,1,,13,999,Phuket,Y
A110549,2024-04-27,PL,184794,12,0.1065,17039,20,1,,17,11,Khon Kaen,N
A110550,2024-08-15,HP,630145,36,0.2525,30763,24,3,24319,35,17,Nonthaburi,Y
A110551,2025-07-19,PL,43059,12,0.1005,3948,31,1,27471,5,7,Nakhon Ratchasima,Y
A110552,2025-05-27,HP,280340,72,0.1841,8194,49,1,62856,58,2,Udon Thani,Y
A110553,2024-04-04,HP,155937,48,0.0905,4424,33,1,39819,113,15,Nakhon Ratchasima,N
A110554,2025-04-04,PL,52239,24,0.1775,2949,36,1,32945,60,18,Bangkok,N
A110555,2022-01-12,PL,174983,24,0.2794,11365,52,1,16131,33,0,Samut Prakan,
A110556,2025-02-19,PL,77690,48,0.2698,3365,36,1,32321,84,18,Songkhla,Y
A110557,2024-11-10,CC,43130,0,0.182,0,26,1,14547,104,9,Samut Prakan,Y
A110558,2023-10-24,HP,241135,72,0.1176,5712,21,2,,56,16,Udon Thani,
A110559,2024-05-30,PL,241517,36,0.1929,10591,39,1,,29,9,Nonthaburi,Y
A110560,2025-09-08,CC,43791,0,0.2262,0,47,3,21864,108,2,Udon Thani,Y
A110561,2024-10-17,PL,86867,12,0.2194,8827,38,2,,110,0,Phuket,Y
A110562,2025-03-20,PL,156952,48,0.2673,6765,36,1,55514,163,1,Songkhla,N
A110563,2023-04-15,HP,451086,72,0.1739,12802,20,1,35421,39,7,Chonburi,
A110564,2023-07-24,CC,96546,0,0.1915,0,28,1,22249,97,1,Nakhon Ratchasima,
A110565,2024-05-29,CC,35438,0,0.2214,0,35,1,13788,151,7,Rayong,Y
A110566,2022-09-14,PL,102031,48,0.1298,3229,36,1,52475,166,28,Nakhon Ratchasima,
A110567,2022-03-21,PL,140237,12,0.2425,14520,22,2,133487,132,6,Samut Prakan,
A110568,2024-12-08,CC,21726,0,0.2677,0,20,1,19894,51,1,Ubon Ratchathani,Y
A110569,2024-02-17,HP,405242,36,0.2627,20128,37,3,47811,27,16,Rayong,
A110570,2024-12-02,PL,224347,12,0.1627,21737,52,1,28771,41,2,Khon Kaen,Y
A110571,2024-06-01,HP,136411,60,0.1111,3536,34,1,22461,30,6,Chiang Mai,Y
A110572,2022-01-26,HP,350863,72,0.2601,12478,50,1,72185,83,21,Bangkok,
A110573,2025-05-08,PL,198262,48,0.1826,7147,53,1,18080,97,3,Ubon Ratchathani,Y
A110574,2022-02-16,PL,153503,48,0.129,4848,36,1,,100,1,Nonthaburi,
A110575,2024-03-31,HP,1819192,72,0.1898,54040,44,2,,33,13,Songkhla,
A110576,2022-11-19,PL,156334,36,0.2796,7985,40,1,,88,3,Ubon Ratchathani,
A110577,2023-03-23,CC,40071,0,0.1832,0,65,2,,32,15,Songkhla,
A110578,2022-04-17,HP,363073,48,0.1373,11718,44,2,,81,18,Ubon Ratchathani,
A110579,2025-07-16,PL,59750,12,0.1759,5855,29,1,46203,28,999,Udon Thani,Y
A110580,2025-05-29,PL,118602,48,0.1817,4266,34,2,,122,999,Rayong,Y
A110581,2024-05-26,CC,36595,0,0.1984,0,29,2,,69,12,Chonburi,N
A110582,2025-10-07,HP,482255,36,0.1114,17872,47,1,20095,105,14,Songkhla,Y
A110583,2025-09-07,HP,434572,48,0.1725,15300,34,9,,46,16,Bangkok,Y
A110584,2022-01-30,HP,203059,72,0.2474,7006,47,3,22115,0,11,Udon Thani,
A110585,2023-12-06,PL,111659,24,0.2274,6768,41,1,34116,77,11,Bangkok,
A110586,2025-08-26,CC,37339,0,0.1073,0,29,3,15847,64,6,Rayong,Y
A110587,2022-06-04,CC,66331,0,0.2208,0,43,1,9644,38,11,Nonthaburi,
A110588,2023-08-21,CC,30445,0,0.2643,0,43,1,58935,81,3,Samut Prakan,
A110589,2024-10-24,PL,128365,24,0.1905,7386,20,2,,52,12,Chiang Mai,Y
A110590,2023-11-10,HP,592456,60,0.2463,22034,41,3,38672,64,14,Songkhla,
A110591,2023-05-02,PL,76580,48,0.1009,2239,44,2,,82,2,Ubon Ratchathani,
A110592,2022-08-27,HP,316944,72,0.2458,10894,33,1,16075,40,24,Rayong,
A110593,2024-08-27,HP,477244,72,0.2189,15334,42,3,30261,100,4,Ubon Ratchathani,Y
A110594,2022-05-29,PL,257540,24,0.1542,14040,20,3,29403,99,15,Nakhon Ratchasima,
A110595,2022-02-25,CC,52470,0,0.1673,0,57,1,26342,14,16,Chiang Mai,
A110596,2025-10-02,PL,366202,24,0.1372,19445,47,1,,37,0,Rayong,Y
A110597,2024-02-07,CC,65628,0,0.1337,0,22,2,,55,999,Rayong,
A110598,2023-08-06,PL,354023,36,0.227,16530,43,1,21735,120,999,Khon Kaen,
A110599,2022-06-19,CC,19280,0,0.2526,0,48,1,16177,112,3,Ubon Ratchathani,
A110600,2023-09-21,PL,178279,24,0.2383,10968,31,3,18110,27,6,Bangkok,
A110601,2024-06-23,HP,269126,72,0.1902,8003,50,3,22860,62,14,Ubon Ratchathani,Y
A110602,2024-07-04,PL,84855,12,0.2139,8583,44,1,44555,45,0,Songkhla,N
A110603,2025-05-24,PL,226996,24,0.0942,11240,35,3,24684,52,8,Songkhla,Y
A110604,2022-11-15,PL,147472,12,0.2728,15641,43,1,,40,3,Khon Kaen,
A110605,2024-02-24,HP,241737,36,0.1254,9241,30,1,37996,79,1,Phuket,
A110606,2023-09-06,HP,301370,48,0.275,13184,65,1,24003,112,5,Nonthaburi,
A110607,2024-07-17,PL,112322,48,0.235,4539,30,1,44099,70,999,Nakhon Ratchasima,Y
A110608,2024-01-13,HP,488928,60,0.1961,16138,31,1,36252,6,17,Phuket,
A110609,2024-10-29,HP,322411,72,0.2313,10692,29,1,16877,46,13,Khon Kaen,Y
A110610,2024-04-04,PL,47668,36,0.1634,1973,41,2,44745,38,30,Chonburi,Y
A110611,2023-12-25,CC,45399,0,0.0,0,39,2,,69,12,Chiang Mai,
A110612,2023-09-30,PL,109376,48,0.159,3727,50,2,,47,11,Nonthaburi,
A110613,2023-07-11,HP,186131,48,0.2421,7632,37,3,32833,61,13,Phuket,
A110614,2025-12-25,HP,384606,72,0.1337,9626,32,1,24619,7,13,Udon Thani,Y
A110615,2022-10-25,HP,348800,72,0.1543,9329,50,2,,114,15,Phuket,
A110616,2023-09-24,HP,529180,72,0.1654,14643,37,1,21234,107,6,Udon Thani,
A110617,2023-09-11,PL,72235,36,0.2575,3556,42,1,27027,9,13,Nonthaburi,
A110618,2025-02-09,PL,144396,36,0.2308,6788,47,1,26111,22,6,Nakhon Ratchasima,N
A110619,2023-09-27,HP,311601,72,0.2516,10861,34,2,,29,2,Ubon Ratchathani,
A110620,2025-03-18,HP,208418,60,0.114,5453,42,2,,32,15,Khon Kaen,N
A110621,2022-07-04,PL,103109,36,0.2144,4706,37,1,18106,10,15,Rayong,
A110622,2024-01-25,CC,29159,0,0.1795,0,43,1,28614,91,11,Samut Prakan,
A110623,2023-03-13,PL,97248,24,0.1017,4876,28,2,,17,13,Khon Kaen,
A110624,2023-04-05,HP,185284,72,0.2346,6195,55,1,34888,57,5,Chiang Mai,
A110625,2025-01-14,CC,27565,0,0.0963,0,31,1,19922,6,12,Chiang Mai,Y
A110626,2023-11-25,CC,107935,0,0.1979,0,53,1,29747,37,7,Phuket,
A110627,2024-06-23,HP,1099926,48,0.1295,34785,62,1,10578,125,11,Samut Prakan,Y
A110628,2025-04-30,PL,235022,12,0.1286,22103,44,1,58448,89,1,Nonthaburi,Y
A110629,2024-10-27,PL,177146,12,0.2181,17981,38,3,31272,118,7,Ubon Ratchathani,Y
A110630,2025-04-25,PL,65927,36,0.2281,3084,33,3,32117,8,16,Phuket,Y
A110631,2024-07-13,PL,161019,12,0.2657,16983,24,2,,18,13,Songkhla,Y
A110632,2022-12-18,PL,182377,36,0.1496,7339,30,2,40656,20,8,Samut Prakan,
A110633,2023-08-24,CC,49676,0,0.171,0,26,1,,56,999,Chonburi,
A110634,2025-04-20,HP,545630,72,0.1839,15939,48,1,24486,58,8,Nonthaburi,Y
A110635,2023-05-18,PL,105173,36,0.0952,3755,43,9,,11,11,Bangkok,
A110636,2024-03-05,HP,153505,48,0.1708,5382,26,1,40926,12,3,Bangkok,
A110637,2024-09-11,CC,40313,0,0.2529,0,46,2,36026,53,18,Khon Kaen,Y
A110638,2025-02-05,HP,421571,48,0.1025,12383,20,2,,48,1,Bangkok,Y
A110639,2023-05-03,HP,176427,72,0.1523,4689,39,3,21601,95,5,Ubon Ratchathani,
A110640,2023-10-20,CC,76768,0,0.1182,0,33,3,31314,81,0,Udon Thani,
A110641,2022-04-20,PL,84221,48,0.2263,3342,39,1,23350,142,14,Rayong,
A110642,2025-06-16,PL,85662,48,0.1638,2953,32,1,13883,27,3,Nakhon Ratchasima,Y
A110643,2024-01-08,CC,28930,0,0.2706,0,36,1,49323,136,999,Khon Kaen,
A110644,2023-01-27,HP,427545,48,0.1248,13353,36,1,60602,78,7,Khon Kaen,
A110645,2024-03-17,CC,31529,0,0.2039,0,22,1,17404,98,2,Rayong,
A110646,2023-05-21,HP,284522,36,0.122,10796,39,3,31709,41,999,Khon Kaen,
A110647,2025-11-03,PL,138329,12,0.1265,12985,52,2,,52,9,Chiang Mai,Y
A110648,2023-04-30,PL,166610,36,0.2739,8430,22,1,10208,25,1,Udon Thani,
A110649,2025-08-26,PL,201044,36,0.0989,7241,25,1,22643,33,9,Nakhon Ratchasima,Y
A110650,2025-12-14,PL,96068,24,0.1261,5012,35,3,35887,9,22,Chiang Mai,N
A110651,2024-12-19,PL,89674,24,0.1719,5020,50,9,,93,4,Bangkok,N
A110652,2023-03-01,PL,144065,36,0.2765,7321,44,3,32126,104,17,Phuket,
A110653,2025-10-21,HP,258361,48,0.2628,11040,60,1,20640,19,3,Rayong,N
A110654,2022-02-13,PL,177847,48,0.1191,5470,29,3,26865,93,21,Chiang Mai,
A110655,2023-12-01,PL,119541,48,0.1267,3752,27,2,,46,2,Bangkok,
A110656,2022-08-19,PL,67617,48,0.1586,2302,43,2,,3,999,Phuket,
A110657,2023-03-08,HP,422458,60,0.0996,10547,61,1,15988,35,19,Chiang Mai,
A110658,2025-03-26,HP,294183,48,0.1852,10669,36,1,17320,59,2,Nonthaburi,Y
A110659,2023-09-12,HP,589003,60,0.2429,21739,35,1,,84,3,Chonburi,
A110660,2025-04-11,PL,320032,12,0.1386,30365,34,1,43029,86,13,Songkhla,N
A110661,2023-09-17,CC,103947,0,0.2201,0,45,3,16549,23,10,Bangkok,
A110662,2022-09-11,PL,66432,12,0.242,6875,26,1,13563,46,999,Nonthaburi,
A110663,2024-10-29,CC,64743,0,0.1417,0,40,2,,49,3,Nakhon Ratchasima,N
A110664,2023-07-05,PL,108235,48,0.2333,4359,23,9,,60,9,Phuket,
A110665,2024-11-09,HP,211793,48,0.2767,9295,36,3,17765,36,2,Nonthaburi,Y
A110666,2022-08-28,HP,289639,72,0.1445,7510,31,2,,32,6,Phuket,
A110667,2025-10-23,PL,92142,48,0.1535,3098,44,2,31600,66,999,Khon Kaen,Y
A110668,2023-08-23,PL,208077,36,0.2202,9598,38,3,36765,44,0,Nakhon Ratchasima,
A110669,2025-08-22,HP,112057,72,0.1595,3045,41,1,29684,54,21,Rayong,N
A110670,2025-05-03,CC,30038,0,0.1607,0,36,1,36710,62,10,Chiang Mai,Y
A110671,2022-03-19,PL,109211,24,0.2216,6567,46,3,33953,53,12,Songkhla,
A110672,2023-08-07,PL,67922,12,0.1077,6269,42,3,10184,48,3,Udon Thani,
A110673,2022-02-19,PL,276881,12,0.2479,28793,28,2,,146,6,Chonburi,
A110674,2022-04-02,HP,782095,48,0.1435,25646,32,1,43584,8,9,Chonburi,
A110675,2022-12-03,PL,229682,48,0.2739,10027,20,2,,49,4,Rayong,
A110676,2022-08-13,PL,98284,12,0.1232,9199,31,1,21343,3,8,Chiang Mai,
A110677,2022-06-23,CC,42334,0,0.1521,0,47,1,17213,51,25,Chonburi,
A110678,2024-02-20,HP,305089,36,0.2402,14581,44,2,,43,6,Nakhon Ratchasima,
A110679,2024-06-26,HP,1267004,36,0.1276,48667,50,1,34744,9,8,Nakhon Ratchasima,N
A110680,2025-01-05,HP,332215,60,0.2021,11131,38,1,32437,31,11,Songkhla,Y
A110681,2022-02-03,PL,120146,12,0.1163,11176,49,1,24087,112,2,Rayong,
A110682,2025-07-29,CC,26691,0,0.1832,0,43,2,13631,76,4,Chiang Mai,Y
A110683,2023-12-24,PL,288376,24,0.1302,15144,32,1,39149,46,7,Chonburi,
A110684,2022-11-12,HP,1033436,36,0.153,41882,20,1,28087,86,15,Samut Prakan,
A110685,2025-08-23,CC,62558,0,0.2781,0,42,1,41856,25,7,Nonthaburi,Y
A110686,2023-09-26,HP,306835,72,0.2476,10592,40,1,55986,61,7,Songkhla,
A110687,2025-05-31,PL,127800,12,0.2112,12899,32,2,113015,32,10,Udon Thani,Y
A110688,2022-02-18,PL,184078,36,0.1258,7043,20,1,38773,61,1,Ubon Ratchathani,
A110689,2025-05-04,HP,189171,60,0.2271,6732,35,1,44535,55,16,Ubon Ratchathani,Y
A110690,2024-02-29,CC,74428,0,0.2279,0,41,1,16872,53,10,Ubon Ratchathani,
A110691,2025-11-26,HP,141646,48,0.2709,6148,44,2,71747,17,17,Chiang Mai,Y
A110692,2023-06-01,HP,381172,36,0.2108,17284,20,3,32458,4,9,Phuket,
A110693,2023-11-30,PL,117478,36,0.0953,4196,59,3,17990,8,9,Bangkok,
A110694,2024-08-19,HP,292565,36,0.1979,12951,42,9,,35,12,Chiang Mai,Y
A110695,2025-10-17,HP,343390,36,0.1186,12932,51,3,58347,70,8,Samut Prakan,Y
A110696,2022-02-05,HP,400079,36,0.2564,19661,32,1,40712,78,8,Udon Thani,
A110697,2024-09-23,CC,132713,0,0.1892,0,23,1,31617,22,4,Phuket,Y
A110698,2022-04-07,HP,228602,72,0.2274,7507,44,9,,67,6,Bangkok,
A110699,2025-05-17,HP,353846,60,0.1057,9014,21,1,22042,2,14,Songkhla,Y
A110700,2024-01-13,PL,107650,36,0.1068,3948,25,2,,123,12,Phuket,
A110701,2025-12-13,PL,272024,12,0.1509,26089,24,3,20280,93,6,Ubon Ratchathani,Y
A110702,2024-03-25,CC,38308,0,0.0972,0,35,3,19905,31,24,Nonthaburi,
A110703,2024-11-22,PL,53747,12,0.2041,5393,35,1,32387,95,1,Phuket,Y
A110704,2024-05-06,HP,452682,48,0.108,13505,37,1,,127,999,Samut Prakan,Y
A110705,2024-03-13,PL,72752,24,0.1512,3948,28,2,40923,104,4,Samut Prakan,
A110706,2024-05-05,PL,92076,12,0.1231,8617,51,1,20336,107,4,Ubon Ratchathani,Y
A110707,2023-04-22,PL,91597,12,0.1807,9012,20,2,12700,46,19,Phuket,
A110708,2024-09-14,HP,173821,48,0.2119,6690,37,1,28395,60,12,Nakhon Ratchasima,Y
A110709,2025-10-01,HP,332935,60,0.1153,8747,28,3,23696,29,15,Ubon Ratchathani,Y
A110710,2024-06-18,PL,252479,12,0.1164,23488,41,1,43538,87,6,Chonburi,N
A110711,2024-07-25,HP,718619,72,0.2249,23448,38,1,56102,68,999,Chonburi,N
A110712,2025-11-25,PL,43240,48,0.2356,1749,38,1,24534,52,3,Rayong,N
A110713,2025-01-24,PL,309317,24,0.2185,18520,31,1,37193,89,24,Chonburi,Y
A110714,2023-07-24,HP,219156,60,0.2405,8044,37,9,40369,136,999,Chonburi,
A110715,2024-01-31,HP,506179,72,0.1288,12463,27,3,16744,2,3,Phuket,
A110716,2023-09-11,CC,40385,0,0.2329,0,49,2,,40,8,Nonthaburi,
A110717,2024-08-12,HP,246082,60,0.1423,7019,35,1,,36,4,Samut Prakan,Y
A110718,2025-09-14,HP,709718,60,0.2463,26395,36,1,22107,56,12,Udon Thani,Y
A110719,2023-10-02,HP,228095,36,0.1042,8316,38,3,14742,12,2,Nonthaburi,
A110720,2025-04-09,PL,100039,12,0.2724,10607,20,1,23762,20,5,Ubon Ratchathani,Y
A110721,2024-08-12,PL,70696,24,0.183,4023,21,2,,46,9,Chonburi,Y
A110722,2024-03-19,PL,72447,12,0.2334,7446,20,3,25611,86,4,Nonthaburi,
A110723,2022-01-18,HP,123303,48,0.1986,4609,37,1,15630,58,6,Rayong,
A110724,2024-05-06,HP,184430,60,0.2318,6636,25,9,,83,9,Udon Thani,Y
A110725,2023-12-29,PL,79861,48,0.0937,2287,50,3,39246,61,11,Khon Kaen,
A110726,2023-01-22,HP,440034,48,0.1598,15027,50,2,,70,999,Udon Thani,
A110727,2023-10-04,HP,286320,36,0.2079,12913,49,1,26436,80,7,Chiang Mai,
A110728,2024-02-07,CC,33188,0,0.123,0,31,1,16330,0,2,Bangkok,
A110729,2025-11-26,CC,33694,0,0.1627,0,40,1,83030,23,16,Phuket,Y
A110730,2022-10-12,HP,752954,60,0.1458,21697,39,3,53392,79,18,Songkhla,
A110731,2023-11-02,PL,66670,36,0.1097,2461,34,3,13562,62,0,Songkhla,
A110732,2022-08-14,PL,139698,12,0.1041,12853,30,1,35119,74,24,Songkhla,
A110733,2024-06-27,PL,262716,48,0.1754,9313,64,1,17360,41,5,Rayong,N
A110734,2024-12-21,HP,739187,48,0.2552,31119,47,1,16007,72,12,Udon Thani,N
A110735,2024-10-13,PL,51138,48,0.1547,1724,25,2,29084,139,999,Bangkok,Y
A110736,2023-09-14,PL,84600,12,0.2326,8689,39,3,14514,64,1,Bangkok,
A110737,2022-02-18,HP,209167,72,0.2056,6488,41,1,34468,100,5,Chiang Mai,
A110738,2024-02-17,CC,42368,0,0.279,0,47,1,29295,33,13,Udon Thani,
A110739,2023-12-28,PL,108803,48,0.2536,4566,31,1,68865,61,6,Samut Prakan,
A110740,2022-09-27,PL,247535,48,0.2592,10503,47,3,67876,72,16,Bangkok,
A110741,2025-04-11,PL,170834,24,0.2278,10361,48,1,89492,89,14,Ubon Ratchathani,Y
A110742,2025-02-20,HP,111496,72,0.2061,3463,28,1,29932,123,15,Chonburi,Y
A110743,2024-01-29,PL,67629,36,0.1562,2758,45,2,,36,0,Ubon Ratchathani,
A110744,2022-07-20,HP,259581,60,0.2472,9673,26,1,40489,16,26,Nonthaburi,
A110745,2022-11-06,HP,824362,60,0.1812,26187,47,1,11533,33,7,Bangkok,
A110746,2024-08-15,PL,160299,12,0.1959,15975,41,2,,94,2,Samut Prakan,N
A110747,2024-04-17,CC,94163,0,0.2629,0,32,1,13443,7,1,Bangkok,N
A110748,2022-07-24,HP,328410,72,0.2658,11835,51,3,44212,0,5,Udon Thani,
A110749,2022-07-16,CC,99075,0,0.2339,0,53,3,51862,46,10,Phuket,
A110750,2022-06-05,PL,115363,12,0.1175,10743,49,1,14327,80,8,Samut Prakan,
A110751,2022-09-18,HP,305177,48,0.1321,9717,57,1,32013,65,1,Ubon Ratchathani,
A110752,2023-04-08,HP,455489,48,0.1458,15023,20,2,52502,98,11,Bangkok,
A110753,2022-02-15,PL,160468,48,0.2479,6658,20,1,29241,7,8,Ubon Ratchathani,
A110754,2022-09-11,HP,302355,36,0.1879,13133,40,1,,18,17,Chiang Mai,
A110755,2023-12-20,CC,70338,0,0.0,0,72,3,31239,29,11,Phuket,
A110756,2025-03-25,HP,469931,60,0.1149,12331,38,1,31177,94,10,Khon Kaen,Y
A110757,2024-07-19,CC,28673,0,0.1122,0,49,3,18840,8,4,Ubon Ratchathani,Y
A110758,2022-06-02,HP,212976,72,0.1405,5451,31,3,,46,999,Khon Kaen,
A110759,2023-07-07,PL,69324,36,0.1983,3071,48,1,51246,100,5,Ubon Ratchathani,
A110760,2025-11-06,HP,585247,48,0.1794,20942,30,3,20077,48,999,Chonburi,Y
A110761,2022-01-24,PL,94795,48,0.2053,3596,42,1,54426,102,13,Chonburi,
A110762,2023-07-10,PL,187994,24,0.122,9744,47,1,18441,54,12,Chiang Mai,
A110763,2025-05-10,PL,81094,12,0.1091,7495,41,1,45685,71,20,Phuket,N
A110764,2022-01-06,PL,111399,48,0.2339,4492,20,2,23638,128,12,Songkhla,
A110765,2024-04-23,PL,41512,48,0.1859,1507,40,1,32855,132,7,Ubon Ratchathani,Y
A110766,2024-03-18,PL,52143,24,0.153,2837,41,3,19449,70,23,Nakhon Ratchasima,
A110767,2023-06-22,PL,168159,12,0.105,15484,23,1,36213,84,16,Songkhla,
A110768,2025-01-08,CC,62247,0,0.0923,0,46,3,35643,57,0,Bangkok,N
A110769,2024-09-29,CC,26575,0,0.2388,0,47,3,45883,70,11,Ubon Ratchathani,Y
A110770,2022-09-01,HP,100437,60,0.1925,3285,41,1,,128,999,Phuket,
A110771,2024-10-19,CC,16912,0,0.2019,0,36,3,24042,77,7,Udon Thani,Y
A110772,2024-07-09,CC,69071,0,0.1583,0,39,1,32618,98,18,Ubon Ratchathani,Y
A110773,2023-07-08,PL,40442,12,0.2613,4250,48,1,27322,48,1,Nakhon Ratchasima,
A110774,2025-07-11,PL,142815,48,0.1446,4696,33,2,26687,62,4,Bangkok,Y
A110775,2024-12-21,PL,154533,24,0.1902,8888,34,1,33652,79,999,Udon Thani,Y
A110776,2024-05-27,CC,40965,0,0.1075,0,56,2,,79,20,Khon Kaen,Y
A110777,2025-03-28,HP,368981,72,0.1004,8211,37,3,,62,6,Nonthaburi,Y
A110778,2023-07-13,PL,83894,12,0.131,7907,34,3,37363,14,9,Udon Thani,
A110779,2022-07-23,HP,613259,72,0.1105,14164,48,2,79289,41,1,Chiang Mai,
A110780,2024-09-27,CC,49707,0,0.1019,0,50,2,29558,1,10,Rayong,N
A110781,2023-01-14,HP,469447,72,0.2447,16092,36,1,20001,69,12,Bangkok,
A110782,2023-12-27,PL,70430,48,0.1606,2409,52,1,20841,75,11,Udon Thani,
A110783,2022-12-31,PL,166348,48,0.2164,6465,42,3,48665,30,11,Bangkok,
A110784,2025-04-10,PL,175477,12,0.2676,18536,56,1,12917,70,4,Rayong,Y
A110785,2025-12-02,PL,242892,48,0.2608,10339,31,1,,38,13,Samut Prakan,Y
A110786,2022-02-26,HP,367104,36,0.2203,16936,32,1,24287,88,14,Songkhla,
A110787,2023-12-18,PL,88230,12,0.2151,8934,43,1,9000,7,16,Songkhla,
A110788,2023-12-30,CC,68662,0,0.1772,0,24,3,49052,18,17,Phuket,
A110789,2023-12-31,PL,101310,24,0.1831,5767,26,2,15597,18,20,Ubon Ratchathani,
A110790,2025-01-24,PL,103971,24,0.2025,6086,46,1,32418,67,12,Chiang Mai,Y
A110791,2024-12-02,PL,246831,36,0.2717,12445,42,1,37672,28,4,Nonthaburi,Y
A110792,2024-06-06,CC,70395,0,0.0943,0,20,1,41336,54,12,Nakhon Ratchasima,Y
A110793,2025-06-23,PL,133620,36,0.0961,4781,31,1,27064,30,1,Samut Prakan,N
A110794,2025-08-20,PL,191633,48,0.2706,8313,20,1,27939,70,18,Chiang Mai,Y
A110795,2024-04-08,PL,95865,48,0.2496,3991,40,3,33246,41,24,Phuket,Y
A110796,2024-12-21,HP,365721,36,0.1813,15684,20,2,,32,21,Rayong,N
A110797,2024-03-13,PL,230508,24,0.1436,12362,35,1,16241,6,9,Khon Kaen,
A110798,2023-06-12,PL,63758,36,0.1675,2661,35,3,28355,74,6,Chonburi,
A110799,2023-02-24,PL,83375,24,0.2704,5352,36,1,33356,7,14,Nonthaburi,
A110800,2023-06-04,PL,50677,48,0.1003,1479,51,1,83202,62,11,Samut Prakan,
A110801,2022-07-01,HP,95253,60,0.1482,2763,38,2,17056,22,999,Chonburi,
A110802,2024-06-27,PL,130761,12,0.141,12433,57,3,31810,60,15,Chiang Mai,N
A110803,2022-12-08,HP,201605,72,0.094,4379,41,3,29139,0,9,Khon Kaen,
A110804,2024-03-05,HP,363274,60,0.1944,11939,44,3,29208,48,2,Ubon Ratchathani,
A110805,2023-11-07,PL,73312,12,0.1293,6899,34,3,17249,93,4,Nonthaburi,
A110806,2025-11-13,PL,123384,24,0.1908,7102,41,1,23311,0,999,Songkhla,Y
A110807,2022-08-11,HP,260615,60,0.1739,8120,31,1,69284,45,11,Nonthaburi,
A110808,2024-02-07,PL,222212,48,0.2614,9469,32,1,43736,3,17,Udon Thani,
A110809,2024-11-09,PL,203316,12,0.2545,21254,34,1,43067,135,3,Ubon Ratchathani,Y
A110810,2025-05-13,HP,262487,72,0.1073,5992,64,3,12682,5,999,Udon Thani,N
A110811,2022-03-15,CC,36734,0,0.1759,0,30,1,58699,63,8,Chonburi,
A110812,2023-09-30,HP,118803,72,0.1153,2791,45,1,43627,203,14,Samut Prakan,
A110813,2023-04-18,HP,221052,72,0.2303,7312,37,1,30051,25,17,Songkhla,
A110814,2025-06-14,PL,123110,48,0.1404,4005,55,1,41457,22,5,Udon Thani,N
A110815,2024-02-15,PL,123800,36,0.1413,4896,32,1,68677,73,999,Rayong,
A110816,2024-08-24,PL,71064,24,0.2769,4600,48,1,18616,46,3,Songkhla,Y
A110817,2024-08-17,HP,274296,60,0.2106,9385,25,2,,59,10,Ubon Ratchathani,N
A110818,2022-03-30,CC,44862,0,0.0,0,39,3,16027,31,6,Chonburi,
A110819,2025-04-03,PL,145500,24,0.1077,7368,32,1,25182,54,7,Khon Kaen,Y
A110820,2024-07-24,HP,1080792,36,0.2662,53997,36,3,44011,30,12,Nonthaburi,N
A110821,2025-08-03,HP,777655,36,0.0925,27595,22,1,13334,109,4,Udon Thani,N
A110822,2023-09-15,PL,148994,12,0.1894,14767,20,3,61270,37,8,Nonthaburi,
A110823,2025-01-02,HP,271730,72,0.103,6106,37,2,55055,75,15,Samut Prakan,Y
A110824,2023-08-13,PL,141342,48,0.1967,5261,42,1,20469,27,20,Ubon Ratchathani,
A110825,2025-10-13,HP,1183865,60,0.2767,47029,23,1,21709,74,22,Bangkok,N
A110826,2023-01-01,HP,256486,48,0.2072,9772,20,1,47668,60,9,Rayong,
A110827,2024-03-13,PL,122943,36,0.2047,5512,39,3,35420,4,999,Rayong,
A110828,2023-06-30,HP,552886,48,0.1453,18212,20,1,19633,40,4,Songkhla,
A110829,2024-02-13,PL,54131,48,0.2674,2333,35,9,,78,12,Bangkok,
A110830,2024-06-07,CC,51105,0,0.1052,0,40,9,38550,52,999,Samut Prakan,Y
A110831,2023-08-21,CC,30627,0,0.0951,0,34,2,73122,34,999,Ubon Ratchathani,
A110832,2024-06-13,CC,30631,0,0.2513,0,36,1,21650,62,29,Ubon Ratchathani,N
A110833,2024-07-10,CC,26080,0,0.202,0,47,1,18523,121,13,Phuket,Y
A110834,2023-05-13,CC,64133,0,0.1669,0,33,1,18689,53,10,Songkhla,
A110835,2024-04-26,CC,140542,0,0.0,0,45,1,41526,60,1,Khon Kaen,N
A110836,2022-10-07,CC,41231,0,0.2402,0,29,1,33162,119,22,Rayong,
A110837,2025-09-15,CC,34781,0,0.1436,0,22,1,26169,34,9,Bangkok,Y
A110838,2023-07-06,PL,70751,24,0.1918,4078,30,1,26850,26,4,Ubon Ratchathani,
A110839,2024-09-21,HP,222756,72,0.2496,7727,36,9,,47,3,Nonthaburi,N
A110840,2024-07-22,HP,475952,72,0.1015,10636,22,1,29957,9,16,Ubon Ratchathani,Y
A110841,2023-04-23,PL,173488,12,0.2749,18431,35,2,24090,13,3,Samut Prakan,
A110842,2025-06-21,PL,89135,24,0.1447,4788,49,2,,19,5,Khon Kaen,Y
A110843,2024-05-16,HP,293174,60,0.1842,9386,34,2,16236,59,9,Chonburi,Y
A110844,2024-08-21,CC,66581,0,0.2521,0,33,1,29142,38,11,Songkhla,N
A110845,2025-08-15,HP,370247,48,0.2495,15411,49,2,,124,3,Udon Thani,Y
A110846,2025-08-10,PL,174468,48,0.2053,6619,31,1,23884,53,0,Samut Prakan,Y
A110847,2022-09-05,HP,421299,60,0.1406,11957,44,2,,87,7,Ubon Ratchathani,
A110848,2025-09-25,PL,119258,12,0.2094,12019,41,1,51510,13,16,Phuket,Y
A110849,2024-01-07,HP,423478,60,0.2509,15912,41,3,20860,77,11,Khon Kaen,
A110850,2025-01-09,PL,173190,12,0.2359,17837,34,1,18326,13,4,Phuket,Y
A110851,2024-02-04,CC,49684,0,0.2035,0,43,2,146776,96,10,Bangkok,
A110852,2025-08-19,PL,89116,48,0.1799,3192,20,1,43243,14,15,Phuket,Y
A110853,2023-06-17,PL,163096,12,0.2048,16374,37,2,,62,11,Samut Prakan,
A110854,2024-07-15,PL,104084,48,0.1086,3110,38,3,30366,95,4,Songkhla,Y
A110855,2024-04-17,HP,128595,72,0.2204,4147,53,2,,7,999,Chonburi,Y
A110856,2025-10-21,CC,30713,0,0.143,0,41,3,,16,16,Samut Prakan,Y
A110857,2024-09-01,HP,1372372,48,0.1608,46980,52,3,17242,68,4,Chonburi,N
A110858,2025-03-14,CC,30034,0,0.2058,0,20,3,23496,40,999,Samut Prakan,Y
A110859,2024-01-24,PL,68608,24,0.2273,4158,46,2,,36,10,Rayong,
A110860,2023-12-05,HP,406737,36,0.1791,17368,27,3,25277,25,16,Udon Thani,
A110861,2025-03-04,PL,107265,24,0.1501,5811,39,1,18029,21,999,Udon Thani,N
A110862,2024-11-29,CC,24659,0,0.2707,0,35,1,17515,67,5,Udon Thani,Y
A110863,2025-08-01,PL,67384,24,0.2093,3982,54,1,24623,70,17,Nonthaburi,Y
A110864,2023-07-10,CC,32840,0,0.2637,0,35,1,35655,57,999,Udon Thani,
A110865,2022-02-19,HP,302108,36,0.2179,13877,25,1,24681,104,999,Songkhla,
A110866,2022-03-07,PL,115564,12,0.1023,10615,46,1,23808,29,15,Udon Thani,
A110867,2025-12-16,HP,222256,60,0.2797,8884,36,3,,140,0,Ubon Ratchathani,Y
A110868,2025-07-14,PL,63504,48,0.2542,2668,55,1,39575,136,999,Rayong,Y
A110869,2023-10-06,HP,496869,48,0.2149,19249,38,1,33027,64,14,Rayong,
A110870,2025-10-20,PL,61199,36,0.2169,2806,32,3,14675,37,6,Nakhon Ratchasima,Y
A110871,2022-09-10,HP,721219,72,0.1273,17667,27,1,32092,8,13,Ubon Ratchathani,
A110872,2025-08-26,PL,78209,36,0.1897,3408,57,3,17242,113,11,Khon Kaen,Y
A110873,2022-08-03,PL,106229,12,0.1031,9765,32,1,21585,58,12,Songkhla,
A110874,2022-07-26,HP,162925,60,0.1374,4580,31,2,,44,8,Chiang Mai,
A110875,2022-05-28,HP,409779,72,0.2012,12562,35,3,21436,14,999,Samut Prakan,
A110876,2025-10-05,PL,55384,12,0.233,5690,24,3,20763,17,0,Phuket,Y
A110877,2024-07-06,PL,88057,48,0.2604,3745,45,1,28574,16,6,Rayong,Y
A110878,2022-08-12,PL,86889,36,0.2423,4168,52,1,47380,81,17,Songkhla,
A110879,2022-12-26,CC,84078,0,0.1117,0,35,1,,85,17,Bangkok,
A110880,2024-05-28,HP,655037,60,0.1327,18160,20,1,,107,7,Nakhon Ratchasima,Y
A110881,2023-09-07,PL,109599,12,0.2553,11464,45,2,,32,19,Songkhla,
A110882,2024-08-10,CC,66140,0,0.2115,0,42,1,38697,87,3,Songkhla,Y
A110883,2025-05-30,PL,159708,24,0.2321,9743,41,2,103375,91,0,Nakhon Ratchasima,Y
A110884,2024-07-20,HP,126043,72,0.2293,4159,31,3,58297,50,4,Songkhla,N
A110885,2025-05-05,PL,130201,12,0.2043,13066,28,1,53071,71,9,Ubon Ratchathani,Y
A110886,2023-04-10,CC,19168,0,0.2243,0,32,2,30957,42,999,Chiang Mai,
A110887,2023-11-20,PL,106591,36,0.2246,4955,43,1,47992,47,1,Nakhon Ratchasima,
A110888,2024-04-14,PL,244720,12,0.2431,25350,48,1,16271,68,1,Ubon Ratchathani,Y
A110889,2022-07-02,HP,312461,36,0.2664,15616,39,2,21824,27,999,Samut Prakan,
A110890,2024-09-01,PL,142948,12,0.108,13198,35,3,40157,2,3,Ubon Ratchathani,Y
A110891,2023-02-02,CC,42011,0,0.1652,0,34,1,36909,43,12,Samut Prakan,
A110892,2023-06-14,PL,302062,24,0.1248,15727,24,1,15741,132,1,Nakhon Ratchasima,
A110893,2025-12-22,HP,338696,36,0.2628,16825,20,1,34398,109,11,Bangkok,Y
A110894,2023-10-25,CC,25350,0,0.1755,0,31,2,25642,70,999,Ubon Ratchathani,
A110895,2024-08-28,PL,39089,12,0.17,3811,30,1,34038,11,2,Chonburi,Y
A110896,2023-10-04,PL,169465,12,0.1244,15878,27,1,81571,42,8,Chonburi,
A110897,2023-10-06,PL,75749,36,0.1152,2831,20,3,19193,46,999,Songkhla,
A110898,2023-06-25,PL,145660,48,0.2319,5849,39,1,17140,16,3,Udon Thani,
A110899,2022-01-11,CC,47773,0,0.097,0,38,1,,2,999,Samut Prakan,
A110900,2025-11-29,HP,861532,48,0.2046,32637,29,1,18851,38,16,Samut Prakan,Y
A110901,2022-02-18,HP,291913,36,0.1199,11025,21,3,51869,44,13,Phuket,
A110902,2022-01-19,PL,111812,36,0.1105,4135,31,1,57827,52,8,Ubon Ratchathani,
A110903,2022-12-30,CC,29460,0,0.0,0,46,3,22090,143,8,Phuket,
A110904,2025-01-03,HP,244963,36,0.1249,9354,41,1,42027,91,25,Nonthaburi,Y
A110905,2022-09-16,HP,355645,36,0.1246,13571,35,3,29933,70,5,Chonburi,
A110906,2025-10-11,CC,8657,0,0.2293,0,32,1,15689,19,31,Bangkok,Y
A110907,2025-10-08,CC,128743,0,0.1955,0,35,1,25440,55,999,Khon Kaen,Y
A110908,2023-09-24,HP,739684,60,0.0966,18282,38,3,48207,87,12,Nakhon Ratchasima,
A110909,2024-03-22,CC,35752,0,0.0,0,51,1,31108,72,18,Chonburi,
A110910,2022-11-08,PL,82620,24,0.0933,4084,32,1,27994,104,12,Nonthaburi,
A110911,2025-10-25,HP,627986,36,0.1118,23294,33,1,12836,116,5,Khon Kaen,Y
A110912,2022-02-23,PL,157016,36,0.2033,7021,46,2,30529,56,11,Nakhon Ratchasima,
A110913,2023-04-28,PL,331238,36,0.1289,12759,23,1,42178,73,5,Phuket,
A110914,2024-07-18,CC,35706,0,0.1744,0,41,3,,1,0,Bangkok,Y
A110915,2025-01-06,PL,273271,48,0.1919,10063,23,2,,87,1,Nakhon Ratchasima,N
A110916,2025-11-28,PL,35929,36,0.1002,1298,48,1,53913,132,999,Rayong,Y
A110917,2022-11-13,HP,424047,60,0.2549,16074,20,3,42664,15,9,Udon Thani,
A110918,2023-11-01,HP,389844,60,0.2359,14161,26,2,,68,21,Bangkok,
A110919,2024-03-04,PL,165419,48,0.2711,7183,36,1,31464,90,17,Chiang Mai,
A110920,2022-03-19,HP,311036,72,0.2749,11445,34,1,18529,75,5,Khon Kaen,
A110921,2023-02-01,HP,125672,72,0.2032,3873,66,2,51948,91,9,Khon Kaen,
A110922,2024-11-12,PL,203841,24,0.1173,10485,31,3,,13,16,Chonburi,Y
A110923,2023-10-11,HP,465522,48,0.2341,18779,33,2,30927,67,3,Chonburi,
A110924,2023-10-13,CC,84242,0,0.1775,0,25,1,,0,6,Udon Thani,
A110925,2023-06-21,HP,228025,48,0.2263,9050,20,1,40254,5,7,Bangkok,
A110926,2023-03-26,PL,151124,12,0.1346,14288,42,1,23292,69,16,Nakhon Ratchasima,
A110927,2024-04-27,HP,171006,60,0.1228,4600,31,1,9000,25,6,Phuket,Y
A110928,2025-04-25,CC,73956,0,0.1243,0,43,1,43836,6,18,Nonthaburi,Y
A110929,2024-05-07,PL,145397,12,0.1591,14044,62,2,,60,1,Rayong,Y
A110930,2025-11-15,CC,28272,0,0.1183,0,46,3,29703,2,10,Phuket,Y
A110931,2024-11-19,CC,45549,0,0.2073,0,43,3,33378,18,999,Bangkok,Y
A110932,2023-12-18,CC,66591,0,0.1201,0,33,1,37928,112,1,Chonburi,
A110933,2023-03-04,PL,63745,36,0.2559,3130,32,1,,27,27,Nakhon Ratchasima,
A110934,2022-11-15,PL,120353,36,0.2061,5410,40,1,25621,5,8,Phuket,
A110935,2025-01-25,CC,72180,0,0.0978,0,33,1,38725,55,14,Chiang Mai,N
A110936,2024-07-18,HP,293107,60,0.1174,7752,28,1,50127,112,8,Bangkok,Y
A110937,2025-08-30,CC,131642,0,0.1718,0,42,1,20344,34,3,Chonburi,Y
A110938,2023-03-23,HP,236141,36,0.1957,10410,33,1,40241,27,19,Songkhla,
A110939,2023-03-10,PL,262035,24,0.111,13341,44,9,,10,10,Chonburi,
A110940,2024-03-01,HP,679780,36,0.0926,24128,20,1,87182,60,999,Nonthaburi,
A110941,2022-08-24,CC,63534,0,0.1778,0,24,1,15636,157,8,Ubon Ratchathani,
A110942,2024-05-13,CC,75702,0,0.2346,0,59,1,46055,41,6,Khon Kaen,N
A110943,2024-08-25,CC,29110,0,0.2536,0,49,1,96558,90,15,Khon Kaen,N
A110944,2022-01-14,HP,654593,60,0.1243,17690,55,3,10723,49,999,Chonburi,
A110945,2023-05-18,PL,220288,24,0.1828,12534,56,3,22005,108,6,Nonthaburi,
A110946,2023-09-29,PL,214332,36,0.2031,9581,57,3,71301,46,3,Ubon Ratchathani,
A110947,2023-10-22,CC,106200,0,0.1466,0,66,1,20389,20,9,Nonthaburi,
A110948,2023-10-04,CC,35520,0,0.2289,0,29,9,,32,2,Chonburi,
A110949,2023-02-14,PL,106765,48,0.1953,3961,37,1,38087,1,5,Chiang Mai,
A110950,2023-03-23,HP,352772,72,0.1866,10385,35,2,,1,18,Songkhla,
A110951,2025-11-20,HP,90767,36,0.1751,3845,24,1,28578,47,4,Nonthaburi,N
A110952,2022-01-09,CC,47737,0,0.1878,0,28,1,24596,70,18,Samut Prakan,
A110953,2023-06-18,PL,203686,12,0.1427,19395,47,1,39289,107,5,Phuket,
A110954,2024-02-01,PL,221189,24,0.1188,11405,46,3,,63,2,Nonthaburi,
A110955,2023-11-17,PL,148365,36,0.2135,6760,42,3,16882,17,0,Phuket,
A110956,2024-09-02,PL,158999,12,0.1291,14960,47,1,13448,3,14,Ubon Ratchathani,N
A110957,2022-02-28,PL,59284,48,0.1425,1939,47,1,27151,64,17,Nakhon Ratchasima,
A110958,2022-02-20,HP,382029,36,0.2734,19315,38,1,20271,59,20,Nonthaburi,
A110959,2022-08-17,PL,97695,24,0.1484,5278,33,1,52489,61,999,Songkhla,
A110960,2025-11-14,PL,111351,12,0.2733,11815,45,1,19416,99,3,Rayong,Y
A110961,2022-07-24,HP,444081,36,0.0967,15914,38,1,23477,7,1,Udon Thani,
A110962,2022-05-18,HP,432127,36,0.2043,19360,30,3,21147,17,24,Rayong,
A110963,2023-05-06,PL,108211,24,0.1768,6103,29,2,22933,64,9,Khon Kaen,
A110964,2025-09-20,PL,39892,24,0.2717,2565,25,1,20688,56,19,Khon Kaen,Y
A110965,2025-10-24,PL,243905,48,0.1222,7565,20,1,56143,50,999,Khon Kaen,Y
A110966,2025-07-16,CC,57757,0,0.2653,0,56,1,23609,33,9,Udon Thani,Y
A110967,2022-10-03,PL,54602,48,0.1119,1646,36,1,36138,80,5,Rayong,
A110968,2025-03-23,CC,43812,0,0.1206,0,38,2,,33,999,Bangkok,Y
A110969,2022-08-02,HP,201812,72,0.2062,6270,39,2,26171,50,0,Phuket,
A110970,2022-04-27,HP,338482,60,0.2071,11483,32,9,,138,7,Bangkok,
A110971,2025-04-12,HP,222037,36,0.2047,9955,32,1,11202,16,9,Rayong,Y
A110972,2025-05-21,CC,70116,0,0.2647,0,39,1,29799,5,9,Ubon Ratchathani,Y
A110973,2022-01-04,HP,416766,48,0.2317,16729,37,1,16079,59,7,Samut Prakan,
A110974,2023-08-26,CC,48253,0,0.2717,0,28,1,56007,27,17,Samut Prakan,
A110975,2023-02-19,PL,109974,48,0.1868,4003,30,3,20380,42,7,Samut Prakan,
A110976,2024-04-11,HP,445681,60,0.1812,14157,20,1,41279,131,999,Samut Prakan,Y
A110977,2025-12-08,CC,27837,0,0.1597,0,51,1,29045,58,7,Phuket,N
A110978,2022-09-10,HP,430739,36,0.1303,16642,43,3,25094,71,6,Songkhla,
A110979,2023-09-08,PL,76361,36,0.1321,2961,42,1,17492,51,0,Bangkok,
A110980,2024-11-12,PL,269994,48,0.1357,8678,31,2,,95,2,Nakhon Ratchasima,N
A110981,2024-08-15,PL,245181,24,0.1755,13801,33,1,23747,63,20,Ubon Ratchathani,N
A110982,2025-05-20,CC,48414,0,0.2651,0,38,1,20206,77,2,Ubon Ratchathani,Y
A110983,2025-09-19,CC,49719,0,0.0,0,32,3,29941,67,7,Phuket,N
A110984,2022-02-13,PL,79868,36,0.2593,3944,34,1,,48,11,Phuket,
A110985,2022-05-17,PL,205663,24,0.1565,11251,20,3,21008,143,7,Songkhla,
A110986,2024-07-08,PL,47657,24,0.2708,3061,20,2,74579,45,7,Udon Thani,Y
A110987,2022-03-12,HP,1787895,36,0.199,79313,38,3,,62,21,Udon Thani,
A110988,2023-10-04,PL,94899,48,0.1913,3489,37,1,20185,79,29,Chiang Mai,
A110989,2022-04-06,CC,26816,0,0.1527,0,39,1,90265,32,9,Ubon Ratchathani,
A110990,2022-11-20,CC,83913,0,0.2115,0,43,3,70787,91,7,Songkhla,
A110991,2022-07-06,HP,495417,60,0.1979,16427,35,1,10431,7,3,Nonthaburi,
A110992,2024-05-26,PL,146859,36,0.2083,6628,30,1,,111,13,Rayong,Y
A110993,2025-11-26,HP,429747,36,0.1705,18043,45,1,13422,55,19,Nakhon Ratchasima,Y
A110994,2023-05-25,HP,451914,36,0.1806,19354,40,2,57970,70,7,Songkhla,
A110995,2023-02-14,HP,713969,48,0.28,31533,30,1,38473,125,1,Samut Prakan,
A110996,2023-03-16,CC,149329,0,0.1128,0,28,2,19631,2,11,Nakhon Ratchasima,
A110997,2024-05-29,CC,31560,0,0.2122,0,20,2,,27,7,Nonthaburi,N
A110998,2024-09-27,PL,67861,12,0.2344,6980,28,1,18415,101,20,Songkhla,N
A110999,2024-06-20,PL,74842,24,0.1515,4063,44,2,,52,9,Khon Kaen,Y
A111000,2023-09-20,CC,64636,0,0.1494,0,34,3,24913,46,6,Udon Thani,
A111001,2022-11-15,HP,94146,48,0.2033,3556,43,1,,22,2,Chonburi,
A111002,2022-06-29,HP,392951,36,0.2171,18024,41,1,49846,38,1,Nakhon Ratchasima,
A111003,2023-04-28,HP,496211,60,0.1884,16060,22,1,25532,43,8,Nakhon Ratchasima,
A111004,2023-05-07,HP,389384,60,0.1913,12697,45,1,26813,108,3,Nonthaburi,
A111005,2024-01-05,HP,675401,72,0.1658,18712,48,1,40763,47,7,Ubon Ratchathani,
A111006,2022-07-25,PL,505421,12,0.1891,50083,52,1,17787,60,16,Chiang Mai,
A111007,2023-06-14,HP,1128223,36,0.2289,52860,27,2,,66,22,Khon Kaen,
A111008,2023-09-16,PL,183890,48,0.1738,6494,29,1,19239,124,8,Nonthaburi,
A111009,2025-01-14,CC,20592,0,0.2489,0,39,1,47898,54,5,Songkhla,Y
A111010,2025-09-12,CC,55318,0,0.1785,0,20,1,24834,43,4,Chiang Mai,Y
A111011,2024-08-31,CC,16064,0,0.2238,0,22,9,,101,1,Samut Prakan,N
A111012,2023-02-10,CC,70184,0,0.0,0,31,3,22142,23,3,Rayong,
A111013,2022-05-28,PL,302574,24,0.2594,19147,43,2,16758,114,4,Chonburi,
A111014,2025-10-15,HP,177927,36,0.2183,8179,65,1,79381,30,10,Songkhla,Y
A111015,2024-09-19,PL,328684,24,0.1422,17590,40,3,,58,17,Chonburi,Y
A111016,2024-03-16,HP,328739,36,0.1422,13027,34,3,28193,126,9,Phuket,
A111017,2024-11-07,CC,24993,0,0.0944,0,28,2,33571,89,999,Nakhon Ratchasima,Y
A111018,2023-12-08,PL,208260,48,0.2615,8877,47,2,,92,19,Ubon Ratchathani,
A111019,2025-11-14,CC,54299,0,0.1147,0,35,3,37396,16,999,Phuket,Y
A111020,2022-01-21,PL,81629,48,0.2305,3268,49,2,,8,8,Phuket,
A111021,2025-09-11,HP,602871,72,0.2287,19862,29,2,,47,9,Phuket,Y
A111022,2023-10-07,HP,113565,72,0.2777,4205,33,3,31863,27,1,Phuket,
A111023,2023-09-12,PL,101413,24,0.141,5417,45,2,44077,84,10,Nakhon Ratchasima,
A111024,2023-10-27,CC,21311,0,0.1019,0,27,2,35863,62,12,Songkhla,
A111025,2024-10-18,PL,147126,24,0.2656,9386,20,1,20613,45,7,Phuket,N
A111026,2024-04-12,HP,304220,48,0.167,10571,44,1,24576,5,22,Nonthaburi,Y
A111027,2025-11-02,CC,19571,0,0.204,0,34,1,17997,76,11,Samut Prakan,Y
A111028,2022-09-26,HP,262269,72,0.257,9259,32,2,62687,58,14,Songkhla,
A111029,2024-10-09,PL,117860,12,0.2357,12136,58,1,30214,0,10,Udon Thani,N
A111030,2024-02-04,HP,1029712,60,0.2434,38047,36,1,32805,11,3,Chiang Mai,
A111031,2023-07-30,PL,50226,12,0.2682,5308,48,1,32063,16,5,Khon Kaen,
A111032,2024-06-19,PL,96508,24,0.1995,5625,49,1,21761,90,8,Nonthaburi,Y
A111033,2025-11-17,CC,131168,0,0.2237,0,47,1,45120,49,2,Udon Thani,N
A111034,2022-01-03,PL,197652,24,0.2416,12214,39,1,21906,46,8,Nakhon Ratchasima,
A111035,2024-02-01,PL,99049,24,0.183,5637,44,1,16477,70,2,Chonburi,
A111036,2023-08-16,HP,264094,60,0.2741,10433,21,1,16076,59,2,Songkhla,
A111037,2024-09-23,CC,119557,0,0.2347,0,33,1,47208,44,28,Samut Prakan,Y
A111038,2025-02-06,PL,57542,48,0.1858,2089,32,1,23772,73,9,Nakhon Ratchasima,Y
A111039,2023-04-10,HP,72518,60,0.1654,2208,45,1,18758,61,3,Nonthaburi,
A111040,2023-06-25,CC,52374,0,0.2775,0,43,1,34847,43,27,Bangkok,
A111041,2022-12-04,CC,102570,0,0.0,0,43,1,,82,999,Samut Prakan,
A111042,2022-05-14,HP,469428,36,0.1729,19803,25,3,54769,45,13,Chonburi,
A111043,2024-09-03,CC,34590,0,0.1858,0,20,1,12630,44,2,Chonburi,Y
A111044,2022-11-20,PL,154768,36,0.138,6078,41,1,35480,97,20,Nakhon Ratchasima,
A111045,2022-10-23,PL,146239,48,0.1095,4381,30,9,,2,5,Bangkok,
A111046,2023-09-11,PL,154444,12,0.0991,14145,40,1,26872,32,3,Khon Kaen,
A111047,2022-05-27,HP,220406,36,0.1704,9252,39,1,35828,1,23,Rayong,
A111048,2022-07-29,PL,116947,36,0.16,4807,24,1,29712,27,10,Rayong,
A111049,2024-10-06,HP,838918,48,0.2543,35255,20,1,,27,1,Chiang Mai,Y
A111050,2022-04-14,PL,159689,24,0.2166,9536,45,2,,17,999,Rayong,
A111051,2023-08-13,PL,81695,24,0.1724,4577,38,1,34154,99,22,Nakhon Ratchasima,
A111052,2023-02-06,HP,288391,48,0.2182,11252,25,2,141712,64,13,Rayong,
A111053,2024-08-06,PL,178061,24,0.1615,9815,38,1,37910,59,5,Samut Prakan,Y
A111054,2022-01-31,HP,221160,60,0.2693,8649,41,1,24267,117,11,Chonburi,
A111055,2022-10-15,HP,234260,60,0.1277,6397,35,1,53323,14,3,Nonthaburi,
A111056,2022-12-24,CC,30232,0,0.1101,0,20,1,39080,20,6,Udon Thani,
A111057,2023-04-27,CC,37458,0,0.2432,0,48,1,17332,5,999,Nakhon Ratchasima,
A111058,2023-05-27,PL,56031,48,0.1673,1948,52,1,91825,43,13,Nakhon Ratchasima,
A111059,2024-09-14,CC,39666,0,0.2179,0,43,1,16530,41,8,Udon Thani,Y
A111060,2024-08-13,HP,53944,72,0.1515,1430,32,1,31632,19,3,Ubon Ratchathani,Y
A111061,2022-06-01,HP,286255,60,0.2458,10634,44,3,,67,4,Ubon Ratchathani,
A111062,2022-03-08,HP,364472,60,0.2078,12385,37,3,16173,30,10,Bangkok,
A111063,2023-02-28,PL,42332,36,0.1227,1608,29,1,31025,53,4,Ubon Ratchathani,
A111064,2022-03-29,CC,45476,0,0.2703,0,45,1,34391,136,2,Chiang Mai,
A111065,2025-10-19,HP,146866,48,0.2364,5952,43,1,51179,101,999,Rayong,N
A111066,2022-12-22,PL,172168,12,0.2707,18231,42,1,20068,102,999,Udon Thani,
A111067,2024-08-13,HP,398932,36,0.247,19292,32,1,34947,41,17,Phuket,Y
A111068,2025-12-30,CC,54495,0,0.1039,0,27,1,24441,101,9,Khon Kaen,Y
A111069,2022-06-04,CC,18246,0,0.1326,0,38,1,53451,124,12,Ubon Ratchathani,
A111070,2022-08-04,HP,182848,36,0.0954,6532,30,2,76617,109,19,Rayong,
A111071,2024-03-06,PL,89603,12,0.1038,8241,20,2,61522,61,14,Udon Thani,
A111072,2023-03-17,CC,63793,0,0.2762,0,44,2,,75,5,Samut Prakan,
A111073,2023-01-03,HP,241386,72,0.1281,5929,30,2,,107,11,Chiang Mai,
A111074,2022-09-07,PL,149414,48,0.1487,4964,35,1,36131,10,5,Rayong,
A111075,2024-08-25,HP,117748,60,0.1561,3494,28,1,19528,27,999,Udon Thani,Y
A111076,2024-07-23,HP,1224763,72,0.2657,44128,47,1,23345,6,12,Rayong,Y
A111077,2024-07-19,PL,349005,48,0.1858,12674,23,1,27526,83,15,Ubon Ratchathani,Y
A111078,2024-03-21,PL,109452,12,0.1058,10086,36,3,19965,16,5,Ubon Ratchathani,
A111079,2024-09-27,HP,547713,72,0.2168,17502,25,2,39527,50,6,Nakhon Ratchasima,Y
A111080,2025-12-11,HP,346139,72,0.2764,12780,20,1,40788,27,16,Nonthaburi,Y
A111081,2024-06-26,PL,291927,48,0.1335,9329,24,1,,61,11,Bangkok,N
A111082,2022-10-07,CC,16622,0,0.2714,0,34,1,23554,5,11,Rayong,
A111083,2022-05-23,HP,254361,48,0.2422,10433,62,1,23110,50,14,Rayong,
A111084,2023-10-04,HP,178095,72,0.1913,5312,47,2,14737,59,13,Khon Kaen,
A111085,2024-05-19,HP,143012,60,0.2256,5072,65,3,35474,29,8,Udon Thani,Y
A111086,2025-01-09,PL,120359,36,0.278,6131,42,2,16160,9,4,Ubon Ratchathani,Y
A111087,2022-02-09,HP,212711,72,0.2595,7554,53,1,56053,28,12,Ubon Ratchathani,
A111088,2024-05-30,HP,424553,48,0.2401,17339,35,1,40941,60,14,Phuket,Y
A111089,2022-03-18,PL,94177,36,0.1694,3945,36,2,37284,90,21,Khon Kaen,
A111090,2024-11-16,PL,137562,24,0.1705,7686,30,1,26842,34,999,Udon Thani,N
A111091,2023-07-01,PL,96616,24,0.1151,4952,20,1,27494,1,19,Nakhon Ratchasima,
A111092,2022-11-27,PL,164770,12,0.192,16367,60,9,,51,6,Samut Prakan,
A111093,2024-05-05,PL,51795,36,0.1303,2001,20,1,35264,39,11,Ubon Ratchathani,N
A111094,2023-03-15,HP,286003,60,0.184,9152,32,3,21710,110,9,Nonthaburi,
A111095,2023-04-16,CC,36679,0,0.1462,0,37,1,19249,104,2,Bangkok,
A111096,2024-08-22,HP,356047,48,0.1779,12696,20,1,,75,999,Chiang Mai,N
A111097,2022-02-11,HP,148853,72,0.2446,5101,24,1,37641,40,17,Rayong,
A111098,2023-01-30,PL,59432,12,0.2425,6153,29,1,31027,51,7,Khon Kaen,
A111099,2024-03-25,PL,156327,24,0.1386,8319,38,2,,14,18,Khon Kaen,
A111100,2024-05-21,PL,131986,12,0.1599,12757,41,1,26480,78,18,Chonburi,N
A111101,2023-04-20,HP,762159,60,0.1896,24744,54,2,45831,124,0,Songkhla,
A111102,2023-05-19,PL,260180,12,0.2634,27392,31,2,,10,25,Udon Thani,
A111103,2023-01-04,PL,133259,24,0.2005,7778,46,2,29320,12,7,Khon Kaen,
A111104,2023-06-21,PL,109367,12,0.1977,10915,52,1,53877,54,1,Ubon Ratchathani,
A111105,2025-03-15,PL,155119,48,0.1119,4678,42,1,20806,128,1,Samut Prakan,Y
A111106,2023-04-13,PL,65016,36,0.2383,3097,26,1,30343,18,10,Bangkok,
A111107,2022-05-02,PL,36921,36,0.2408,1766,28,1,32133,21,7,Udon Thani,
A111108,2023-02-19,PL,111606,12,0.2485,11611,49,3,10638,1,0,Chonburi,
A111109,2024-08-28,CC,24483,0,0.1442,0,20,9,,82,6,Chonburi,Y
A111110,2022-08-14,PL,149193,48,0.2097,5715,45,1,21029,23,3,Nakhon Ratchasima,
A111111,2025-09-28,PL,97739,48,0.1356,3140,25,2,,52,16,Udon Thani,Y
A111112,2023-11-17,PL,72186,48,0.233,2905,24,1,22408,34,9,Chonburi,
A111113,2025-06-02,PL,115961,36,0.264,5772,40,1,16989,17,6,Nakhon Ratchasima,Y
A111114,2025-07-16,HP,351782,48,0.1374,11356,20,1,,55,0,Chiang Mai,Y
A111115,2024-05-23,HP,358547,60,0.2053,12109,20,3,33119,69,999,Nonthaburi,Y
A111116,2025-01-31,CC,25116,0,0.0,0,20,2,,20,25,Samut Prakan,N
A111117,2022-02-10,CC,46839,0,0.1709,0,28,1,11756,34,11,Bangkok,
A111118,2022-01-05,HP,324706,72,0.1506,8584,33,2,,106,20,Samut Prakan,
A111119,2024-02-24,HP,165008,36,0.1339,6424,20,1,41916,57,21,Chiang Mai,
A111120,2024-03-10,HP,326563,72,0.2202,10528,33,1,15230,3,13,Nonthaburi,
A111121,2022-02-12,HP,307584,72,0.1404,7870,43,1,26328,73,2,Samut Prakan,
A111122,2024-01-27,PL,128532,12,0.198,12831,44,2,64081,115,8,Chonburi,
A111123,2023-05-18,HP,603481,72,0.2209,19490,33,2,,30,11,Ubon Ratchathani,
A111124,2024-03-05,PL,81292,48,0.2085,3106,39,1,38838,26,2,Bangkok,
A111125,2024-09-27,CC,105913,0,0.2706,0,40,3,41000,14,16,Nakhon Ratchasima,Y
A111126,2025-09-01,PL,136843,36,0.1779,5829,44,1,14200,1,7,Ubon Ratchathani,Y
A111127,2022-10-17,PL,83441,48,0.2047,3161,43,1,30851,22,25,Ubon Ratchathani,
A111128,2025-07-03,CC,29727,0,0.2042,0,48,1,22521,54,11,Ubon Ratchathani,Y
A111129,2022-12-23,PL,106337,12,0.1426,10125,46,1,23283,104,2,Rayong,
A111130,2023-10-15,PL,84033,12,0.152,8067,34,2,37329,44,6,Rayong,
A111131,2022-12-11,PL,431542,36,0.1931,18931,42,1,16810,43,11,Phuket,
A111132,2022-03-23,HP,245204,36,0.1477,9829,34,1,22552,120,6,Khon Kaen,
A111133,2025-07-21,CC,39398,0,0.1614,0,20,3,24008,77,14,Phuket,Y
A111134,2025-12-19,HP,487878,60,0.211,16709,46,2,23407,54,9,Udon Thani,Y
A111135,2025-11-23,HP,217709,48,0.1435,7139,53,3,29796,83,13,Chonburi,Y
A111136,2023-04-30,PL,62790,36,0.2588,3098,30,2,,48,0,Songkhla,
A111137,2024-09-23,HP,77728,72,0.2477,2683,42,1,32711,124,999,Samut Prakan,Y
A111138,2023-11-23,PL,51820,48,0.1334,1655,25,1,37095,72,13,Rayong,
A111139,2022-05-18,HP,116702,36,0.1802,4994,59,2,37188,70,11,Bangkok,
A111140,2022-11-29,PL,140504,36,0.159,5764,60,3,38370,186,8,Udon Thani,
A111141,2023-07-05,HP,307163,48,0.1107,9232,47,1,22350,41,999,Bangkok,
A111142,2023-01-26,CC,54991,0,0.1967,0,31,1,29126,14,0,Nakhon Ratchasima,
A111143,2024-08-07,PL,151476,48,0.1155,4613,29,2,,63,13,Ubon Ratchathani,N
A111144,2022-04-04,PL,140947,36,0.1935,6187,46,1,,105,12,Phuket,
A111145,2024-10-24,PL,251488,48,0.1853,9122,32,1,21673,83,14,Samut Prakan,Y
A111146,2023-10-08,PL,142000,12,0.1812,13977,35,3,26245,137,10,Chonburi,
A111147,2024-08-05,HP,512626,60,0.2298,18360,24,1,25446,15,14,Phuket,Y
A111148,2022-08-29,HP,295921,60,0.252,11146,22,1,37273,48,12,Chiang Mai,
A111149,2024-09-07,HP,367513,72,0.2689,13339,40,2,23072,96,15,Chonburi,Y
A111150,2022-11-20,CC,20604,0,0.2154,0,47,1,28198,1,8,Nakhon Ratchasima,
A111151,2022-02-13,CC,57134,0,0.1049,0,20,1,30891,29,1,Ubon Ratchathani,
A111152,2022-01-02,HP,604969,36,0.2474,29277,33,3,32253,23,5,Khon Kaen,
A111153,2025-09-23,CC,38736,0,0.2105,0,25,1,27440,0,16,Rayong,Y
A111154,2022-03-21,CC,49029,0,0.24,0,36,3,14148,60,18,Udon Thani,
A111155,2022-12-04,PL,215274,36,0.2503,10470,47,3,28681,29,3,Nonthaburi,
A111156,2025-03-19,HP,107430,72,0.1875,3170,43,2,,112,5,Khon Kaen,N
A111157,2023-11-30,PL,65850,24,0.2196,3948,32,1,19493,29,5,Udon Thani,
A111158,2024-11-21,CC,38997,0,0.0,0,39,1,30290,32,999,Phuket,Y
A111159,2022-12-31,CC,37687,0,0.2043,0,20,2,43420,19,7,Songkhla,
A111160,2023-05-12,PL,151524,36,0.2771,7707,43,3,43396,31,14,Chiang Mai,
A111161,2022-08-04,HP,522007,48,0.1785,18639,28,3,25157,168,3,Khon Kaen,
A111162,2025-01-15,PL,233151,48,0.2249,9226,30,1,24000,58,13,Songkhla,Y
A111163,2022-10-31,HP,318625,48,0.2706,13823,30,3,12965,7,6,Khon Kaen,
A111164,2023-04-03,PL,160252,36,0.2203,7393,31,3,16283,41,20,Udon Thani,
A111165,2024-03-25,PL,247288,48,0.1115,7449,47,1,37797,135,999,Rayong,
A111166,2023-03-30,CC,13115,0,0.1473,0,20,1,36276,110,7,Bangkok,
A111167,2024-01-11,PL,78243,12,0.1886,7749,20,1,,69,999,Nonthaburi,
A111168,2025-05-02,HP,224983,36,0.117,8443,24,2,38952,3,999,Udon Thani,N
A111169,2023-04-24,PL,67888,36,0.1385,2669,56,1,15124,79,0,Nonthaburi,
A111170,2024-05-10,CC,41788,0,0.0,0,30,3,23775,1,4,Bangkok,Y
A111171,2024-09-27,HP,451370,36,0.1588,18511,51,9,,97,23,Phuket,Y
A111172,2025-04-14,PL,116111,48,0.1809,4169,29,2,18737,85,8,Chiang Mai,Y
A111173,2025-07-02,HP,379740,36,0.2395,18127,58,1,23221,6,22,Samut Prakan,Y
A111174,2022-06-29,CC,35540,0,0.2596,0,20,1,,102,0,Songkhla,
A111175,2023-11-22,CC,32218,0,0.1227,0,55,3,32674,131,12,Ubon Ratchathani,
A111176,2024-12-12,PL,68023,12,0.2379,7017,39,1,22125,1,4,Ubon Ratchathani,Y
A111177,2024-11-18,PL,98258,12,0.2299,10070,49,3,11441,65,999,Bangkok,Y
A111178,2022-12-16,PL,116413,12,0.2536,12161,44,1,12438,101,1,Nakhon Ratchasima,
A111179,2025-03-24,PL,192458,36,0.1436,7649,38,1,17402,51,9,Nakhon Ratchasima,Y
A111180,2025-06-12,PL,103312,36,0.0984,3716,26,1,22876,147,9,Nonthaburi,Y
A111181,2023-07-25,HP,596906,48,0.1519,19991,32,3,23849,115,8,Ubon Ratchathani,
A111182,2024-07-13,PL,96348,48,0.2154,3736,37,1,23040,86,999,Khon Kaen,N
A111183,2023-03-15,CC,40261,0,0.0,0,31,1,28047,108,7,Chonburi,
A111184,2025-08-26,HP,117400,72,0.2397,3975,44,1,36673,39,22,Ubon Ratchathani,Y
A111185,2023-10-25,PL,118244,48,0.1679,4117,39,2,23120,19,12,Ubon Ratchathani,
A111186,2024-05-21,PL,108132,48,0.1947,4007,35,1,63525,24,8,Chiang Mai,Y
A111187,2022-04-18,CC,17264,0,0.228,0,36,1,21071,72,4,Bangkok,
A111188,2022-08-08,HP,628979,72,0.2464,21650,33,2,,36,10,Songkhla,
A111189,2025-01-04,HP,185851,36,0.172,7826,37,2,,84,14,Nonthaburi,Y
A111190,2024-10-22,PL,273112,36,0.1601,11230,53,1,30289,17,27,Rayong,Y
A111191,2025-04-18,HP,406628,36,0.246,19631,45,1,18749,40,10,Nakhon Ratchasima,Y
A111192,2022-04-26,PL,142882,36,0.2754,7248,21,1,14807,18,6,Bangkok,
A111193,2022-03-14,HP,219375,60,0.1011,5504,38,3,45541,16,20,Samut Prakan,
A111194,2022-12-16,PL,219867,48,0.2679,9489,20,1,48088,13,999,Chonburi,
A111195,2025-11-07,PL,140002,24,0.2205,8405,31,1,16491,2,2,Songkhla,Y
A111196,2023-06-30,HP,335351,72,0.1996,10235,26,1,56350,1,999,Samut Prakan,
A111197,2023-04-30,HP,286549,72,0.1596,7790,37,2,,120,2,Udon Thani,
A111198,2023-07-28,PL,242104,12,0.098,22152,35,2,46201,3,9,Rayong,
A111199,2024-10-26,PL,231423,12,0.1091,21389,58,2,65854,61,3,Chonburi,Y
A111200,2024-12-18,PL,78529,12,0.2388,8106,57,1,30336,17,23,Udon Thani,Y
A111201,2023-03-15,CC,55829,0,0.174,0,51,1,10103,114,17,Ubon Ratchathani,
A111202,2022-01-16,HP,227043,48,0.1721,7986,32,2,28854,19,1,Khon Kaen,
A111203,2023-06-27,HP,160117,60,0.0958,3946,54,3,28621,13,0,Nakhon Ratchasima,
A111204,2024-09-16,PL,43190,24,0.144,2317,36,2,,185,24,Bangkok,Y
A111205,2022-02-12,PL,158122,36,0.2349,7487,33,3,64062,71,0,Khon Kaen,
A111206,2025-06-24,PL,79528,24,0.1866,4550,33,3,32881,2,4,Bangkok,Y
A111207,2025-11-19,PL,119458,12,0.1339,11287,20,2,,53,17,Chonburi,Y
A111208,2022-09-16,CC,133501,0,0.118,0,33,9,24836,16,16,Rayong,
A111209,2022-11-05,PL,131076,12,0.201,13118,54,2,28671,39,12,Rayong,
A111210,2023-02-07,PL,145175,36,0.2699,7297,28,1,36392,43,5,Chonburi,
A111211,2022-06-16,CC,24212,0,0.1948,0,44,1,46328,100,999,Udon Thani,
A111212,2025-12-17,PL,193836,12,0.1866,19167,34,3,,40,0,Rayong,N
A111213,2025-11-25,HP,391872,72,0.1852,11490,20,2,,8,6,Ubon Ratchathani,N
A111214,2024-06-11,PL,138704,36,0.2499,6741,32,1,22422,80,13,Bangkok,Y
A111215,2024-11-22,HP,257913,72,0.1182,6122,43,2,,6,3,Chonburi,Y
A111216,2024-09-03,PL,46862,12,0.1874,4636,36,3,,53,8,Songkhla,Y
A111217,2024-08-20,CC,52958,0,0.1187,0,48,3,18039,89,7,Nakhon Ratchasima,Y
A111218,2023-07-11,PL,89651,36,0.1096,3309,37,2,,45,17,Chiang Mai,
A111219,2024-01-09,PL,115383,12,0.2557,12073,33,3,42006,73,4,Khon Kaen,
A111220,2022-11-15,HP,517640,72,0.1237,12525,32,1,72959,71,2,Chiang Mai,
A111221,2024-10-10,HP,265427,48,0.2014,9984,37,3,17540,97,19,Nakhon Ratchasima,Y
A111222,2024-05-03,PL,183336,12,0.1955,18264,36,1,45260,33,10,Udon Thani,Y
A111223,2023-04-20,PL,46008,36,0.1593,1888,30,1,24110,78,0,Bangkok,
A111224,2023-06-15,HP,433151,48,0.1044,12792,55,1,39807,32,31,Chonburi,
A111225,2023-04-25,HP,112757,60,0.1548,3333,20,3,17602,95,20,Bangkok,
A111226,2023-10-30,HP,294704,48,0.0958,8492,35,1,,44,1,Chonburi,
A111227,2022-12-27,HP,150764,36,0.2154,6894,21,1,,72,3,Udon Thani,
A111228,2024-04-10,PL,128404,24,0.1286,6726,40,1,34242,92,12,Nakhon Ratchasima,Y
A111229,2023-10-24,PL,81746,36,0.2263,3812,29,2,,4,4,Bangkok,
A111230,2024-02-06,PL,107933,36,0.0989,3887,20,1,46424,65,12,Songkhla,
A111231,2024-01-19,HP,787750,72,0.2534,27575,34,1,11776,2,19,Songkhla,
A111232,2025-09-24,HP,567081,60,0.232,20414,37,2,,28,7,Samut Prakan,Y
A111233,2022-01-01,CC,34762,0,0.1271,0,21,1,34462,28,15,Ubon Ratchathani,
A111234,2024-03-03,HP,402981,60,0.1324,11162,37,3,46639,56,13,Nakhon Ratchasima,
A111235,2024-06-05,HP,285237,72,0.1541,7624,43,1,13895,90,999,Chonburi,N
A111236,2022-02-14,PL,130463,36,0.1257,4990,40,9,,8,4,Udon Thani,
A111237,2023-12-02,CC,52040,0,0.205,0,39,1,32526,30,11,Chonburi,
A111238,2022-08-08,HP,114495,72,0.152,3040,23,3,18721,78,8,Songkhla,
A111239,2022-11-08,CC,90941,0,0.1533,0,48,1,42867,80,10,Nonthaburi,
A111240,2023-09-14,PL,106269,12,0.1648,10315,28,2,,64,6,Nonthaburi,
A111241,2025-08-29,PL,146593,12,0.1419,13949,38,1,23201,65,999,Ubon Ratchathani,N
A111242,2025-03-14,PL,112087,12,0.1397,10645,38,2,44573,45,26,Nakhon Ratchasima,Y
A111243,2025-06-03,PL,88837,48,0.1722,3125,39,2,,18,9,Rayong,Y
A111244,2022-11-08,HP,292637,60,0.2605,11229,45,2,,45,25,Ubon Ratchathani,
A111245,2023-06-06,PL,51981,36,0.1733,2194,45,1,47844,62,5,Samut Prakan,
A111246,2022-09-18,HP,222970,72,0.1772,6389,37,3,31857,99,6,Phuket,
A111247,2022-03-23,PL,107323,36,0.1381,4216,41,1,30001,129,1,Songkhla,
A111248,2025-06-19,PL,56481,24,0.1693,3150,20,1,11176,2,7,Udon Thani,Y
A111249,2024-07-18,HP,436403,36,0.1857,18875,22,2,,22,999,Khon Kaen,Y
A111250,2023-03-21,CC,54005,0,0.1171,0,27,3,41475,91,6,Bangkok,
A111251,2024-07-16,CC,20815,0,0.2047,0,50,2,,16,27,Chonburi,Y
A111252,2022-02-14,PL,103821,48,0.227,4126,50,1,30595,49,0,Chonburi,
A111253,2025-07-07,PL,80745,48,0.2097,3093,32,1,34013,77,8,Songkhla,Y
A111254,2023-06-21,CC,72164,0,0.2566,0,33,1,39936,51,4,Nonthaburi,
A111255,2024-04-30,HP,333332,72,0.2644,11974,22,1,30355,43,20,Udon Thani,Y
A111256,2022-05-25,PL,107470,48,0.1909,3948,56,1,9000,38,999,Samut Prakan,
A111257,2023-07-18,PL,123124,48,0.1765,4376,39,3,,109,10,Chiang Mai,
A111258,2022-06-08,PL,99590,12,0.2405,10295,44,3,16779,66,13,Samut Prakan,
A111259,2022-04-07,PL,116193,48,0.091,3301,47,1,13354,123,7,Udon Thani,
A111260,2022-07-26,HP,236297,72,0.1522,6278,32,3,20140,142,0,Bangkok,
A111261,2022-10-11,HP,185003,36,0.1649,7681,34,3,38170,52,13,Chonburi,
A111262,2025-03-08,CC,21589,0,0.1022,0,40,3,25484,22,0,Bangkok,Y
A111263,2025-06-26,PL,54488,36,0.2021,2431,24,1,38979,137,19,Phuket,Y
A111264,2025-01-23,HP,330268,48,0.1842,11950,20,2,40400,38,3,Ubon Ratchathani,Y
A111265,2022-12-03,HP,363863,36,0.2156,16644,31,1,37131,101,9,Nonthaburi,
A111266,2023-01-10,PL,155065,24,0.1127,7917,30,1,46834,126,6,Chiang Mai,
A111267,2023-08-22,HP,437810,48,0.1018,12835,28,1,21146,69,999,Bangkok,
A111268,2024-12-28,PL,105263,48,0.1923,3879,50,1,13073,97,9,Khon Kaen,Y
A111269,2024-12-21,HP,647496,72,0.0942,14075,46,1,15893,24,5,Rayong,N
A111270,2023-12-23,PL,123322,36,0.1719,5192,41,1,37588,25,12,Chonburi,
A111271,2025-08-04,CC,17479,0,0.1305,0,35,1,27825,25,13,Chiang Mai,N
A111272,2024-10-12,HP,224201,36,0.2096,10143,25,1,18891,27,7,Chiang Mai,Y
A111273,2022-06-02,PL,101806,48,0.2288,4062,29,2,60579,15,2,Udon Thani,
A111274,2022-03-03,PL,86086,36,0.2056,3866,38,1,18706,110,8,Songkhla,
A111275,2025-07-08,PL,82445,36,0.0973,2958,20,1,28036,53,6,Khon Kaen,N
A111276,2022-09-08,PL,140508,48,0.2595,5965,33,1,27473,24,21,Nakhon Ratchasima,
A111277,2024-02-16,PL,73355,24,0.2501,4585,20,2,25257,117,18,Phuket,
A111278,2023-01-26,PL,95042,48,0.1519,3183,32,1,29056,54,4,Songkhla,
A111279,2024-04-27,CC,40018,0,0.2248,0,35,1,15732,81,11,Chiang Mai,N
A111280,2025-10-28,HP,304135,72,0.2653,10948,29,2,,21,999,Nonthaburi,Y
A111281,2022-08-13,PL,180033,24,0.1612,9919,49,1,,65,11,Chonburi,
A111282,2023-07-07,CC,60955,0,0.1622,0,20,1,24269,96,999,Ubon Ratchathani,
A111283,2024-01-29,HP,495140,36,0.1536,20091,36,9,,33,10,Songkhla,
A111284,2022-04-12,HP,659817,48,0.1349,21163,35,1,43588,27,3,Phuket,
A111285,2022-03-10,CC,36785,0,0.1113,0,36,3,32966,44,2,Nonthaburi,
A111286,2023-12-30,PL,169988,36,0.1295,6556,50,2,49530,67,8,Nonthaburi,
A111287,2023-03-11,HP,313240,48,0.1988,11715,42,2,49860,72,8,Chonburi,
A111288,2025-09-09,PL,91121,36,0.1413,3604,26,2,,54,3,Udon Thani,Y
A111289,2025-01-27,CC,34711,0,0.1656,0,36,1,42406,111,7,Phuket,Y
A111290,2025-07-25,PL,200341,12,0.2596,21029,25,1,27261,134,11,Khon Kaen,Y
A111291,2024-08-02,HP,166069,72,0.2674,6007,51,3,26037,69,32,Samut Prakan,Y
A111292,2025-09-01,PL,158251,36,0.2075,7132,28,1,18232,149,14,Nakhon Ratchasima,Y
A111293,2023-12-25,HP,227110,48,0.0914,6461,39,1,27094,90,4,Samut Prakan,
A111294,2024-07-11,PL,137473,24,0.2217,8267,38,2,,24,8,Nonthaburi,Y
A111295,2023-01-04,CC,20849,0,0.213,0,39,1,20501,101,18,Rayong,
A111296,2022-03-16,PL,169401,12,0.209,17067,31,2,,40,7,Ubon Ratchathani,
A111297,2023-06-27,PL,163241,36,0.1038,5946,27,1,,53,0,Nakhon Ratchasima,
A111298,2025-03-25,HP,440786,48,0.2391,17965,41,1,35222,0,8,Phuket,Y
A111299,2023-09-10,HP,192784,36,0.0917,6828,36,1,33820,84,1,Khon Kaen,
A111300,2024-03-07,PL,215372,48,0.204,8148,20,2,62824,96,3,Samut Prakan,
A111301,2024-05-16,PL,69645,48,0.2061,2647,62,1,21499,4,0,Chiang Mai,Y
A111302,2022-04-05,PL,176523,12,0.152,16946,29,3,12226,88,999,Khon Kaen,
A111303,2025-04-10,HP,352810,48,0.2314,14153,48,1,52282,55,13,Nonthaburi,Y
A111304,2022-11-10,HP,400374,48,0.205,15180,31,9,29279,37,7,Ubon Ratchathani,
A111305,2025-05-10,HP,237699,72,0.1202,5682,44,1,23539,60,8,Chiang Mai,Y
A111306,2024-05-26,HP,113437,72,0.0994,2515,42,3,34939,120,13,Chonburi,N
A111307,2023-10-22,CC,50231,0,0.2023,0,45,1,22338,22,999,Nonthaburi,
A111308,2024-09-25,HP,975664,72,0.1757,27836,45,3,21390,5,12,Chonburi,Y
A111309,2025-07-13,PL,86051,36,0.1696,3606,45,1,51858,48,14,Chonburi,Y
A111310,2023-05-15,CC,53495,0,0.0928,0,47,1,17092,18,21,Ubon Ratchathani,
A111311,2023-05-28,PL,157188,24,0.2548,9887,42,1,14669,143,4,Ubon Ratchathani,
A111312,2022-09-24,CC,34586,0,0.2211,0,31,3,19557,93,4,Chonburi,
A111313,2024-02-29,PL,179001,36,0.2262,8346,20,1,12686,10,999,Nakhon Ratchasima,
A111314,2023-12-03,PL,172400,12,0.2348,17739,23,2,39278,64,5,Phuket,
A111315,2025-12-07,HP,227359,60,0.2433,8399,38,1,28629,71,20,Phuket,Y
A111316,2022-03-22,PL,116631,48,0.2768,5120,37,1,59269,99,0,Nonthaburi,
A111317,2023-06-13,HP,275403,36,0.1655,11448,20,1,27849,35,4,Chiang Mai,
A111318,2023-11-27,PL,100295,12,0.2651,10573,48,1,29107,59,19,Udon Thani,
A111319,2023-03-30,CC,23305,0,0.1567,0,40,3,11570,4,10,Songkhla,
A111320,2024-08-14,PL,69002,48,0.2306,2763,39,2,,37,0,Nonthaburi,Y
A111321,2023-12-07,PL,213796,48,0.24,8730,43,1,,99,5,Songkhla,
A111322,2024-03-18,PL,55538,36,0.2688,2786,47,1,67926,104,4,Nakhon Ratchasima,
A111323,2022-02-13,PL,86960,48,0.1718,3056,44,3,25235,75,8,Nakhon Ratchasima,
A111324,2025-11-09,PL,47937,36,0.1955,2112,31,1,47145,3,5,Ubon Ratchathani,Y
A111325,2023-03-21,PL,323058,24,0.1794,18290,34,2,,40,18,Songkhla,
A111326,2022-12-09,PL,38211,12,0.0982,3496,31,1,25922,76,10,Songkhla,
A111327,2025-02-03,PL,101365,24,0.1179,5219,36,2,36609,53,21,Khon Kaen,Y
A111328,2025-11-15,CC,85171,0,0.0,0,41,2,,7,9,Udon Thani,Y
A111329,2024-12-21,PL,48075,48,0.1197,1481,44,2,,32,9,Rayong,Y
A111330,2022-05-30,CC,90090,0,0.1794,0,51,2,,10,3,Rayong,
A111331,2024-01-28,CC,54244,0,0.1475,0,39,3,41488,48,12,Chiang Mai,
A111332,2023-01-30,HP,404526,36,0.2606,20021,20,2,,102,6,Samut Prakan,
A111333,2025-11-26,HP,634329,48,0.1306,20118,48,1,29271,54,999,Khon Kaen,Y
A111334,2022-05-28,HP,313029,36,0.1393,12328,20,1,57415,48,14,Samut Prakan,
A111335,2024-09-21,PL,125479,48,0.2597,5329,51,3,40930,113,21,Songkhla,Y
A111336,2024-08-13,CC,52331,0,0.2511,0,36,1,48497,9,14,Khon Kaen,Y
A111337,2025-02-22,HP,426493,48,0.1413,13907,46,1,41362,51,0,Chonburi,Y
A111338,2023-02-07,PL,63004,12,0.2598,6614,28,2,82338,18,12,Bangkok,
A111339,2024-12-27,PL,300043,48,0.2062,11406,26,1,22036,40,19,Phuket,Y
A111340,2023-06-07,PL,108822,12,0.2079,10953,40,1,25405,49,999,Bangkok,
A111341,2022-04-02,PL,88134,12,0.2789,9392,23,1,27072,21,18,Samut Prakan,
A111342,2022-03-17,PL,70740,24,0.2017,4136,37,2,,126,5,Phuket,
A111343,2024-03-27,PL,91422,48,0.0937,2618,28,1,41294,23,14,Udon Thani,
A111344,2025-03-08,HP,148879,48,0.1789,5321,39,1,29176,25,4,Udon Thani,Y
A111345,2025-09-18,PL,82394,24,0.1296,4322,51,1,13142,59,999,Chonburi,N
A111346,2024-08-04,PL,109950,24,0.0905,5410,32,1,27343,21,5,Samut Prakan,N
A111347,2022-03-09,HP,181109,48,0.1317,5760,34,2,74078,132,999,Songkhla,
A111348,2022-07-18,HP,310131,60,0.1969,10257,47,3,22676,57,4,Rayong,
A111349,2025-01-01,PL,74234,48,0.1729,2616,48,1,12245,32,10,Nakhon Ratchasima,N
A111350,2023-12-01,HP,510416,72,0.2428,17416,39,1,62869,131,6,Nonthaburi,
A111351,2025-09-14,PL,196444,12,0.1849,19397,47,1,32604,34,5,Samut Prakan,Y
A111352,2022-07-16,HP,509669,60,0.1034,12886,46,1,41574,12,11,Chonburi,
A111353,2024-07-20,PL,60701,24,0.2255,3669,29,2,29883,56,27,Udon Thani,Y
A111354,2023-10-02,CC,16182,0,0.2612,0,20,1,,89,9,Udon Thani,
A111355,2024-04-10,CC,26540,0,0.0,0,20,1,21367,3,0,Phuket,Y
A111356,2022-10-20,HP,423310,48,0.1572,14364,20,2,21661,35,5,Samut Prakan,
A111357,2025-06-14,PL,420844,48,0.2476,17450,47,1,36057,2,10,Chiang Mai,Y
A111358,2025-12-26,CC,20254,0,0.2719,0,58,1,16480,67,9,Ubon Ratchathani,Y
A111359,2024-09-10,PL,252999,36,0.0911,8948,42,1,45212,27,20,Nakhon Ratchasima,Y
A111360,2023-04-26,CC,31658,0,0.1704,0,24,2,,46,13,Nakhon Ratchasima,
A111361,2023-02-25,PL,93176,36,0.1232,3544,42,2,,23,4,Phuket,
A111362,2022-04-18,CC,68738,0,0.1874,0,44,1,29653,56,18,Khon Kaen,
A111363,2022-01-09,PL,39917,24,0.2752,2578,49,2,,46,999,Nonthaburi,
A111364,2023-01-12,PL,282415,36,0.186,12222,34,3,84242,3,999,Chonburi,
A111365,2025-03-12,PL,97989,36,0.0939,3488,27,1,29409,72,6,Nakhon Ratchasima,Y
A111366,2025-12-30,PL,40591,12,0.2416,4199,29,1,36734,38,9,Chiang Mai,Y
A111367,2024-05-01,HP,759897,36,0.1358,29707,28,1,41059,5,3,Nakhon Ratchasima,Y
A111368,2024-10-22,PL,250597,36,0.1592,10285,28,1,52573,48,13,Samut Prakan,N
A111369,2022-06-21,PL,404373,48,0.2025,15248,40,2,,36,5,Rayong,
A111370,2025-04-20,PL,641333,48,0.1479,21265,39,1,19017,11,20,Udon Thani,Y
A111371,2023-05-22,PL,130661,48,0.158,4442,44,1,46378,38,10,Nonthaburi,
A111372,2023-11-25,HP,490703,48,0.2787,21619,39,3,17233,147,9,Songkhla,
A111373,2024-08-03,CC,64640,0,0.1523,0,41,1,83922,54,18,Ubon Ratchathani,Y
A111374,2024-12-16,PL,78576,12,0.1964,7834,21,1,30315,43,0,Phuket,N
A111375,2023-05-13,HP,972678,36,0.1392,38301,34,3,35410,76,26,Chiang Mai,
A111376,2023-04-25,HP,291618,48,0.2336,11752,34,3,45328,66,24,Rayong,
A111377,2024-12-20,PL,186594,48,0.1598,6372,28,1,18348,51,9,Chiang Mai,Y
A111378,2025-03-06,CC,75894,0,0.2417,0,42,1,34111,11,11,Udon Thani,N
A111379,2025-05-18,PL,109965,24,0.213,6533,24,1,23135,189,999,Phuket,Y
A111380,2024-10-09,HP,289578,60,0.1832,9247,38,1,26196,105,18,Ubon Ratchathani,N
A111381,2025-02-07,PL,58129,12,0.2538,6073,44,3,39141,51,0,Udon Thani,Y
A111382,2023-12-04,PL,150613,48,0.2397,6146,20,1,19455,70,16,Nonthaburi,
A111383,2025-10-26,PL,41448,36,0.145,1652,25,1,,30,5,Songkhla,Y
A111384,2024-08-26,PL,161473,48,0.1423,5278,33,1,33465,4,999,Chonburi,N
A111385,2023-03-29,CC,26834,0,0.2659,0,43,1,48291,50,4,Chonburi,
A111386,2025-01-18,PL,81434,48,0.2596,3458,34,2,,125,5,Bangkok,N
A111387,2025-01-30,PL,96839,36,0.2666,4841,66,3,15889,86,3,Chiang Mai,Y
A111388,2023-12-22,HP,270848,36,0.1348,10566,22,3,42326,99,1,Udon Thani,
A111389,2022-07-20,HP,337014,72,0.0928,7286,24,3,72634,14,15,Nonthaburi,
A111390,2022-04-06,CC,43391,0,0.1391,0,51,1,47909,115,5,Chonburi,
A111391,2023-12-19,HP,327952,72,0.1131,7645,21,1,32236,23,10,Rayong,
A111392,2024-08-28,PL,48165,12,0.231,4940,24,2,,18,9,Chonburi,Y
A111393,2023-03-31,HP,380397,60,0.2462,14144,46,1,19655,77,20,Chonburi,
A111394,2022-12-04,PL,133731,12,0.2233,13632,53,1,23546,24,3,Nakhon Ratchasima,
A111395,2023-07-11,HP,611569,60,0.2475,22806,30,2,,39,4,Khon Kaen,
A111396,2023-10-10,PL,53641,24,0.1179,2762,51,1,16858,91,999,Udon Thani,
A111397,2024-01-11,PL,93860,48,0.1253,2935,27,2,,63,17,Nonthaburi,
A111398,2022-07-06,PL,203663,48,0.1168,6225,22,1,36317,113,10,Phuket,
A111399,2025-06-03,PL,143106,24,0.1254,7458,36,3,21311,14,5,Samut Prakan,N
A111400,2025-01-08,PL,202369,36,0.2574,9962,33,3,17800,161,3,Bangkok,Y
A111401,2024-01-30,HP,221206,72,0.2372,7444,21,2,53360,63,18,Songkhla,
A111402,2023-10-25,PL,375808,48,0.1923,13851,34,1,24065,147,7,Samut Prakan,
A111403,2025-08-04,HP,272456,48,0.1173,8339,47,1,17478,30,20,Chonburi,Y
A111404,2025-12-22,PL,225753,12,0.0925,20552,34,3,25960,68,10,Songkhla,Y
A111405,2023-01-20,CC,23872,0,0.1649,0,37,2,,47,14,Rayong,
A111406,2024-05-19,HP,517348,60,0.2069,17542,20,1,,0,2,Songkhla,Y
A111407,2024-06-05,PL,140502,48,0.2726,6118,25,2,,6,9,Chonburi,Y
A111408,2022-11-07,PL,182586,24,0.2175,10917,42,2,38920,102,2,Ubon Ratchathani,
A111409,2025-12-31,CC,18701,0,0.2173,0,30,1,32715,103,6,Khon Kaen,Y
A111410,2024-04-19,PL,93288,24,0.1065,4714,20,2,,85,10,Udon Thani,Y
A111411,2024-04-15,PL,116035,36,0.2483,5624,42,2,,14,999,Samut Prakan,Y
A111412,2022-03-20,PL,28944,24,0.1893,1662,44,1,38266,9,4,Rayong,
A111413,2023-04-02,PL,79330,48,0.2484,3294,34,1,61626,33,12,Udon Thani,
A111414,2022-01-03,PL,127611,48,0.1122,3851,37,1,24480,43,999,Nonthaburi,
A111415,2022-03-29,CC,26949,0,0.1173,0,27,1,27235,106,8,Udon Thani,
A111416,2025-11-17,HP,256574,48,0.1462,8471,20,2,,15,0,Phuket,Y
A111417,2024-07-03,HP,195649,48,0.0946,5618,28,1,26070,5,4,Khon Kaen,Y
A111418,2022-10-06,CC,17797,0,0.2352,0,42,1,34202,21,18,Nakhon Ratchasima,
A111419,2023-02-22,CC,71363,0,0.2375,0,32,2,28486,11,12,Phuket,
A111420,2025-03-07,HP,808080,72,0.1733,22893,62,2,,64,9,Bangkok,Y
A111421,2022-11-08,PL,65875,48,0.1068,1958,52,1,73553,43,18,Phuket,
A111422,2025-01-15,HP,194029,72,0.2002,5931,23,9,,23,3,Bangkok,N
A111423,2024-03-07,PL,95351,36,0.2706,4798,42,1,26407,25,11,Nakhon Ratchasima,
A111424,2022-12-28,CC,31405,0,0.1764,0,29,2,46583,166,4,Phuket,
A111425,2023-10-12,PL,55649,48,0.1687,1941,52,3,74261,143,10,Songkhla,
A111426,2023-03-27,HP,302056,72,0.2345,10097,39,1,21375,33,12,Ubon Ratchathani,
A111427,2024-06-12,HP,503703,72,0.2091,15772,28,2,28704,53,999,Chonburi,N
A111428,2023-11-29,PL,72525,36,0.221,3350,26,1,28231,37,10,Ubon Ratchathani,
A111429,2023-06-29,PL,205685,36,0.2428,9875,30,2,88383,95,4,Ubon Ratchathani,
A111430,2023-12-24,HP,402213,60,0.2566,15304,45,3,27066,26,10,Nakhon Ratchasima,
A111431,2023-11-12,PL,77243,24,0.1935,4464,42,2,,100,999,Rayong,
A111432,2023-05-22,PL,74424,36,0.2163,3408,47,3,,70,1,Songkhla,
A111433,2022-04-30,PL,115354,36,0.168,4819,35,9,,9,7,Ubon Ratchathani,
A111434,2023-02-21,PL,93407,48,0.125,2918,39,1,24699,85,999,Chonburi,
A111435,2024-09-15,PL,271541,48,0.1901,9958,27,1,10506,6,2,Nonthaburi,N
A111436,2022-06-01,PL,113648,12,0.095,10370,26,3,39174,76,18,Chiang Mai,
A111437,2024-09-18,CC,64959,0,0.2105,0,55,3,,108,999,Bangkok,Y
A111438,2025-10-04,PL,127958,36,0.2565,6289,38,2,,70,26,Khon Kaen,Y
A111439,2022-10-22,CC,48921,0,0.0,0,22,3,28096,41,8,Bangkok,
A111440,2025-12-11,PL,61947,48,0.2522,2592,41,3,23334,142,3,Chonburi,Y
A111441,2024-07-25,PL,241228,48,0.261,10272,36,1,32048,17,5,Udon Thani,Y
A111442,2024-01-13,HP,759821,36,0.2103,34422,38,3,89377,15,7,Ubon Ratchathani,
A111443,2023-02-16,HP,637654,60,0.2493,23874,20,2,32731,72,6,Udon Thani,
A111444,2023-10-03,HP,412829,48,0.135,13244,49,2,,40,2,Udon Thani,
A111445,2025-05-21,CC,147618,0,0.0963,0,47,9,,55,3,Chonburi,N
A111446,2023-01-09,PL,97002,24,0.1483,5240,36,1,19272,7,10,Samut Prakan,
A111447,2022-12-13,PL,221992,24,0.1653,12307,30,2,,87,7,Udon Thani,
A111448,2023-05-20,PL,122970,24,0.2726,7917,35,1,14466,106,5,Nakhon Ratchasima,
A111449,2022-01-24,HP,385448,36,0.1767,16382,54,2,,6,23,Samut Prakan,
A111450,2025-10-28,HP,420048,72,0.1859,12341,28,1,49412,35,13,Songkhla,Y
A111451,2024-01-14,HP,421922,36,0.1415,16695,25,3,46853,53,13,Songkhla,
A111452,2025-11-13,PL,108744,12,0.2286,11133,28,1,28988,162,7,Rayong,Y
A111453,2024-01-08,PL,175739,48,0.2241,6943,25,1,,76,999,Nakhon Ratchasima,
A111454,2023-01-30,PL,113517,48,0.2437,4670,40,9,,45,999,Chonburi,
A111455,2024-08-29,HP,336682,48,0.1988,12591,33,1,37828,18,999,Chiang Mai,Y
A111456,2023-05-23,PL,67274,48,0.1105,2021,32,2,46392,143,3,Rayong,
A111457,2024-06-05,CC,16009,0,0.15,0,47,1,17822,71,10,Phuket,Y
A111458,2022-06-01,HP,133348,60,0.2065,4517,29,2,,53,15,Phuket,
A111459,2024-12-17,HP,275938,48,0.2513,11527,50,3,51446,27,5,Phuket,N
A111460,2025-05-22,HP,431910,48,0.2004,16211,56,1,22583,60,11,Bangkok,Y
A111461,2025-09-13,PL,151802,48,0.1513,5076,50,1,29424,1,14,Khon Kaen,Y
A111462,2025-10-28,HP,132798,60,0.1185,3524,36,1,23339,16,9,Ubon Ratchathani,N
A111463,2023-06-25,PL,114894,12,0.2769,12225,57,3,15552,18,0,Songkhla,
A111464,2024-09-26,CC,29276,0,0.1438,0,34,2,,20,10,Samut Prakan,N
A111465,2022-08-19,PL,122871,48,0.1306,3897,33,2,26231,76,999,Bangkok,
A111466,2025-01-10,HP,309554,36,0.1736,13076,42,2,,91,11,Nonthaburi,Y
A111467,2023-12-26,HP,142697,36,0.1108,5281,45,1,22591,128,6,Nakhon Ratchasima,
A111468,2023-11-06,PL,251990,12,0.1591,24340,34,2,14418,52,5,Nonthaburi,
A111469,2024-03-22,CC,29033,0,0.2303,0,49,1,24469,74,9,Chiang Mai,
A111470,2024-04-27,PL,106781,24,0.1923,6160,45,1,,43,11,Songkhla,Y
A111471,2023-12-24,PL,108719,36,0.2252,5060,37,1,,99,999,Bangkok,
A111472,2023-03-30,PL,386405,24,0.2304,23519,20,1,42111,34,0,Chonburi,
A111473,2022-06-04,HP,418196,48,0.1774,14894,31,1,13471,69,6,Phuket,
A111474,2023-06-05,HP,224118,72,0.115,5260,32,1,19285,14,1,Chonburi,
A111475,2023-05-03,HP,497333,60,0.129,13635,35,3,13384,99,6,Songkhla,
A111476,2024-05-04,PL,131248,36,0.1031,4773,43,2,71189,66,999,Khon Kaen,Y
A111477,2022-01-19,PL,257681,48,0.2652,11063,41,2,,24,8,Bangkok,
A111478,2023-02-02,CC,28183,0,0.118,0,45,2,9883,88,9,Chiang Mai,
A111479,2024-09-10,PL,76714,36,0.2099,3472,35,3,24333,31,8,Nonthaburi,Y
A111480,2024-01-09,PL,150802,36,0.1479,6047,31,1,21120,103,11,Chonburi,
A111481,2022-07-26,PL,85354,12,0.2518,8903,26,2,22244,58,5,Nonthaburi,
A111482,2025-11-20,HP,857468,72,0.2625,30666,34,3,90835,43,999,Chiang Mai,Y
A111483,2025-02-05,PL,118192,48,0.2299,4726,54,3,33966,63,8,Chiang Mai,N
A111484,2022-10-10,PL,216314,24,0.1567,11837,30,1,20244,28,3,Udon Thani,
A111485,2025-02-28,HP,187788,48,0.1174,5749,20,2,,76,15,Songkhla,Y
A111486,2022-01-17,HP,207750,48,0.2757,9101,48,1,37187,23,5,Chonburi,
A111487,2025-01-18,HP,116112,36,0.101,4202,32,2,10413,49,9,Samut Prakan,Y
A111488,2024-04-23,HP,300594,36,0.1297,11598,24,2,15177,15,6,Chiang Mai,N
A111489,2022-08-05,PL,84665,36,0.2084,3822,46,1,,123,12,Nakhon Ratchasima,
A111490,2022-04-15,CC,60028,0,0.1629,0,55,3,29530,73,999,Nakhon Ratchasima,
A111491,2024-12-20,PL,146324,48,0.2767,6422,28,2,,35,16,Bangkok,Y
A111492,2022-10-07,PL,171959,36,0.1002,6212,41,1,17501,12,7,Ubon Ratchathani,
A111493,2022-04-02,CC,48477,0,0.0,0,32,1,38354,41,22,Samut Prakan,
A111494,2025-02-22,HP,299670,48,0.1045,8852,46,1,29416,12,999,Udon Thani,N
A111495,2023-02-03,HP,363624,36,0.2328,17154,56,1,21584,131,999,Rayong,
A111496,2025-12-18,HP,223105,60,0.2465,8301,51,2,,28,14,Chonburi,Y
A111497,2024-09-27,PL,238471,48,0.2132,9204,42,1,46414,73,0,Khon Kaen,N
A111498,2024-10-09,HP,428290,48,0.0905,12152,34,1,30476,97,12,Khon Kaen,N
A111499,2023-04-03,HP,646462,36,0.2702,32513,20,3,,135,26,Chonburi,
A111500,2024-07-05,PL,246925,12,0.2197,25097,32,3,36310,80,999,Chonburi,Y
A111501,2025-06-20,PL,170858,24,0.1328,9009,37,2,19063,75,16,Bangkok,N
A111502,2024-07-18,CC,27738,0,0.1818,0,47,1,30978,102,15,Chiang Mai,N
A111503,2025-10-25,PL,345114,24,0.096,17140,20,3,48485,138,14,Ubon Ratchathani,Y
A111504,2023-04-20,PL,152830,36,0.1343,5955,53,1,25986,62,4,Phuket,
A111505,2022-05-23,CC,49646,0,0.0,0,42,2,,26,4,Ubon Ratchathani,
A111506,2024-05-14,CC,131732,0,0.178,0,40,1,25790,18,17,Samut Prakan,Y
A111507,2022-06-20,PL,166865,36,0.1645,6922,28,1,25177,52,12,Songkhla,
A111508,2024-01-26,HP,422617,36,0.2591,20864,36,1,34325,34,6,Bangkok,
A111509,2022-11-11,CC,41150,0,0.0,0,53,2,,3,10,Songkhla,
A111510,2025-03-09,HP,410600,48,0.2238,16211,37,3,25533,29,4,Udon Thani,N
A111511,2022-03-22,HP,228667,60,0.1336,6356,29,1,30601,39,8,Khon Kaen,
A111512,2023-03-27,CC,31242,0,0.28,0,37,2,,75,2,Songkhla,
A111513,2023-09-20,PL,160012,48,0.1494,5325,45,1,25612,22,7,Nonthaburi,
A111514,2024-06-13,HP,355961,36,0.2628,17683,27,3,28303,56,3,Ubon Ratchathani,Y
A111515,2025-09-22,PL,82035,12,0.1489,7854,43,1,36469,67,3,Chonburi,Y
A111516,2023-12-16,PL,76822,36,0.2186,3533,59,1,35628,104,7,Ubon Ratchathani,
A111517,2025-01-11,HP,343895,36,0.2491,16691,28,9,,100,11,Chonburi,Y
A111518,2024-10-20,HP,315851,36,0.1479,12666,30,2,,40,12,Nakhon Ratchasima,Y
A111519,2024-07-09,CC,31315,0,0.1413,0,37,1,13953,37,999,Bangkok,Y
A111520,2025-09-09,PL,602287,12,0.1348,56956,43,1,18082,105,1,Songkhla,Y
A111521,2022-03-20,HP,207896,72,0.2083,6496,38,3,9504,18,12,Phuket,
A111522,2022-07-08,CC,25821,0,0.0,0,41,2,,10,9,Nakhon Ratchasima,
A111523,2022-02-09,CC,85875,0,0.2023,0,47,9,40101,18,19,Chonburi,
A111524,2025-02-12,HP,877787,36,0.2635,43657,36,1,22243,35,3,Khon Kaen,Y
A111525,2025-08-16,PL,79660,12,0.1436,7591,33,2,,84,999,Udon Thani,Y
A111526,2024-09-24,HP,451439,60,0.109,11624,37,2,,79,4,Chiang Mai,N
A111527,2023-02-05,PL,273429,24,0.2238,16492,31,1,19996,5,12,Nakhon Ratchasima,
A111528,2025-02-18,HP,180066,48,0.174,6362,32,3,36792,140,6,Ubon Ratchathani,Y
A111529,2022-03-12,HP,175609,48,0.1811,6308,48,2,,7,20,Chonburi,
A111530,2024-08-06,PL,76307,36,0.1838,3288,38,1,15574,149,7,Bangkok,Y
A111531,2023-02-16,HP,745598,48,0.2478,30929,30,1,,66,6,Songkhla,
A111532,2022-10-08,PL,131642,24,0.1842,7505,20,1,,26,17,Samut Prakan,
A111533,2023-09-04,PL,61961,24,0.1852,3537,54,2,21908,106,9,Udon Thani,
A111534,2023-11-02,PL,164089,36,0.2008,7303,49,3,19150,135,11,Chiang Mai,
A111535,2025-12-29,PL,70660,24,0.1803,4005,45,2,31006,36,1,Udon Thani,N
A111536,2025-01-02,CC,41885,0,0.2333,0,23,3,30520,135,8,Nonthaburi,Y
A111537,2023-07-07,PL,55280,12,0.1776,5424,23,1,25237,145,9,Ubon Ratchathani,
A111538,2023-03-26,CC,45112,0,0.2035,0,35,3,27773,94,9,Phuket,
A111539,2022-05-31,PL,174678,12,0.1366,16544,20,2,,54,3,Phuket,
A111540,2022-12-30,PL,165850,36,0.1882,7208,35,1,45736,54,10,Nakhon Ratchasima,
A111541,2024-06-26,PL,105204,24,0.1271,5497,49,1,20344,21,3,Bangkok,Y
A111542,2025-09-10,PL,67831,12,0.2485,7057,35,3,40225,77,2,Nonthaburi,Y
A111543,2025-05-08,HP,211311,60,0.1692,6501,20,2,53649,33,12,Chiang Mai,Y
A111544,2024-03-20,PL,45418,48,0.2105,1742,40,2,29777,37,0,Bangkok,
A111545,2024-10-10,PL,198890,48,0.2556,8379,43,1,20376,152,19,Rayong,N
A111546,2024-09-05,PL,123470,36,0.1335,4803,26,1,39448,66,11,Nonthaburi,Y
A111547,2022-11-25,CC,30514,0,0.244,0,31,2,,140,999,Bangkok,
A111548,2024-12-26,HP,404668,72,0.1773,11599,34,3,49221,6,8,Songkhla,Y
A111549,2023-07-01,PL,139695,48,0.2569,5900,29,1,43403,0,2,Phuket,
A111550,2022-05-26,PL,176031,48,0.1562,5958,41,1,26102,82,8,Rayong,
A111551,2022-04-27,CC,92917,0,0.214,0,26,2,,38,0,Udon Thani,
A111552,2022-05-20,CC,64089,0,0.1903,0,30,1,31927,38,17,Songkhla,
A111553,2022-06-07,PL,110222,24,0.0925,5442,21,1,23001,124,11,Udon Thani,
A111554,2025-04-08,PL,120514,48,0.2174,4694,26,3,33384,52,0,Samut Prakan,Y
A111555,2022-06-07,PL,81054,48,0.2341,3269,30,1,24260,21,9,Rayong,
A111556,2022-06-25,PL,307084,24,0.1775,17337,48,9,25305,72,16,Chiang Mai,
A111557,2024-03-05,PL,112759,36,0.2523,5502,32,2,,23,13,Nonthaburi,
A111558,2023-08-13,PL,123790,24,0.1913,7131,40,1,39135,48,1,Nonthaburi,
A111559,2025-08-27,HP,224669,60,0.0912,5451,34,1,28516,1,7,Chiang Mai,N
A111560,2022-10-24,HP,148075,60,0.1115,3843,45,1,22452,127,17,Rayong,
A111561,2022-05-25,CC,20348,0,0.1785,0,33,1,58547,80,9,Chiang Mai,
A111562,2024-07-23,PL,74959,12,0.1219,7008,20,1,22491,15,15,Rayong,Y
A111563,2025-01-23,HP,185308,60,0.2057,6264,20,2,26048,76,4,Bangkok,Y
A111564,2024-11-17,PL,214530,36,0.2781,10930,23,1,32434,69,0,Nonthaburi,Y
A111565,2024-08-02,PL,119503,12,0.1857,11807,46,2,,41,999,Ubon Ratchathani,N
A111566,2024-08-04,PL,134845,12,0.1123,12499,40,3,67937,25,22,Udon Thani,Y
A111567,2023-02-19,HP,202375,72,0.1835,5905,31,1,24172,60,16,Khon Kaen,
A111568,2024-08-19,PL,242205,36,0.1272,9295,50,1,23932,52,13,Ubon Ratchathani,Y
A111569,2024-05-15,PL,31688,12,0.2413,3277,43,1,52555,3,10,Phuket,Y
A111570,2022-07-23,PL,113240,12,0.1013,10392,33,1,24830,48,14,Khon Kaen,
A111571,2025-06-06,PL,205754,12,0.2683,21746,38,2,63537,12,2,Chonburi,Y
A111572,2025-05-09,HP,844722,72,0.2409,28690,41,3,32866,75,999,Bangkok,Y
A111573,2022-10-30,PL,32423,36,0.1036,1180,36,1,23738,77,23,Samut Prakan,
A111574,2025-05-10,HP,936401,48,0.2108,35957,47,9,,14,7,Nonthaburi,Y
A111575,2024-03-23,PL,88018,24,0.2043,5165,37,1,37486,101,20,Nonthaburi,
A111576,2023-03-28,HP,758074,72,0.1992,23112,37,2,32377,118,4,Nonthaburi,
A111577,2022-02-26,PL,48556,36,0.1906,2120,42,2,49785,39,12,Udon Thani,
A111578,2024-11-03,CC,87537,0,0.2321,0,25,3,19530,22,12,Udon Thani,Y
A111579,2025-03-05,PL,144475,36,0.1756,6127,40,3,20393,113,14,Songkhla,N
A111580,2023-10-27,CC,58209,0,0.1696,0,40,1,22893,134,6,Samut Prakan,
A111581,2025-01-15,HP,247748,60,0.1276,6763,32,3,41164,110,8,Nakhon Ratchasima,Y
A111582,2022-12-22,PL,75921,48,0.2754,3324,29,1,54157,89,24,Nonthaburi,
A111583,2022-10-15,HP,295598,60,0.2715,11614,28,2,33020,38,999,Nakhon Ratchasima,
A111584,2022-09-18,CC,48831,0,0.2346,0,48,3,22251,45,10,Songkhla,
A111585,2025-10-17,HP,169705,36,0.2305,7973,31,3,23332,73,13,Ubon Ratchathani,N
A111586,2024-06-21,PL,33479,24,0.1687,1865,34,2,,90,8,Khon Kaen,N
A111587,2022-11-06,CC,36944,0,0.1739,0,46,2,39359,3,5,Songkhla,
A111588,2025-02-08,PL,281196,48,0.2714,12217,26,3,,87,8,Songkhla,N
A111589,2025-06-17,CC,249216,0,0.2,0,59,2,,65,8,Nakhon Ratchasima,Y
A111590,2022-05-25,HP,124770,48,0.2494,5192,48,1,44652,14,14,Rayong,
A111591,2023-12-01,CC,118101,0,0.0,0,35,3,11247,19,999,Samut Prakan,
A111592,2023-09-10,CC,84135,0,0.2281,0,34,2,21516,47,13,Samut Prakan,
A111593,2024-04-21,PL,112639,48,0.1616,3863,38,1,37379,9,27,Udon Thani,N
A111594,2022-07-28,HP,1372876,60,0.1945,45133,39,2,,120,17,Songkhla,
A111595,2023-02-25,CC,54828,0,0.0969,0,32,1,17324,61,3,Samut Prakan,
A111596,2023-07-26,CC,18318,0,0.1407,0,34,2,12783,33,999,Khon Kaen,
A111597,2024-12-23,HP,601858,48,0.1418,19650,59,3,32238,56,4,Chiang Mai,Y
A111598,2024-02-05,HP,1614255,48,0.1152,49127,42,1,29177,39,6,Khon Kaen,
A111599,2024-02-27,CC,32578,0,0.2587,0,44,3,44976,132,4,Nakhon Ratchasima,
A111600,2025-06-18,HP,474396,36,0.1113,17577,42,3,43238,56,999,Songkhla,Y
A111601,2024-06-24,CC,61713,0,0.0933,0,52,1,24333,23,25,Nakhon Ratchasima,Y
A111602,2023-05-04,HP,726487,72,0.1521,19298,23,1,22146,61,3,Nakhon Ratchasima,
A111603,2024-10-17,HP,473948,72,0.1278,11630,27,1,16410,165,0,Samut Prakan,N
A111604,2025-01-10,PL,185301,48,0.1018,5432,34,3,42134,37,6,Samut Prakan,Y
A111605,2023-08-03,HP,243219,48,0.1702,8516,40,1,,67,23,Chonburi,
A111606,2023-12-13,PL,152640,36,0.1785,6510,39,1,29695,127,19,Khon Kaen,
A111607,2024-01-20,HP,522701,72,0.1629,14355,37,1,18660,74,6,Chonburi,
A111608,2023-09-10,PL,199215,48,0.2633,8521,63,1,,10,18,Rayong,
A111609,2022-08-31,HP,80533,60,0.1683,2471,44,2,72569,8,0,Nakhon Ratchasima,
A111610,2022-04-18,HP,592709,72,0.2689,21513,48,1,10339,98,4,Samut Prakan,
A111611,2023-08-12,PL,173590,36,0.2659,8668,31,1,35359,42,10,Chonburi,
A111612,2023-06-06,PL,87600,12,0.2111,8841,23,2,,23,15,Phuket,
A111613,2022-02-08,PL,79895,36,0.118,3004,42,1,17121,39,999,Rayong,
A111614,2022-01-07,HP,249851,60,0.2606,9590,32,1,16267,49,4,Ubon Ratchathani,
A111615,2022-05-21,PL,227182,24,0.2011,13273,38,1,25407,53,999,Songkhla,
A111616,2022-01-02,CC,22548,0,0.2582,0,23,2,27629,22,3,Udon Thani,
A111617,2022-04-11,PL,165211,36,0.0907,5837,42,1,23631,12,15,Khon Kaen,
A111618,2022-10-07,PL,126048,12,0.2505,13135,34,2,,71,15,Nonthaburi,
A111619,2023-12-22,HP,1427788,36,0.127,54771,43,1,66118,58,13,Samut Prakan,
A111620,2025-06-22,CC,59360,0,0.1841,0,21,2,,11,5,Phuket,Y
A111621,2023-09-03,CC,30635,0,0.1358,0,48,1,32193,26,4,Songkhla,
A111622,2025-08-27,PL,67098,12,0.1131,6223,20,2,,88,9,Ubon Ratchathani,N
A111623,2025-02-23,CC,20108,0,0.205,0,42,2,,53,12,Chiang Mai,Y
A111624,2023-07-21,HP,455229,48,0.1507,15200,46,3,35472,63,999,Songkhla,
A111625,2023-12-10,CC,77159,0,0.0,0,20,3,33990,78,0,Nonthaburi,
A111626,2025-10-19,CC,72951,0,0.1639,0,20,1,43267,21,6,Rayong,Y
A111627,2023-08-08,PL,242637,24,0.2121,14398,27,1,29790,6,999,Bangkok,
A111628,2022-05-24,HP,317062,48,0.2783,13958,22,1,33101,30,18,Ubon Ratchathani,
A111629,2024-03-05,CC,94228,0,0.1694,0,49,1,24234,60,10,Phuket,
A111630,2025-02-03,CC,69238,0,0.1024,0,20,2,,4,10,Nakhon Ratchasima,N
A111631,2022-09-25,CC,117214,0,0.1492,0,68,2,,124,13,Khon Kaen,
A111632,2022-02-17,HP,311518,72,0.1978,9461,22,1,20771,17,21,Udon Thani,
A111633,2023-03-18,PL,102215,24,0.0902,5027,31,3,11809,79,25,Udon Thani,
A111634,2022-06-18,HP,565022,60,0.1261,15354,23,1,58541,149,5,Bangkok,
A111635,2022-11-09,HP,518567,72,0.1796,14963,33,3,39921,65,10,Phuket,
A111636,2022-01-07,PL,68697,24,0.2442,4260,23,1,19472,126,6,Udon Thani,
A111637,2023-04-16,HP,312765,72,0.1136,7304,24,1,36148,62,15,Udon Thani,
A111638,2025-09-10,HP,411348,72,0.1519,10920,42,2,40210,113,16,Chonburi,Y
A111639,2023-12-08,HP,199851,36,0.0972,7170,29,1,31396,80,5,Chonburi,
A111640,2024-03-11,PL,102956,48,0.1378,3327,24,1,19837,31,4,Nonthaburi,
A111641,2022-02-03,CC,57510,0,0.1262,0,40,2,33671,51,13,Samut Prakan,
A111642,2022-08-26,PL,104667,48,0.1028,3077,43,9,,34,6,Bangkok,
A111643,2022-10-05,CC,26328,0,0.1748,0,56,1,36717,47,9,Khon Kaen,
A111644,2025-05-28,PL,155121,36,0.2799,7927,47,2,30066,55,16,Bangkok,Y
A111645,2023-10-05,HP,834748,60,0.098,20729,38,1,43656,46,999,Khon Kaen,
A111646,2023-11-27,PL,178635,12,0.1673,17376,45,1,,10,12,Chiang Mai,
A111647,2024-12-14,PL,132317,24,0.2031,7752,38,3,44883,35,12,Songkhla,Y
A111648,2023-01-12,HP,86301,60,0.0938,2112,40,1,20101,75,21,Nakhon Ratchasima,
A111649,2023-10-13,CC,69676,0,0.0,0,25,1,,69,15,Bangkok,
A111650,2022-02-20,PL,126104,36,0.1302,4871,35,1,34364,29,5,Udon Thani,
A111651,2022-10-01,CC,55618,0,0.1425,0,30,9,,9,12,Rayong,
A111652,2022-03-17,CC,36945,0,0.1778,0,44,2,,78,11,Chiang Mai,
A111653,2025-02-21,HP,340173,60,0.0911,8252,48,2,20804,72,9,Nonthaburi,Y
A111654,2022-08-13,CC,52029,0,0.0936,0,38,1,43320,105,0,Chiang Mai,
A111655,2023-12-23,HP,280515,36,0.2209,12955,43,3,24825,73,999,Khon Kaen,
A111656,2024-09-18,PL,47361,48,0.2588,2008,36,1,18443,33,4,Phuket,N
A111657,2022-06-15,PL,292046,12,0.1075,26953,29,1,26367,27,14,Udon Thani,
A111658,2023-08-16,HP,453021,60,0.276,17969,41,3,24549,78,7,Ubon Ratchathani,
A111659,2022-11-18,HP,997335,72,0.1553,26759,47,3,25365,19,13,Ubon Ratchathani,
A111660,2025-10-14,PL,40710,24,0.1768,2296,33,3,30794,27,21,Udon Thani,Y
A111661,2022-09-20,PL,235611,36,0.1284,9065,32,2,,55,13,Songkhla,
A111662,2025-07-11,HP,182928,36,0.1073,6717,35,3,19733,90,0,Nonthaburi,N
A111663,2022-08-15,HP,606472,72,0.2186,19471,38,1,19673,23,12,Ubon Ratchathani,
A111664,2025-12-28,CC,45731,0,0.092,0,28,2,27768,66,18,Rayong,Y
A111665,2024-09-19,HP,348270,72,0.1175,8247,39,3,16797,1,4,Udon Thani,N
A111666,2025-03-23,PL,223836,12,0.2491,23299,29,1,31940,60,0,Chiang Mai,Y
A111667,2023-05-24,PL,246319,24,0.2428,15247,36,1,45639,100,0,Samut Prakan,
A111668,2022-07-19,PL,302601,12,0.2132,30592,55,1,63398,48,999,Chonburi,
A111669,2025-04-28,PL,72602,24,0.2091,4290,40,1,,20,24,Rayong,N
A111670,2023-07-24,HP,459977,72,0.1677,12816,63,3,17342,77,5,Ubon Ratchathani,
A111671,2023-03-07,PL,110561,48,0.0929,3159,27,3,9023,84,7,Bangkok,
A111672,2024-02-20,HP,235499,60,0.106,6005,34,1,38918,19,3,Chonburi,
A111673,2024-10-28,PL,244163,24,0.2427,15111,49,1,21713,63,16,Nakhon Ratchasima,Y
A111674,2025-03-19,CC,62094,0,0.1989,0,36,1,44758,96,5,Ubon Ratchathani,Y
A111675,2022-03-18,HP,930003,36,0.2498,45192,33,2,73707,32,12,Udon Thani,
A111676,2022-06-24,CC,18859,0,0.231,0,30,3,49208,30,18,Rayong,
A111677,2023-11-17,PL,124126,12,0.2703,13139,53,1,20145,28,8,Songkhla,
A111678,2025-12-14,HP,271728,36,0.158,11125,48,1,24609,92,999,Samut Prakan,Y
A111679,2024-06-20,CC,28883,0,0.228,0,35,3,76055,0,2,Bangkok,Y
A111680,2024-09-29,HP,184647,36,0.1858,7988,38,2,,114,24,Nonthaburi,N
A111681,2024-12-31,HP,540368,36,0.1714,22728,55,2,26631,56,2,Phuket,N
A111682,2023-11-05,PL,260527,48,0.1448,8571,40,2,,66,8,Samut Prakan,
A111683,2023-11-03,HP,184831,36,0.2389,8813,32,1,52122,119,5,Rayong,
A111684,2023-08-07,HP,200136,36,0.1483,8032,35,1,31820,134,11,Chonburi,
A111685,2022-09-13,HP,355005,48,0.27,15383,40,1,22064,27,5,Bangkok,
A111686,2022-05-30,PL,125562,12,0.2113,12674,40,1,,82,11,Rayong,
A111687,2022-09-08,HP,959913,60,0.1091,24725,32,2,29771,6,26,Bangkok,
A111688,2022-08-05,CC,119859,0,0.167,0,49,1,,43,5,Udon Thani,
A111689,2022-10-24,HP,355081,48,0.2526,14871,49,1,28995,74,0,Udon Thani,
A111690,2024-01-09,CC,42330,0,0.1617,0,46,1,31342,27,19,Chonburi,
A111691,2023-08-28,HP,417064,36,0.2255,19422,34,1,21787,101,12,Phuket,
A111692,2023-02-21,PL,103959,24,0.242,6428,48,1,,3,999,Chiang Mai,
A111693,2024-04-12,PL,155626,12,0.2475,16178,30,1,36225,31,999,Nonthaburi,Y
A111694,2024-03-22,HP,323263,72,0.2594,11477,59,1,44072,51,5,Nonthaburi,
A111695,2024-03-11,PL,101278,12,0.2691,10710,31,3,9843,45,5,Phuket,
A111696,2025-12-03,HP,228675,72,0.2074,7128,28,1,28343,57,2,Ubon Ratchathani,Y
A111697,2024-12-07,HP,245716,72,0.1999,7505,26,1,23951,15,4,Songkhla,N
A111698,2024-04-04,HP,1079490,36,0.1876,46861,32,2,,15,4,Samut Prakan,Y
A111699,2023-12-08,HP,640513,48,0.1425,20950,34,1,23944,11,16,Chiang Mai,
A111700,2024-07-05,HP,150590,60,0.1283,4119,20,1,18054,25,12,Chiang Mai,Y
A111701,2023-02-26,HP,123242,60,0.165,3748,31,2,37170,111,8,Bangkok,
A111702,2024-07-24,PL,99725,48,0.1454,3285,38,2,,101,4,Rayong,N
A111703,2024-04-16,PL,73261,48,0.2062,2785,44,2,,144,0,Phuket,Y
A111704,2025-08-14,CC,85481,0,0.1928,0,20,1,51181,4,1,Samut Prakan,Y
A111705,2025-04-02,PL,25672,24,0.223,1546,50,2,,92,0,Songkhla,Y
A111706,2024-01-06,HP,219866,72,0.27,8000,36,1,24906,47,13,Nakhon Ratchasima,
A111707,2022-07-19,PL,110194,36,0.2771,5605,21,2,33050,85,1,Bangkok,
A111708,2022-05-15,PL,85015,36,0.174,3594,27,1,9000,77,9,Samut Prakan,
A111709,2025-05-03,PL,61184,24,0.1375,3250,40,1,9000,87,9,Samut Prakan,Y
A111710,2025-12-19,HP,401844,72,0.1354,10115,36,2,34797,88,12,Songkhla,N
A111711,2023-02-18,HP,958591,48,0.1429,31385,72,3,22356,27,999,Chiang Mai,
A111712,2022-02-05,HP,68142,60,0.199,2265,43,2,,66,5,Songkhla,
A111713,2023-06-13,HP,335270,60,0.2145,11580,36,1,33439,60,13,Ubon Ratchathani,
A111714,2023-10-29,HP,244225,60,0.1223,6559,58,1,,12,6,Chiang Mai,
A111715,2023-12-09,CC,37534,0,0.1558,0,35,3,27041,60,7,Khon Kaen,
A111716,2025-03-01,HP,150581,36,0.1714,6333,25,1,49036,68,9,Songkhla,Y
A111717,2025-07-18,PL,73590,48,0.2488,3058,29,2,,97,7,Bangkok,Y
A111718,2025-12-06,HP,505375,60,0.2401,18534,25,3,39716,65,9,Nakhon Ratchasima,Y
A111719,2023-07-01,PL,141552,24,0.119,7301,33,1,14176,75,8,Songkhla,
A111720,2025-11-26,PL,99424,12,0.1522,9546,23,3,19947,118,999,Udon Thani,Y
A111721,2022-04-15,HP,600906,72,0.2012,18421,63,2,20622,49,9,Phuket,
A111722,2023-03-19,PL,89602,12,0.166,8706,32,1,9000,18,7,Bangkok,
A111723,2024-08-31,CC,54390,0,0.2714,0,52,3,15047,31,4,Nonthaburi,Y
A111724,2025-11-28,PL,144406,24,0.2378,8878,29,1,17560,19,5,Songkhla,N
A111725,2025-05-10,PL,82136,12,0.1137,7622,26,3,19896,43,0,Ubon Ratchathani,N
A111726,2022-11-16,CC,79919,0,0.2472,0,35,1,45493,34,0,Songkhla,
A111727,2022-02-05,CC,79139,0,0.227,0,41,1,39641,16,999,Bangkok,
A111728,2025-02-17,PL,71762,24,0.1954,4158,30,3,28186,14,9,Chonburi,Y
A111729,2024-02-03,CC,24324,0,0.2682,0,30,1,16269,62,6,Phuket,
A111730,2025-10-16,PL,92887,48,0.1224,2882,41,3,,11,2,Nakhon Ratchasima,N
A111731,2024-11-12,PL,66604,24,0.277,4312,31,1,25175,22,17,Phuket,Y
A111732,2022-12-17,HP,312755,60,0.1773,9833,33,3,22242,66,6,Phuket,
A111733,2024-09-22,PL,77058,36,0.1703,3234,23,3,35327,26,7,Nakhon Ratchasima,Y
A111734,2025-02-21,HP,163431,60,0.1055,4160,23,1,45070,80,7,Chiang Mai,Y
A111735,2022-02-13,HP,257505,48,0.1369,8302,20,1,28449,60,6,Nakhon Ratchasima,
A111736,2022-08-08,CC,38138,0,0.1182,0,44,1,17186,35,9,Khon Kaen,
A111737,2023-12-04,HP,429209,48,0.0936,12289,39,1,37677,43,12,Nakhon Ratchasima,
A111738,2024-02-01,HP,220406,48,0.2755,9651,35,1,52747,63,20,Chiang Mai,
A111739,2025-08-30,CC,24087,0,0.2629,0,44,3,16297,2,11,Samut Prakan,Y
A111740,2024-08-26,PL,109064,36,0.1294,4205,25,2,,32,17,Khon Kaen,Y
A111741,2022-10-31,HP,446470,36,0.0945,15917,42,1,,52,12,Phuket,
A111742,2024-04-28,PL,125190,12,0.2621,13166,61,2,103957,37,7,Bangkok,Y
A111743,2024-04-12,HP,176528,72,0.2408,5994,42,1,60414,84,7,Udon Thani,Y
A111744,2023-09-09,PL,263202,12,0.2757,27980,33,1,47916,146,15,Rayong,
A111745,2025-10-21,HP,465932,72,0.1806,13483,37,2,31644,9,12,Ubon Ratchathani,Y
A111746,2022-03-06,PL,131865,12,0.1521,12660,51,2,,85,2,Songkhla,
A111747,2022-06-07,PL,370680,48,0.1825,13359,29,2,42712,27,10,Ubon Ratchathani,
A111748,2023-04-13,HP,505999,72,0.1133,11805,32,1,32032,41,999,Phuket,
A111749,2025-06-09,HP,416819,60,0.2739,16460,34,1,26285,106,3,Bangkok,Y
A111750,2025-07-20,PL,158825,24,0.1384,8449,35,2,57499,57,13,Nonthaburi,Y
A111751,2023-04-23,CC,28867,0,0.2504,0,34,3,31159,11,21,Bangkok,
A111752,2025-07-13,CC,148693,0,0.1951,0,60,3,26650,1,15,Chonburi,Y
A111753,2025-09-05,CC,75668,0,0.1875,0,55,1,,49,2,Nonthaburi,N
A111754,2022-05-19,PL,106549,36,0.1954,4694,44,1,44108,50,16,Khon Kaen,
A111755,2023-09-20,HP,440533,72,0.249,15259,53,1,17540,68,10,Nonthaburi,
A111756,2023-09-08,PL,204845,12,0.1743,20045,20,9,73609,7,4,Nonthaburi,
A111757,2025-08-02,HP,164483,48,0.1989,6153,44,3,,19,999,Ubon Ratchathani,Y
A111758,2024-07-29,HP,610983,60,0.2435,22580,39,1,19400,11,6,Phuket,Y
A111759,2023-10-30,PL,64376,36,0.2083,2905,20,2,51808,7,6,Nakhon Ratchasima,
A111760,2025-08-18,HP,283497,60,0.1263,7708,33,1,17007,12,999,Songkhla,Y
A111761,2025-06-29,PL,194364,12,0.2606,20417,22,1,12588,90,3,Khon Kaen,Y
A111762,2024-06-28,HP,376075,48,0.2742,16428,32,1,,92,999,Samut Prakan,Y
A111763,2025-01-01,PL,122019,48,0.228,4860,44,1,34608,1,12,Nakhon Ratchasima,Y
A111764,2022-02-19,PL,105114,12,0.1862,10390,35,1,,56,7,Nonthaburi,
A111765,2022-08-10,CC,70513,0,0.2413,0,44,1,40562,52,0,Chiang Mai,
A111766,2022-09-02,HP,181147,48,0.1774,6451,22,3,57869,52,21,Chonburi,
A111767,2022-04-03,CC,35720,0,0.1006,0,55,3,34294,130,999,Phuket,
A111768,2023-06-20,PL,410189,48,0.1229,12746,65,1,17195,13,999,Samut Prakan,
A111769,2025-04-09,PL,186783,24,0.1602,10276,60,2,,49,6,Chiang Mai,Y
A111770,2023-05-20,PL,68471,12,0.2246,6987,46,3,101094,26,19,Nonthaburi,
A111771,2024-11-29,PL,129831,24,0.1232,6742,44,1,54012,70,12,Chonburi,Y
A111772,2024-07-01,PL,110537,12,0.1158,10278,41,1,41445,92,999,Samut Prakan,Y
A111773,2023-10-16,PL,111272,24,0.2295,6764,39,1,29533,57,27,Khon Kaen,
A111774,2025-07-19,HP,486491,72,0.2281,16004,29,1,13401,94,11,Nakhon Ratchasima,Y
A111775,2022-06-25,PL,54167,48,0.1427,1772,40,1,55701,100,2,Chiang Mai,
A111776,2022-11-04,HP,318293,36,0.1519,12870,37,2,,36,2,Bangkok,
A111777,2024-01-16,CC,50716,0,0.2296,0,23,1,15304,51,999,Phuket,
A111778,2023-01-05,PL,78910,36,0.2724,3983,42,1,32844,71,4,Ubon Ratchathani,
A111779,2025-06-27,HP,248029,36,0.1457,9901,42,3,31103,95,4,Chiang Mai,N
A111780,2023-03-08,CC,74846,0,0.22,0,31,3,24167,15,6,Rayong,
A111781,2024-10-18,HP,216689,72,0.2335,7225,51,2,53885,8,1,Samut Prakan,N
A111782,2022-07-18,CC,116503,0,0.1797,0,31,2,,73,999,Songkhla,
A111783,2022-09-09,PL,100618,24,0.2429,6229,31,1,22088,57,5,Nonthaburi,
A111784,2022-09-17,HP,316361,48,0.1273,9946,35,1,25961,42,8,Udon Thani,
A111785,2024-04-14,CC,82454,0,0.147,0,41,1,32694,38,7,Ubon Ratchathani,Y
A111786,2022-12-29,HP,175791,36,0.2661,8781,52,2,,47,9,Nonthaburi,
A111787,2023-06-16,HP,653127,36,0.1588,26785,44,1,16959,86,999,Rayong,
A111788,2022-05-20,CC,99742,0,0.1261,0,43,1,42362,111,0,Udon Thani,
A111789,2025-10-08,HP,919539,36,0.0976,33021,30,1,25333,5,18,Chiang Mai,Y
A111790,2024-07-18,PL,149129,36,0.276,7572,35,1,29580,60,3,Nakhon Ratchasima,Y
A111791,2023-06-15,HP,128824,60,0.2523,4855,25,2,,46,0,Rayong,
A111792,2025-06-04,HP,328060,60,0.175,10251,41,1,9130,5,11,Ubon Ratchathani,Y
A111793,2022-06-06,HP,238131,60,0.1978,7894,35,1,38354,40,10,Chiang Mai,
A111794,2022-07-07,PL,112367,24,0.1426,6017,33,2,,21,9,Nonthaburi,
A111795,2024-08-08,PL,390369,24,0.1631,21571,34,1,,33,8,Samut Prakan,Y
A111796,2022-08-20,PL,179940,48,0.2446,7416,33,1,,129,21,Chiang Mai,
A111797,2025-02-18,CC,25330,0,0.2181,0,35,1,32579,42,3,Rayong,Y
A111798,2025-06-21,PL,187126,48,0.2106,7182,20,9,,62,8,Songkhla,Y
A111799,2024-09-02,CC,60258,0,0.1574,0,27,1,21433,87,15,Khon Kaen,N
A111800,2025-02-20,HP,200204,60,0.0944,4911,44,2,,66,12,Khon Kaen,Y
A111801,2022-09-19,PL,49049,12,0.1162,4562,26,1,31110,65,11,Chonburi,
A111802,2025-07-21,PL,91243,24,0.2597,5776,31,3,65311,9,12,Chiang Mai,Y
A111803,2024-10-24,HP,316894,72,0.2541,11111,27,1,23582,10,15,Rayong,N
A111804,2024-12-06,HP,344275,48,0.2774,15130,46,1,53436,51,7,Rayong,Y
A111805,2024-11-17,HP,195487,60,0.171,6043,51,3,38401,7,7,Bangkok,Y
A111806,2024-11-25,HP,406163,48,0.1326,12949,20,3,,91,24,Bangkok,Y
A111807,2022-10-04,PL,120811,48,0.2503,5036,39,1,23922,39,6,Khon Kaen,
A111808,2023-12-09,PL,114477,36,0.2535,5598,22,1,26484,49,16,Phuket,
A111809,2023-10-09,CC,104365,0,0.1679,0,39,3,28055,61,1,Songkhla,
A111810,2022-11-29,PL,141848,24,0.149,7671,46,1,18949,31,35,Rayong,
A111811,2022-02-21,CC,24426,0,0.2784,0,20,2,64779,44,7,Bangkok,
A111812,2022-10-19,HP,428122,36,0.1851,18496,32,1,,1,11,Udon Thani,
A111813,2023-08-12,PL,101391,48,0.1333,3238,51,2,14627,56,8,Songkhla,
A111814,2025-11-03,HP,178010,60,0.2287,6359,39,2,,58,999,Udon Thani,Y
A111815,2022-10-27,HP,541394,48,0.1616,18569,38,2,18262,97,15,Songkhla,
A111816,2022-01-25,CC,11908,0,0.1914,0,54,3,26199,18,13,Bangkok,
A111817,2024-03-30,CC,60462,0,0.1777,0,32,2,,120,7,Phuket,
A111818,2024-12-15,PL,134732,12,0.19,13360,21,1,15599,57,9,Nakhon Ratchasima,Y
A111819,2024-06-23,CC,65936,0,0.1481,0,39,3,32359,107,1,Nonthaburi,Y
A111820,2025-11-30,PL,56470,36,0.1838,2433,44,1,18503,31,6,Nonthaburi,Y
A111821,2022-05-10,PL,66533,36,0.2157,3044,37,1,16655,30,4,Nakhon Ratchasima,
A111822,2023-11-05,PL,146605,24,0.1113,7468,33,2,,82,24,Songkhla,
A111823,2024-01-13,HP,107192,48,0.2594,4550,53,1,38802,58,10,Ubon Ratchathani,
A111824,2025-01-22,PL,177182,24,0.1746,9960,26,2,37791,129,27,Songkhla,Y
A111825,2025-09-27,PL,176219,12,0.236,18150,48,1,18320,17,5,Khon Kaen,Y
A111826,2025-03-06,PL,239823,12,0.1569,23120,42,1,28728,110,0,Chonburi,Y
A111827,2024-03-14,CC,24235,0,0.1512,0,37,1,22785,49,8,Samut Prakan,
A111828,2022-05-09,PL,87913,12,0.2322,9027,46,3,32410,5,17,Udon Thani,
A111829,2025-04-03,CC,138738,0,0.1734,0,49,2,,183,12,Chonburi,Y
A111830,2023-04-17,HP,284405,60,0.2368,10352,44,1,28750,119,4,Phuket,
A111831,2024-11-16,PL,109468,36,0.2709,5512,35,1,40868,5,6,Udon Thani,Y
A111832,2025-09-09,CC,20806,0,0.1274,0,40,2,,115,11,Samut Prakan,Y
A111833,2024-07-29,PL,183932,36,0.1229,6992,41,1,24660,11,7,Ubon Ratchathani,N
A111834,2022-12-03,HP,243533,60,0.2796,9733,28,9,,29,15,Nakhon Ratchasima,
A111835,2022-05-18,PL,62968,48,0.202,2371,41,3,11416,27,4,Chiang Mai,
A111836,2025-07-26,HP,412737,60,0.187,13310,49,1,34685,76,14,Nakhon Ratchasima,Y
A111837,2025-08-10,PL,54562,48,0.122,1691,23,1,29660,11,13,Phuket,Y
A111838,2023-07-07,HP,510249,60,0.1894,16557,48,1,16330,15,3,Chiang Mai,
A111839,2025-12-19,CC,42600,0,0.1044,0,39,1,33884,113,0,Songkhla,Y
A111840,2022-12-15,CC,40694,0,0.2195,0,45,3,42934,24,14,Udon Thani,
A111841,2023-04-16,CC,49629,0,0.2066,0,30,2,62617,68,4,Bangkok,
A111842,2023-05-02,HP,214684,48,0.2647,9208,33,1,53235,148,17,Ubon Ratchathani,
A111843,2023-09-29,PL,98536,24,0.1067,4981,42,3,,8,20,Nonthaburi,
A111844,2023-02-02,HP,168773,60,0.2061,5711,20,1,36710,3,20,Samut Prakan,
A111845,2025-08-05,PL,126474,36,0.265,6306,30,2,,119,6,Ubon Ratchathani,Y
A111846,2023-09-09,CC,90775,0,0.2376,0,49,1,14817,29,0,Chonburi,
A111847,2022-02-13,HP,482278,60,0.2369,17558,39,3,,74,19,Songkhla,
A111848,2023-03-30,PL,124197,24,0.13,6520,37,1,21929,122,0,Samut Prakan,
A111849,2022-08-13,HP,520266,48,0.199,19466,30,1,46891,24,11,Chiang Mai,
A111850,2022-03-18,PL,113166,24,0.1225,5870,40,3,23928,23,5,Khon Kaen,
A111851,2022-07-13,HP,523191,60,0.2146,18076,29,3,34540,114,999,Khon Kaen,
A111852,2025-04-02,HP,466990,60,0.2509,17547,25,3,30862,2,12,Chonburi,Y
A111853,2022-10-30,PL,235159,48,0.2125,9063,37,2,,40,11,Udon Thani,
A111854,2025-09-25,HP,358009,36,0.0954,12790,37,1,32074,27,999,Nonthaburi,Y
A111855,2024-12-03,PL,130715,48,0.2047,4953,42,1,49142,94,999,Rayong,Y
A111856,2024-08-29,CC,41720,0,0.1268,0,48,2,,65,1,Samut Prakan,Y
A111857,2025-09-26,PL,46938,48,0.1594,1601,29,1,13170,53,4,Nakhon Ratchasima,Y
A111858,2024-12-08,HP,373413,72,0.1324,9306,35,1,14864,106,13,Nonthaburi,Y
A111859,2022-10-15,HP,338061,60,0.1448,9713,39,2,54189,12,15,Khon Kaen,
A111860,2023-09-11,CC,63166,0,0.247,0,39,2,28459,75,0,Songkhla,
A111861,2023-12-07,HP,208363,60,0.1974,6900,43,3,18693,88,7,Khon Kaen,
A111862,2024-01-21,HP,384161,48,0.2793,16944,20,1,12660,143,19,Chiang Mai,
A111863,2025-05-30,PL,189063,12,0.1156,17576,35,3,42373,128,1,Nonthaburi,Y
A111864,2024-10-29,PL,188925,36,0.2245,8782,45,3,22926,48,13,Nonthaburi,Y
A111865,2023-07-25,PL,86840,36,0.1393,3420,27,1,31117,16,6,Bangkok,
A111866,2025-07-08,PL,273852,48,0.2464,11328,22,3,91855,120,9,Samut Prakan,Y
A111867,2022-07-01,PL,128390,48,0.1568,4352,61,1,41340,82,7,Udon Thani,
A111868,2024-04-25,HP,197555,48,0.1969,7357,41,1,16877,74,4,Udon Thani,N
A111869,2024-05-13,PL,92306,24,0.1211,4777,33,1,22653,2,3,Chiang Mai,Y
A111870,2022-07-26,PL,53295,36,0.2022,2378,50,2,42499,9,1,Nonthaburi,
A111871,2022-09-30,PL,134522,48,0.1221,4171,33,1,11091,12,6,Khon Kaen,
A111872,2024-08-15,HP,499876,48,0.1129,15117,39,1,31082,109,3,Samut Prakan,Y
A111873,2023-02-08,HP,358359,60,0.2636,13844,29,1,14150,68,4,Samut Prakan,
A111874,2023-01-18,PL,85835,48,0.1168,2623,32,3,69929,35,12,Nonthaburi,
A111875,2022-05-06,CC,41766,0,0.1609,0,36,1,41734,182,999,Udon Thani,
A111876,2023-11-06,HP,368322,60,0.1572,10963,53,1,,161,1,Songkhla,
A111877,2025-08-05,PL,165470,48,0.1841,5985,39,3,14789,42,7,Rayong,Y
A111878,2022-04-13,PL,185440,48,0.2166,7210,36,3,49681,29,2,Udon Thani,
A111879,2024-10-16,PL,37181,48,0.2464,1538,47,3,19364,13,1,Phuket,Y
A111880,2023-02-06,CC,25449,0,0.1278,0,20,2,34508,26,11,Bangkok,
A111881,2022-08-21,CC,46501,0,0.134,0,20,1,43540,56,1,Samut Prakan,
A111882,2022-12-09,PL,174959,48,0.209,6692,35,2,,11,2,Songkhla,
A111883,2023-12-30,HP,234862,36,0.2057,10549,29,1,,51,14,Khon Kaen,
A111884,2024-04-22,HP,102230,48,0.092,2913,42,1,40538,74,11,Phuket,N
A111885,2025-11-26,CC,30148,0,0.1384,0,44,1,27976,21,3,Chonburi,N
A111886,2023-12-01,CC,14530,0,0.1663,0,35,3,35287,79,18,Rayong,
A111887,2024-12-21,HP,262305,60,0.0934,6413,41,2,,29,16,Nonthaburi,Y
A111888,2024-05-15,CC,52050,0,0.1411,0,49,2,,47,12,Nakhon Ratchasima,N
A111889,2024-12-17,CC,24750,0,0.2434,0,20,1,41554,53,19,Ubon Ratchathani,Y
A111890,2025-12-22,PL,195817,24,0.1901,11261,39,3,17427,33,6,Samut Prakan,Y
A111891,2023-08-07,PL,182870,24,0.1739,10269,29,1,30144,47,999,Chiang Mai,
A111892,2023-08-07,PL,113915,48,0.1603,3894,34,3,,13,0,Songkhla,
A111893,2023-07-12,HP,375366,72,0.2089,11747,37,2,,98,1,Nonthaburi,
A111894,2023-12-05,PL,98362,24,0.2253,5945,33,2,,1,21,Chonburi,
A111895,2024-04-08,CC,47681,0,0.2684,0,28,2,,61,30,Phuket,Y
A111896,2023-06-22,PL,194361,36,0.095,6937,46,1,46254,29,16,Rayong,
A111897,2023-08-30,HP,1237261,72,0.1026,27762,53,1,,16,0,Chiang Mai,
A111898,2024-03-24,HP,161345,36,0.121,6108,48,1,76676,116,12,Udon Thani,
A111899,2025-04-13,CC,36601,0,0.1393,0,29,2,,77,7,Udon Thani,Y
A111900,2024-02-04,CC,98444,0,0.2112,0,43,2,47844,58,12,Ubon Ratchathani,
A111901,2023-11-17,PL,96745,36,0.0903,3415,45,3,25710,59,15,Udon Thani,
A111902,2022-06-27,CC,40115,0,0.171,0,28,1,31300,8,2,Rayong,
A111903,2024-06-13,PL,84227,24,0.2192,5048,33,1,30296,53,8,Chonburi,Y
A111904,2024-08-05,PL,102538,48,0.1978,3826,28,1,41328,5,999,Bangkok,Y
A111905,2023-03-25,HP,499387,48,0.2657,21461,28,3,,50,13,Rayong,
A111906,2025-11-08,CC,45275,0,0.1122,0,50,1,34096,63,4,Nakhon Ratchasima,N
A111907,2024-03-20,PL,212185,12,0.1494,20323,40,3,11684,134,16,Chonburi,
A111908,2024-06-13,PL,183652,48,0.1095,5501,45,1,38406,4,15,Samut Prakan,Y
A111909,2023-10-02,PL,152406,12,0.2247,15554,27,1,117719,133,5,Khon Kaen,
A111910,2023-10-07,PL,74272,48,0.2008,2790,53,1,55749,50,8,Khon Kaen,
A111911,2022-01-26,PL,103387,36,0.1847,4463,45,2,,71,28,Rayong,
A111912,2023-09-12,CC,72726,0,0.1946,0,41,2,,22,1,Samut Prakan,
A111913,2025-08-14,PL,133781,48,0.2424,5489,47,1,15740,4,2,Samut Prakan,Y
A111914,2025-10-13,HP,466579,36,0.2607,23096,37,1,9000,31,2,Khon Kaen,N
A111915,2024-01-17,CC,55271,0,0.2255,0,36,1,26526,37,10,Khon Kaen,
A111916,2025-11-11,HP,457812,48,0.1864,16649,20,1,,6,17,Chiang Mai,Y
A111917,2023-09-20,PL,80265,48,0.1615,2752,46,1,37504,7,18,Udon Thani,
A111918,2022-04-02,PL,63792,36,0.1936,2801,23,3,64699,48,13,Samut Prakan,
A111919,2024-10-26,CC,38442,0,0.0,0,42,1,25037,40,1,Ubon Ratchathani,Y
A111920,2023-04-07,HP,533529,60,0.0955,13138,44,3,23430,21,14,Ubon Ratchathani,
A111921,2024-10-18,CC,26549,0,0.0,0,21,1,22002,86,999,Chonburi,Y
A111922,2025-10-17,PL,180473,48,0.162,6196,52,1,26703,65,1,Songkhla,Y
A111923,2022-10-02,HP,535463,72,0.2748,19699,29,1,13910,86,16,Udon Thani,
A111924,2022-09-05,PL,37419,24,0.1945,2165,47,1,19886,46,22,Chonburi,
A111925,2023-01-01,PL,83443,36,0.2299,3916,51,9,,77,0,Samut Prakan,
A111926,2025-04-08,HP,585953,48,0.2512,24473,39,1,29458,38,6,Nonthaburi,Y
A111927,2023-04-27,HP,295960,72,0.0988,6547,51,3,26600,109,9,Chiang Mai,
A111928,2025-06-10,CC,42018,0,0.1702,0,34,2,25459,7,5,Ubon Ratchathani,Y
A111929,2025-12-15,PL,130429,24,0.2194,7819,43,1,19950,32,0,Khon Kaen,Y
A111930,2023-09-24,PL,116427,36,0.206,5232,33,1,41917,97,16,Ubon Ratchathani,
A111931,2023-04-07,HP,311759,36,0.2007,13874,42,2,21624,25,25,Chiang Mai,
A111932,2025-06-26,PL,100211,24,0.1641,5545,39,1,12251,102,999,Khon Kaen,N
A111933,2022-10-07,PL,313549,12,0.1972,31281,27,1,28201,96,0,Songkhla,
A111934,2025-09-16,CC,65095,0,0.2168,0,48,1,27045,64,1,Rayong,Y
A111935,2023-11-22,PL,132791,24,0.1375,7054,29,1,23348,61,8,Chonburi,
A111936,2024-10-24,CC,43142,0,0.0,0,49,3,18201,1,10,Phuket,Y
A111937,2025-05-18,HP,149467,60,0.2553,5671,35,1,34824,75,14,Rayong,Y
A111938,2023-09-16,HP,442963,36,0.2248,20602,48,1,20952,65,999,Nonthaburi,
A111939,2024-08-12,HP,637465,48,0.2706,27655,40,1,54898,112,15,Rayong,Y
A111940,2025-11-22,HP,190221,60,0.1079,4880,40,1,,8,26,Khon Kaen,Y
A111941,2024-12-10,HP,330859,72,0.2755,12191,29,1,,9,9,Khon Kaen,Y
A111942,2022-01-30,HP,315027,48,0.207,11997,32,1,25734,51,25,Chiang Mai,
A111943,2022-10-30,PL,137047,24,0.2197,8219,38,1,38330,10,16,Bangkok,
A111944,2024-10-20,HP,331004,36,0.2202,15268,30,2,19082,74,30,Chiang Mai,Y
A111945,2024-05-01,HP,308516,60,0.2004,10294,28,1,31983,49,17,Songkhla,Y
A111946,2022-08-30,HP,319759,60,0.2319,11508,20,1,22232,3,4,Udon Thani,
A111947,2023-02-17,CC,67764,0,0.0969,0,38,1,28809,2,14,Phuket,
A111948,2022-05-23,PL,18324,12,0.1594,1770,30,1,28364,39,999,Nonthaburi,
A111949,2024-03-01,CC,74404,0,0.2672,0,35,3,19786,80,6,Khon Kaen,
A111950,2023-06-26,PL,112555,12,0.1484,10771,39,3,24495,129,6,Songkhla,
A111951,2024-04-18,HP,104594,72,0.1603,2849,43,1,27706,24,5,Phuket,N
A111952,2025-09-25,PL,79092,36,0.1956,3486,53,3,51872,168,16,Chonburi,Y
A111953,2024-01-02,HP,244856,48,0.0911,6960,21,3,68664,25,999,Nonthaburi,
A111954,2023-02-21,PL,83806,48,0.2585,3551,40,1,18804,43,5,Bangkok,
A111955,2022-05-18,HP,203184,72,0.2721,7429,20,1,37990,30,14,Udon Thani,
A111956,2024-09-05,PL,56330,36,0.2374,2679,30,9,,61,3,Nonthaburi,Y
A111957,2025-09-03,HP,300413,72,0.2522,10486,51,2,60840,55,9,Khon Kaen,N
A111958,2023-12-12,PL,64467,12,0.201,6452,39,2,,118,1,Samut Prakan,
A111959,2024-05-28,PL,113089,36,0.1333,4397,39,2,,161,3,Bangkok,Y
A111960,2025-05-08,PL,161587,48,0.189,5911,40,1,24580,8,19,Chiang Mai,Y
A111961,2022-01-25,PL,189630,12,0.1124,17578,20,1,22476,31,17,Phuket,
A111962,2024-07-08,PL,253080,48,0.2653,10867,28,1,38166,37,13,Phuket,N
A111963,2023-01-25,CC,121618,0,0.1746,0,23,1,20701,37,4,Samut Prakan,
A111964,2025-05-16,HP,592618,48,0.1224,18390,49,1,23293,12,8,Phuket,Y
A111965,2022-02-08,PL,75925,36,0.142,3007,36,9,,43,4,Samut Prakan,
A111966,2025-11-21,PL,427523,24,0.0986,21326,22,1,51464,8,7,Chiang Mai,Y
A111967,2024-07-24,PL,170421,48,0.1967,6343,48,2,,33,3,Nakhon Ratchasima,N
A111968,2024-03-31,CC,24272,0,0.2237,0,51,1,10404,17,13,Songkhla,
A111969,2022-09-05,HP,163199,72,0.1333,4079,22,1,20930,73,5,Khon Kaen,
A111970,2022-02-15,HP,539865,36,0.1117,20021,37,1,28563,81,999,Khon Kaen,
A111971,2025-05-18,HP,220627,72,0.1381,5603,43,3,31302,40,5,Samut Prakan,Y
A111972,2024-11-10,CC,14536,0,0.0,0,38,1,36412,42,14,Samut Prakan,Y
A111973,2024-03-25,PL,97660,36,0.2317,4598,39,3,,15,999,Rayong,
A111974,2023-05-24,CC,44794,0,0.1578,0,21,1,24233,8,14,Bangkok,
A111975,2025-04-02,HP,730934,72,0.2248,23844,37,2,25783,1,2,Nonthaburi,N
A111976,2023-07-15,HP,338740,48,0.1098,10156,22,1,14393,56,5,Udon Thani,
A111977,2024-04-30,HP,401981,48,0.2576,17003,20,1,23420,66,22,Khon Kaen,N
A111978,2025-03-24,PL,166361,24,0.2421,10288,22,1,36833,86,10,Bangkok,Y
A111979,2025-09-02,PL,151606,24,0.1505,8218,21,1,23618,54,28,Nonthaburi,Y
A111980,2023-06-17,PL,71249,48,0.1027,2094,39,3,25769,8,5,Phuket,
A111981,2023-08-25,PL,71394,48,0.1008,2087,38,1,28555,10,15,Chiang Mai,
A111982,2023-05-24,HP,463016,72,0.2622,16547,26,1,31710,100,15,Nonthaburi,
A111983,2024-05-14,PL,53945,24,0.2051,3169,38,2,25268,86,9,Chiang Mai,Y
A111984,2023-01-26,CC,35277,0,0.127,0,39,1,84644,134,19,Rayong,
A111985,2025-02-22,PL,292319,24,0.1318,15390,39,1,31718,113,9,Rayong,Y
A111986,2022-06-07,CC,34549,0,0.0,0,25,1,,79,1,Phuket,
A111987,2022-10-13,CC,31769,0,0.2412,0,44,2,,44,7,Nonthaburi,
A111988,2023-03-24,HP,274592,72,0.2702,9996,60,1,25990,35,999,Udon Thani,
A111989,2022-06-17,HP,338044,72,0.2781,12529,24,1,13465,76,3,Nakhon Ratchasima,
A111990,2025-04-05,PL,107143,48,0.1464,3539,31,3,18932,20,999,Khon Kaen,Y
A111991,2023-07-04,HP,711928,60,0.1107,18433,25,1,25129,120,3,Chonburi,
A111992,2022-11-13,PL,187170,48,0.2115,7198,37,1,51833,20,5,Rayong,
A111993,2022-04-25,CC,99365,0,0.183,0,36,1,29263,1,999,Nonthaburi,
A111994,2025-07-22,CC,62540,0,0.2589,0,36,9,35787,61,999,Chiang Mai,Y
A111995,2024-04-05,HP,634608,72,0.1249,15419,23,2,,99,8,Khon Kaen,N
A111996,2025-11-02,HP,359227,48,0.2758,15740,32,3,31476,52,8,Rayong,Y
A111997,2022-12-09,HP,293428,60,0.1271,7998,23,2,33914,35,6,Khon Kaen,
A111998,2025-12-06,PL,67119,24,0.2693,4302,24,2,,81,23,Samut Prakan,Y
A111999,2024-09-27,HP,109217,48,0.1066,3245,31,3,,40,2,Chiang Mai,Y
