account_id,origination_date,product,region,customer_age,age_band,monthly_income,loan_amount,outstanding_balance_thb,days_past_due,bad_flag
TH-100001,27/01/2024,motorcycle,Central,31,25 to 34,,28000,"15,000",0,0
TH-100002,20/12/2023,home_improvement,Central,21,Under 25,12000,28000,"15,800",0,0
TH-100003,16/05/2025,auto,Bangkok,26,25 to 34,48600,102000,"27,600",0,0
TH-100004,11/02/2024,motorcycle,Northeast,42,35 to 44,11300,22000,"20,300",0,0
TH-100005,11/11/2024,personal,Central,57,55 and over,15800,46000,"30,600",0,0
TH-100006,08/09/2024,auto,Bangkok,51,45 to 54,15500,50000,"25,100",0,0
TH-100007,07/05/2025,title_loan,Bangkok,37,35 to 44,26000,90000,"70,000",0,0
TH-100008,11/11/2024,motorcycle,Bangkok,48,45 to 54,27200,74000,"40,400",0,0
TH-100009,31/05/2024,auto,Central,44,35 to 44,11700,31000,"23,000",0,0
TH-100010,28/08/2024,personal,Central,43,35 to 44,31800,63000,"48,700",0,0
TH-100011,22/10/2023,auto,North,22,Under 25,,19000,"10,400",0,0
TH-100012,27/12/2023,motorcycle,South,51,45 to 54,14100,80000,"23,200",0,0
TH-100013,29/03/2025,personal,Bangkok,31,25 to 34,9200,32000,"29,800",87,1
TH-100014,16/04/2024,auto,Bangkok,46,45 to 54,,21000,"11,600",0,0
TH-100015,17/08/2023,motorcycle,Central,51,45 to 54,41800,111000,"41,400",0,0
TH-100016,16/06/2024,auto,Bangkok,32,25 to 34,10900,49000,"29,600",0,0
TH-100017,08/12/2024,home_improvement,Central,42,35 to 44,48300,105000,"58,800",0,0
TH-100018,13/04/2024,auto,Bangkok,42,35 to 44,30400,86000,"61,000",0,0
TH-100019,10/12/2024,personal,North,40,35 to 44,30300,62000,"43,000",0,0
TH-100020,25/05/2024,title_loan,Central,51,45 to 54,21800,54000,"14,200",33,1
TH-100021,15/03/2025,personal,Northeast,28,25 to 34,40300,117000,"52,800",0,0
TH-100022,27/06/2023,personal,Northeast,28,25 to 34,12700,18000,"8,200",0,0
TH-100023,09/01/2023,auto,Bangkok,48,45 to 54,19900,58000,"51,200",0,0
TH-100024,12/07/2024,title_loan,Northeast,35,35 to 44,26700,53000,"41,300",0,0
TH-100025,09/03/2023,title_loan,South,36,35 to 44,12100,51000,"40,700",0,0
TH-100026,15/05/2025,personal,Bangkok,53,45 to 54,27300,155000,"102,300",0,0
TH-100027,20/12/2024,personal,Northeast,22,Under 25,23500,47000,"33,900",0,0
TH-100028,30/08/2024,motorcycle,Bangkok,42,35 to 44,20300,68000,"38,700",0,0
TH-100029,15/09/2023,home_improvement,North,21,Under 25,23900,45000,"30,000",0,0
TH-100030,17/05/2023,motorcycle,Bangkok,24,Under 25,15100,79000,"39,900",0,0
TH-100031,26/10/2024,auto,Northeast,45,45 to 54,10200,26000,"11,100",0,0
TH-100032,11/02/2023,auto,Bangkok,38,35 to 44,49400,46000,"36,000",0,0
TH-100033,22/11/2024,motorcycle,North,36,35 to 44,17100,35000,"21,100",0,0
TH-100034,17/05/2023,motorcycle,North,48,45 to 54,29300,140000,"60,400",74,1
TH-100035,31/08/2024,motorcycle,Northeast,27,25 to 34,25100,51000,"38,200",0,0
TH-100036,25/12/2023,title_loan,Central,38,35 to 44,14100,97000,"71,000",149,1
TH-100037,24/12/2024,personal,South,23,Under 25,30700,96000,"81,500",0,0
TH-100038,28/02/2023,motorcycle,Central,24,Under 25,13300,37000,"27,100",0,0
TH-100039,14/01/2024,auto,South,53,45 to 54,27700,63000,"54,100",0,0
TH-100040,31/05/2023,personal,North,50,45 to 54,28400,138000,"21,300",0,0
TH-100041,30/09/2024,auto,Northeast,31,25 to 34,26400,38000,"13,400",0,0
TH-100042,27/05/2025,auto,Bangkok,45,45 to 54,14800,55000,"24,800",0,0
TH-100043,25/04/2024,home_improvement,Bangkok,31,25 to 34,15600,114000,"50,700",31,1
TH-100044,08/06/2023,auto,Bangkok,23,Under 25,14000,17000,"9,800",0,0
TH-100045,03/08/2023,home_improvement,Central,22,Under 25,28700,92000,"49,000",8,0
TH-100046,23/01/2023,motorcycle,Central,29,25 to 34,47200,68000,"48,900",0,0
TH-100047,10/02/2025,title_loan,Central,27,25 to 34,18500,22000,"12,200",0,0
TH-100048,01/05/2024,auto,Bangkok,29,25 to 34,16500,17000,"12,000",5,0
TH-100049,27/09/2024,personal,Bangkok,44,35 to 44,44000,197000,"120,900",0,0
TH-100050,04/06/2024,motorcycle,Central,32,25 to 34,15900,68000,"49,900",157,1
TH-100051,04/03/2023,auto,Bangkok,53,45 to 54,,111000,"53,900",80,1
TH-100052,14/10/2023,personal,Northeast,26,25 to 34,9000,32000,"22,400",0,0
TH-100053,19/03/2023,motorcycle,North,28,25 to 34,35800,132000,"34,000",0,0
TH-100054,12/10/2023,personal,Northeast,42,35 to 44,34000,172000,"82,200",0,0
TH-100055,24/05/2024,title_loan,South,26,25 to 34,24000,202000,"176,200",0,0
TH-100056,11/04/2023,auto,North,41,35 to 44,,128000,"75,000",46,1
TH-100057,02/02/2023,home_improvement,Central,37,35 to 44,22000,74000,"30,000",0,0
TH-100058,12/01/2023,auto,Central,21,Under 25,9700,25000,"13,300",0,0
TH-100059,10/07/2024,auto,Northeast,29,25 to 34,31600,69000,"32,500",0,0
TH-100060,26/04/2023,auto,Central,39,35 to 44,28200,28000,,0,0
TH-100061,13/03/2023,personal,Northeast,36,35 to 44,15300,48000,"39,400",0,0
TH-100062,30/10/2023,motorcycle,Bangkok,39,35 to 44,32600,46000,"36,100",152,1
TH-100063,14/05/2024,auto,Northeast,40,35 to 44,15700,33000,"13,200",0,0
TH-100064,30/10/2023,personal,North,32,25 to 34,28800,65000,"27,400",17,0
TH-100065,12/06/2025,auto,North,33,25 to 34,20900,75000,"67,400",0,0
TH-100066,02/07/2024,home_improvement,Central,34,25 to 34,25700,76000,"50,300",168,1
TH-100067,14/06/2025,personal,North,45,45 to 54,15800,52000,"37,900",0,0
TH-100068,03/05/2024,motorcycle,Bangkok,42,35 to 44,,24000,"15,900",0,0
TH-100069,01/02/2025,home_improvement,Central,21,Under 25,29000,76000,"13,100",0,0
TH-100070,17/03/2024,auto,South,39,35 to 44,14700,29000,"16,600",0,0
TH-100071,27/02/2025,motorcycle,Bangkok,39,35 to 44,14200,49000,"5,200",0,0
TH-100072,27/08/2023,title_loan,North,38,35 to 44,16600,81000,"60,800",0,0
TH-100073,11/04/2024,title_loan,North,41,35 to 44,12000,29000,"24,800",0,0
TH-100074,28/06/2024,home_improvement,Central,40,35 to 44,23400,52000,"35,900",0,0
TH-100075,14/02/2023,personal,North,31,25 to 34,19600,20000,"5,800",13,0
TH-100076,05/07/2023,home_improvement,Bangkok,43,35 to 44,,58000,"24,600",0,0
TH-100077,02/06/2023,auto,Bangkok,28,25 to 34,27800,52000,"38,300",0,0
TH-100078,01/11/2024,auto,Bangkok,36,35 to 44,10700,48000,"37,300",0,0
TH-100079,11/04/2024,motorcycle,Central,40,35 to 44,37100,99000,"70,900",0,0
TH-100080,27/01/2024,personal,Bangkok,44,35 to 44,24900,62000,"42,000",0,0
TH-100081,19/03/2023,personal,Northeast,26,25 to 34,19100,39000,"29,800",0,0
TH-100082,18/02/2023,title_loan,South,31,25 to 34,29100,59000,"42,300",0,0
TH-100083,02/02/2024,auto,Bangkok,35,35 to 44,9000,26000,"21,500",0,0
TH-100084,09/06/2024,title_loan,Northeast,34,25 to 34,14800,33000,"15,100",0,0
TH-100085,10/05/2024,home_improvement,Northeast,44,35 to 44,32400,49000,"26,100",0,0
TH-100086,16/02/2023,auto,Bangkok,26,25 to 34,34300,166000,"139,100",176,1
TH-100087,18/12/2024,title_loan,North,31,25 to 34,12300,21000,"16,400",43,1
TH-100088,29/03/2024,motorcycle,Bangkok,25,25 to 34,9000,32000,"7,300",0,0
TH-100089,11/06/2023,motorcycle,Bangkok,21,Under 25,25900,78000,"63,800",0,0
TH-100090,26/04/2024,personal,Bangkok,30,25 to 34,25400,38000,"33,500",0,0
TH-100091,03/05/2023,auto,Northeast,28,25 to 34,9000,31000,"11,300",0,0
TH-100092,19/12/2024,personal,North,36,35 to 44,59700,157000,"101,300",0,0
TH-100093,26/03/2025,personal,North,33,25 to 34,21600,87000,"58,300",0,0
TH-100094,05/11/2024,personal,Central,32,25 to 34,33000,126000,"53,600",0,0
TH-100095,27/03/2024,personal,Bangkok,49,45 to 54,20400,18000,"13,100",0,0
TH-100096,30/07/2024,motorcycle,Bangkok,34,25 to 34,25300,59000,"37,100",0,0
TH-100097,09/04/2024,motorcycle,Northeast,25,25 to 34,17800,31000,"19,300",0,0
TH-100098,10/09/2023,personal,South,36,35 to 44,15100,64000,"38,200",0,0
TH-100099,10/06/2023,motorcycle,North,31,25 to 34,16400,19000,"8,900",0,0
TH-100100,16/11/2023,motorcycle,Northeast,42,35 to 44,18800,29000,"13,300",18,0
TH-100101,26/11/2023,home_improvement,Bangkok,27,25 to 34,,19000,"13,000",0,0
TH-100102,20/01/2023,auto,Central,39,35 to 44,30100,124000,"101,600",123,1
TH-100103,18/08/2024,home_improvement,Bangkok,25,25 to 34,19000,44000,"23,100",0,0
TH-100104,08/07/2024,motorcycle,Central,25,25 to 34,13400,41000,,0,0
TH-100105,13/02/2025,motorcycle,Bangkok,38,35 to 44,9000,24000,"10,000",0,0
TH-100106,14/04/2023,motorcycle,Northeast,45,45 to 54,10800,26000,"18,200",0,0
TH-100107,11/05/2025,home_improvement,South,43,35 to 44,24300,69000,"46,800",0,0
TH-100108,25/12/2023,personal,Bangkok,31,25 to 34,16200,16000,"6,400",0,0
TH-100109,02/04/2023,motorcycle,Northeast,35,35 to 44,45400,36000,"18,800",0,0
TH-100110,05/02/2023,auto,South,54,45 to 54,26900,104000,"33,600",0,0
TH-100111,02/03/2023,home_improvement,Northeast,35,35 to 44,14200,45000,"36,500",0,0
TH-100112,13/07/2024,auto,Northeast,24,Under 25,27400,157000,"81,300",0,0
TH-100113,26/01/2024,auto,Bangkok,29,25 to 34,18300,69000,"49,600",0,0
TH-100114,16/06/2025,motorcycle,Northeast,50,45 to 54,28900,62000,"32,200",0,0
TH-100115,01/06/2023,auto,Northeast,28,25 to 34,,40000,"24,700",15,0
TH-100116,13/01/2025,personal,Central,30,25 to 34,33200,73000,"59,600",0,0
TH-100117,19/06/2024,personal,Bangkok,47,45 to 54,13500,22000,"18,800",0,0
TH-100118,03/04/2023,auto,North,41,35 to 44,27900,83000,"25,100",7,0
TH-100119,01/12/2024,personal,Bangkok,34,25 to 34,36600,109000,"51,000",0,0
TH-100120,04/02/2023,auto,Bangkok,29,25 to 34,42000,44000,,0,0
TH-100121,20/03/2024,motorcycle,Bangkok,53,45 to 54,29700,108000,"43,300",0,0
TH-100122,06/08/2023,personal,Bangkok,33,25 to 34,15800,39000,"29,100",0,0
TH-100123,08/01/2024,home_improvement,South,35,35 to 44,,51000,"30,700",0,0
TH-100124,19/02/2025,personal,South,34,25 to 34,15900,21000,"15,100",0,0
TH-100125,03/02/2023,home_improvement,South,33,25 to 34,13000,17000,"10,500",0,0
TH-100126,14/04/2024,auto,Northeast,39,35 to 44,10400,63000,"32,000",0,0
TH-100127,09/07/2024,personal,Bangkok,26,25 to 34,42000,152000,"61,200",26,0
TH-100128,08/01/2025,motorcycle,Bangkok,29,25 to 34,13700,93000,"63,600",0,0
TH-100129,09/06/2023,title_loan,Northeast,21,Under 25,21100,75000,"65,100",0,0
TH-100130,27/05/2023,home_improvement,Central,51,45 to 54,24400,55000,"17,900",0,0
TH-100131,18/03/2025,motorcycle,Central,23,Under 25,16100,39000,"19,200",0,0
TH-100132,22/01/2024,auto,Bangkok,23,Under 25,,16000,"12,900",15,0
TH-100133,30/06/2023,title_loan,Bangkok,30,25 to 34,26300,71000,"34,400",0,0
TH-100134,29/04/2023,personal,Central,35,35 to 44,15100,42000,"25,000",0,0
TH-100135,01/04/2024,personal,Bangkok,52,45 to 54,9000,15000,"3,300",0,0
TH-100136,17/04/2024,auto,Bangkok,25,25 to 34,28800,77000,"16,800",0,0
TH-100137,25/03/2025,motorcycle,Bangkok,22,Under 25,10300,22000,"14,200",0,0
TH-100138,28/02/2024,personal,Northeast,23,Under 25,20700,110000,"36,500",0,0
TH-100139,17/04/2024,personal,Bangkok,23,Under 25,30900,96000,"74,300",0,0
TH-100140,28/03/2025,auto,Bangkok,39,35 to 44,29000,110000,"54,100",0,0
TH-100141,04/07/2023,home_improvement,North,44,35 to 44,19500,41000,"21,400",0,0
TH-100142,07/10/2023,personal,Bangkok,44,35 to 44,17600,131000,"70,000",0,0
TH-100143,09/01/2023,motorcycle,South,41,35 to 44,,42000,"33,600",0,0
TH-100144,11/06/2023,personal,Bangkok,33,25 to 34,,87000,"37,100",0,0
TH-100145,24/03/2024,motorcycle,South,47,45 to 54,23600,45000,"32,400",0,0
TH-100146,25/03/2025,motorcycle,Bangkok,54,45 to 54,12800,44000,"12,900",0,0
TH-100147,19/10/2024,title_loan,North,42,35 to 44,28900,358000,"124,800",0,0
TH-100148,23/05/2025,motorcycle,Northeast,26,25 to 34,11900,28000,"17,800",0,0
TH-100149,20/08/2024,auto,North,40,35 to 44,9000,19000,"14,100",7,0
TH-100150,29/03/2023,motorcycle,South,21,Under 25,14900,17000,"3,900",0,0
TH-100151,13/04/2025,motorcycle,Bangkok,41,35 to 44,33900,69000,"49,700",0,0
TH-100152,12/10/2024,motorcycle,South,25,25 to 34,23300,24000,"10,900",0,0
TH-100153,02/09/2024,home_improvement,Northeast,46,45 to 54,23100,140000,"46,900",0,0
TH-100154,20/08/2023,auto,Central,59,55 and over,9000,28000,"12,600",26,0
TH-100155,03/10/2024,title_loan,Bangkok,25,25 to 34,14200,46000,"23,500",0,0
TH-100156,25/06/2023,personal,South,40,35 to 44,27000,105000,"40,500",0,0
TH-100157,13/10/2024,title_loan,Central,33,25 to 34,37300,91000,"40,600",0,0
TH-100158,03/12/2023,auto,Northeast,34,25 to 34,52300,249000,"79,200",0,0
TH-100159,05/11/2023,title_loan,Northeast,48,45 to 54,,61000,"21,100",0,0
TH-100160,26/05/2025,personal,Central,39,35 to 44,28000,182000,"78,000",0,0
TH-100161,20/01/2025,auto,North,38,35 to 44,25700,78000,"41,500",30,0
TH-100162,06/03/2023,motorcycle,Northeast,27,25 to 34,54800,98000,"67,100",0,0
TH-100163,20/05/2024,motorcycle,Bangkok,27,25 to 34,13400,21000,"19,800",0,0
TH-100164,02/04/2023,personal,Central,31,25 to 34,33700,88000,"45,800",0,0
TH-100165,18/08/2024,motorcycle,Central,34,25 to 34,13500,103000,"53,200",117,1
TH-100166,22/09/2024,motorcycle,Bangkok,23,Under 25,15900,42000,"34,100",0,0
TH-100167,09/03/2025,home_improvement,South,49,45 to 54,21700,40000,"26,500",0,0
TH-100168,13/01/2024,auto,South,50,45 to 54,,151000,"105,300",0,0
TH-100169,17/12/2023,motorcycle,Northeast,44,35 to 44,16800,41000,"26,300",63,1
TH-100170,03/11/2024,personal,Northeast,45,45 to 54,55700,72000,"59,000",0,0
TH-100171,30/04/2024,motorcycle,North,34,25 to 34,15000,31000,"5,200",0,0
TH-100172,05/11/2023,home_improvement,Bangkok,39,35 to 44,13500,29000,"23,900",0,0
TH-100173,29/09/2023,auto,Bangkok,28,25 to 34,24800,81000,"48,800",0,0
TH-100174,28/02/2024,auto,Central,33,25 to 34,18600,73000,"61,200",0,0
TH-100175,22/03/2024,personal,North,30,25 to 34,25600,25000,"13,800",0,0
TH-100176,02/06/2023,motorcycle,South,46,45 to 54,9000,18000,"15,300",0,0
TH-100177,09/12/2024,personal,Northeast,28,25 to 34,,83000,"48,700",77,1
TH-100178,14/08/2023,personal,North,35,35 to 44,20100,58000,"10,700",0,0
TH-100179,10/12/2024,title_loan,Northeast,44,35 to 44,28400,60000,"58,200",0,0
TH-100180,22/01/2023,personal,Central,23,Under 25,,184000,"109,200",0,0
TH-100181,07/03/2025,title_loan,Bangkok,44,35 to 44,32900,124000,"40,700",157,1
TH-100182,18/01/2025,motorcycle,North,24,Under 25,12900,21000,"9,900",0,0
TH-100183,26/02/2025,personal,South,41,35 to 44,31600,70000,"34,600",0,0
TH-100184,24/12/2023,title_loan,North,39,35 to 44,26900,67000,"31,200",24,0
TH-100185,02/07/2024,home_improvement,Central,36,35 to 44,39300,110000,"49,900",0,0
TH-100186,07/08/2023,motorcycle,North,32,25 to 34,30100,59000,"42,200",0,0
TH-100187,03/08/2024,auto,Central,30,25 to 34,9000,15000,"10,300",0,0
TH-100188,17/02/2024,motorcycle,Bangkok,31,25 to 34,31800,134000,"66,600",0,0
TH-100189,30/05/2023,title_loan,Bangkok,28,25 to 34,22600,94000,"45,200",0,0
TH-100190,01/08/2023,motorcycle,Central,35,35 to 44,112500,361000,"276,700",0,0
TH-100191,02/08/2023,home_improvement,Bangkok,38,35 to 44,20100,47000,"12,200",27,0
TH-100192,09/10/2023,motorcycle,Bangkok,43,35 to 44,28200,101000,"62,600",0,0
TH-100193,10/09/2023,auto,Northeast,27,25 to 34,35000,60000,"48,200",0,0
TH-100194,29/05/2023,motorcycle,North,46,45 to 54,10800,25000,"18,600",0,0
TH-100195,01/12/2024,auto,Northeast,40,35 to 44,23000,138000,"90,800",0,0
TH-100196,20/02/2025,auto,Bangkok,42,35 to 44,,42000,"23,600",0,0
TH-100197,26/11/2023,auto,North,23,Under 25,13600,46000,"10,400",0,0
TH-100198,05/03/2025,personal,North,44,35 to 44,13800,32000,"20,700",0,0
TH-100199,12/01/2025,personal,Bangkok,41,35 to 44,9000,26000,"11,500",0,0
TH-100200,07/01/2023,home_improvement,Northeast,39,35 to 44,25200,133000,"80,800",0,0
TH-100201,30/11/2024,personal,North,31,25 to 34,20500,91000,"60,400",18,0
TH-100202,28/08/2023,home_improvement,Bangkok,41,35 to 44,24100,50000,"22,800",19,0
TH-100203,06/04/2025,auto,Bangkok,38,35 to 44,42000,117000,"53,700",0,0
TH-100204,30/03/2024,title_loan,North,48,45 to 54,55900,75000,"54,800",0,0
TH-100205,19/04/2024,personal,South,42,35 to 44,20000,29000,"11,100",0,0
TH-100206,25/09/2023,personal,Bangkok,31,25 to 34,24700,40000,"16,800",0,0
TH-100207,05/08/2023,home_improvement,Central,38,35 to 44,13400,21000,"5,300",0,0
TH-100208,26/08/2023,personal,Bangkok,27,25 to 34,90800,149000,"131,800",0,0
TH-100209,22/12/2023,personal,Central,27,25 to 34,22300,26000,"12,300",0,0
TH-100210,04/01/2023,motorcycle,South,39,35 to 44,25000,44000,"32,400",13,0
TH-100211,08/09/2024,home_improvement,Northeast,31,25 to 34,25100,69000,"29,300",0,0
TH-100212,03/06/2025,auto,Bangkok,24,Under 25,33200,301000,"177,600",0,0
TH-100213,11/05/2024,auto,South,28,25 to 34,37000,58000,"37,300",0,0
TH-100214,29/12/2023,auto,Bangkok,23,Under 25,10700,17000,"15,700",0,0
TH-100215,20/03/2025,auto,Central,23,Under 25,21400,45000,,0,0
TH-100216,16/09/2023,auto,Bangkok,34,25 to 34,18300,41000,"11,000",0,0
TH-100217,05/03/2023,personal,Central,49,45 to 54,9900,30000,"4,300",0,0
TH-100218,06/05/2023,auto,Bangkok,51,45 to 54,18800,76000,"42,000",0,0
TH-100219,16/02/2024,motorcycle,Central,31,25 to 34,24100,151000,,0,0
TH-100220,01/11/2024,home_improvement,Bangkok,37,35 to 44,31300,127000,"70,800",0,0
TH-100221,18/07/2023,motorcycle,Bangkok,48,45 to 54,31600,103000,"60,100",0,0
TH-100222,24/12/2024,motorcycle,Bangkok,41,35 to 44,26100,81000,"46,200",11,0
TH-100223,27/01/2024,motorcycle,Bangkok,54,45 to 54,59300,169000,"94,800",0,0
TH-100224,18/10/2024,title_loan,Bangkok,34,25 to 34,22000,33000,"17,200",0,0
TH-100225,14/06/2024,personal,Central,24,Under 25,,45000,"16,000",25,0
TH-100226,22/01/2024,home_improvement,Central,30,25 to 34,13000,34000,"26,500",0,0
TH-100227,10/02/2025,auto,Northeast,46,45 to 54,36700,131000,"87,500",0,0
TH-100228,11/10/2023,personal,Bangkok,43,35 to 44,9000,29000,"17,300",0,0
TH-100229,13/05/2023,personal,Central,51,45 to 54,12800,36000,"22,900",0,0
TH-100230,20/08/2023,personal,Bangkok,27,25 to 34,27000,22000,"9,800",0,0
TH-100231,07/01/2024,title_loan,Northeast,25,25 to 34,10500,32000,"23,800",0,0
TH-100232,09/06/2025,motorcycle,Bangkok,38,35 to 44,9000,24000,"8,300",0,0
TH-100233,31/01/2023,motorcycle,Bangkok,30,25 to 34,9000,29000,"19,500",0,0
TH-100234,26/02/2025,auto,Bangkok,29,25 to 34,37800,142000,"110,000",0,0
TH-100235,12/05/2025,home_improvement,South,24,Under 25,49200,234000,"216,500",0,0
TH-100236,14/03/2025,motorcycle,Bangkok,23,Under 25,14000,37000,"26,300",0,0
TH-100237,25/01/2024,auto,North,30,25 to 34,37200,101000,"27,100",0,0
TH-100238,14/04/2023,motorcycle,Bangkok,29,25 to 34,14000,40000,"13,700",0,0
TH-100239,16/04/2024,title_loan,Bangkok,28,25 to 34,20900,41000,"31,700",0,0
TH-100240,04/04/2025,motorcycle,South,33,25 to 34,14200,50000,"13,300",16,0
TH-100241,23/05/2023,motorcycle,Bangkok,30,25 to 34,16300,35000,"25,400",0,0
TH-100242,13/05/2025,auto,Bangkok,29,25 to 34,14700,131000,"102,500",0,0
TH-100243,03/05/2023,auto,North,39,35 to 44,31600,80000,"50,800",9,0
TH-100244,02/09/2023,motorcycle,North,23,Under 25,13000,75000,"46,000",0,0
TH-100245,15/07/2023,motorcycle,Bangkok,26,25 to 34,21200,70000,"42,700",0,0
TH-100246,08/06/2024,personal,South,29,25 to 34,25000,15000,"10,800",0,0
TH-100247,27/02/2024,motorcycle,Bangkok,43,35 to 44,36100,62000,"26,000",21,0
TH-100248,12/06/2023,motorcycle,Bangkok,49,45 to 54,20200,86000,"72,300",20,0
TH-100249,18/04/2024,title_loan,Central,21,Under 25,37200,159000,"95,900",44,1
TH-100250,23/07/2023,title_loan,North,34,25 to 34,14500,31000,"22,300",0,0
TH-100251,28/04/2025,motorcycle,Central,32,25 to 34,,25000,"7,500",0,0
TH-100252,13/02/2025,home_improvement,Bangkok,31,25 to 34,15600,38000,"24,700",9,0
TH-100253,01/03/2025,motorcycle,South,50,45 to 54,28300,83000,"31,100",0,0
TH-100254,13/06/2023,motorcycle,Bangkok,25,25 to 34,16800,34000,"16,200",20,0
TH-100255,31/03/2024,personal,Northeast,24,Under 25,24600,103000,"78,200",24,0
TH-100256,15/08/2023,home_improvement,North,40,35 to 44,16600,138000,"56,800",0,0
TH-100257,24/11/2023,motorcycle,Bangkok,21,Under 25,10800,22000,"14,400",17,0
TH-100258,27/01/2024,personal,Central,36,35 to 44,31400,113000,"38,500",34,1
TH-100259,04/08/2024,motorcycle,South,22,Under 25,,54000,"45,600",0,0
TH-100260,08/05/2023,personal,Bangkok,43,35 to 44,15200,45000,"41,400",0,0
TH-100261,12/05/2025,auto,South,48,45 to 54,25200,46000,"33,300",30,0
TH-100262,13/12/2023,personal,South,39,35 to 44,15500,18000,"4,800",0,0
TH-100263,13/05/2024,auto,Bangkok,25,25 to 34,10000,24000,"9,300",121,1
TH-100264,19/02/2025,title_loan,Northeast,49,45 to 54,15500,17000,"12,300",0,0
TH-100265,25/09/2023,motorcycle,North,37,35 to 44,14500,30000,"17,700",0,0
TH-100266,28/11/2024,home_improvement,Bangkok,28,25 to 34,17000,64000,"17,100",23,0
TH-100267,30/08/2024,motorcycle,Bangkok,39,35 to 44,,53000,"24,800",0,0
TH-100268,24/09/2023,motorcycle,Bangkok,41,35 to 44,12200,21000,"18,700",0,0
TH-100269,24/10/2023,motorcycle,North,31,25 to 34,17700,35000,"8,700",0,0
TH-100270,24/11/2024,personal,North,21,Under 25,,71000,"54,800",0,0
TH-100271,22/03/2024,title_loan,Northeast,48,45 to 54,39800,152000,"97,600",0,0
TH-100272,31/03/2025,auto,Northeast,25,25 to 34,19800,91000,"32,300",0,0
TH-100273,02/03/2025,motorcycle,Central,51,45 to 54,,64000,"31,500",0,0
TH-100274,11/01/2023,motorcycle,Central,36,35 to 44,13200,62000,"41,900",0,0
TH-100275,04/11/2023,auto,Bangkok,41,35 to 44,44200,91000,"41,400",0,0
TH-100276,16/08/2023,auto,Northeast,34,25 to 34,32500,110000,"85,500",22,0
TH-100277,02/09/2023,personal,Bangkok,28,25 to 34,35700,132000,"66,700",0,0
TH-100278,12/01/2023,motorcycle,Bangkok,43,35 to 44,28500,57000,"10,200",0,0
TH-100279,04/12/2023,motorcycle,Central,27,25 to 34,22600,131000,"105,800",0,0
TH-100280,29/06/2024,motorcycle,Northeast,24,Under 25,15500,43000,"17,300",140,1
TH-100281,14/11/2023,motorcycle,Bangkok,40,35 to 44,24100,52000,"28,700",0,0
TH-100282,19/03/2023,auto,Bangkok,32,25 to 34,18800,42000,"27,000",0,0
TH-100283,19/05/2023,auto,Bangkok,31,25 to 34,,16000,"7,700",17,0
TH-100284,07/08/2024,personal,North,25,25 to 34,31000,155000,"103,300",0,0
TH-100285,20/05/2025,home_improvement,North,46,45 to 54,10100,38000,"23,700",0,0
TH-100286,01/07/2023,personal,Northeast,42,35 to 44,44400,91000,"50,800",0,0
TH-100287,31/07/2023,motorcycle,Bangkok,46,45 to 54,13400,33000,"20,200",0,0
TH-100288,23/02/2025,title_loan,Central,50,45 to 54,23000,50000,"45,200",0,0
TH-100289,12/11/2023,home_improvement,South,28,25 to 34,14500,35000,"18,300",0,0
TH-100290,18/04/2023,auto,Central,29,25 to 34,23800,147000,"104,700",117,1
TH-100291,25/06/2024,personal,North,43,35 to 44,19700,86000,"70,300",0,0
TH-100292,26/07/2024,personal,South,39,35 to 44,,194000,"100,400",0,0
TH-100293,29/12/2023,personal,Northeast,37,35 to 44,22300,66000,"31,400",0,0
TH-100294,08/01/2024,auto,Central,39,35 to 44,15900,41000,"34,300",0,0
TH-100295,03/12/2023,motorcycle,Northeast,21,Under 25,10200,28000,"4,600",0,0
TH-100296,11/08/2023,home_improvement,Bangkok,54,45 to 54,16400,17000,"9,000",0,0
TH-100297,02/05/2024,personal,Bangkok,24,Under 25,13800,44000,"37,100",0,0
TH-100298,16/08/2024,motorcycle,Central,51,45 to 54,15400,31000,"16,000",0,0
TH-100299,19/07/2023,title_loan,Bangkok,33,25 to 34,15500,57000,"21,300",0,0
TH-100300,07/06/2023,title_loan,Bangkok,52,45 to 54,9700,19000,"12,300",0,0
TH-100301,18/03/2025,motorcycle,Bangkok,41,35 to 44,21700,106000,"37,100",0,0
TH-100302,14/07/2024,personal,Central,26,25 to 34,,28000,"7,900",0,0
TH-100303,08/03/2023,motorcycle,Bangkok,28,25 to 34,21300,51000,"37,100",0,0
TH-100304,21/10/2024,motorcycle,Northeast,51,45 to 54,13800,33000,"25,700",145,1
TH-100305,20/05/2023,auto,Bangkok,29,25 to 34,12000,50000,"39,200",0,0
TH-100306,10/02/2023,motorcycle,North,39,35 to 44,35800,198000,"122,800",0,0
TH-100307,09/02/2024,motorcycle,Northeast,29,25 to 34,21600,55000,"14,300",0,0
TH-100308,03/05/2023,personal,Bangkok,31,25 to 34,,236000,"214,000",29,0
TH-100309,30/05/2025,motorcycle,South,25,25 to 34,23800,77000,"44,300",0,0
TH-100310,16/12/2024,auto,South,26,25 to 34,15000,44000,"25,100",20,0
TH-100311,09/03/2025,motorcycle,Bangkok,31,25 to 34,21600,89000,"76,400",0,0
TH-100312,16/04/2024,motorcycle,Central,29,25 to 34,,61000,"35,500",0,0
TH-100313,19/04/2024,auto,South,27,25 to 34,14600,27000,"20,400",0,0
TH-100314,09/04/2024,personal,North,49,45 to 54,11900,48000,,0,0
TH-100315,25/09/2024,motorcycle,Central,39,35 to 44,,89000,"52,400",0,0
TH-100316,15/01/2025,motorcycle,Northeast,46,45 to 54,90400,415000,"226,300",0,0
TH-100317,06/10/2024,personal,Northeast,28,25 to 34,9000,17000,"14,700",0,0
TH-100318,02/01/2025,motorcycle,Bangkok,36,35 to 44,70300,226000,"203,800",39,1
TH-100319,09/05/2023,motorcycle,Bangkok,26,25 to 34,9000,40000,"18,900",0,0
TH-100320,04/06/2023,motorcycle,North,24,Under 25,15500,29000,"17,400",0,0
TH-100321,20/02/2025,motorcycle,Bangkok,34,25 to 34,19700,98000,"72,100",0,0
TH-100322,14/05/2024,personal,Bangkok,48,45 to 54,9000,26000,"20,900",0,0
TH-100323,19/02/2025,home_improvement,South,31,25 to 34,9000,15000,"12,600",0,0
TH-100324,26/05/2025,auto,Northeast,54,45 to 54,25100,90000,"52,700",0,0
TH-100325,23/01/2025,auto,North,36,35 to 44,,123000,"90,300",0,0
TH-100326,26/02/2024,personal,Bangkok,27,25 to 34,9000,15000,"4,200",0,0
TH-100327,13/06/2025,motorcycle,Northeast,51,45 to 54,34000,45000,"24,100",0,0
TH-100328,15/06/2023,home_improvement,South,45,45 to 54,19300,23000,"11,300",0,0
TH-100329,16/06/2025,home_improvement,Bangkok,24,Under 25,15100,35000,"9,000",21,0
TH-100330,14/09/2024,personal,North,54,45 to 54,10700,42000,"26,400",0,0
TH-100331,15/09/2023,title_loan,Bangkok,24,Under 25,42100,159000,"55,000",0,0
TH-100332,15/03/2023,title_loan,South,27,25 to 34,16400,65000,"42,500",0,0
TH-100333,14/04/2023,home_improvement,North,32,25 to 34,28200,113000,"16,000",0,0
TH-100334,04/05/2023,home_improvement,North,54,45 to 54,19300,80000,"31,100",0,0
TH-100335,25/03/2023,personal,Central,53,45 to 54,33100,115000,"66,400",0,0
TH-100336,31/12/2023,home_improvement,Northeast,26,25 to 34,28300,66000,"56,800",0,0
TH-100337,19/04/2023,auto,Bangkok,49,45 to 54,14500,30000,"12,400",0,0
TH-100338,16/01/2024,auto,Bangkok,35,35 to 44,31500,87000,"20,700",0,0
TH-100339,09/03/2024,motorcycle,Central,49,45 to 54,,70000,"22,200",0,0
TH-100340,24/10/2024,motorcycle,Central,29,25 to 34,35000,90000,"17,500",0,0
TH-100341,21/07/2024,personal,Northeast,36,35 to 44,15200,25000,"8,200",0,0
TH-100342,26/10/2023,motorcycle,Bangkok,34,25 to 34,35800,92000,"32,700",0,0
TH-100343,13/11/2024,motorcycle,Northeast,42,35 to 44,21500,46000,"31,000",0,0
TH-100344,23/05/2024,auto,Northeast,21,Under 25,,62000,"54,200",30,0
TH-100345,06/03/2025,motorcycle,South,41,35 to 44,27000,44000,"21,900",0,0
TH-100346,01/08/2023,motorcycle,Northeast,26,25 to 34,14000,20000,"13,700",0,0
TH-100347,16/01/2025,home_improvement,Northeast,23,Under 25,21400,74000,"35,300",0,0
TH-100348,21/07/2024,personal,Bangkok,54,45 to 54,18600,33000,"13,100",30,0
TH-100349,28/08/2023,personal,North,24,Under 25,35600,132000,"63,400",0,0
TH-100350,13/10/2024,personal,Bangkok,40,35 to 44,39800,123000,"67,500",27,0
TH-100351,08/08/2023,title_loan,Central,39,35 to 44,24500,34000,"22,400",0,0
TH-100352,20/08/2023,auto,South,51,45 to 54,28400,55000,"20,000",0,0
TH-100353,10/02/2023,motorcycle,Northeast,42,35 to 44,17200,25000,"8,400",0,0
TH-100354,12/08/2024,motorcycle,South,42,35 to 44,10600,16000,"12,200",0,0
TH-100355,03/11/2024,title_loan,Central,36,35 to 44,46600,125000,"74,600",0,0
TH-100356,02/04/2025,motorcycle,Bangkok,42,35 to 44,,38000,"16,800",10,0
TH-100357,07/07/2023,home_improvement,Central,26,25 to 34,22300,58000,"55,900",0,0
TH-100358,24/07/2024,title_loan,Central,24,Under 25,21700,107000,"87,800",0,0
TH-100359,11/09/2023,motorcycle,Bangkok,30,25 to 34,27200,35000,"20,300",25,0
TH-100360,12/09/2024,auto,Bangkok,49,45 to 54,9400,23000,"1,800",0,0
TH-100361,15/02/2024,auto,South,51,45 to 54,11900,37000,"27,800",0,0
TH-100362,30/12/2023,home_improvement,North,37,35 to 44,22400,28000,"4,600",0,0
TH-100363,11/02/2023,motorcycle,Central,26,25 to 34,25300,63000,"51,300",0,0
TH-100364,01/02/2024,auto,Bangkok,51,45 to 54,9000,21000,"11,200",0,0
TH-100365,08/05/2025,title_loan,Northeast,23,Under 25,19000,40000,"30,400",24,0
TH-100366,24/05/2024,auto,Central,51,45 to 54,33800,121000,"111,500",0,0
TH-100367,05/07/2024,auto,Bangkok,22,Under 25,,83000,"58,300",0,0
TH-100368,27/09/2023,personal,Northeast,48,45 to 54,11700,15000,"12,700",0,0
TH-100369,13/10/2023,motorcycle,Northeast,49,45 to 54,39200,90000,"20,600",1,0
TH-100370,16/02/2024,motorcycle,North,33,25 to 34,34500,184000,,16,0
TH-100371,24/09/2023,personal,Central,24,Under 25,28200,72000,"38,500",0,0
TH-100372,27/06/2024,motorcycle,Central,48,45 to 54,46700,366000,"159,400",0,0
TH-100373,16/05/2025,personal,North,21,Under 25,,25000,"16,000",0,0
TH-100374,11/06/2023,motorcycle,South,34,25 to 34,68600,186000,"53,300",0,0
TH-100375,16/07/2023,personal,Central,49,45 to 54,18500,47000,"31,600",1,0
TH-100376,29/05/2025,auto,North,30,25 to 34,37200,113000,"66,500",0,0
TH-100377,23/11/2024,motorcycle,North,29,25 to 34,55700,128000,"117,700",0,0
TH-100378,02/03/2023,motorcycle,Central,54,45 to 54,30000,96000,"83,800",0,0
TH-100379,28/09/2024,motorcycle,Central,51,45 to 54,27000,43000,"31,800",18,0
TH-100380,25/04/2025,title_loan,South,35,35 to 44,34400,44000,"27,700",0,0
TH-100381,12/08/2023,title_loan,Central,39,35 to 44,23000,66000,"47,000",0,0
TH-100382,12/06/2023,personal,North,24,Under 25,9300,44000,"19,900",0,0
TH-100383,26/11/2024,personal,South,37,35 to 44,9000,15000,"6,700",0,0
TH-100384,26/04/2024,auto,Bangkok,31,25 to 34,10600,38000,"35,100",0,0
TH-100385,26/03/2025,motorcycle,Central,26,25 to 34,17100,57000,"12,900",18,0
TH-100386,23/10/2024,personal,South,29,25 to 34,,36000,"13,300",0,0
TH-100387,22/12/2023,motorcycle,Northeast,42,35 to 44,11500,32000,"12,500",0,0
TH-100388,30/01/2024,personal,Northeast,24,Under 25,26800,86000,"67,900",0,0
TH-100389,28/01/2023,personal,Central,31,25 to 34,22500,57000,"45,900",0,0
TH-100390,18/08/2023,auto,Central,34,25 to 34,15100,29000,"11,900",0,0
TH-100391,31/05/2025,personal,Bangkok,42,35 to 44,17600,41000,"15,900",28,0
TH-100392,25/04/2023,auto,Central,21,Under 25,,33000,"15,200",0,0
TH-100393,01/11/2023,personal,Bangkok,23,Under 25,15900,31000,"25,500",0,0
TH-100394,07/02/2025,motorcycle,Bangkok,43,35 to 44,9000,25000,"14,800",0,0
TH-100395,24/03/2023,auto,North,21,Under 25,14500,15000,"8,800",0,0
TH-100396,03/11/2023,motorcycle,Bangkok,31,25 to 34,12200,23000,"18,300",0,0
TH-100397,11/09/2023,auto,Bangkok,40,35 to 44,14400,32000,"25,500",0,0
TH-100398,27/02/2024,personal,Bangkok,33,25 to 34,15400,42000,"28,100",0,0
TH-100399,01/03/2025,motorcycle,Bangkok,42,35 to 44,27300,84000,"23,500",6,0
TH-100400,23/04/2024,title_loan,Central,35,35 to 44,12600,36000,"33,700",0,0
TH-100401,11/05/2023,home_improvement,Bangkok,53,45 to 54,17100,62000,"48,000",0,0
TH-100402,10/01/2024,personal,Bangkok,26,25 to 34,19900,28000,"8,900",26,0
TH-100403,17/12/2024,motorcycle,Northeast,40,35 to 44,18400,35000,"21,300",0,0
TH-100404,20/04/2024,personal,Bangkok,45,45 to 54,37500,102000,"47,700",0,0
TH-100405,11/02/2025,auto,Bangkok,22,Under 25,27200,162000,"134,300",49,1
TH-100406,25/09/2024,personal,Northeast,35,35 to 44,32900,50000,"11,600",0,0
TH-100407,14/05/2024,auto,South,27,25 to 34,,35000,"19,700",0,0
TH-100408,05/07/2024,motorcycle,Bangkok,52,45 to 54,46000,133000,"43,700",0,0
TH-100409,21/09/2024,personal,Central,42,35 to 44,20200,76000,"35,900",0,0
TH-100410,10/04/2023,personal,Central,40,35 to 44,17600,44000,"24,200",26,0
TH-100411,21/09/2023,motorcycle,Bangkok,22,Under 25,,142000,"128,500",0,0
TH-100412,15/01/2025,personal,Bangkok,27,25 to 34,22000,32000,"18,200",0,0
TH-100413,19/02/2024,motorcycle,Central,41,35 to 44,19400,17000,,0,0
TH-100414,19/08/2024,title_loan,Bangkok,43,35 to 44,9000,19000,"16,200",0,0
TH-100415,05/12/2023,motorcycle,Central,47,45 to 54,,123000,"66,600",0,0
TH-100416,08/04/2023,personal,Bangkok,45,45 to 54,16500,35000,"19,700",18,0
TH-100417,25/04/2024,auto,Central,22,Under 25,32500,95000,"86,200",0,0
TH-100418,03/10/2024,home_improvement,Central,35,35 to 44,13500,19000,"12,000",0,0
TH-100419,22/08/2024,auto,North,45,45 to 54,36600,162000,"81,100",0,0
TH-100420,04/02/2024,motorcycle,Northeast,41,35 to 44,18200,58000,"33,000",0,0
TH-100421,23/06/2024,auto,Northeast,28,25 to 34,20800,38000,"20,600",108,1
TH-100422,04/07/2023,personal,South,36,35 to 44,15800,37000,"25,500",25,0
TH-100423,19/11/2023,personal,Bangkok,49,45 to 54,21200,76000,"54,700",0,0
TH-100424,29/03/2023,title_loan,North,32,25 to 34,30300,101000,"75,300",0,0
TH-100425,29/06/2024,motorcycle,South,27,25 to 34,35300,114000,"56,700",0,0
TH-100426,14/06/2025,personal,Bangkok,33,25 to 34,21000,54000,"24,100",0,0
TH-100427,03/02/2025,personal,Bangkok,25,25 to 34,11900,37000,"33,100",122,1
TH-100428,03/05/2025,auto,Northeast,33,25 to 34,36600,213000,"114,500",0,0
TH-100429,18/07/2024,motorcycle,Bangkok,30,25 to 34,35500,200000,"99,700",0,0
TH-100430,03/10/2024,home_improvement,Northeast,42,35 to 44,17200,60000,"56,800",135,1
TH-100431,17/09/2024,home_improvement,South,22,Under 25,,27000,,0,0
TH-100432,27/11/2023,auto,South,28,25 to 34,21400,32000,"24,100",0,0
TH-100433,28/09/2024,home_improvement,Northeast,37,35 to 44,28600,54000,"37,600",0,0
TH-100434,03/06/2023,auto,Central,29,25 to 34,31400,76000,"52,500",0,0
TH-100435,26/01/2023,home_improvement,North,43,35 to 44,11500,31000,,0,0
TH-100436,14/01/2025,auto,Central,40,35 to 44,28000,51000,"31,000",0,0
TH-100437,06/01/2024,auto,Northeast,42,35 to 44,15900,36000,"18,300",0,0
TH-100438,06/10/2024,title_loan,Bangkok,47,45 to 54,11700,47000,"21,000",6,0
TH-100439,15/06/2023,motorcycle,Central,61,55 and over,,71000,"57,100",90,1
TH-100440,10/03/2024,motorcycle,Bangkok,65,55 and over,26800,154000,"111,000",24,0
TH-100441,16/08/2023,personal,North,40,35 to 44,18600,32000,,0,0
TH-100442,17/05/2023,home_improvement,Central,39,35 to 44,15300,26000,"19,000",0,0
TH-100443,22/02/2023,personal,Bangkok,33,25 to 34,,28000,"9,500",0,0
TH-100444,23/11/2024,personal,Bangkok,32,25 to 34,19700,16000,"13,500",0,0
TH-100445,09/06/2025,personal,Bangkok,39,35 to 44,15600,40000,"35,000",0,0
TH-100446,26/05/2025,personal,Northeast,34,25 to 34,14900,60000,"12,800",0,0
TH-100447,24/08/2023,personal,Bangkok,47,45 to 54,,16000,"9,100",0,0
TH-100448,16/08/2024,personal,Bangkok,25,25 to 34,42300,113000,"60,800",0,0
TH-100449,26/09/2024,personal,North,42,35 to 44,44900,80000,"45,100",0,0
TH-100450,10/02/2024,motorcycle,Central,54,45 to 54,17800,70000,"5,400",0,0
TH-100451,31/03/2025,personal,Central,48,45 to 54,39200,152000,"133,800",0,0
TH-100452,11/02/2024,home_improvement,Northeast,27,25 to 34,22200,73000,"39,300",0,0
TH-100453,25/02/2024,title_loan,Central,28,25 to 34,22900,75000,,27,0
TH-100454,12/02/2023,personal,North,31,25 to 34,21000,40000,"30,300",0,0
TH-100455,30/01/2024,home_improvement,Central,35,35 to 44,11700,15000,"8,800",0,0
TH-100456,11/01/2025,home_improvement,Bangkok,34,25 to 34,,77000,"39,000",0,0
TH-100457,07/04/2024,home_improvement,Central,34,25 to 34,25800,71000,"59,300",0,0
TH-100458,16/11/2023,motorcycle,North,39,35 to 44,14700,89000,"36,700",0,0
TH-100459,24/02/2024,auto,Northeast,48,45 to 54,38900,101000,"62,200",0,0
TH-100460,07/03/2024,home_improvement,Central,34,25 to 34,,52000,"32,600",0,0
TH-100461,29/04/2023,home_improvement,North,22,Under 25,14300,64000,"47,500",0,0
TH-100462,03/07/2023,personal,Bangkok,30,25 to 34,38600,98000,"78,400",0,0
TH-100463,27/04/2023,auto,Bangkok,29,25 to 34,26200,77000,"30,500",26,0
TH-100464,25/02/2024,personal,Bangkok,47,45 to 54,15500,37000,"16,000",13,0
TH-100465,17/10/2024,title_loan,Northeast,40,35 to 44,43500,68000,"32,500",0,0
TH-100466,17/10/2023,motorcycle,Central,48,45 to 54,30400,52000,"25,400",10,0
TH-100467,19/02/2023,title_loan,Bangkok,61,55 and over,21700,109000,"39,500",13,0
TH-100468,06/05/2023,home_improvement,Northeast,40,35 to 44,15600,48000,"20,900",0,0
TH-100469,27/03/2023,motorcycle,Northeast,24,Under 25,18900,26000,"15,200",0,0
TH-100470,29/12/2024,auto,Northeast,25,25 to 34,25600,69000,"26,800",0,0
TH-100471,20/04/2024,motorcycle,Northeast,35,35 to 44,27000,66000,"32,900",0,0
TH-100472,11/08/2023,personal,Bangkok,47,45 to 54,20300,104000,"24,500",0,0
TH-100473,12/04/2025,motorcycle,Northeast,21,Under 25,9600,35000,"32,800",0,0
TH-100474,30/12/2023,motorcycle,Central,26,25 to 34,15100,34000,"22,700",0,0
TH-100475,10/08/2024,title_loan,North,39,35 to 44,14500,34000,"11,300",0,0
TH-100476,25/07/2024,auto,Central,53,45 to 54,25000,85000,"35,000",0,0
TH-100477,04/10/2023,motorcycle,Central,40,35 to 44,17700,34000,"29,000",0,0
TH-100478,14/11/2024,auto,Bangkok,27,25 to 34,28800,59000,"57,800",0,0
TH-100479,28/12/2023,motorcycle,Bangkok,35,35 to 44,22500,38000,"29,600",16,0
TH-100480,05/03/2023,personal,North,43,35 to 44,17000,24000,"21,700",0,0
TH-100481,05/12/2024,auto,Bangkok,26,25 to 34,,43000,"26,200",0,0
TH-100482,06/01/2023,auto,South,33,25 to 34,9100,17000,"11,000",0,0
TH-100483,20/08/2023,auto,North,23,Under 25,31300,75000,"54,400",0,0
TH-100484,27/12/2023,motorcycle,Bangkok,33,25 to 34,27000,42000,"9,100",0,0
TH-100485,16/02/2025,personal,Central,44,35 to 44,13600,76000,"31,100",23,0
TH-100486,04/05/2025,home_improvement,Bangkok,52,45 to 54,9000,27000,"17,400",8,0
TH-100487,08/04/2025,personal,Bangkok,26,25 to 34,,68000,"43,700",24,0
TH-100488,02/07/2023,personal,Northeast,22,Under 25,26300,67000,"29,500",0,0
TH-100489,16/01/2025,personal,Northeast,24,Under 25,49700,229000,"178,800",140,1
TH-100490,02/12/2024,home_improvement,Northeast,42,35 to 44,10900,36000,"23,200",0,0
TH-100491,16/01/2023,personal,South,51,45 to 54,,26000,"11,800",0,0
TH-100492,09/03/2025,personal,Bangkok,36,35 to 44,,22000,"18,600",0,0
TH-100493,03/03/2024,motorcycle,Central,51,45 to 54,45200,171000,"76,000",0,0
TH-100494,09/06/2025,motorcycle,South,23,Under 25,20300,60000,"24,500",0,0
TH-100495,15/03/2023,auto,South,27,25 to 34,16600,22000,"18,000",0,0
TH-100496,18/04/2025,home_improvement,Bangkok,49,45 to 54,19800,101000,"79,400",129,1
TH-100497,29/05/2025,motorcycle,Bangkok,27,25 to 34,14800,23000,"14,600",0,0
TH-100498,20/02/2023,title_loan,Bangkok,50,45 to 54,20400,36000,"11,600",0,0
TH-100499,21/10/2024,home_improvement,South,53,45 to 54,32200,41000,"33,900",24,0
TH-100500,02/09/2024,auto,South,32,25 to 34,21300,116000,"30,100",56,1
TH-100501,30/11/2023,motorcycle,Bangkok,26,25 to 34,11200,40000,"27,300",0,0
TH-100502,27/03/2024,home_improvement,Central,34,25 to 34,12400,23000,"10,600",0,0
TH-100503,19/01/2024,auto,Central,27,25 to 34,13400,32000,"9,400",0,0
TH-100504,27/07/2023,title_loan,North,40,35 to 44,12000,67000,"34,600",36,1
TH-100505,04/01/2023,personal,Central,43,35 to 44,19600,29000,"13,300",0,0
TH-100506,29/10/2023,personal,South,41,35 to 44,30300,83000,"69,300",0,0
TH-100507,24/04/2024,motorcycle,Northeast,26,25 to 34,,52000,"41,600",0,0
TH-100508,16/05/2025,title_loan,Bangkok,27,25 to 34,,45000,"24,600",0,0
TH-100509,12/04/2024,auto,Northeast,45,45 to 54,35700,81000,"23,900",18,0
TH-100510,01/02/2025,personal,Bangkok,29,25 to 34,15500,35000,"8,200",0,0
TH-100511,16/04/2023,auto,Central,37,35 to 44,38800,127000,"52,100",0,0
TH-100512,27/11/2024,motorcycle,Central,27,25 to 34,17700,60000,"28,500",17,0
TH-100513,11/10/2024,motorcycle,Central,26,25 to 34,25700,48000,"29,300",0,0
TH-100514,23/04/2025,personal,South,21,Under 25,45000,64000,"30,700",0,0
TH-100515,01/06/2023,auto,Northeast,30,25 to 34,38300,74000,"39,400",8,0
TH-100516,16/04/2025,personal,South,37,35 to 44,27600,31000,"17,600",0,0
TH-100517,27/11/2024,personal,Bangkok,45,45 to 54,11800,38000,"19,200",0,0
TH-100518,06/07/2023,personal,Central,41,35 to 44,24100,63000,"33,900",0,0
TH-100519,15/05/2024,motorcycle,Bangkok,35,35 to 44,82500,351000,"115,600",35,1
TH-100520,24/10/2024,personal,North,35,35 to 44,33800,94000,,0,0
TH-100521,13/05/2024,motorcycle,Central,25,25 to 34,21900,26000,"14,300",0,0
TH-100522,23/01/2024,auto,Bangkok,52,45 to 54,18900,21000,"16,400",0,0
TH-100523,21/03/2025,auto,Bangkok,32,25 to 34,19100,32000,"24,000",0,0
TH-100524,06/05/2025,personal,Central,24,Under 25,21600,55000,"39,400",0,0
TH-100525,31/05/2023,title_loan,Bangkok,24,Under 25,27700,58000,"24,400",0,0
TH-100526,29/03/2024,motorcycle,North,50,45 to 54,18400,48000,"37,400",15,0
TH-100527,01/03/2023,personal,Bangkok,38,35 to 44,19300,48000,"40,400",20,0
TH-100528,02/01/2025,auto,Bangkok,26,25 to 34,16200,54000,"7,300",0,0
TH-100529,20/11/2023,home_improvement,North,43,35 to 44,14100,32000,"19,300",0,0
TH-100530,06/01/2023,personal,Bangkok,49,45 to 54,9600,37000,"21,200",0,0
TH-100531,02/06/2023,personal,Central,25,25 to 34,14400,146000,"96,800",4,0
TH-100532,10/07/2023,personal,South,41,35 to 44,18900,56000,"30,400",0,0
TH-100533,05/05/2024,auto,South,48,45 to 54,21300,135000,"74,100",0,0
TH-100534,18/06/2024,home_improvement,South,30,25 to 34,,54000,"36,400",0,0
TH-100535,25/03/2024,personal,Central,32,25 to 34,,33000,"9,900",29,0
TH-100536,12/05/2024,home_improvement,Bangkok,21,Under 25,12200,28000,"16,900",0,0
TH-100537,07/10/2023,motorcycle,Central,35,35 to 44,26500,54000,"28,600",0,0
TH-100538,26/10/2024,motorcycle,Bangkok,38,35 to 44,,44000,,0,0
TH-100539,23/12/2023,motorcycle,Central,44,35 to 44,13300,33000,"18,100",0,0
TH-100540,16/05/2023,motorcycle,Northeast,33,25 to 34,18200,62000,"43,000",0,0
TH-100541,22/09/2023,motorcycle,North,53,45 to 54,14200,50000,,0,0
TH-100542,02/05/2023,home_improvement,Central,31,25 to 34,20200,33000,"25,400",0,0
TH-100543,10/11/2024,personal,Bangkok,43,35 to 44,49000,189000,"108,000",0,0
TH-100544,09/03/2025,home_improvement,Central,48,45 to 54,14600,23000,,0,0
TH-100545,20/07/2024,motorcycle,Central,44,35 to 44,16600,32000,"24,000",0,0
TH-100546,08/03/2023,auto,North,31,25 to 34,17200,69000,"31,600",0,0
TH-100547,21/03/2023,motorcycle,Bangkok,44,35 to 44,23800,44000,"15,400",0,0
TH-100548,21/01/2023,motorcycle,Central,34,25 to 34,17000,40000,"17,400",0,0
TH-100549,04/01/2024,motorcycle,North,22,Under 25,9800,49000,"13,900",0,0
TH-100550,02/03/2024,home_improvement,Central,22,Under 25,15200,58000,"2,200",0,0
TH-100551,12/08/2023,personal,North,39,35 to 44,64200,275000,"94,000",2,0
TH-100552,30/12/2024,home_improvement,Northeast,42,35 to 44,23700,50000,"39,100",0,0
TH-100553,02/02/2023,personal,Bangkok,30,25 to 34,20600,61000,"28,500",0,0
TH-100554,02/10/2023,motorcycle,Bangkok,23,Under 25,10300,37000,"33,000",0,0
TH-100555,22/12/2023,motorcycle,Bangkok,34,25 to 34,29200,93000,"71,600",0,0
TH-100556,17/09/2023,motorcycle,Central,21,Under 25,14100,45000,"17,600",24,0
TH-100557,21/06/2023,motorcycle,Northeast,28,25 to 34,22300,52000,"35,000",0,0
TH-100558,16/05/2025,home_improvement,Bangkok,33,25 to 34,24800,88000,"59,400",0,0
TH-100559,18/03/2024,auto,North,46,45 to 54,,66000,"25,300",0,0
TH-100560,03/09/2023,auto,North,29,25 to 34,49600,88000,"62,100",0,0
TH-100561,27/11/2023,personal,South,36,35 to 44,13700,30000,"15,500",0,0
TH-100562,28/12/2023,auto,Bangkok,36,35 to 44,39200,64000,"15,200",0,0
TH-100563,09/01/2025,personal,Bangkok,29,25 to 34,14800,23000,"15,500",0,0
TH-100564,03/02/2024,motorcycle,North,34,25 to 34,17800,70000,"21,200",0,0
TH-100565,04/01/2023,motorcycle,Bangkok,31,25 to 34,14100,17000,"13,500",0,0
TH-100566,25/03/2024,personal,Bangkok,32,25 to 34,12200,26000,"7,800",0,0
TH-100567,17/06/2024,personal,South,30,25 to 34,17800,44000,"38,300",6,0
TH-100568,22/06/2024,auto,North,32,25 to 34,35100,142000,"36,300",0,0
TH-100569,18/05/2025,motorcycle,Northeast,37,35 to 44,26600,64000,"38,200",0,0
TH-100570,16/10/2023,auto,Northeast,25,25 to 34,18700,46000,"38,200",0,0
TH-100571,16/01/2024,auto,Bangkok,34,25 to 34,,20000,"16,100",109,1
TH-100572,08/06/2025,auto,Bangkok,42,35 to 44,13200,67000,"58,100",0,0
TH-100573,07/07/2023,personal,Bangkok,25,25 to 34,28700,95000,"27,600",19,0
TH-100574,15/01/2025,home_improvement,Central,45,45 to 54,42300,56000,"50,200",0,0
TH-100575,03/05/2024,motorcycle,Bangkok,39,35 to 44,26700,85000,"9,800",30,0
TH-100576,21/07/2024,home_improvement,Bangkok,46,45 to 54,32600,103000,"80,400",14,0
TH-100577,05/03/2024,personal,Northeast,47,45 to 54,9900,22000,"9,500",10,0
TH-100578,17/12/2024,motorcycle,Northeast,34,25 to 34,28200,113000,"93,300",0,0
TH-100579,29/04/2025,motorcycle,Bangkok,53,45 to 54,27200,78000,"46,900",0,0
TH-100580,12/11/2023,auto,Bangkok,37,35 to 44,33500,78000,,0,0
TH-100581,17/09/2024,home_improvement,South,50,45 to 54,14400,31000,"22,500",0,0
TH-100582,14/06/2025,motorcycle,Bangkok,43,35 to 44,29700,191000,"101,600",0,0
TH-100583,28/03/2023,motorcycle,Bangkok,35,35 to 44,26500,104000,"16,600",0,0
TH-100584,06/02/2025,motorcycle,Northeast,36,35 to 44,17600,38000,"8,900",25,0
TH-100585,02/10/2024,personal,South,26,25 to 34,10600,15000,"11,700",0,0
TH-100586,13/12/2023,personal,Bangkok,52,45 to 54,25000,50000,"29,400",0,0
TH-100587,05/10/2024,home_improvement,North,30,25 to 34,23600,44000,"14,100",18,0
TH-100588,16/03/2023,motorcycle,North,47,45 to 54,18700,24000,"13,900",0,0
TH-100589,02/11/2024,auto,Central,50,45 to 54,38800,166000,"131,500",0,0
TH-100590,21/05/2023,home_improvement,Bangkok,43,35 to 44,15700,45000,"31,200",0,0
TH-100591,23/12/2023,personal,Bangkok,37,35 to 44,,105000,"72,500",10,0
TH-100592,13/12/2023,home_improvement,Central,36,35 to 44,15000,20000,"8,200",0,0
TH-100593,31/07/2023,personal,North,42,35 to 44,40400,53000,"25,400",0,0
TH-100594,15/02/2025,motorcycle,Northeast,36,35 to 44,19100,68000,"57,000",0,0
TH-100595,06/12/2023,personal,Central,53,45 to 54,23900,25000,"15,200",0,0
TH-100596,29/12/2023,motorcycle,Northeast,25,25 to 34,19600,47000,"34,400",24,0
TH-100597,29/12/2024,personal,Bangkok,47,45 to 54,11900,73000,"50,400",0,0
TH-100598,30/07/2024,personal,South,41,35 to 44,21100,61000,"43,100",0,0
TH-100599,27/10/2024,motorcycle,Bangkok,27,25 to 34,14000,40000,"14,900",0,0
TH-100600,10/02/2025,title_loan,Bangkok,28,25 to 34,31400,82000,"70,000",14,0
TH-100601,06/06/2023,personal,Bangkok,26,25 to 34,24200,43000,"26,500",0,0
TH-100602,07/05/2025,personal,Bangkok,27,25 to 34,40200,123000,"63,000",0,0
TH-100603,11/02/2024,home_improvement,Bangkok,54,45 to 54,13700,33000,"2,500",0,0
TH-100604,06/02/2024,auto,Central,38,35 to 44,21600,60000,"40,900",0,0
TH-100605,15/01/2024,auto,Northeast,39,35 to 44,17600,46000,"20,500",0,0
TH-100606,26/11/2023,motorcycle,Bangkok,32,25 to 34,12000,59000,"17,600",0,0
TH-100607,25/10/2024,auto,Central,27,25 to 34,,35000,"13,200",0,0
TH-100608,23/03/2023,personal,South,29,25 to 34,26700,48000,"16,500",12,0
TH-100609,28/10/2024,motorcycle,Central,40,35 to 44,,49000,"35,800",0,0
TH-100610,06/08/2023,motorcycle,Central,49,45 to 54,15200,46000,"22,600",0,0
TH-100611,01/10/2024,motorcycle,South,32,25 to 34,14400,36000,"25,500",3,0
TH-100612,16/10/2023,title_loan,North,29,25 to 34,26800,158000,"74,800",175,1
TH-100613,20/06/2024,auto,Bangkok,26,25 to 34,31100,110000,"42,100",0,0
TH-100614,08/06/2025,personal,Central,39,35 to 44,26000,53000,"6,200",0,0
TH-100615,18/03/2023,motorcycle,Northeast,23,Under 25,19100,112000,"76,300",89,1
TH-100616,06/05/2023,auto,Central,35,35 to 44,16200,61000,"52,300",0,0
TH-100617,31/07/2024,personal,Central,31,25 to 34,34700,142000,"109,200",0,0
TH-100618,07/12/2023,motorcycle,South,41,35 to 44,14800,64000,"5,900",11,0
TH-100619,03/12/2023,motorcycle,Bangkok,41,35 to 44,51300,236000,"222,500",0,0
TH-100620,18/04/2025,auto,South,21,Under 25,16300,26000,"12,800",0,0
TH-100621,14/10/2023,auto,North,31,25 to 34,78700,279000,"61,900",0,0
TH-100622,14/07/2024,title_loan,Central,42,35 to 44,21500,99000,"83,400",0,0
TH-100623,28/04/2023,home_improvement,North,48,45 to 54,9400,22000,"5,300",0,0
TH-100624,08/04/2024,motorcycle,South,34,25 to 34,48900,107000,"53,700",0,0
TH-100625,18/04/2024,auto,North,38,35 to 44,26600,89000,"72,600",0,0
TH-100626,17/08/2024,personal,Central,47,45 to 54,20800,19000,"12,700",0,0
TH-100627,12/05/2025,motorcycle,Northeast,52,45 to 54,21500,114000,"78,100",0,0
TH-100628,05/12/2023,personal,Bangkok,29,25 to 34,17200,56000,"28,400",32,1
TH-100629,07/05/2025,personal,Central,34,25 to 34,11900,23000,"13,100",0,0
TH-100630,30/05/2023,title_loan,Bangkok,34,25 to 34,10100,24000,"19,800",0,0
TH-100631,09/02/2025,home_improvement,South,29,25 to 34,19600,48000,"43,900",0,0
TH-100632,21/02/2024,home_improvement,South,21,Under 25,21100,84000,"39,600",0,0
TH-100633,07/01/2023,title_loan,South,44,35 to 44,18400,38000,"25,300",3,0
TH-100634,13/02/2023,title_loan,Central,44,35 to 44,55800,115000,"42,800",25,0
TH-100635,09/01/2024,motorcycle,Northeast,49,45 to 54,15500,50000,"29,400",0,0
TH-100636,03/07/2024,motorcycle,Bangkok,30,25 to 34,,32000,"17,800",6,0
TH-100637,24/09/2023,personal,Bangkok,54,45 to 54,19800,108000,"65,700",27,0
TH-100638,22/01/2024,motorcycle,Northeast,38,35 to 44,9000,19000,"14,300",0,0
TH-100639,27/07/2023,home_improvement,South,41,35 to 44,44800,124000,"117,000",14,0
TH-100640,18/05/2024,motorcycle,Bangkok,32,25 to 34,17900,65000,"20,100",0,0
TH-100641,04/09/2024,personal,Bangkok,54,45 to 54,9000,27000,"25,600",15,0
TH-100642,12/07/2024,auto,Central,34,25 to 34,12300,47000,"27,600",0,0
TH-100643,18/06/2025,personal,Bangkok,30,25 to 34,21100,55000,"17,000",0,0
TH-100644,15/05/2023,auto,South,30,25 to 34,24800,31000,"17,000",0,0
TH-100645,06/07/2024,personal,Central,35,35 to 44,32000,149000,"118,100",28,0
TH-100646,05/01/2023,auto,Northeast,48,45 to 54,9000,22000,"13,100",0,0
TH-100647,18/04/2024,home_improvement,Central,30,25 to 34,14400,22000,"13,800",0,0
TH-100648,16/01/2025,personal,Central,35,35 to 44,51000,186000,"111,400",0,0
TH-100649,22/04/2025,auto,Northeast,31,25 to 34,24200,65000,"28,600",0,0
TH-100650,22/12/2023,home_improvement,Bangkok,44,35 to 44,48900,188000,"146,500",0,0
TH-100651,28/03/2025,motorcycle,Bangkok,31,25 to 34,32200,129000,"52,200",24,0
TH-100652,26/11/2024,personal,Bangkok,25,25 to 34,31800,123000,"34,000",0,0
TH-100653,29/11/2023,auto,North,50,45 to 54,22800,112000,"36,600",0,0
TH-100654,01/10/2023,motorcycle,North,40,35 to 44,44100,92000,"81,300",0,0
TH-100655,09/12/2023,personal,Central,25,25 to 34,22000,59000,"53,900",0,0
TH-100656,24/02/2025,motorcycle,Bangkok,30,25 to 34,20200,40000,"37,400",0,0
TH-100657,09/01/2024,personal,North,45,45 to 54,32300,82000,"50,900",0,0
TH-100658,16/04/2024,personal,Bangkok,23,Under 25,48400,233000,"187,800",0,0
TH-100659,09/02/2024,motorcycle,South,46,45 to 54,20700,20000,"10,900",0,0
TH-100660,24/07/2023,motorcycle,South,39,35 to 44,18400,59000,"56,800",0,0
TH-100661,04/03/2025,personal,Bangkok,28,25 to 34,48700,134000,"89,400",0,0
TH-100662,02/03/2024,personal,Bangkok,24,Under 25,12800,49000,"44,100",0,0
TH-100663,12/05/2024,motorcycle,Bangkok,41,35 to 44,20900,57000,"42,100",0,0
TH-100664,01/04/2023,motorcycle,North,25,25 to 34,15800,29000,"20,900",0,0
TH-100665,02/06/2024,personal,Northeast,46,45 to 54,11200,27000,"17,300",0,0
TH-100666,29/10/2023,motorcycle,Central,53,45 to 54,12300,29000,"19,100",0,0
TH-100667,26/02/2023,personal,North,44,35 to 44,18900,48000,"13,600",14,0
TH-100668,16/08/2024,motorcycle,Northeast,39,35 to 44,9400,25000,"17,300",0,0
TH-100669,11/09/2024,motorcycle,Bangkok,40,35 to 44,,101000,"75,600",0,0
TH-100670,10/10/2023,personal,North,36,35 to 44,38900,227000,"149,700",0,0
TH-100671,18/10/2024,home_improvement,Bangkok,32,25 to 34,9800,31000,"8,600",0,0
TH-100672,21/11/2024,motorcycle,Central,32,25 to 34,15100,45000,"12,400",143,1
TH-100673,17/07/2024,personal,Central,32,25 to 34,34900,127000,"60,000",0,0
TH-100674,17/09/2024,personal,Central,43,35 to 44,,100000,"43,800",0,0
TH-100675,24/10/2024,personal,Bangkok,41,35 to 44,25400,56000,"18,500",0,0
TH-100676,29/12/2024,personal,Bangkok,37,35 to 44,15100,68000,"50,900",0,0
TH-100677,07/01/2024,personal,South,41,35 to 44,80500,240000,"136,200",19,0
TH-100678,12/06/2023,home_improvement,South,29,25 to 34,10100,29000,"15,600",2,0
TH-100679,17/01/2023,personal,North,27,25 to 34,16000,53000,"19,900",0,0
TH-100680,29/11/2024,personal,Bangkok,31,25 to 34,18500,73000,"41,900",30,0
TH-100681,05/10/2023,motorcycle,Central,35,35 to 44,9900,30000,,0,0
TH-100682,28/01/2025,motorcycle,North,54,45 to 54,33200,57000,"50,100",0,0
TH-100683,03/07/2024,personal,Central,35,35 to 44,9000,17000,"4,300",2,0
TH-100684,11/01/2023,home_improvement,Bangkok,33,25 to 34,17000,82000,"67,500",24,0
TH-100685,04/09/2023,auto,Bangkok,45,45 to 54,25700,98000,"57,900",0,0
TH-100686,02/08/2023,auto,Northeast,36,35 to 44,9000,20000,"17,100",0,0
TH-100687,31/07/2024,motorcycle,Central,32,25 to 34,28700,82000,"22,800",0,0
TH-100688,07/02/2025,motorcycle,Bangkok,27,25 to 34,47200,52000,"47,600",0,0
TH-100689,23/07/2023,personal,Bangkok,43,35 to 44,21400,91000,"51,000",0,0
TH-100690,17/12/2024,auto,Central,54,45 to 54,14400,33000,"14,600",0,0
TH-100691,14/09/2024,auto,North,53,45 to 54,11500,22000,"16,100",0,0
TH-100692,09/01/2025,personal,Central,43,35 to 44,15000,53000,"49,000",0,0
TH-100693,09/04/2023,auto,South,40,35 to 44,23200,46000,"28,100",0,0
TH-100694,22/03/2023,home_improvement,North,32,25 to 34,46000,161000,"67,300",0,0
TH-100695,28/08/2023,auto,Central,39,35 to 44,27100,53000,"9,900",12,0
TH-100696,21/01/2023,home_improvement,Northeast,37,35 to 44,,128000,"107,700",0,0
TH-100697,15/08/2023,motorcycle,North,26,25 to 34,16600,63000,"26,200",127,1
TH-100698,25/12/2024,motorcycle,Central,31,25 to 34,32500,110000,"74,400",0,0
TH-100699,23/01/2024,personal,Northeast,45,45 to 54,61600,245000,"167,600",0,0
TH-100700,23/07/2023,motorcycle,Central,31,25 to 34,39300,65000,"28,200",0,0
TH-100701,10/11/2024,auto,Bangkok,26,25 to 34,16000,48000,"35,300",0,0
TH-100702,25/08/2023,motorcycle,Central,35,35 to 44,73700,127000,"53,700",0,0
TH-100703,19/04/2024,auto,North,21,Under 25,18200,46000,"18,300",16,0
TH-100704,08/08/2023,home_improvement,North,41,35 to 44,14200,48000,"29,800",0,0
TH-100705,11/01/2023,personal,Bangkok,35,35 to 44,42200,121000,"84,400",0,0
TH-100706,27/11/2023,motorcycle,North,35,35 to 44,23200,42000,"31,500",0,0
TH-100707,05/09/2024,personal,Central,37,35 to 44,9000,35000,"20,200",0,0
TH-100708,02/07/2023,motorcycle,Bangkok,44,35 to 44,21500,80000,"67,900",1,0
TH-100709,30/10/2024,motorcycle,South,39,35 to 44,29600,35000,"12,100",0,0
TH-100710,06/02/2024,auto,South,26,25 to 34,11500,30000,"18,300",0,0
TH-100711,15/04/2025,personal,Bangkok,34,25 to 34,20800,108000,,0,0
TH-100712,10/07/2023,auto,Bangkok,31,25 to 34,30000,35000,"16,400",0,0
TH-100713,23/03/2024,home_improvement,Central,41,35 to 44,32800,61000,"49,600",8,0
TH-100714,19/06/2024,personal,Bangkok,54,45 to 54,16800,26000,"21,100",0,0
TH-100715,19/07/2024,auto,Bangkok,47,45 to 54,,32000,"7,000",0,0
TH-100716,04/06/2024,personal,South,27,25 to 34,21900,49000,"14,300",0,0
TH-100717,13/10/2024,personal,Bangkok,32,25 to 34,22600,52000,"18,100",74,1
TH-100718,02/05/2024,auto,North,41,35 to 44,24300,32000,"12,600",0,0
TH-100719,24/03/2025,motorcycle,Bangkok,44,35 to 44,31600,150000,"46,200",72,1
TH-100720,13/09/2023,home_improvement,South,47,45 to 54,36500,137000,"72,700",0,0
TH-100721,27/08/2023,personal,Central,41,35 to 44,15700,48000,"31,100",0,0
TH-100722,02/11/2023,auto,Northeast,31,25 to 34,17000,50000,"4,600",105,1
TH-100723,08/10/2023,auto,North,48,45 to 54,16600,31000,"27,200",0,0
TH-100724,04/01/2024,motorcycle,South,21,Under 25,9400,18000,"7,600",0,0
TH-100725,16/03/2024,home_improvement,Northeast,31,25 to 34,21700,99000,"32,900",139,1
TH-100726,03/12/2024,title_loan,Northeast,24,Under 25,9500,47000,"19,700",107,1
TH-100727,27/05/2025,auto,Central,23,Under 25,15100,36000,"17,100",0,0
TH-100728,14/03/2024,auto,South,42,35 to 44,26200,49000,"42,200",0,0
TH-100729,13/08/2023,auto,North,25,25 to 34,12600,32000,"20,800",0,0
TH-100730,04/07/2024,motorcycle,Central,43,35 to 44,69800,203000,"179,600",0,0
TH-100731,03/05/2025,auto,North,42,35 to 44,12000,16000,"8,200",0,0
TH-100732,06/02/2025,motorcycle,North,44,35 to 44,13900,57000,"28,900",0,0
TH-100733,13/06/2025,home_improvement,Northeast,44,35 to 44,26700,84000,"43,800",0,0
TH-100734,25/05/2023,personal,North,27,25 to 34,21600,64000,"52,900",0,0
TH-100735,03/01/2024,motorcycle,South,41,35 to 44,9200,37000,"28,300",29,0
TH-100736,31/03/2024,motorcycle,Bangkok,47,45 to 54,13200,30000,"13,700",0,0
TH-100737,29/04/2024,home_improvement,Bangkok,35,35 to 44,23700,24000,"10,900",0,0
TH-100738,27/06/2024,personal,Bangkok,53,45 to 54,22700,92000,"30,200",0,0
TH-100739,16/03/2024,motorcycle,Northeast,42,35 to 44,31700,108000,"46,400",0,0
TH-100740,09/08/2024,motorcycle,Northeast,24,Under 25,21900,38000,"3,200",0,0
TH-100741,29/06/2023,motorcycle,Bangkok,40,35 to 44,19200,68000,"45,400",0,0
TH-100742,22/09/2024,personal,Northeast,30,25 to 34,29000,159000,"111,900",0,0
TH-100743,18/11/2023,personal,South,37,35 to 44,10400,24000,"16,700",0,0
TH-100744,12/05/2025,personal,Central,21,Under 25,11700,46000,"33,500",0,0
TH-100745,31/03/2023,motorcycle,Northeast,51,45 to 54,34300,50000,"30,600",0,0
TH-100746,13/06/2024,motorcycle,North,53,45 to 54,12800,19000,"9,000",0,0
TH-100747,08/06/2025,motorcycle,South,23,Under 25,11400,40000,"14,100",0,0
TH-100748,29/09/2023,auto,Central,22,Under 25,21300,38000,"19,300",0,0
TH-100749,12/06/2024,personal,Bangkok,34,25 to 34,11200,17000,"10,300",0,0
TH-100750,04/02/2023,auto,North,50,45 to 54,36800,80000,"25,600",30,0
TH-100751,05/04/2024,motorcycle,North,28,25 to 34,27700,63000,"21,800",0,0
TH-100752,02/04/2024,motorcycle,Central,37,35 to 44,16200,33000,"22,800",0,0
TH-100753,02/04/2023,title_loan,North,36,35 to 44,11900,26000,"21,400",0,0
TH-100754,17/05/2025,auto,South,50,45 to 54,13500,35000,"21,300",0,0
TH-100755,07/07/2023,home_improvement,Northeast,37,35 to 44,43200,163000,"101,600",61,1
TH-100756,24/08/2024,home_improvement,Bangkok,21,Under 25,25300,71000,"39,000",0,0
TH-100757,05/12/2023,auto,North,43,35 to 44,42900,172000,"97,400",22,0
TH-100758,03/10/2024,motorcycle,North,24,Under 25,16000,38000,"34,800",0,0
TH-100759,19/03/2025,motorcycle,Northeast,41,35 to 44,21000,122000,"92,400",0,0
TH-100760,24/10/2024,auto,Bangkok,31,25 to 34,22000,25000,"7,800",0,0
TH-100761,27/06/2024,title_loan,Central,35,35 to 44,31800,55000,"40,800",0,0
TH-100762,12/04/2023,motorcycle,Bangkok,42,35 to 44,44400,182000,"43,800",0,0
TH-100763,02/12/2024,auto,Northeast,39,35 to 44,12500,34000,"24,200",0,0
TH-100764,14/09/2024,home_improvement,Bangkok,33,25 to 34,11400,22000,"8,500",0,0
TH-100765,25/02/2023,auto,Central,32,25 to 34,19300,66000,"14,500",1,0
TH-100766,13/03/2023,motorcycle,North,23,Under 25,23700,31000,"14,700",0,0
TH-100767,13/07/2023,personal,Central,32,25 to 34,55400,177000,"84,400",0,0
TH-100768,12/05/2024,personal,Bangkok,54,45 to 54,22500,51000,"28,900",0,0
TH-100769,05/09/2023,personal,Bangkok,44,35 to 44,14800,33000,"26,400",0,0
TH-100770,06/01/2025,motorcycle,South,53,45 to 54,38100,115000,"84,500",19,0
TH-100771,06/06/2025,motorcycle,North,40,35 to 44,29800,65000,"39,000",0,0
TH-100772,05/09/2024,auto,Northeast,36,35 to 44,25800,97000,"19,900",0,0
TH-100773,06/10/2023,personal,Bangkok,49,45 to 54,21900,77000,"69,900",0,0
TH-100774,21/08/2024,auto,Central,29,25 to 34,16000,27000,"17,000",0,0
TH-100775,09/11/2023,auto,Bangkok,36,35 to 44,10200,23000,"15,900",0,0
TH-100776,02/04/2024,title_loan,North,30,25 to 34,18500,52000,"28,000",21,0
TH-100777,15/02/2024,personal,North,35,35 to 44,74300,226000,"187,500",0,0
TH-100778,30/01/2025,motorcycle,Bangkok,52,45 to 54,16800,37000,"17,200",0,0
TH-100779,28/11/2023,title_loan,South,36,35 to 44,30700,71000,"39,200",0,0
TH-100780,27/06/2024,motorcycle,Northeast,27,25 to 34,10200,15000,"6,200",0,0
TH-100781,25/05/2025,personal,North,54,45 to 54,22300,61000,"23,000",0,0
TH-100782,06/08/2024,motorcycle,Bangkok,27,25 to 34,,24000,"18,100",0,0
TH-100783,28/03/2025,motorcycle,Bangkok,44,35 to 44,47600,149000,"91,100",7,0
TH-100784,21/09/2023,personal,Central,27,25 to 34,29600,40000,"33,200",0,0
TH-100785,01/08/2023,personal,South,33,25 to 34,17100,40000,"13,700",0,0
TH-100786,26/02/2024,auto,Bangkok,43,35 to 44,34200,88000,"37,700",0,0
TH-100787,21/12/2023,personal,Central,22,Under 25,34200,57000,"22,400",0,0
TH-100788,18/09/2024,home_improvement,Bangkok,42,35 to 44,21100,63000,"34,600",0,0
TH-100789,19/04/2024,auto,Bangkok,33,25 to 34,22700,67000,"55,100",0,0
TH-100790,09/11/2023,personal,South,23,Under 25,15700,24000,"7,200",26,0
TH-100791,13/06/2023,motorcycle,Bangkok,24,Under 25,15900,46000,"24,400",0,0
TH-100792,03/04/2024,motorcycle,Bangkok,41,35 to 44,27100,30000,"23,200",0,0
TH-100793,11/09/2023,auto,Bangkok,33,25 to 34,21700,58000,,0,0
TH-100794,09/06/2023,auto,Northeast,45,45 to 54,37800,50000,"25,100",0,0
TH-100795,03/01/2024,motorcycle,North,27,25 to 34,61300,100000,"72,400",30,0
TH-100796,01/07/2023,auto,North,41,35 to 44,32000,77000,"58,300",0,0
TH-100797,01/11/2024,motorcycle,Bangkok,44,35 to 44,21900,44000,"23,600",0,0
TH-100798,10/01/2023,personal,Central,41,35 to 44,22600,34000,"15,400",0,0
TH-100799,19/09/2024,home_improvement,Central,28,25 to 34,23500,44000,"21,400",0,0
TH-100800,03/05/2024,motorcycle,Bangkok,25,25 to 34,18000,80000,"28,000",0,0
TH-100801,16/04/2024,personal,Northeast,47,45 to 54,,89000,"38,400",0,0
TH-100802,22/10/2024,auto,Bangkok,26,25 to 34,20800,87000,"36,600",16,0
TH-100803,12/03/2025,personal,Northeast,27,25 to 34,25800,61000,"40,600",0,0
TH-100804,22/05/2023,personal,Northeast,34,25 to 34,10400,22000,"19,100",0,0
TH-100805,27/02/2024,personal,North,33,25 to 34,23400,85000,"11,800",0,0
TH-100806,26/02/2024,motorcycle,Bangkok,32,25 to 34,25300,46000,"20,000",15,0
TH-100807,13/08/2024,auto,Bangkok,26,25 to 34,12300,15000,"10,100",0,0
TH-100808,23/03/2024,title_loan,Bangkok,25,25 to 34,18700,39000,"26,600",0,0
TH-100809,29/04/2024,home_improvement,Central,31,25 to 34,31100,70000,"38,600",12,0
TH-100810,29/09/2023,auto,South,30,25 to 34,12300,77000,"60,900",0,0
TH-100811,26/08/2023,title_loan,Bangkok,28,25 to 34,15100,47000,"42,200",0,0
TH-100812,22/10/2024,personal,Bangkok,24,Under 25,31000,65000,"27,900",0,0
TH-100813,13/04/2023,motorcycle,Bangkok,40,35 to 44,26700,88000,"48,000",0,0
TH-100814,15/09/2024,motorcycle,Central,40,35 to 44,34400,83000,"76,400",0,0
TH-100815,05/08/2024,motorcycle,Central,23,Under 25,18000,63000,"29,700",0,0
TH-100816,13/02/2025,home_improvement,Bangkok,39,35 to 44,22500,51000,,21,0
TH-100817,29/10/2023,auto,South,32,25 to 34,21800,50000,"38,700",0,0
TH-100818,02/07/2024,home_improvement,Central,38,35 to 44,20600,26000,"13,100",0,0
TH-100819,21/04/2025,personal,Bangkok,24,Under 25,,122000,"68,400",122,1
TH-100820,15/10/2024,personal,South,33,25 to 34,22100,74000,"46,000",0,0
TH-100821,09/05/2024,motorcycle,North,31,25 to 34,31800,95000,"82,100",0,0
TH-100822,25/12/2024,personal,Northeast,39,35 to 44,42900,98000,"63,700",0,0
TH-100823,14/04/2023,auto,Bangkok,21,Under 25,10900,45000,"11,300",0,0
TH-100824,04/02/2024,home_improvement,Northeast,30,25 to 34,24900,71000,"44,300",0,0
TH-100825,10/09/2023,home_improvement,Bangkok,47,45 to 54,,37000,"29,000",0,0
TH-100826,17/04/2023,title_loan,North,33,25 to 34,22000,63000,"20,500",0,0
TH-100827,17/06/2024,title_loan,Central,38,35 to 44,25400,108000,"52,500",0,0
TH-100828,21/02/2024,motorcycle,North,29,25 to 34,,49000,"2,800",0,0
TH-100829,25/02/2024,home_improvement,Bangkok,50,45 to 54,,36000,"16,000",0,0
TH-100830,31/12/2024,auto,Bangkok,43,35 to 44,9000,19000,,0,0
TH-100831,27/05/2025,personal,Central,27,25 to 34,26700,43000,"13,200",0,0
TH-100832,27/01/2024,auto,Bangkok,26,25 to 34,26000,52000,"28,500",0,0
TH-100833,13/12/2024,motorcycle,Central,24,Under 25,29600,104000,"96,800",0,0
TH-100834,15/01/2025,home_improvement,North,39,35 to 44,9300,16000,"13,200",7,0
TH-100835,24/06/2023,home_improvement,Northeast,27,25 to 34,35100,104000,"40,600",0,0
TH-100836,03/03/2023,personal,Northeast,43,35 to 44,34600,69000,"60,800",0,0
TH-100837,22/02/2025,motorcycle,Northeast,34,25 to 34,28100,148000,"134,900",0,0
TH-100838,07/03/2025,personal,Northeast,31,25 to 34,18500,34000,"20,200",0,0
TH-100839,06/10/2023,home_improvement,North,43,35 to 44,48700,108000,"68,200",0,0
TH-100840,30/11/2023,motorcycle,Northeast,35,35 to 44,12900,17000,"10,500",41,1
TH-100841,31/05/2024,personal,Bangkok,42,35 to 44,15600,57000,"27,900",0,0
TH-100842,15/09/2024,title_loan,Central,41,35 to 44,49200,102000,"67,500",0,0
TH-100843,29/07/2024,personal,Central,22,Under 25,28000,62000,"29,000",0,0
TH-100844,01/02/2024,auto,Bangkok,39,35 to 44,10100,43000,"34,000",16,0
TH-100845,24/04/2023,personal,Bangkok,51,45 to 54,47300,199000,"78,800",105,1
TH-100846,27/05/2025,auto,Bangkok,27,25 to 34,11400,30000,"24,700",0,0
TH-100847,17/01/2024,home_improvement,Bangkok,34,25 to 34,15000,43000,"14,700",0,0
TH-100848,27/02/2025,personal,Bangkok,40,35 to 44,12700,25000,"10,900",0,0
TH-100849,23/06/2024,personal,Northeast,42,35 to 44,12100,35000,"13,500",0,0
TH-100850,12/03/2025,personal,Bangkok,21,Under 25,14700,31000,"18,400",0,0
TH-100851,16/03/2024,personal,South,22,Under 25,29900,115000,"48,400",18,0
TH-100852,14/11/2023,title_loan,Central,47,45 to 54,,82000,"72,100",0,0
TH-100853,10/10/2023,auto,North,24,Under 25,16700,15000,"4,500",0,0
TH-100854,21/03/2025,motorcycle,Bangkok,40,35 to 44,17900,52000,"33,800",0,0
TH-100855,10/07/2024,motorcycle,Northeast,32,25 to 34,17900,37000,"19,900",0,0
TH-100856,03/09/2023,auto,Central,25,25 to 34,92700,587000,"330,900",4,0
TH-100857,23/03/2025,title_loan,North,37,35 to 44,20400,64000,"36,000",73,1
TH-100858,01/04/2024,personal,South,32,25 to 34,42600,57000,"25,600",0,0
TH-100859,26/06/2023,title_loan,Central,37,35 to 44,38600,169000,"108,400",28,0
TH-100860,23/08/2024,home_improvement,Bangkok,29,25 to 34,19700,43000,"16,500",0,0
TH-100861,06/12/2024,auto,Central,52,45 to 54,31900,104000,"85,400",0,0
TH-100862,08/10/2023,title_loan,North,24,Under 25,16000,30000,"12,800",0,0
TH-100863,01/10/2024,personal,Bangkok,27,25 to 34,13900,51000,"20,700",0,0
TH-100864,16/07/2024,motorcycle,Northeast,30,25 to 34,10500,48000,"31,100",0,0
TH-100865,23/10/2024,personal,Northeast,31,25 to 34,9000,33000,"8,100",0,0
TH-100866,26/01/2025,title_loan,South,24,Under 25,9300,65000,"42,500",36,1
TH-100867,15/02/2024,personal,South,48,45 to 54,39400,77000,"63,800",22,0
TH-100868,13/02/2024,motorcycle,Bangkok,48,45 to 54,16200,54000,"31,000",0,0
TH-100869,11/07/2023,motorcycle,Bangkok,34,25 to 34,9000,28000,"15,500",0,0
TH-100870,27/01/2024,personal,Central,51,45 to 54,13300,18000,"14,200",0,0
TH-100871,14/02/2024,title_loan,Bangkok,33,25 to 34,22400,42000,"19,600",0,0
TH-100872,02/10/2023,home_improvement,North,25,25 to 34,52100,90000,"49,200",0,0
TH-100873,22/05/2023,motorcycle,Bangkok,33,25 to 34,18600,39000,"13,300",0,0
TH-100874,03/03/2023,auto,Central,47,45 to 54,19300,71000,"69,300",23,0
TH-100875,07/05/2025,personal,Central,45,45 to 54,12300,25000,"10,600",0,0
TH-100876,10/01/2023,personal,Bangkok,29,25 to 34,12500,21000,"6,800",15,0
TH-100877,23/03/2025,motorcycle,Bangkok,39,35 to 44,31300,45000,"17,100",26,0
TH-100878,02/04/2024,title_loan,Bangkok,34,25 to 34,21400,42000,"36,500",0,0
TH-100879,19/10/2023,motorcycle,South,38,35 to 44,10300,63000,"42,800",0,0
TH-100880,19/01/2023,motorcycle,Bangkok,31,25 to 34,21000,33000,"19,000",71,1
TH-100881,07/07/2023,motorcycle,Central,37,35 to 44,12600,30000,"26,300",0,0
TH-100882,12/01/2024,home_improvement,Bangkok,41,35 to 44,18200,53000,"50,500",0,0
TH-100883,03/10/2024,personal,North,22,Under 25,9100,29000,"24,000",4,0
TH-100884,20/10/2023,motorcycle,Northeast,29,25 to 34,13900,30000,"18,200",0,0
TH-100885,05/05/2025,home_improvement,Bangkok,51,45 to 54,12300,57000,"22,200",0,0
TH-100886,31/05/2025,title_loan,North,28,25 to 34,32500,126000,"87,400",14,0
TH-100887,12/07/2024,home_improvement,Bangkok,50,45 to 54,20500,33000,"12,600",0,0
TH-100888,13/03/2023,auto,Bangkok,27,25 to 34,24200,34000,"26,400",0,0
TH-100889,23/06/2024,personal,Northeast,42,35 to 44,9900,26000,"10,900",0,0
TH-100890,08/07/2023,motorcycle,Northeast,25,25 to 34,36900,107000,"75,100",0,0
TH-100891,27/08/2023,personal,Bangkok,33,25 to 34,17600,74000,"32,900",0,0
TH-100892,07/02/2024,personal,Bangkok,36,35 to 44,16200,55000,"16,300",0,0
TH-100893,09/06/2025,motorcycle,Northeast,42,35 to 44,9000,57000,"15,300",23,0
TH-100894,18/01/2024,home_improvement,South,24,Under 25,27700,70000,"52,500",0,0
TH-100895,11/01/2023,motorcycle,Bangkok,38,35 to 44,13000,17000,"14,700",0,0
TH-100896,25/03/2024,auto,Northeast,38,35 to 44,21700,64000,"40,900",0,0
TH-100897,27/09/2024,auto,Central,37,35 to 44,,26000,"10,800",0,0
TH-100898,15/04/2025,home_improvement,Bangkok,51,45 to 54,16500,39000,"30,700",0,0
TH-100899,27/01/2024,personal,North,37,35 to 44,15800,25000,"20,000",0,0
TH-100900,11/08/2023,personal,Central,42,35 to 44,20200,33000,"5,600",0,0
TH-100901,12/04/2025,auto,Central,34,25 to 34,16600,70000,"54,800",0,0
TH-100902,30/07/2023,personal,Central,53,45 to 54,26300,32000,"21,100",0,0
TH-100903,13/01/2023,auto,Central,34,25 to 34,17800,43000,"24,400",0,0
TH-100904,24/11/2023,home_improvement,Bangkok,35,35 to 44,,62000,"50,200",0,0
TH-100905,10/09/2023,home_improvement,Northeast,41,35 to 44,10900,29000,"27,100",0,0
TH-100906,01/03/2023,motorcycle,North,32,25 to 34,9000,15000,"9,400",0,0
TH-100907,14/10/2023,motorcycle,North,43,35 to 44,16500,44000,"30,400",0,0
TH-100908,10/07/2024,personal,Northeast,27,25 to 34,20400,46000,"29,000",0,0
TH-100909,05/10/2024,personal,North,23,Under 25,,96000,"23,600",0,0
TH-100910,28/04/2024,motorcycle,Central,49,45 to 54,38500,150000,"27,800",12,0
TH-100911,04/02/2025,auto,Central,39,35 to 44,18000,55000,"43,300",0,0
TH-100912,07/01/2024,auto,Bangkok,25,25 to 34,18600,59000,"20,800",0,0
TH-100913,03/11/2024,auto,Bangkok,21,Under 25,33500,266000,"205,700",0,0
TH-100914,21/02/2025,personal,Bangkok,29,25 to 34,14200,19000,"18,700",0,0
TH-100915,18/10/2023,home_improvement,Central,48,45 to 54,25900,102000,"53,900",0,0
TH-100916,23/10/2023,personal,Central,39,35 to 44,29400,46000,"28,100",26,0
TH-100917,19/12/2024,auto,Northeast,47,45 to 54,34500,168000,"113,400",0,0
TH-100918,25/06/2024,motorcycle,Bangkok,50,45 to 54,12100,25000,"15,200",0,0
TH-100919,11/01/2024,personal,Bangkok,42,35 to 44,14900,77000,"49,100",0,0
TH-100920,12/09/2024,auto,Bangkok,30,25 to 34,28700,83000,"56,500",0,0
TH-100921,24/09/2024,personal,Central,34,25 to 34,47500,57000,"30,800",0,0
TH-100922,17/02/2025,personal,Bangkok,44,35 to 44,34200,163000,"104,900",0,0
TH-100923,28/11/2023,motorcycle,North,39,35 to 44,,38000,"17,300",0,0
TH-100924,14/09/2023,personal,Bangkok,43,35 to 44,12000,29000,"20,300",0,0
TH-100925,28/10/2024,motorcycle,Central,28,25 to 34,45700,121000,"77,400",0,0
TH-100926,07/02/2025,auto,North,21,Under 25,28300,51000,"14,400",0,0
TH-100927,02/04/2023,personal,Bangkok,34,25 to 34,29400,46000,"26,900",0,0
TH-100928,26/05/2023,motorcycle,Bangkok,27,25 to 34,25900,63000,"26,700",0,0
TH-100929,05/06/2025,motorcycle,South,25,25 to 34,17500,54000,"27,000",10,0
TH-100930,03/06/2025,auto,Central,36,35 to 44,55000,170000,"128,900",0,0
TH-100931,25/04/2023,home_improvement,Bangkok,28,25 to 34,14500,22000,"11,200",0,0
TH-100932,10/06/2023,personal,Bangkok,44,35 to 44,18600,48000,"17,100",0,0
TH-100933,21/06/2024,title_loan,Northeast,26,25 to 34,13100,68000,"34,900",0,0
TH-100934,01/03/2025,motorcycle,North,33,25 to 34,21700,62000,"39,500",0,0
TH-100935,20/10/2024,auto,Bangkok,35,35 to 44,20600,83000,"49,800",0,0
TH-100936,24/10/2024,motorcycle,Northeast,34,25 to 34,20500,49000,"31,700",0,0
TH-100937,15/03/2023,title_loan,North,35,35 to 44,15700,51000,"17,700",0,0
TH-100938,19/08/2024,auto,Bangkok,22,Under 25,54100,69000,"44,900",0,0
TH-100939,24/02/2023,title_loan,Central,29,25 to 34,15000,42000,"30,100",0,0
TH-100940,29/05/2024,title_loan,Northeast,24,Under 25,16600,55000,"20,100",28,0
TH-100941,11/01/2025,personal,Central,29,25 to 34,27100,90000,"48,800",0,0
TH-100942,23/09/2023,motorcycle,Central,44,35 to 44,13300,24000,"9,200",0,0
TH-100943,14/01/2023,motorcycle,North,45,45 to 54,23000,43000,"19,200",0,0
TH-100944,25/02/2024,auto,Northeast,48,45 to 54,,55000,"47,400",0,0
TH-100945,29/10/2024,title_loan,North,29,25 to 34,17300,53000,"35,600",0,0
TH-100946,04/03/2025,motorcycle,South,41,35 to 44,15300,88000,"36,100",0,0
TH-100947,11/06/2024,auto,Bangkok,32,25 to 34,23000,113000,"66,600",0,0
TH-100948,21/03/2025,home_improvement,South,31,25 to 34,45900,97000,"76,000",0,0
TH-100949,06/11/2023,motorcycle,South,24,Under 25,24600,57000,,0,0
TH-100950,25/08/2024,motorcycle,Bangkok,32,25 to 34,24100,44000,"14,200",10,0
TH-100951,10/07/2023,home_improvement,Central,24,Under 25,37500,68000,"66,600",0,0
TH-100952,04/12/2024,motorcycle,Northeast,36,35 to 44,9000,21000,"14,300",0,0
TH-100953,31/08/2024,motorcycle,Northeast,34,25 to 34,20000,66000,"34,100",168,1
TH-100954,12/12/2023,personal,South,24,Under 25,9000,19000,"12,600",0,0
TH-100955,31/12/2023,motorcycle,Bangkok,29,25 to 34,12500,20000,"15,000",0,0
TH-100956,06/05/2025,motorcycle,Bangkok,47,45 to 54,29200,127000,"88,200",0,0
TH-100957,13/01/2023,motorcycle,South,25,25 to 34,9000,27000,"22,600",0,0
TH-100958,08/02/2024,home_improvement,Bangkok,44,35 to 44,17500,44000,"26,200",0,0
TH-100959,14/08/2023,personal,North,63,55 and over,27000,98000,"53,600",0,0
TH-100960,24/09/2023,motorcycle,Central,25,25 to 34,19600,76000,"44,800",0,0
TH-100961,01/03/2024,auto,Bangkok,53,45 to 54,55700,402000,"364,000",0,0
TH-100962,01/02/2024,personal,North,27,25 to 34,18200,28000,"14,400",0,0
TH-100963,13/02/2023,motorcycle,Bangkok,30,25 to 34,26500,80000,"33,200",0,0
TH-100964,24/02/2025,personal,Central,35,35 to 44,15700,44000,"27,100",0,0
TH-100965,28/01/2024,personal,Central,44,35 to 44,12700,34000,"15,600",0,0
TH-100966,17/09/2023,motorcycle,North,29,25 to 34,50000,62000,"49,700",0,0
TH-100967,07/07/2023,personal,Northeast,21,Under 25,,100000,,0,0
TH-100968,26/01/2023,auto,Northeast,36,35 to 44,12100,16000,"10,100",0,0
TH-100969,07/02/2024,motorcycle,South,52,45 to 54,16600,60000,"32,900",0,0
TH-100970,27/03/2023,title_loan,Bangkok,30,25 to 34,20500,111000,"104,000",0,0
TH-100971,07/01/2025,motorcycle,Central,44,35 to 44,12500,15000,"13,600",0,0
TH-100972,10/02/2023,auto,Central,44,35 to 44,18600,73000,"39,300",0,0
TH-100973,29/07/2023,motorcycle,South,43,35 to 44,34500,64000,"45,400",0,0
TH-100974,10/01/2025,motorcycle,South,29,25 to 34,22000,44000,"23,100",0,0
TH-100975,22/01/2023,motorcycle,North,39,35 to 44,37000,69000,"26,400",20,0
TH-100976,05/09/2024,auto,Northeast,43,35 to 44,18300,51000,"39,200",0,0
TH-100977,17/12/2024,auto,Bangkok,36,35 to 44,15500,24000,"9,100",0,0
TH-100978,10/10/2023,motorcycle,Northeast,37,35 to 44,11900,41000,"30,300",19,0
TH-100979,15/04/2024,motorcycle,Central,24,Under 25,9900,36000,"14,800",0,0
TH-100980,28/05/2025,personal,South,47,45 to 54,16400,17000,"9,300",0,0
TH-100981,20/12/2023,title_loan,Central,28,25 to 34,17500,32000,"25,200",0,0
TH-100982,04/05/2023,personal,South,27,25 to 34,14500,32000,"11,000",0,0
TH-100983,07/01/2024,motorcycle,South,31,25 to 34,14500,27000,"16,100",0,0
TH-100984,02/02/2024,personal,Central,31,25 to 34,23100,78000,"33,700",0,0
TH-100985,19/12/2023,auto,Bangkok,27,25 to 34,51900,83000,"34,900",7,0
TH-100986,24/05/2025,auto,Bangkok,47,45 to 54,27700,37000,"17,500",0,0
TH-100987,22/08/2024,motorcycle,South,26,25 to 34,46000,178000,"70,600",0,0
TH-100988,18/03/2024,home_improvement,Bangkok,41,35 to 44,29100,82000,"75,300",0,0
TH-100989,12/02/2023,motorcycle,Bangkok,37,35 to 44,17800,49000,"37,200",0,0
TH-100990,25/02/2025,motorcycle,Bangkok,33,25 to 34,32100,53000,"21,700",0,0
TH-100991,19/09/2024,motorcycle,Northeast,43,35 to 44,10600,39000,"22,100",86,1
TH-100992,09/03/2024,home_improvement,Bangkok,42,35 to 44,28400,72000,"34,200",0,0
TH-100993,05/11/2024,home_improvement,Bangkok,41,35 to 44,50400,147000,"31,100",0,0
TH-100994,18/02/2025,motorcycle,South,40,35 to 44,37500,60000,"27,200",0,0
TH-100995,25/06/2023,home_improvement,North,31,25 to 34,38100,92000,"67,300",0,0
TH-100996,20/01/2024,auto,South,33,25 to 34,21700,40000,"27,100",0,0
TH-100997,27/11/2023,auto,Bangkok,37,35 to 44,17700,33000,"29,500",0,0
TH-100998,18/11/2023,motorcycle,Northeast,31,25 to 34,17600,35000,"22,500",0,0
TH-100999,02/08/2023,title_loan,Northeast,34,25 to 34,,41000,"29,400",0,0
TH-101000,07/01/2025,motorcycle,Bangkok,31,25 to 34,21600,46000,"26,100",0,0
TH-101001,06/11/2024,home_improvement,Northeast,23,Under 25,9000,15000,"6,200",0,0
TH-101002,04/03/2024,motorcycle,Northeast,36,35 to 44,10300,47000,"41,800",0,0
TH-101003,06/06/2025,motorcycle,North,26,25 to 34,19800,40000,"24,300",0,0
TH-101004,19/05/2025,motorcycle,Northeast,22,Under 25,22300,87000,"48,900",0,0
TH-101005,18/10/2024,home_improvement,South,43,35 to 44,20700,65000,"44,200",0,0
TH-101006,24/02/2025,auto,Northeast,31,25 to 34,15500,44000,"26,600",0,0
TH-101007,28/07/2023,personal,North,23,Under 25,13400,24000,"19,300",11,0
TH-101008,27/02/2025,title_loan,Bangkok,34,25 to 34,14600,56000,"37,900",0,0
TH-101009,30/04/2023,personal,South,30,25 to 34,40900,43000,"11,600",0,0
TH-101010,17/04/2023,title_loan,North,26,25 to 34,55300,139000,"120,000",0,0
TH-101011,11/02/2023,personal,Bangkok,31,25 to 34,11500,29000,"19,200",0,0
TH-101012,25/02/2025,auto,Bangkok,51,45 to 54,9100,25000,,0,0
TH-101013,28/08/2024,auto,Bangkok,43,35 to 44,9000,24000,"18,400",0,0
TH-101014,25/05/2023,home_improvement,Northeast,23,Under 25,15300,34000,"15,200",0,0
TH-101015,12/09/2023,home_improvement,North,42,35 to 44,19600,77000,"39,700",0,0
TH-101016,01/05/2023,personal,Central,43,35 to 44,24500,73000,"58,600",0,0
TH-101017,26/02/2025,home_improvement,Northeast,39,35 to 44,13100,26000,"22,000",0,0
TH-101018,11/12/2023,home_improvement,South,33,25 to 34,108700,134000,"90,900",0,0
TH-101019,13/04/2023,motorcycle,Bangkok,35,35 to 44,14300,47000,"10,300",0,0
TH-101020,08/11/2024,motorcycle,North,32,25 to 34,19900,96000,"79,700",0,0
TH-101021,17/01/2025,personal,Bangkok,29,25 to 34,27900,35000,"22,900",0,0
TH-101022,27/04/2023,personal,North,42,35 to 44,30000,95000,"53,500",0,0
TH-101023,13/01/2023,personal,Bangkok,39,35 to 44,36500,106000,"70,800",0,0
TH-101024,15/09/2023,auto,Northeast,25,25 to 34,14800,61000,"42,200",0,0
TH-101025,16/06/2023,personal,Central,23,Under 25,25800,74000,"24,900",0,0
TH-101026,21/06/2023,auto,Central,34,25 to 34,9000,26000,"23,600",0,0
TH-101027,11/01/2025,motorcycle,North,27,25 to 34,18500,86000,"47,100",114,1
TH-101028,06/09/2023,personal,North,44,35 to 44,,39000,"33,200",91,1
TH-101029,15/05/2024,auto,Bangkok,68,55 and over,15300,37000,"28,900",0,0
TH-101030,06/06/2023,title_loan,North,23,Under 25,24200,34000,"17,800",0,0
TH-101031,10/02/2023,title_loan,Northeast,30,25 to 34,33300,129000,"116,500",23,0
TH-101032,08/06/2023,auto,Bangkok,22,Under 25,33300,181000,"74,100",111,1
TH-101033,01/12/2024,motorcycle,North,25,25 to 34,,44000,"12,400",0,0
TH-101034,01/12/2023,personal,Bangkok,37,35 to 44,25800,68000,"18,600",0,0
TH-101035,19/09/2024,home_improvement,Bangkok,30,25 to 34,9200,30000,"22,200",0,0
TH-101036,05/02/2024,title_loan,Bangkok,27,25 to 34,18100,48000,"40,800",0,0
TH-101037,07/11/2023,auto,Central,23,Under 25,9000,30000,"9,200",0,0
TH-101038,31/03/2023,motorcycle,South,53,45 to 54,23600,52000,"26,200",0,0
TH-101039,29/11/2023,motorcycle,Northeast,38,35 to 44,25000,60000,"39,800",0,0
TH-101040,05/03/2024,motorcycle,Northeast,53,45 to 54,15700,17000,"14,000",0,0
TH-101041,18/03/2023,auto,Central,38,35 to 44,22300,40000,"18,600",0,0
TH-101042,17/03/2023,personal,Northeast,38,35 to 44,27400,105000,"96,600",0,0
TH-101043,12/02/2023,motorcycle,South,35,35 to 44,23000,47000,"34,600",0,0
TH-101044,17/01/2023,personal,Bangkok,38,35 to 44,28800,151000,"121,700",0,0
TH-101045,08/01/2023,motorcycle,South,35,35 to 44,46800,220000,"107,800",0,0
TH-101046,18/07/2024,motorcycle,North,38,35 to 44,54800,148000,"132,000",0,0
TH-101047,06/03/2025,motorcycle,North,32,25 to 34,9000,22000,"11,800",0,0
TH-101048,02/02/2024,personal,Northeast,39,35 to 44,11800,40000,"7,700",0,0
TH-101049,03/10/2024,auto,North,21,Under 25,16400,54000,"25,900",0,0
TH-101050,03/05/2024,home_improvement,North,47,45 to 54,12900,22000,"11,100",17,0
TH-101051,06/11/2024,home_improvement,Central,27,25 to 34,25600,64000,"23,400",24,0
TH-101052,24/05/2025,personal,South,57,55 and over,9000,33000,"14,100",0,0
TH-101053,18/01/2024,personal,Central,24,Under 25,17900,34000,"17,500",0,0
TH-101054,16/11/2023,motorcycle,Northeast,39,35 to 44,19300,67000,"40,100",0,0
TH-101055,09/03/2025,title_loan,South,42,35 to 44,27300,51000,"34,000",0,0
TH-101056,28/03/2023,title_loan,Bangkok,30,25 to 34,17400,182000,"126,600",0,0
TH-101057,05/08/2024,title_loan,Bangkok,44,35 to 44,,124000,"53,400",0,0
TH-101058,15/04/2025,home_improvement,Bangkok,23,Under 25,11500,46000,"32,700",0,0
TH-101059,16/03/2023,auto,Bangkok,25,25 to 34,25000,90000,,2,0
TH-101060,04/05/2024,motorcycle,Northeast,32,25 to 34,15100,73000,"60,600",10,0
TH-101061,10/06/2025,motorcycle,North,41,35 to 44,10000,30000,"8,300",0,0
TH-101062,15/05/2023,personal,Northeast,31,25 to 34,40300,84000,"41,900",6,0
TH-101063,23/05/2024,personal,North,27,25 to 34,16300,38000,"28,900",0,0
TH-101064,14/07/2024,personal,Northeast,40,35 to 44,18000,43000,"28,600",0,0
TH-101065,18/06/2025,home_improvement,Central,45,45 to 54,28300,73000,"46,500",0,0
TH-101066,10/09/2024,personal,Bangkok,29,25 to 34,24700,90000,"83,300",25,0
TH-101067,30/01/2025,home_improvement,Bangkok,33,25 to 34,14000,18000,"13,800",0,0
TH-101068,11/08/2023,personal,Bangkok,37,35 to 44,23900,54000,"48,000",0,0
TH-101069,20/09/2023,auto,Bangkok,43,35 to 44,17700,50000,"17,900",0,0
TH-101070,09/02/2025,motorcycle,Northeast,32,25 to 34,29200,50000,"38,800",0,0
TH-101071,23/02/2023,personal,Central,26,25 to 34,29300,79000,"45,100",25,0
TH-101072,15/03/2023,auto,Northeast,29,25 to 34,11800,29000,"17,500",0,0
TH-101073,27/03/2023,motorcycle,North,32,25 to 34,17800,67000,"42,700",16,0
TH-101074,27/05/2025,auto,North,42,35 to 44,46400,92000,"46,600",0,0
TH-101075,05/01/2024,auto,Northeast,43,35 to 44,19100,58000,"29,300",0,0
TH-101076,23/04/2024,motorcycle,Northeast,31,25 to 34,41500,92000,"35,900",0,0
TH-101077,08/01/2023,auto,South,29,25 to 34,26100,75000,"49,400",17,0
TH-101078,22/02/2023,motorcycle,North,21,Under 25,25300,88000,"67,700",0,0
TH-101079,09/08/2023,motorcycle,Bangkok,41,35 to 44,20000,25000,"15,600",0,0
TH-101080,07/03/2024,motorcycle,Central,26,25 to 34,9000,26000,"22,400",0,0
TH-101081,14/06/2023,personal,Bangkok,21,Under 25,11800,31000,"24,100",121,1
TH-101082,22/01/2023,motorcycle,Bangkok,41,35 to 44,14200,45000,"32,000",0,0
TH-101083,13/08/2023,motorcycle,Northeast,29,25 to 34,,31000,"6,600",0,0
TH-101084,27/04/2024,motorcycle,Northeast,30,25 to 34,,91000,"60,700",11,0
TH-101085,05/06/2025,motorcycle,Northeast,51,45 to 54,10500,23000,"13,700",0,0
TH-101086,21/11/2023,motorcycle,Bangkok,42,35 to 44,22300,46000,"26,100",8,0
TH-101087,11/10/2023,auto,Northeast,29,25 to 34,20400,25000,"16,200",0,0
TH-101088,14/09/2023,motorcycle,Bangkok,41,35 to 44,22100,124000,"101,700",0,0
TH-101089,21/11/2023,personal,Central,33,25 to 34,25300,35000,"1,500",0,0
TH-101090,24/03/2024,auto,Central,39,35 to 44,21100,48000,"22,600",20,0
TH-101091,30/06/2023,motorcycle,North,23,Under 25,49800,55000,"36,500",0,0
TH-101092,05/11/2023,motorcycle,Bangkok,29,25 to 34,21400,72000,"14,900",0,0
TH-101093,23/11/2024,motorcycle,Bangkok,42,35 to 44,21000,59000,"42,500",0,0
TH-101094,10/04/2024,personal,Northeast,25,25 to 34,25600,77000,"62,900",0,0
TH-101095,20/08/2024,personal,North,28,25 to 34,9100,18000,"13,900",0,0
TH-101096,02/07/2024,personal,Central,29,25 to 34,34300,85000,"70,300",0,0
TH-101097,12/05/2025,home_improvement,Northeast,48,45 to 54,15900,25000,"12,900",3,0
TH-101098,30/11/2024,auto,Bangkok,53,45 to 54,22400,100000,"76,000",3,0
TH-101099,10/01/2025,motorcycle,Northeast,51,45 to 54,29200,111000,"88,600",0,0
TH-101100,27/04/2024,auto,North,27,25 to 34,55300,289000,"181,200",15,0
TH-101101,01/01/2025,auto,South,50,45 to 54,13800,63000,"39,300",0,0
TH-101102,04/03/2025,auto,Central,54,45 to 54,22300,103000,,0,0
TH-101103,04/11/2023,personal,Bangkok,38,35 to 44,20100,61000,"44,700",26,0
TH-101104,21/04/2023,auto,South,38,35 to 44,32200,174000,"38,800",0,0
TH-101105,11/02/2023,motorcycle,Northeast,41,35 to 44,12600,44000,"25,200",0,0
TH-101106,14/04/2023,personal,North,44,35 to 44,,29000,"21,400",0,0
TH-101107,24/10/2023,motorcycle,Central,38,35 to 44,,141000,"138,600",0,0
TH-101108,18/06/2025,auto,Northeast,29,25 to 34,14200,61000,"31,300",0,0
TH-101109,24/03/2023,title_loan,Bangkok,36,35 to 44,14300,38000,"19,600",0,0
TH-101110,16/01/2023,personal,Bangkok,21,Under 25,9000,24000,"14,300",155,1
TH-101111,08/03/2023,title_loan,Central,43,35 to 44,,42000,"24,700",0,0
TH-101112,14/10/2023,personal,Bangkok,23,Under 25,41500,68000,"14,000",0,0
TH-101113,02/09/2024,motorcycle,Bangkok,38,35 to 44,12800,27000,"13,000",3,0
TH-101114,29/04/2024,auto,Central,48,45 to 54,48800,129000,"40,200",0,0
TH-101115,11/05/2025,motorcycle,Central,24,Under 25,14000,95000,"46,800",0,0
TH-101116,23/11/2023,personal,North,30,25 to 34,25500,125000,"115,200",0,0
TH-101117,10/04/2023,motorcycle,Northeast,34,25 to 34,32500,33000,"15,600",0,0
TH-101118,04/09/2024,auto,North,27,25 to 34,,78000,"53,500",149,1
TH-101119,03/04/2024,motorcycle,Northeast,27,25 to 34,38900,84000,"33,400",0,0
TH-101120,23/04/2024,motorcycle,South,25,25 to 34,11200,39000,"35,200",0,0
TH-101121,05/09/2024,personal,Northeast,49,45 to 54,10700,18000,"11,300",0,0
TH-101122,01/07/2024,home_improvement,Bangkok,23,Under 25,38600,82000,"40,200",0,0
TH-101123,14/11/2023,home_improvement,Bangkok,21,Under 25,19400,48000,"25,400",0,0
TH-101124,09/07/2023,motorcycle,North,23,Under 25,28800,137000,"55,900",134,1
TH-101125,27/04/2023,personal,Bangkok,32,25 to 34,53500,116000,"48,400",0,0
TH-101126,16/11/2024,home_improvement,Central,21,Under 25,10800,23000,"4,700",0,0
TH-101127,09/08/2024,personal,Northeast,33,25 to 34,16700,54000,"26,500",0,0
TH-101128,28/04/2023,personal,Bangkok,28,25 to 34,80400,368000,"86,900",0,0
TH-101129,09/02/2025,auto,North,31,25 to 34,14100,48000,"26,300",0,0
TH-101130,25/09/2023,personal,Bangkok,42,35 to 44,18100,46000,"20,500",96,1
TH-101131,06/04/2025,motorcycle,Central,45,45 to 54,20300,28000,"20,900",0,0
TH-101132,31/12/2024,home_improvement,South,45,45 to 54,,83000,,0,0
TH-101133,14/02/2023,motorcycle,Bangkok,21,Under 25,,80000,"27,300",0,0
TH-101134,17/10/2023,auto,South,31,25 to 34,9000,31000,"13,200",0,0
TH-101135,11/01/2025,personal,Central,39,35 to 44,14200,67000,"44,800",0,0
TH-101136,30/06/2023,home_improvement,South,23,Under 25,14400,28000,"11,000",0,0
TH-101137,19/05/2025,auto,Bangkok,24,Under 25,12700,45000,"30,000",0,0
TH-101138,19/01/2025,auto,North,25,25 to 34,10400,32000,"24,700",0,0
TH-101139,20/02/2024,personal,Northeast,26,25 to 34,16500,27000,"12,200",0,0
TH-101140,02/09/2024,home_improvement,Bangkok,32,25 to 34,21500,43000,"34,400",0,0
TH-101141,01/06/2024,motorcycle,North,22,Under 25,36200,100000,"21,900",0,0
TH-101142,16/06/2023,personal,North,39,35 to 44,24500,66000,"46,300",0,0
TH-101143,20/02/2023,title_loan,Central,30,25 to 34,11200,51000,"36,900",0,0
TH-101144,19/08/2024,home_improvement,Northeast,25,25 to 34,23600,117000,"45,600",29,0
TH-101145,01/04/2024,home_improvement,Bangkok,40,35 to 44,36000,126000,,86,1
TH-101146,10/04/2023,home_improvement,Bangkok,42,35 to 44,14200,64000,"42,000",0,0
TH-101147,02/06/2024,auto,Northeast,50,45 to 54,10700,46000,"13,300",0,0
TH-101148,07/10/2024,title_loan,Northeast,40,35 to 44,25400,73000,"46,800",0,0
TH-101149,28/09/2023,motorcycle,South,44,35 to 44,17200,31000,"16,400",0,0
TH-101150,11/06/2023,motorcycle,Central,26,25 to 34,9000,18000,"7,200",0,0
TH-101151,11/12/2024,home_improvement,Bangkok,31,25 to 34,,52000,"26,700",108,1
TH-101152,26/11/2024,auto,Bangkok,41,35 to 44,49900,184000,"64,500",0,0
TH-101153,23/11/2023,motorcycle,Central,22,Under 25,10900,22000,"15,600",0,0
TH-101154,02/05/2023,home_improvement,Central,35,35 to 44,27400,49000,,0,0
TH-101155,23/03/2024,auto,North,21,Under 25,15800,35000,"19,100",0,0
TH-101156,12/02/2025,auto,Bangkok,60,55 and over,24700,94000,"27,400",0,0
TH-101157,04/06/2024,auto,North,27,25 to 34,20700,121000,"41,500",105,1
TH-101158,25/06/2023,home_improvement,Bangkok,32,25 to 34,51900,104000,"93,600",0,0
TH-101159,14/11/2024,auto,Northeast,29,25 to 34,31300,65000,"22,800",0,0
TH-101160,29/09/2023,title_loan,Central,32,25 to 34,40000,76000,"52,500",0,0
TH-101161,22/09/2023,title_loan,Central,34,25 to 34,17200,38000,"8,300",146,1
TH-101162,14/11/2023,home_improvement,South,46,45 to 54,,96000,"63,300",135,1
TH-101163,22/09/2024,motorcycle,Bangkok,21,Under 25,23200,108000,"60,100",0,0
TH-101164,08/12/2023,home_improvement,Northeast,43,35 to 44,30700,67000,"34,000",0,0
TH-101165,23/08/2023,personal,Bangkok,30,25 to 34,18500,87000,"65,900",0,0
TH-101166,02/07/2024,motorcycle,Bangkok,44,35 to 44,16500,22000,"10,100",0,0
TH-101167,09/06/2024,personal,Bangkok,32,25 to 34,,56000,"47,300",0,0
TH-101168,23/09/2023,motorcycle,North,50,45 to 54,48000,141000,"102,300",0,0
TH-101169,20/03/2024,motorcycle,North,44,35 to 44,11700,25000,"12,600",0,0
TH-101170,19/03/2024,personal,Bangkok,53,45 to 54,21100,55000,"34,200",0,0
TH-101171,31/01/2024,personal,Bangkok,38,35 to 44,17700,40000,"25,300",0,0
TH-101172,06/11/2024,home_improvement,Northeast,39,35 to 44,94100,278000,"142,600",0,0
TH-101173,12/06/2024,home_improvement,Central,22,Under 25,20300,75000,"32,500",0,0
TH-101174,22/02/2023,personal,Northeast,35,35 to 44,,34000,"23,100",19,0
TH-101175,01/03/2023,personal,Northeast,28,25 to 34,25800,54000,"35,700",0,0
TH-101176,09/12/2023,auto,Bangkok,23,Under 25,22400,89000,"35,400",0,0
TH-101177,19/05/2024,motorcycle,South,34,25 to 34,28000,42000,"23,000",0,0
TH-101178,22/01/2024,home_improvement,North,22,Under 25,50500,88000,"61,200",0,0
TH-101179,13/10/2023,personal,South,38,35 to 44,14800,50000,"41,300",0,0
TH-101180,30/04/2023,motorcycle,South,51,45 to 54,28500,41000,"19,100",0,0
TH-101181,29/03/2023,home_improvement,Northeast,36,35 to 44,17100,40000,"15,900",0,0
TH-101182,08/11/2024,home_improvement,Bangkok,35,35 to 44,12000,15000,"11,700",0,0
TH-101183,25/08/2024,title_loan,Northeast,42,35 to 44,19700,27000,"15,100",3,0
TH-101184,29/06/2023,motorcycle,Northeast,30,25 to 34,27700,36000,"15,000",0,0
TH-101185,17/11/2024,personal,Bangkok,49,45 to 54,27500,67000,"26,800",0,0
TH-101186,21/09/2024,auto,Northeast,24,Under 25,9000,15000,"11,800",0,0
TH-101187,21/12/2024,auto,North,34,25 to 34,23500,76000,"48,700",26,0
TH-101188,20/04/2023,auto,Central,29,25 to 34,20900,131000,"87,300",162,1
TH-101189,08/11/2023,motorcycle,Central,21,Under 25,16200,62000,"28,500",0,0
TH-101190,12/07/2024,motorcycle,Northeast,25,25 to 34,21800,86000,"62,800",158,1
TH-101191,22/01/2023,motorcycle,Central,31,25 to 34,42600,235000,"168,600",0,0
TH-101192,11/11/2024,auto,Bangkok,28,25 to 34,16600,27000,"9,400",0,0
TH-101193,28/04/2023,motorcycle,North,31,25 to 34,13100,40000,"23,100",3,0
TH-101194,22/09/2024,motorcycle,Northeast,44,35 to 44,,44000,"27,800",0,0
TH-101195,06/12/2023,home_improvement,Bangkok,28,25 to 34,,91000,"42,000",0,0
TH-101196,22/06/2023,personal,Bangkok,23,Under 25,22400,75000,"56,500",0,0
TH-101197,08/05/2023,motorcycle,Central,45,45 to 54,28900,91000,"33,700",0,0
TH-101198,23/04/2025,personal,South,41,35 to 44,31100,40000,"6,800",0,0
TH-101199,09/06/2024,title_loan,Bangkok,51,45 to 54,,82000,"57,600",0,0
TH-101200,19/05/2024,home_improvement,Central,25,25 to 34,53500,196000,"123,500",20,0
TH-101201,13/05/2025,title_loan,Central,45,45 to 54,11500,31000,"26,300",0,0
TH-101202,17/03/2023,personal,Bangkok,34,25 to 34,32300,70000,,0,0
TH-101203,25/05/2025,personal,North,49,45 to 54,28400,132000,"81,500",0,0
TH-101204,25/10/2023,title_loan,South,32,25 to 34,9000,36000,,30,0
TH-101205,17/05/2023,home_improvement,Central,37,35 to 44,9000,30000,"23,100",0,0
TH-101206,20/02/2025,motorcycle,Bangkok,35,35 to 44,14100,26000,"14,900",0,0
TH-101207,22/01/2023,auto,Bangkok,37,35 to 44,14600,35000,"21,000",90,1
TH-101208,25/10/2023,personal,South,48,45 to 54,9300,17000,"9,800",0,0
TH-101209,29/05/2023,title_loan,Central,29,25 to 34,17700,37000,"17,300",0,0
TH-101210,20/04/2023,motorcycle,Bangkok,40,35 to 44,15100,15000,"7,200",0,0
TH-101211,16/03/2025,personal,Central,39,35 to 44,9000,15000,"11,800",0,0
TH-101212,01/05/2024,personal,North,41,35 to 44,63000,197000,"144,300",10,0
TH-101213,26/10/2024,auto,Bangkok,36,35 to 44,14200,15000,"7,900",0,0
TH-101214,29/03/2023,motorcycle,Northeast,31,25 to 34,57200,193000,"173,700",0,0
TH-101215,15/05/2023,auto,Bangkok,21,Under 25,18300,45000,"32,300",0,0
TH-101216,31/05/2025,auto,Northeast,34,25 to 34,28000,68000,"60,300",157,1
TH-101217,02/03/2024,home_improvement,Central,42,35 to 44,35300,100000,"92,700",0,0
TH-101218,20/06/2023,motorcycle,Bangkok,38,35 to 44,75600,363000,"251,400",0,0
TH-101219,11/02/2024,motorcycle,South,22,Under 25,9900,34000,"14,000",0,0
TH-101220,25/09/2024,personal,Bangkok,29,25 to 34,16500,48000,"32,500",0,0
TH-101221,24/12/2024,title_loan,Bangkok,33,25 to 34,21600,28000,"20,700",0,0
TH-101222,06/02/2024,auto,South,30,25 to 34,,120000,"80,100",0,0
TH-101223,09/05/2025,auto,Bangkok,31,25 to 34,29300,110000,"62,600",0,0
TH-101224,12/04/2024,home_improvement,North,41,35 to 44,15700,23000,"13,700",0,0
TH-101225,28/02/2024,auto,South,30,25 to 34,19100,47000,"36,600",0,0
TH-101226,29/10/2023,auto,Central,33,25 to 34,9000,19000,,0,0
TH-101227,08/05/2024,personal,Bangkok,29,25 to 34,16700,62000,"34,700",148,1
TH-101228,05/06/2024,home_improvement,Northeast,39,35 to 44,30100,75000,"44,400",0,0
TH-101229,09/12/2024,motorcycle,Central,33,25 to 34,21900,88000,"65,400",0,0
TH-101230,21/02/2025,motorcycle,Bangkok,44,35 to 44,17300,26000,,0,0
TH-101231,24/02/2023,auto,Northeast,24,Under 25,35800,83000,"35,200",0,0
TH-101232,09/04/2023,personal,Central,31,25 to 34,25200,24000,"20,700",0,0
TH-101233,10/12/2023,motorcycle,Bangkok,35,35 to 44,20700,107000,"52,300",48,1
TH-101234,31/07/2024,auto,Northeast,43,35 to 44,17800,46000,"26,700",0,0
TH-101235,04/01/2025,home_improvement,South,29,25 to 34,,63000,"48,400",19,0
TH-101236,07/02/2024,personal,Bangkok,43,35 to 44,,32000,"22,000",0,0
TH-101237,17/01/2025,personal,Northeast,34,25 to 34,15100,122000,"88,900",163,1
TH-101238,10/05/2023,motorcycle,North,27,25 to 34,22300,29000,"9,600",0,0
TH-101239,17/01/2024,personal,Bangkok,41,35 to 44,18900,60000,"26,400",0,0
TH-101240,01/12/2023,motorcycle,Central,23,Under 25,18500,76000,"35,200",0,0
TH-101241,07/03/2025,auto,Central,53,45 to 54,13600,47000,"24,700",0,0
TH-101242,05/12/2024,auto,Bangkok,49,45 to 54,9000,40000,"33,000",0,0
TH-101243,24/08/2023,personal,Bangkok,44,35 to 44,38900,175000,"39,700",42,1
TH-101244,26/04/2023,auto,Central,31,25 to 34,36400,71000,"34,400",0,0
TH-101245,16/02/2024,motorcycle,Bangkok,43,35 to 44,12800,32000,"14,500",0,0
TH-101246,11/02/2023,personal,Bangkok,22,Under 25,16100,38000,"25,900",0,0
TH-101247,09/06/2023,home_improvement,Central,68,55 and over,33400,54000,"22,200",0,0
TH-101248,24/01/2024,auto,Bangkok,25,25 to 34,12300,24000,,121,1
TH-101249,05/05/2023,personal,North,33,25 to 34,14400,81000,"32,200",0,0
TH-101250,15/09/2023,auto,Central,28,25 to 34,15000,50000,"17,300",0,0
TH-101251,22/11/2023,title_loan,Central,29,25 to 34,15800,39000,"27,900",104,1
TH-101252,09/05/2024,home_improvement,Bangkok,32,25 to 34,20700,27000,"15,900",0,0
TH-101253,14/04/2024,auto,Northeast,25,25 to 34,26700,74000,"33,500",0,0
TH-101254,08/01/2023,personal,Bangkok,53,45 to 54,22700,26000,"13,500",0,0
TH-101255,13/01/2025,personal,Bangkok,33,25 to 34,23700,40000,"23,200",0,0
TH-101256,03/04/2024,auto,Central,24,Under 25,10400,23000,"14,800",0,0
TH-101257,08/05/2024,personal,Northeast,23,Under 25,,124000,"71,700",173,1
TH-101258,24/05/2023,home_improvement,Bangkok,28,25 to 34,15800,32000,"16,600",0,0
TH-101259,29/11/2023,motorcycle,Northeast,24,Under 25,,24000,"12,000",0,0
TH-101260,29/01/2025,motorcycle,North,34,25 to 34,17700,35000,"21,000",138,1
TH-101261,11/02/2024,motorcycle,Central,31,25 to 34,45600,104000,"34,800",0,0
TH-101262,01/02/2025,auto,Bangkok,43,35 to 44,19100,65000,"47,700",0,0
TH-101263,10/01/2023,home_improvement,Northeast,40,35 to 44,21500,49000,"7,100",0,0
TH-101264,26/02/2023,personal,Bangkok,35,35 to 44,21900,65000,"18,200",0,0
TH-101265,28/04/2025,personal,South,40,35 to 44,15100,101000,"45,700",0,0
TH-101266,18/04/2025,personal,South,24,Under 25,22700,88000,"67,000",0,0
TH-101267,25/05/2024,home_improvement,Bangkok,32,25 to 34,11400,18000,"12,600",0,0
TH-101268,27/05/2024,personal,Central,41,35 to 44,14300,31000,"20,400",0,0
TH-101269,24/08/2023,personal,Central,50,45 to 54,25800,62000,"48,100",0,0
TH-101270,20/09/2024,motorcycle,Northeast,43,35 to 44,9000,32000,"14,200",0,0
TH-101271,19/02/2025,auto,Bangkok,35,35 to 44,18200,108000,"88,400",165,1
TH-101272,05/12/2024,personal,Central,51,45 to 54,32500,29000,"14,100",0,0
TH-101273,06/01/2024,title_loan,North,44,35 to 44,40300,124000,"30,400",0,0
TH-101274,06/06/2023,home_improvement,South,28,25 to 34,21600,72000,"59,300",0,0
TH-101275,11/07/2024,motorcycle,Central,34,25 to 34,27700,49000,"44,100",0,0
TH-101276,19/06/2024,motorcycle,North,46,45 to 54,19700,70000,"46,700",0,0
TH-101277,17/07/2023,personal,Northeast,39,35 to 44,21000,47000,"28,000",0,0
TH-101278,29/06/2024,auto,Northeast,43,35 to 44,36900,95000,"61,200",0,0
TH-101279,01/09/2024,title_loan,Central,37,35 to 44,63600,104000,"44,600",0,0
TH-101280,15/05/2023,motorcycle,Northeast,24,Under 25,12600,26000,"15,400",0,0
TH-101281,10/10/2024,auto,Central,25,25 to 34,9000,37000,"24,500",0,0
TH-101282,21/09/2024,auto,Central,37,35 to 44,41500,126000,"100,200",0,0
TH-101283,03/01/2024,home_improvement,Bangkok,31,25 to 34,16800,39000,"17,200",0,0
TH-101284,05/08/2024,motorcycle,South,27,25 to 34,11700,16000,"7,600",0,0
TH-101285,22/09/2024,auto,Northeast,43,35 to 44,11000,19000,"11,200",0,0
TH-101286,19/11/2023,personal,Central,26,25 to 34,15300,17000,"11,900",0,0
TH-101287,21/01/2023,auto,North,38,35 to 44,12000,45000,"25,500",0,0
TH-101288,22/06/2023,home_improvement,North,26,25 to 34,30400,36000,"29,600",26,0
TH-101289,13/07/2024,motorcycle,North,51,45 to 54,23500,39000,"25,300",0,0
TH-101290,30/03/2023,home_improvement,Bangkok,26,25 to 34,30700,54000,"17,800",0,0
TH-101291,24/05/2024,motorcycle,Bangkok,31,25 to 34,20300,32000,"17,000",0,0
TH-101292,06/08/2023,auto,Bangkok,37,35 to 44,10800,23000,"15,000",0,0
TH-101293,16/06/2025,auto,Central,22,Under 25,41500,115000,"83,800",0,0
TH-101294,12/10/2024,auto,Central,50,45 to 54,24700,96000,"77,700",0,0
TH-101295,01/04/2024,auto,Central,30,25 to 34,22500,84000,"78,500",0,0
TH-101296,28/12/2023,title_loan,Northeast,39,35 to 44,18200,78000,"72,000",0,0
TH-101297,11/01/2024,personal,Bangkok,26,25 to 34,21300,68000,"16,000",0,0
TH-101298,01/02/2025,personal,Central,43,35 to 44,9000,15000,"8,100",0,0
TH-101299,01/05/2024,home_improvement,Central,30,25 to 34,31900,143000,"21,700",0,0
TH-101300,23/09/2023,personal,Bangkok,25,25 to 34,22600,75000,"50,900",9,0
TH-101301,12/05/2024,personal,Bangkok,39,35 to 44,17300,37000,"27,400",0,0
TH-101302,13/05/2023,motorcycle,Bangkok,41,35 to 44,,74000,"43,100",0,0
TH-101303,05/04/2025,personal,Bangkok,50,45 to 54,29700,43000,"24,200",0,0
TH-101304,25/02/2025,motorcycle,Central,27,25 to 34,15600,65000,"34,700",161,1
TH-101305,12/07/2023,auto,Central,29,25 to 34,9700,15000,"11,400",0,0
TH-101306,24/03/2025,motorcycle,Bangkok,51,45 to 54,38600,114000,"72,500",0,0
TH-101307,26/10/2023,personal,Central,51,45 to 54,9600,18000,"10,600",0,0
TH-101308,28/05/2023,personal,Bangkok,24,Under 25,19100,23000,"14,300",3,0
TH-101309,07/01/2025,home_improvement,South,41,35 to 44,38900,82000,"22,100",0,0
TH-101310,06/07/2023,personal,Bangkok,30,25 to 34,,20000,"13,900",1,0
TH-101311,10/06/2024,auto,North,28,25 to 34,19500,42000,"32,500",0,0
TH-101312,02/07/2024,home_improvement,Northeast,39,35 to 44,,73000,"43,100",0,0
TH-101313,30/01/2025,home_improvement,Bangkok,33,25 to 34,13800,22000,"16,900",0,0
TH-101314,21/05/2025,title_loan,Bangkok,36,35 to 44,10100,40000,"29,500",18,0
TH-101315,18/10/2024,motorcycle,Bangkok,21,Under 25,50500,116000,"48,900",0,0
TH-101316,19/03/2025,home_improvement,Bangkok,34,25 to 34,27600,147000,"88,400",2,0
TH-101317,13/06/2024,motorcycle,Northeast,40,35 to 44,9000,15000,"9,100",10,0
TH-101318,28/10/2024,motorcycle,Central,32,25 to 34,15000,27000,"12,600",0,0
TH-101319,12/02/2025,personal,Central,49,45 to 54,9800,42000,"22,300",0,0
TH-101320,24/03/2024,motorcycle,Central,52,45 to 54,46400,378000,"361,500",0,0
TH-101321,23/09/2024,home_improvement,North,30,25 to 34,21100,144000,"70,100",0,0
TH-101322,29/03/2025,personal,Bangkok,50,45 to 54,13400,42000,"14,300",0,0
TH-101323,15/02/2024,motorcycle,Central,32,25 to 34,13100,32000,"24,600",0,0
TH-101324,15/04/2024,motorcycle,Northeast,26,25 to 34,35000,74000,"54,200",0,0
TH-101325,06/06/2025,motorcycle,Bangkok,31,25 to 34,10500,18000,"12,300",0,0
TH-101326,27/12/2024,personal,Bangkok,26,25 to 34,12700,24000,"7,800",0,0
TH-101327,15/03/2025,personal,Bangkok,35,35 to 44,18200,48000,"27,000",20,0
TH-101328,22/02/2024,personal,Central,33,25 to 34,17300,36000,"29,400",0,0
TH-101329,14/10/2023,auto,Northeast,54,45 to 54,22300,42000,"31,900",0,0
TH-101330,26/05/2024,personal,Bangkok,51,45 to 54,18200,29000,"17,700",0,0
TH-101331,10/08/2024,home_improvement,Central,26,25 to 34,25600,60000,"20,200",0,0
TH-101332,25/03/2025,motorcycle,Northeast,41,35 to 44,21600,57000,"39,400",0,0
TH-101333,27/10/2024,home_improvement,Central,35,35 to 44,14300,19000,"16,100",0,0
TH-101334,11/10/2024,motorcycle,Bangkok,44,35 to 44,19300,72000,"24,500",27,0
TH-101335,30/07/2024,home_improvement,Bangkok,30,25 to 34,29600,55000,"20,000",0,0
TH-101336,18/12/2024,personal,Bangkok,37,35 to 44,17500,34000,"12,500",0,0
TH-101337,28/12/2024,motorcycle,Bangkok,40,35 to 44,21700,100000,"29,900",0,0
TH-101338,28/07/2024,motorcycle,Northeast,53,45 to 54,13100,48000,"23,500",0,0
TH-101339,13/12/2024,title_loan,Bangkok,24,Under 25,,33000,"26,900",0,0
TH-101340,21/11/2024,title_loan,Bangkok,37,35 to 44,19700,31000,"21,100",0,0
TH-101341,14/07/2024,personal,Northeast,27,25 to 34,52000,133000,"30,900",0,0
TH-101342,29/05/2024,personal,North,32,25 to 34,33500,159000,"142,300",0,0
TH-101343,30/06/2023,auto,South,21,Under 25,9000,29000,"16,700",0,0
TH-101344,06/06/2024,motorcycle,South,40,35 to 44,23300,52000,"48,000",0,0
TH-101345,24/07/2023,home_improvement,North,39,35 to 44,25900,68000,"34,100",0,0
TH-101346,21/03/2025,personal,North,24,Under 25,21700,83000,"44,700",8,0
TH-101347,19/06/2023,auto,Bangkok,23,Under 25,22200,75000,"30,600",0,0
TH-101348,26/12/2023,title_loan,Bangkok,38,35 to 44,16100,67000,"45,300",0,0
TH-101349,07/07/2024,auto,South,37,35 to 44,10000,32000,"23,000",0,0
TH-101350,18/01/2023,auto,Northeast,32,25 to 34,18100,79000,"61,700",0,0
TH-101351,19/06/2024,motorcycle,Central,46,45 to 54,15300,89000,"46,000",0,0
TH-101352,08/09/2023,auto,North,21,Under 25,12900,40000,"21,100",0,0
TH-101353,21/10/2023,motorcycle,Northeast,31,25 to 34,48900,171000,"122,000",0,0
TH-101354,10/02/2024,motorcycle,Central,22,Under 25,13800,25000,"22,600",0,0
TH-101355,17/01/2023,motorcycle,South,26,25 to 34,9000,27000,"19,500",0,0
TH-101356,30/07/2024,personal,South,44,35 to 44,17700,25000,"19,200",0,0
TH-101357,21/07/2023,personal,Northeast,41,35 to 44,,112000,"48,100",0,0
TH-101358,18/01/2023,motorcycle,South,34,25 to 34,,18000,"15,300",40,1
TH-101359,19/07/2024,personal,South,31,25 to 34,25400,71000,"47,400",0,0
TH-101360,14/01/2025,home_improvement,South,30,25 to 34,25800,216000,"200,300",66,1
TH-101361,02/11/2024,motorcycle,Northeast,35,35 to 44,9000,25000,"15,400",0,0
TH-101362,16/06/2024,motorcycle,Bangkok,38,35 to 44,9000,21000,"4,500",0,0
TH-101363,29/04/2025,home_improvement,Central,36,35 to 44,11200,79000,"52,200",0,0
TH-101364,12/02/2023,motorcycle,Northeast,51,45 to 54,21800,34000,"3,100",0,0
TH-101365,17/09/2023,personal,Northeast,33,25 to 34,17600,45000,"22,100",0,0
TH-101366,05/03/2025,title_loan,North,32,25 to 34,9000,22000,"4,700",0,0
TH-101367,01/02/2025,personal,Bangkok,34,25 to 34,,86000,"62,300",0,0
TH-101368,29/02/2024,personal,North,41,35 to 44,65400,257000,"144,400",0,0
TH-101369,18/10/2024,auto,Bangkok,29,25 to 34,15400,32000,"20,400",30,0
TH-101370,12/09/2024,auto,Bangkok,36,35 to 44,24300,122000,"54,000",0,0
TH-101371,09/03/2025,home_improvement,Central,29,25 to 34,12600,25000,"14,100",7,0
TH-101372,06/07/2023,personal,Central,46,45 to 54,,28000,"12,400",0,0
TH-101373,19/11/2024,personal,Central,43,35 to 44,22800,28000,"4,600",0,0
TH-101374,23/08/2023,motorcycle,Northeast,29,25 to 34,23500,106000,"64,100",0,0
TH-101375,17/09/2024,auto,South,53,45 to 54,14800,28000,"4,700",0,0
TH-101376,29/12/2023,personal,Northeast,24,Under 25,9000,21000,"10,100",0,0
TH-101377,03/02/2023,title_loan,Northeast,40,35 to 44,29100,106000,"67,500",4,0
TH-101378,17/08/2023,motorcycle,Bangkok,50,45 to 54,9000,32000,"25,100",0,0
TH-101379,15/01/2024,home_improvement,North,28,25 to 34,13200,33000,"8,600",0,0
TH-101380,10/03/2025,motorcycle,Bangkok,23,Under 25,20800,56000,"27,900",0,0
TH-101381,29/12/2023,personal,Central,23,Under 25,9000,26000,"16,900",0,0
TH-101382,22/08/2024,motorcycle,Northeast,42,35 to 44,14400,78000,"71,400",0,0
TH-101383,02/12/2023,title_loan,Central,42,35 to 44,23300,58000,"32,500",0,0
TH-101384,05/07/2023,home_improvement,Bangkok,28,25 to 34,12900,23000,"5,300",0,0
TH-101385,07/03/2024,motorcycle,Bangkok,28,25 to 34,11600,48000,"34,400",0,0
TH-101386,05/01/2023,motorcycle,Northeast,44,35 to 44,15600,26000,"9,200",11,0
TH-101387,05/09/2024,auto,Central,37,35 to 44,,16000,"8,500",146,1
TH-101388,19/06/2023,auto,Bangkok,32,25 to 34,20900,53000,"25,700",0,0
TH-101389,14/06/2024,personal,Central,40,35 to 44,12300,24000,"18,000",0,0
TH-101390,16/05/2023,auto,Bangkok,39,35 to 44,13100,32000,,28,0
TH-101391,23/03/2025,personal,Bangkok,42,35 to 44,16600,42000,"35,000",0,0
TH-101392,06/02/2025,personal,Bangkok,38,35 to 44,12600,15000,"4,800",0,0
TH-101393,02/01/2024,auto,South,36,35 to 44,13300,29000,"12,600",0,0
TH-101394,10/09/2023,personal,Northeast,39,35 to 44,29000,75000,,0,0
TH-101395,01/01/2023,motorcycle,South,26,25 to 34,25500,178000,"138,700",117,1
TH-101396,14/02/2024,motorcycle,North,51,45 to 54,16200,63000,"39,300",0,0
TH-101397,03/05/2024,home_improvement,Bangkok,32,25 to 34,17000,57000,"29,300",0,0
TH-101398,01/10/2024,title_loan,South,28,25 to 34,9000,18000,,0,0
TH-101399,01/05/2023,personal,Bangkok,47,45 to 54,10700,39000,"29,500",23,0
TH-101400,29/12/2024,auto,Bangkok,44,35 to 44,37400,47000,"29,800",0,0
TH-101401,24/03/2024,motorcycle,Northeast,40,35 to 44,28300,217000,"24,200",0,0
TH-101402,15/06/2023,motorcycle,Northeast,33,25 to 34,52300,189000,"99,300",0,0
TH-101403,14/02/2025,auto,Central,32,25 to 34,26900,106000,"89,700",0,0
TH-101404,06/04/2024,auto,Northeast,29,25 to 34,27800,87000,"50,800",0,0
TH-101405,25/04/2025,title_loan,Central,22,Under 25,27900,72000,"39,800",0,0
TH-101406,21/02/2023,personal,Bangkok,34,25 to 34,56300,78000,"37,400",0,0
TH-101407,16/07/2024,personal,Northeast,23,Under 25,20800,40000,"19,100",0,0
TH-101408,09/10/2023,personal,Bangkok,46,45 to 54,,122000,"85,800",0,0
TH-101409,03/04/2025,motorcycle,South,42,35 to 44,17300,78000,"47,100",0,0
TH-101410,04/01/2023,motorcycle,South,50,45 to 54,18100,36000,"31,800",0,0
TH-101411,21/03/2024,personal,Central,54,45 to 54,24700,78000,"19,000",0,0
TH-101412,24/08/2024,auto,Bangkok,39,35 to 44,,52000,"37,400",0,0
TH-101413,15/02/2023,motorcycle,Bangkok,43,35 to 44,,61000,"50,200",0,0
TH-101414,18/08/2024,personal,Central,41,35 to 44,9000,21000,"19,400",0,0
TH-101415,26/01/2023,home_improvement,North,25,25 to 34,45400,111000,"52,700",0,0
TH-101416,17/08/2024,personal,Northeast,28,25 to 34,16300,37000,"14,600",0,0
TH-101417,18/03/2023,personal,Central,34,25 to 34,22500,71000,"49,300",0,0
TH-101418,09/04/2024,motorcycle,Bangkok,23,Under 25,,38000,"15,800",0,0
TH-101419,28/03/2023,motorcycle,Bangkok,34,25 to 34,19700,49000,"24,200",29,0
TH-101420,19/05/2024,auto,Northeast,26,25 to 34,62500,181000,"68,800",0,0
TH-101421,29/02/2024,title_loan,North,22,Under 25,35900,77000,"43,400",0,0
TH-101422,02/01/2024,personal,Central,50,45 to 54,22700,83000,"31,600",0,0
TH-101423,29/07/2023,auto,Central,43,35 to 44,10200,29000,"16,400",0,0
TH-101424,29/03/2025,personal,Bangkok,34,25 to 34,12200,47000,"19,900",21,0
TH-101425,31/07/2024,personal,Central,36,35 to 44,11700,33000,"8,100",0,0
TH-101426,05/08/2024,auto,Northeast,33,25 to 34,10700,45000,"24,000",152,1
TH-101427,16/02/2023,motorcycle,Northeast,25,25 to 34,47900,82000,"23,300",0,0
TH-101428,11/01/2023,home_improvement,Northeast,21,Under 25,22100,185000,"144,000",0,0
TH-101429,02/12/2023,title_loan,Bangkok,41,35 to 44,43600,164000,"121,100",0,0
TH-101430,15/08/2024,home_improvement,Bangkok,37,35 to 44,18100,38000,"25,700",0,0
TH-101431,18/07/2024,motorcycle,Bangkok,40,35 to 44,22700,43000,"29,400",0,0
TH-101432,12/03/2025,home_improvement,North,42,35 to 44,10600,44000,"23,900",0,0
TH-101433,03/03/2024,personal,Central,22,Under 25,17600,115000,"53,500",0,0
TH-101434,03/03/2025,motorcycle,Bangkok,40,35 to 44,,135000,"47,200",0,0
TH-101435,17/02/2023,auto,Northeast,25,25 to 34,40500,87000,,0,0
TH-101436,05/01/2024,personal,Bangkok,30,25 to 34,14800,46000,"38,300",0,0
TH-101437,15/05/2023,home_improvement,Bangkok,35,35 to 44,17600,31000,"14,700",21,0
TH-101438,08/06/2025,auto,Bangkok,23,Under 25,30900,112000,"20,200",0,0
TH-101439,30/09/2023,personal,Central,21,Under 25,27700,57000,"41,300",14,0
TH-101440,06/06/2025,auto,Central,32,25 to 34,22900,126000,"25,000",0,0
TH-101441,02/06/2023,motorcycle,Bangkok,38,35 to 44,11600,32000,"12,300",0,0
TH-101442,16/05/2025,auto,North,30,25 to 34,16200,17000,"9,800",0,0
TH-101443,29/04/2025,motorcycle,South,26,25 to 34,26400,50000,"30,400",0,0
TH-101444,16/03/2025,auto,Northeast,44,35 to 44,13500,43000,"10,700",0,0
TH-101445,09/07/2023,motorcycle,Bangkok,35,35 to 44,18300,45000,"41,000",0,0
TH-101446,25/11/2023,home_improvement,South,29,25 to 34,12100,15000,"11,900",0,0
TH-101447,09/03/2023,personal,Bangkok,37,35 to 44,9000,15000,"5,000",0,0
TH-101448,25/01/2024,personal,Northeast,40,35 to 44,49300,152000,"128,700",0,0
TH-101449,11/09/2023,home_improvement,Central,44,35 to 44,25700,34000,"17,600",15,0
TH-101450,13/04/2024,personal,North,26,25 to 34,64700,145000,"94,700",0,0
TH-101451,14/02/2024,title_loan,Northeast,25,25 to 34,46100,130000,"82,200",0,0
TH-101452,28/10/2024,auto,North,44,35 to 44,14900,27000,"17,200",0,0
TH-101453,31/05/2024,personal,Bangkok,40,35 to 44,,40000,"15,900",0,0
TH-101454,14/10/2023,personal,Bangkok,22,Under 25,9000,15000,"7,200",0,0
TH-101455,12/08/2023,personal,Central,28,25 to 34,25500,85000,"44,200",165,1
TH-101456,20/10/2024,motorcycle,Northeast,29,25 to 34,27600,62000,"53,400",0,0
TH-101457,16/10/2024,auto,Bangkok,26,25 to 34,21700,84000,,0,0
TH-101458,25/02/2024,auto,Central,26,25 to 34,22500,39000,"30,300",0,0
TH-101459,21/07/2024,home_improvement,Bangkok,29,25 to 34,17900,31000,"16,000",0,0
TH-101460,04/03/2025,title_loan,North,28,25 to 34,,77000,"51,800",0,0
TH-101461,12/07/2023,motorcycle,South,51,45 to 54,9000,17000,"12,700",0,0
TH-101462,29/10/2024,personal,North,40,35 to 44,23100,36000,"23,100",0,0
TH-101463,23/04/2023,motorcycle,North,39,35 to 44,14400,20000,"2,600",0,0
TH-101464,30/08/2024,auto,Bangkok,36,35 to 44,52800,140000,"94,100",0,0
TH-101465,26/12/2024,title_loan,Central,43,35 to 44,,23000,"19,600",0,0
TH-101466,31/01/2023,title_loan,Northeast,30,25 to 34,20400,107000,"50,300",0,0
TH-101467,02/04/2023,auto,Central,36,35 to 44,24000,81000,"58,300",0,0
TH-101468,09/04/2023,home_improvement,Northeast,27,25 to 34,28400,100000,"27,900",0,0
TH-101469,07/11/2023,auto,North,24,Under 25,18900,41000,"18,800",0,0
TH-101470,20/05/2025,personal,Bangkok,50,45 to 54,14900,47000,"16,500",0,0
TH-101471,02/07/2024,motorcycle,Northeast,31,25 to 34,,101000,"44,000",0,0
TH-101472,21/06/2024,motorcycle,Bangkok,44,35 to 44,9000,24000,"8,400",0,0
TH-101473,14/10/2024,personal,Bangkok,27,25 to 34,17300,28000,"17,700",0,0
TH-101474,18/04/2024,title_loan,Bangkok,48,45 to 54,24500,146000,"124,500",0,0
TH-101475,09/09/2024,motorcycle,Bangkok,47,45 to 54,13000,43000,"31,000",0,0
TH-101476,28/06/2024,personal,Northeast,33,25 to 34,9000,23000,"12,500",0,0
TH-101477,08/02/2025,title_loan,Northeast,34,25 to 34,30600,82000,"65,700",0,0
TH-101478,15/07/2023,personal,Central,53,45 to 54,12500,35000,"22,400",0,0
TH-101479,31/05/2024,title_loan,Northeast,53,45 to 54,32000,100000,"30,300",0,0
TH-101480,17/04/2024,personal,Northeast,49,45 to 54,9000,73000,"55,700",0,0
TH-101481,27/03/2025,motorcycle,Bangkok,27,25 to 34,14100,15000,"10,200",0,0
TH-101482,27/02/2024,auto,Central,25,25 to 34,16100,59000,"26,400",0,0
TH-101483,25/11/2024,motorcycle,Northeast,51,45 to 54,79000,149000,"134,200",0,0
TH-101484,01/02/2025,motorcycle,Northeast,31,25 to 34,12400,24000,"21,300",0,0
TH-101485,19/07/2024,motorcycle,Bangkok,23,Under 25,35100,92000,"66,000",0,0
TH-101486,01/10/2023,title_loan,Central,44,35 to 44,,27000,"3,700",0,0
TH-101487,06/07/2024,title_loan,Bangkok,22,Under 25,31400,60000,"17,700",0,0
TH-101488,28/02/2023,personal,Bangkok,28,25 to 34,29800,107000,"72,400",0,0
TH-101489,29/08/2023,motorcycle,South,32,25 to 34,29300,46000,"4,700",7,0
TH-101490,25/11/2023,motorcycle,Bangkok,21,Under 25,33800,114000,"77,800",0,0
TH-101491,04/06/2025,personal,Northeast,29,25 to 34,32600,251000,"165,700",0,0
TH-101492,27/10/2023,auto,North,33,25 to 34,21900,46000,"31,400",0,0
TH-101493,16/09/2024,motorcycle,Central,26,25 to 34,31100,59000,"32,800",52,1
TH-101494,02/01/2024,motorcycle,Central,26,25 to 34,16000,56000,"32,300",0,0
TH-101495,07/05/2023,auto,North,28,25 to 34,41200,81000,"33,100",0,0
TH-101496,17/04/2025,personal,Bangkok,33,25 to 34,23400,56000,"42,000",19,0
TH-101497,06/01/2025,motorcycle,North,30,25 to 34,45500,62000,"14,600",0,0
TH-101498,26/12/2024,motorcycle,Central,42,35 to 44,13100,18000,"9,900",0,0
TH-101499,24/09/2023,personal,Bangkok,23,Under 25,33800,196000,"84,500",80,1
TH-101500,08/10/2024,motorcycle,Bangkok,47,45 to 54,18000,68000,"52,100",139,1
TH-101501,15/04/2023,motorcycle,Bangkok,22,Under 25,19000,32000,"22,700",169,1
TH-101502,12/01/2024,home_improvement,Northeast,36,35 to 44,,79000,"44,200",0,0
TH-101503,10/06/2023,home_improvement,South,32,25 to 34,29500,97000,"45,400",0,0
TH-101504,20/05/2024,motorcycle,North,46,45 to 54,9000,20000,"7,800",0,0
TH-101505,11/03/2023,personal,Northeast,33,25 to 34,19800,62000,"52,100",0,0
TH-101506,16/01/2025,motorcycle,Central,23,Under 25,9000,29000,"3,400",145,1
TH-101507,16/07/2023,motorcycle,Bangkok,43,35 to 44,44500,78000,"31,800",0,0
TH-101508,18/03/2023,auto,South,44,35 to 44,13700,19000,"9,700",0,0
TH-101509,22/06/2023,personal,Central,53,45 to 54,30100,137000,"83,000",0,0
TH-101510,29/07/2023,auto,North,31,25 to 34,15900,49000,"11,000",0,0
TH-101511,03/07/2023,personal,Northeast,24,Under 25,18800,55000,"11,300",0,0
TH-101512,07/12/2024,auto,Central,46,45 to 54,15700,32000,"5,900",0,0
TH-101513,19/07/2024,motorcycle,Bangkok,54,45 to 54,35100,54000,"39,100",0,0
TH-101514,30/10/2024,home_improvement,Northeast,38,35 to 44,14900,43000,"26,700",6,0
TH-101515,29/07/2023,auto,Central,35,35 to 44,48800,143000,"127,400",0,0
TH-101516,31/05/2023,personal,Bangkok,25,25 to 34,12800,33000,"28,700",0,0
TH-101517,09/03/2024,motorcycle,Northeast,39,35 to 44,11300,38000,"26,100",0,0
TH-101518,10/04/2023,personal,North,25,25 to 34,28500,139000,"80,500",134,1
TH-101519,12/05/2024,home_improvement,Bangkok,29,25 to 34,17200,53000,"33,200",0,0
TH-101520,27/04/2024,personal,Bangkok,32,25 to 34,20800,49000,"38,100",0,0
TH-101521,14/04/2024,motorcycle,Bangkok,24,Under 25,19300,85000,"77,000",0,0
TH-101522,08/10/2023,home_improvement,Bangkok,27,25 to 34,14900,68000,"55,700",0,0
TH-101523,01/04/2025,motorcycle,Bangkok,28,25 to 34,23500,56000,"44,200",0,0
TH-101524,26/11/2023,personal,Bangkok,41,35 to 44,9100,18000,"13,000",0,0
TH-101525,25/07/2024,motorcycle,Central,50,45 to 54,39400,151000,"89,600",0,0
TH-101526,30/08/2023,personal,Bangkok,40,35 to 44,125300,669000,"430,600",9,0
TH-101527,22/02/2023,auto,Central,33,25 to 34,41000,42000,"36,700",0,0
TH-101528,04/11/2023,auto,Northeast,50,45 to 54,24600,127000,"110,300",124,1
TH-101529,21/02/2024,motorcycle,Central,26,25 to 34,11700,30000,"10,500",32,1
TH-101530,28/01/2024,auto,North,41,35 to 44,18500,108000,"80,000",0,0
TH-101531,29/08/2024,personal,North,52,45 to 54,9900,43000,"17,800",0,0
TH-101532,19/07/2024,personal,Bangkok,35,35 to 44,24700,119000,"91,000",0,0
TH-101533,21/09/2024,motorcycle,South,24,Under 25,9000,29000,,0,0
TH-101534,05/03/2025,personal,Northeast,42,35 to 44,22000,54000,"46,400",0,0
TH-101535,22/02/2023,motorcycle,Northeast,47,45 to 54,14400,48000,"29,800",0,0
TH-101536,29/10/2024,auto,North,26,25 to 34,9000,20000,"18,800",0,0
TH-101537,08/09/2023,motorcycle,South,54,45 to 54,18200,91000,"33,400",0,0
TH-101538,10/04/2025,personal,Central,53,45 to 54,52700,67000,"32,800",0,0
TH-101539,23/10/2023,home_improvement,Bangkok,38,35 to 44,9600,21000,"16,200",28,0
TH-101540,20/06/2024,personal,Central,25,25 to 34,,36000,"29,700",0,0
TH-101541,07/01/2024,motorcycle,North,30,25 to 34,35500,71000,"28,700",0,0
TH-101542,07/11/2023,auto,North,25,25 to 34,9600,21000,"8,400",0,0
TH-101543,19/12/2024,auto,Central,42,35 to 44,,33000,"22,200",0,0
TH-101544,25/08/2023,motorcycle,Central,38,35 to 44,30300,85000,"13,600",0,0
TH-101545,26/04/2025,motorcycle,North,23,Under 25,13100,33000,"18,000",161,1
TH-101546,20/10/2024,auto,Bangkok,23,Under 25,,87000,"51,900",0,0
TH-101547,25/06/2023,motorcycle,Bangkok,28,25 to 34,22100,82000,"77,900",0,0
TH-101548,05/03/2025,auto,Central,25,25 to 34,9000,45000,"21,100",65,1
TH-101549,16/03/2023,personal,Bangkok,33,25 to 34,9500,37000,"13,500",0,0
TH-101550,15/01/2023,auto,Bangkok,42,35 to 44,10300,24000,"9,100",0,0
TH-101551,20/04/2025,auto,Central,48,45 to 54,,73000,"36,700",0,0
TH-101552,16/10/2023,motorcycle,Bangkok,21,Under 25,,68000,"48,400",0,0
TH-101553,26/04/2024,home_improvement,North,34,25 to 34,90300,220000,"23,900",0,0
TH-101554,11/01/2024,home_improvement,Central,25,25 to 34,,72000,"44,100",118,1
TH-101555,01/11/2023,auto,North,31,25 to 34,15400,56000,"25,400",0,0
TH-101556,27/04/2025,motorcycle,Bangkok,36,35 to 44,16200,45000,"27,000",0,0
TH-101557,10/07/2024,auto,Bangkok,31,25 to 34,15000,51000,"23,100",0,0
TH-101558,15/11/2024,home_improvement,Northeast,49,45 to 54,47700,265000,"165,700",0,0
TH-101559,04/02/2023,auto,Bangkok,23,Under 25,21500,33000,"26,900",0,0
TH-101560,25/11/2024,title_loan,North,30,25 to 34,20300,78000,"27,700",22,0
TH-101561,01/03/2024,home_improvement,South,34,25 to 34,45700,150000,"110,700",0,0
TH-101562,29/06/2023,personal,Bangkok,37,35 to 44,10900,38000,"21,900",16,0
TH-101563,08/05/2023,motorcycle,North,35,35 to 44,24100,38000,"30,500",0,0
TH-101564,03/04/2025,auto,Bangkok,50,45 to 54,,82000,"49,000",0,0
TH-101565,22/04/2025,home_improvement,Northeast,29,25 to 34,36400,54000,"36,700",0,0
TH-101566,04/01/2025,personal,Central,31,25 to 34,30500,140000,"30,900",107,1
TH-101567,12/02/2023,title_loan,North,26,25 to 34,15200,28000,"4,800",0,0
TH-101568,18/12/2024,auto,Central,30,25 to 34,10400,27000,"12,600",11,0
TH-101569,16/01/2024,personal,Central,45,45 to 54,13000,62000,"35,200",0,0
TH-101570,19/08/2023,motorcycle,Central,49,45 to 54,53200,427000,"188,800",0,0
TH-101571,30/11/2023,auto,South,51,45 to 54,19500,47000,"25,800",0,0
TH-101572,13/08/2023,home_improvement,Northeast,25,25 to 34,42700,78000,"38,100",0,0
TH-101573,20/04/2023,personal,North,28,25 to 34,22700,75000,"47,100",8,0
TH-101574,09/12/2024,home_improvement,Bangkok,24,Under 25,25100,78000,"34,300",0,0
TH-101575,16/12/2024,auto,South,26,25 to 34,9000,17000,"12,900",0,0
TH-101576,18/07/2023,home_improvement,Central,49,45 to 54,12400,41000,"30,600",0,0
TH-101577,27/03/2024,personal,Central,31,25 to 34,16000,45000,"24,300",0,0
TH-101578,13/01/2024,motorcycle,Central,33,25 to 34,38200,156000,"103,700",11,0
TH-101579,28/04/2023,title_loan,South,25,25 to 34,15500,75000,"45,900",0,0
TH-101580,24/10/2024,title_loan,Central,23,Under 25,23800,102000,"69,200",24,0
TH-101581,12/06/2025,personal,Central,45,45 to 54,13600,18000,"8,100",6,0
TH-101582,24/03/2025,personal,North,51,45 to 54,13200,40000,"20,700",0,0
TH-101583,13/12/2023,personal,Bangkok,31,25 to 34,14400,33000,"26,200",0,0
TH-101584,20/01/2023,title_loan,North,37,35 to 44,36000,121000,"50,100",25,0
TH-101585,25/08/2024,motorcycle,North,46,45 to 54,16600,27000,"19,400",0,0
TH-101586,02/12/2024,motorcycle,North,41,35 to 44,25600,34000,"21,500",0,0
TH-101587,11/05/2023,auto,North,34,25 to 34,22200,96000,"50,400",0,0
TH-101588,11/02/2025,home_improvement,Northeast,33,25 to 34,25400,44000,"34,200",0,0
TH-101589,20/07/2023,auto,Bangkok,38,35 to 44,21200,43000,"37,900",0,0
TH-101590,14/08/2024,auto,South,38,35 to 44,20700,87000,"63,000",4,0
TH-101591,13/07/2024,personal,South,28,25 to 34,18100,75000,"29,600",0,0
TH-101592,01/04/2024,motorcycle,Bangkok,50,45 to 54,9800,19000,"6,100",0,0
TH-101593,18/09/2023,personal,Bangkok,48,45 to 54,12000,18000,"15,600",0,0
TH-101594,19/11/2024,motorcycle,Bangkok,29,25 to 34,17600,71000,"54,900",16,0
TH-101595,27/06/2023,auto,South,44,35 to 44,21900,80000,"29,500",0,0
TH-101596,27/03/2023,motorcycle,Northeast,25,25 to 34,16800,23000,"12,400",16,0
TH-101597,23/09/2024,motorcycle,Northeast,32,25 to 34,27100,59000,"27,000",0,0
TH-101598,16/06/2023,auto,North,24,Under 25,37600,273000,"120,100",93,1
TH-101599,02/04/2023,personal,Bangkok,28,25 to 34,14500,35000,"20,600",0,0
TH-101600,11/04/2025,auto,Bangkok,28,25 to 34,,20000,"8,300",0,0
TH-101601,04/05/2025,auto,South,42,35 to 44,14400,86000,"56,900",30,0
TH-101602,29/04/2023,motorcycle,Bangkok,43,35 to 44,47600,113000,"91,700",0,0
TH-101603,19/03/2024,home_improvement,Central,47,45 to 54,37200,101000,"62,000",0,0
TH-101604,02/02/2025,personal,Northeast,45,45 to 54,17300,59000,"15,200",0,0
TH-101605,26/06/2023,personal,Bangkok,30,25 to 34,46700,117000,"28,900",0,0
TH-101606,29/03/2024,home_improvement,Bangkok,25,25 to 34,18300,66000,"46,600",0,0
TH-101607,21/01/2025,personal,Northeast,31,25 to 34,25900,69000,"18,700",0,0
TH-101608,04/06/2025,motorcycle,Bangkok,39,35 to 44,17000,33000,"11,600",0,0
TH-101609,09/06/2025,motorcycle,North,28,25 to 34,13900,31000,"27,300",0,0
TH-101610,25/10/2024,personal,Bangkok,26,25 to 34,10600,20000,"16,900",0,0
TH-101611,13/12/2024,motorcycle,South,37,35 to 44,14600,64000,"23,600",0,0
TH-101612,12/05/2024,motorcycle,Bangkok,40,35 to 44,24600,138000,"54,900",12,0
TH-101613,01/08/2023,home_improvement,Central,42,35 to 44,,194000,"121,900",0,0
TH-101614,29/04/2023,home_improvement,Central,35,35 to 44,9000,15000,"13,000",0,0
TH-101615,28/02/2025,motorcycle,North,26,25 to 34,13900,34000,"23,400",0,0
TH-101616,15/04/2023,motorcycle,Bangkok,27,25 to 34,23500,66000,"48,000",14,0
TH-101617,08/08/2023,motorcycle,South,35,35 to 44,12200,22000,"15,700",0,0
TH-101618,01/11/2024,title_loan,Bangkok,25,25 to 34,26800,54000,"26,400",0,0
TH-101619,25/05/2023,motorcycle,Northeast,50,45 to 54,19900,64000,"46,300",0,0
TH-101620,22/07/2024,home_improvement,Bangkok,41,35 to 44,11700,79000,"29,100",27,0
TH-101621,13/12/2024,motorcycle,Bangkok,24,Under 25,9000,31000,"21,600",0,0
TH-101622,27/04/2025,personal,North,22,Under 25,20100,36000,"14,000",10,0
TH-101623,27/01/2024,personal,Central,46,45 to 54,19900,50000,"7,200",0,0
TH-101624,03/03/2024,motorcycle,Northeast,23,Under 25,23900,41000,"26,400",0,0
TH-101625,10/05/2024,title_loan,Bangkok,42,35 to 44,21600,35000,"15,200",0,0
TH-101626,03/03/2025,home_improvement,South,31,25 to 34,29900,74000,"19,800",0,0
TH-101627,24/05/2024,title_loan,Northeast,32,25 to 34,16600,62000,"44,700",0,0
TH-101628,30/06/2023,motorcycle,Central,25,25 to 34,20600,81000,"66,200",0,0
TH-101629,19/10/2024,auto,Bangkok,30,25 to 34,38100,118000,"66,200",0,0
TH-101630,26/12/2024,motorcycle,Northeast,43,35 to 44,14300,21000,"19,100",0,0
TH-101631,24/02/2025,motorcycle,Central,39,35 to 44,26100,23000,"10,900",0,0
TH-101632,15/05/2025,home_improvement,North,33,25 to 34,,97000,"46,600",0,0
TH-101633,12/07/2023,personal,South,21,Under 25,,76000,"51,500",79,1
TH-101634,05/04/2025,auto,Northeast,26,25 to 34,16100,36000,"16,800",0,0
TH-101635,21/05/2023,motorcycle,Central,42,35 to 44,9000,31000,"14,800",0,0
TH-101636,11/01/2024,motorcycle,Northeast,44,35 to 44,13600,41000,"34,900",0,0
TH-101637,12/03/2024,motorcycle,North,33,25 to 34,28200,100000,"54,300",0,0
TH-101638,26/12/2023,motorcycle,Bangkok,28,25 to 34,23100,26000,"17,600",8,0
TH-101639,14/02/2023,home_improvement,South,42,35 to 44,15600,71000,"52,500",48,1
TH-101640,06/03/2023,personal,Bangkok,46,45 to 54,19300,112000,"55,300",0,0
TH-101641,09/03/2023,motorcycle,Northeast,32,25 to 34,11800,21000,"16,800",0,0
TH-101642,22/04/2023,personal,Bangkok,35,35 to 44,19600,55000,"27,900",0,0
TH-101643,17/11/2024,personal,Northeast,23,Under 25,35300,63000,"21,100",0,0
TH-101644,16/12/2023,auto,North,39,35 to 44,29900,102000,"37,300",0,0
TH-101645,17/05/2023,personal,South,41,35 to 44,12100,64000,"56,900",0,0
TH-101646,29/09/2023,motorcycle,Central,31,25 to 34,14500,51000,"38,300",10,0
TH-101647,10/02/2024,auto,Northeast,26,25 to 34,24700,109000,"59,100",20,0
TH-101648,26/10/2024,auto,Bangkok,23,Under 25,33400,151000,"85,700",0,0
TH-101649,16/07/2023,auto,North,37,35 to 44,22800,67000,"55,500",0,0
TH-101650,23/04/2023,auto,Central,34,25 to 34,14100,19000,"12,900",23,0
TH-101651,21/07/2024,personal,Central,26,25 to 34,13300,41000,"19,000",0,0
TH-101652,28/01/2025,home_improvement,Bangkok,44,35 to 44,48100,237000,"186,000",135,1
TH-101653,01/10/2023,motorcycle,South,38,35 to 44,19900,38000,"19,800",2,0
TH-101654,09/02/2023,personal,Bangkok,34,25 to 34,33500,114000,"66,700",0,0
TH-101655,08/05/2023,personal,Bangkok,38,35 to 44,15600,42000,"30,800",0,0
TH-101656,04/07/2023,personal,Central,27,25 to 34,,137000,"87,300",12,0
TH-101657,28/01/2024,personal,North,40,35 to 44,28500,88000,"50,100",20,0
TH-101658,25/03/2023,motorcycle,North,21,Under 25,13300,65000,"45,000",0,0
TH-101659,08/05/2025,personal,South,30,25 to 34,19900,32000,"15,800",0,0
TH-101660,16/05/2025,personal,North,28,25 to 34,26200,55000,"11,800",0,0
TH-101661,05/07/2024,personal,Northeast,34,25 to 34,21000,53000,"33,900",0,0
TH-101662,03/12/2023,personal,North,35,35 to 44,19400,26000,"14,000",20,0
TH-101663,11/09/2024,personal,Bangkok,42,35 to 44,14900,31000,"10,200",0,0
TH-101664,17/04/2023,home_improvement,Bangkok,33,25 to 34,17300,95000,"86,200",0,0
TH-101665,02/10/2024,title_loan,Northeast,34,25 to 34,26400,57000,"26,500",0,0
TH-101666,04/01/2025,personal,Central,28,25 to 34,9000,28000,"14,100",0,0
TH-101667,24/04/2023,personal,Northeast,22,Under 25,22700,87000,"61,400",0,0
TH-101668,25/12/2023,motorcycle,North,41,35 to 44,,25000,"16,600",0,0
TH-101669,26/04/2025,auto,Northeast,29,25 to 34,15300,26000,,0,0
TH-101670,13/05/2024,personal,Northeast,24,Under 25,34900,82000,"41,600",0,0
TH-101671,20/02/2024,motorcycle,North,23,Under 25,41800,51000,"37,200",0,0
TH-101672,22/04/2025,motorcycle,North,40,35 to 44,36800,81000,"65,500",0,0
TH-101673,15/01/2024,personal,Northeast,28,25 to 34,22400,56000,"46,100",75,1
TH-101674,04/02/2024,title_loan,Central,28,25 to 34,23100,45000,"21,300",0,0
TH-101675,15/06/2023,personal,North,33,25 to 34,16600,35000,"15,200",0,0
TH-101676,21/03/2023,personal,South,52,45 to 54,26500,31000,"14,900",0,0
TH-101677,22/12/2024,title_loan,Northeast,37,35 to 44,33200,53000,"23,800",0,0
TH-101678,21/07/2024,home_improvement,Bangkok,45,45 to 54,10100,34000,"24,300",0,0
TH-101679,17/06/2023,home_improvement,Northeast,22,Under 25,13000,53000,"35,800",0,0
TH-101680,04/10/2023,home_improvement,North,25,25 to 34,33200,56000,"31,600",0,0
TH-101681,09/02/2023,motorcycle,North,23,Under 25,25000,143000,"108,900",0,0
TH-101682,17/09/2024,motorcycle,North,34,25 to 34,11100,52000,"36,700",0,0
TH-101683,29/09/2023,auto,South,37,35 to 44,19900,60000,"43,100",10,0
TH-101684,07/02/2025,motorcycle,Northeast,34,25 to 34,,49000,"25,400",0,0
TH-101685,17/03/2024,auto,Northeast,50,45 to 54,27700,76000,"46,100",13,0
TH-101686,06/11/2023,title_loan,Bangkok,44,35 to 44,25300,118000,"62,400",0,0
TH-101687,30/09/2023,motorcycle,Bangkok,39,35 to 44,19900,55000,"44,500",0,0
TH-101688,04/08/2024,home_improvement,South,30,25 to 34,28700,143000,"101,600",0,0
TH-101689,13/03/2023,motorcycle,Northeast,45,45 to 54,17500,51000,"25,600",0,0
TH-101690,30/05/2025,motorcycle,Northeast,45,45 to 54,87000,724000,"522,800",0,0
TH-101691,02/04/2025,auto,South,37,35 to 44,29700,75000,"31,800",0,0
TH-101692,18/04/2023,home_improvement,North,42,35 to 44,,50000,"33,100",0,0
TH-101693,04/05/2025,personal,Bangkok,23,Under 25,20600,38000,"26,500",0,0
TH-101694,16/04/2023,motorcycle,Central,33,25 to 34,11400,53000,"34,800",0,0
TH-101695,14/02/2025,personal,Bangkok,34,25 to 34,25800,61000,"23,300",0,0
TH-101696,19/12/2023,auto,Bangkok,51,45 to 54,15800,32000,"20,000",0,0
TH-101697,11/08/2024,personal,Northeast,34,25 to 34,38500,190000,"167,700",0,0
TH-101698,13/03/2025,motorcycle,Bangkok,40,35 to 44,38800,76000,"21,500",0,0
TH-101699,24/12/2023,personal,Central,27,25 to 34,35900,125000,"40,300",0,0
TH-101700,22/01/2023,personal,North,23,Under 25,13200,21000,"16,400",0,0
TH-101701,04/04/2024,personal,Central,52,45 to 54,34100,91000,"12,100",0,0
TH-101702,14/01/2025,personal,Bangkok,30,25 to 34,12700,35000,,3,0
TH-101703,24/09/2023,home_improvement,Bangkok,31,25 to 34,11800,22000,"17,600",0,0
TH-101704,16/08/2023,auto,Northeast,28,25 to 34,52400,179000,"78,000",0,0
TH-101705,07/02/2023,personal,Central,49,45 to 54,20700,58000,"32,700",0,0
TH-101706,23/03/2025,motorcycle,Northeast,24,Under 25,9000,18000,"10,700",10,0
TH-101707,03/06/2024,motorcycle,North,21,Under 25,32100,114000,"77,300",0,0
TH-101708,16/01/2023,motorcycle,Bangkok,47,45 to 54,43000,129000,"74,200",0,0
TH-101709,17/06/2023,personal,Bangkok,40,35 to 44,38000,64000,"40,400",0,0
TH-101710,22/04/2023,motorcycle,North,26,25 to 34,9600,35000,"13,600",23,0
TH-101711,28/09/2024,motorcycle,Central,31,25 to 34,14600,38000,"11,200",0,0
TH-101712,18/06/2023,auto,Bangkok,43,35 to 44,23200,43000,"9,500",0,0
TH-101713,04/07/2023,motorcycle,South,31,25 to 34,50300,136000,"92,000",0,0
TH-101714,19/05/2023,personal,Central,39,35 to 44,56200,225000,"51,100",0,0
TH-101715,01/04/2023,motorcycle,Bangkok,35,35 to 44,17700,22000,"11,300",0,0
TH-101716,01/01/2025,home_improvement,Central,25,25 to 34,9000,37000,"17,900",149,1
TH-101717,20/07/2024,auto,Northeast,52,45 to 54,14400,70000,"54,600",0,0
TH-101718,18/07/2023,auto,Northeast,30,25 to 34,50500,101000,"44,200",29,0
TH-101719,21/01/2023,personal,Bangkok,32,25 to 34,16700,120000,"22,500",0,0
TH-101720,12/02/2025,auto,Central,23,Under 25,21800,90000,"15,900",0,0
TH-101721,21/11/2024,auto,Bangkok,29,25 to 34,,15000,"4,400",0,0
TH-101722,05/12/2024,home_improvement,Bangkok,44,35 to 44,14800,28000,"3,700",27,0
TH-101723,18/06/2023,title_loan,Northeast,37,35 to 44,17600,42000,"10,300",0,0
TH-101724,18/10/2024,motorcycle,North,31,25 to 34,20700,55000,"25,100",0,0
TH-101725,01/12/2023,auto,North,34,25 to 34,22400,100000,"33,200",0,0
TH-101726,28/09/2023,personal,Bangkok,28,25 to 34,12100,39000,"13,300",0,0
TH-101727,31/05/2025,motorcycle,North,49,45 to 54,12300,46000,"40,400",0,0
TH-101728,26/05/2023,motorcycle,Central,37,35 to 44,13400,21000,"10,200",0,0
TH-101729,12/01/2024,personal,Northeast,24,Under 25,55800,174000,"76,400",0,0
TH-101730,24/03/2025,motorcycle,Central,50,45 to 54,14000,40000,"31,600",0,0
TH-101731,20/12/2023,motorcycle,Bangkok,25,25 to 34,32500,170000,"124,100",0,0
TH-101732,04/11/2024,auto,Bangkok,41,35 to 44,,24000,"16,500",0,0
TH-101733,01/08/2024,motorcycle,Bangkok,28,25 to 34,27900,77000,"52,500",0,0
TH-101734,29/06/2023,auto,Northeast,24,Under 25,17100,28000,"16,500",0,0
TH-101735,02/09/2024,motorcycle,South,32,25 to 34,28400,58000,"39,100",0,0
TH-101736,01/04/2025,title_loan,Bangkok,50,45 to 54,11900,27000,"25,400",0,0
TH-101737,18/06/2023,motorcycle,Bangkok,34,25 to 34,19500,58000,"16,800",0,0
TH-101738,18/08/2023,personal,Northeast,24,Under 25,,31000,"6,900",7,0
TH-101739,17/02/2025,home_improvement,Northeast,38,35 to 44,28700,90000,"37,200",0,0
TH-101740,22/03/2023,home_improvement,North,43,35 to 44,20400,78000,"50,300",0,0
TH-101741,28/09/2023,personal,North,22,Under 25,17200,28000,"18,300",0,0
TH-101742,26/09/2024,motorcycle,Northeast,28,25 to 34,16600,52000,"42,200",0,0
TH-101743,01/10/2024,auto,South,41,35 to 44,10500,20000,"14,700",0,0
TH-101744,04/11/2024,motorcycle,North,29,25 to 34,,40000,"24,000",0,0
TH-101745,05/02/2023,personal,Northeast,33,25 to 34,30600,186000,"109,800",169,1
TH-101746,24/03/2025,motorcycle,Northeast,22,Under 25,,18000,"6,100",0,0
TH-101747,11/09/2024,home_improvement,South,26,25 to 34,46200,132000,"81,700",0,0
TH-101748,15/04/2023,personal,Bangkok,28,25 to 34,45100,116000,,0,0
TH-101749,05/02/2023,personal,Bangkok,39,35 to 44,11000,35000,"17,200",66,1
TH-101750,05/03/2025,personal,Northeast,45,45 to 54,11800,42000,"34,600",25,0
TH-101751,09/12/2024,personal,Bangkok,39,35 to 44,,35000,"11,700",26,0
TH-101752,06/03/2024,motorcycle,Bangkok,38,35 to 44,51700,275000,"117,700",0,0
TH-101753,20/08/2024,home_improvement,Central,53,45 to 54,37300,92000,"50,200",0,0
TH-101754,02/05/2025,personal,Northeast,31,25 to 34,11600,23000,"11,700",0,0
TH-101755,26/03/2024,personal,North,36,35 to 44,,44000,"32,700",0,0
TH-101756,17/05/2024,personal,North,43,35 to 44,12200,31000,"12,600",0,0
TH-101757,27/06/2024,motorcycle,North,25,25 to 34,13400,27000,"22,500",0,0
TH-101758,23/04/2023,title_loan,Northeast,52,45 to 54,12300,25000,,0,0
TH-101759,05/03/2023,motorcycle,North,35,35 to 44,48200,200000,"54,400",0,0
TH-101760,02/01/2024,motorcycle,South,38,35 to 44,31700,72000,"62,900",0,0
TH-101761,01/05/2025,personal,North,28,25 to 34,10800,29000,"16,800",0,0
TH-101762,13/05/2023,motorcycle,South,30,25 to 34,26700,42000,"9,600",0,0
TH-101763,02/05/2024,personal,Central,38,35 to 44,12200,15000,"11,400",0,0
TH-101764,29/05/2024,personal,Bangkok,44,35 to 44,27600,78000,"56,700",0,0
TH-101765,21/11/2023,motorcycle,North,26,25 to 34,32700,86000,"51,500",0,0
TH-101766,11/05/2023,auto,Northeast,40,35 to 44,29200,118000,"68,300",44,1
TH-101767,27/10/2024,home_improvement,South,24,Under 25,32400,62000,"41,700",0,0
TH-101768,11/05/2025,motorcycle,Northeast,30,25 to 34,9000,23000,"11,600",0,0
TH-101769,06/02/2025,personal,Central,29,25 to 34,54500,174000,"156,500",0,0
TH-101770,24/07/2023,home_improvement,Northeast,50,45 to 54,31800,51000,"36,700",12,0
TH-101771,22/10/2024,personal,Bangkok,43,35 to 44,10000,31000,"10,400",0,0
TH-101772,26/05/2023,auto,Bangkok,24,Under 25,10700,16000,"4,700",12,0
TH-101773,10/07/2024,auto,Central,30,25 to 34,49600,380000,"130,800",0,0
TH-101774,10/08/2023,motorcycle,Bangkok,30,25 to 34,10500,18000,"14,100",0,0
TH-101775,26/09/2024,personal,North,29,25 to 34,13800,32000,"19,300",0,0
TH-101776,10/07/2023,motorcycle,Bangkok,26,25 to 34,16200,47000,"27,500",0,0
TH-101777,23/05/2023,personal,Northeast,26,25 to 34,24000,124000,"39,700",0,0
TH-101778,29/01/2023,home_improvement,North,30,25 to 34,34200,66000,"18,800",0,0
TH-101779,02/12/2024,home_improvement,Central,29,25 to 34,14100,17000,"9,000",0,0
TH-101780,13/02/2024,home_improvement,Bangkok,48,45 to 54,22500,84000,"46,600",0,0
TH-101781,27/07/2024,motorcycle,Central,25,25 to 34,,31000,"24,700",0,0
TH-101782,01/03/2023,motorcycle,Bangkok,29,25 to 34,13800,47000,"45,900",0,0
TH-101783,03/05/2024,home_improvement,South,41,35 to 44,37100,71000,"33,800",0,0
TH-101784,15/03/2024,motorcycle,Northeast,33,25 to 34,,208000,,24,0
TH-101785,27/11/2023,personal,South,48,45 to 54,39000,85000,"42,100",49,1
TH-101786,02/04/2024,personal,Bangkok,25,25 to 34,9000,18000,"15,800",0,0
TH-101787,01/11/2024,title_loan,Bangkok,47,45 to 54,24000,58000,"43,000",0,0
TH-101788,21/02/2023,motorcycle,South,33,25 to 34,43000,220000,"148,100",0,0
TH-101789,30/12/2023,personal,Bangkok,33,25 to 34,,27000,"16,200",0,0
TH-101790,07/02/2025,personal,North,37,35 to 44,16800,53000,"41,400",0,0
TH-101791,07/10/2023,home_improvement,North,35,35 to 44,19100,22000,"18,200",0,0
TH-101792,29/07/2024,auto,Central,38,35 to 44,14600,38000,"9,100",0,0
TH-101793,25/04/2025,motorcycle,South,27,25 to 34,19800,46000,"3,300",0,0
TH-101794,15/03/2025,title_loan,South,39,35 to 44,21000,53000,"17,300",55,1
TH-101795,23/04/2023,title_loan,Bangkok,23,Under 25,88900,573000,"190,600",130,1
TH-101796,27/05/2025,personal,Northeast,53,45 to 54,51300,127000,"59,600",0,0
TH-101797,14/11/2023,home_improvement,North,24,Under 25,20500,60000,"34,900",0,0
TH-101798,16/04/2024,personal,Bangkok,40,35 to 44,,36000,"22,900",0,0
TH-101799,11/07/2023,home_improvement,North,22,Under 25,26700,130000,"55,400",0,0
TH-101800,07/05/2025,home_improvement,Bangkok,43,35 to 44,14600,40000,"37,000",0,0
TH-101801,13/12/2023,motorcycle,Northeast,52,45 to 54,43100,169000,"137,900",14,0
TH-101802,17/07/2024,auto,Central,37,35 to 44,19000,52000,"31,900",0,0
TH-101803,02/01/2025,auto,South,40,35 to 44,25900,83000,"62,300",0,0
TH-101804,08/04/2025,auto,Bangkok,25,25 to 34,52100,92000,"73,500",0,0
TH-101805,21/11/2023,motorcycle,North,44,35 to 44,9000,49000,"24,400",0,0
TH-101806,21/03/2024,motorcycle,North,44,35 to 44,20700,42000,"10,400",0,0
TH-101807,20/04/2023,motorcycle,North,25,25 to 34,9000,26000,"22,400",0,0
TH-101808,10/07/2024,motorcycle,Bangkok,26,25 to 34,,54000,"27,400",0,0
TH-101809,20/04/2025,motorcycle,South,22,Under 25,22300,58000,"27,700",0,0
TH-101810,22/04/2024,auto,Bangkok,32,25 to 34,61200,128000,"61,700",26,0
TH-101811,07/03/2025,motorcycle,Bangkok,26,25 to 34,10000,23000,,0,0
TH-101812,19/07/2023,motorcycle,Bangkok,22,Under 25,18700,77000,"73,900",0,0
TH-101813,26/06/2024,personal,Bangkok,31,25 to 34,11600,24000,"13,400",0,0
TH-101814,16/03/2025,home_improvement,North,48,45 to 54,18400,47000,"30,800",0,0
TH-101815,07/06/2024,auto,South,30,25 to 34,22000,75000,"27,700",7,0
TH-101816,28/02/2023,title_loan,North,34,25 to 34,10800,42000,"27,500",0,0
TH-101817,10/02/2024,personal,South,21,Under 25,47400,65000,"6,900",7,0
TH-101818,25/05/2024,auto,Bangkok,25,25 to 34,9000,32000,"9,200",0,0
TH-101819,14/06/2024,auto,Northeast,42,35 to 44,,172000,"116,700",0,0
TH-101820,10/02/2025,motorcycle,Northeast,51,45 to 54,21100,70000,"56,800",0,0
TH-101821,31/03/2024,motorcycle,South,34,25 to 34,67900,214000,"159,500",0,0
TH-101822,30/03/2024,auto,Northeast,31,25 to 34,9900,25000,"14,400",0,0
TH-101823,31/03/2024,home_improvement,Central,22,Under 25,21100,36000,"28,700",0,0
TH-101824,27/12/2024,motorcycle,Northeast,24,Under 25,,70000,"31,300",1,0
TH-101825,20/10/2024,personal,Northeast,41,35 to 44,16500,57000,"21,600",167,1
TH-101826,08/01/2025,motorcycle,Central,42,35 to 44,14700,63000,"28,000",0,0
TH-101827,12/02/2025,motorcycle,Bangkok,32,25 to 34,9000,27000,"21,400",4,0
TH-101828,17/02/2025,personal,Central,30,25 to 34,13500,32000,"6,800",0,0
TH-101829,21/04/2025,personal,Bangkok,48,45 to 54,14100,40000,"31,500",0,0
TH-101830,16/06/2024,auto,Northeast,44,35 to 44,28800,68000,"54,100",0,0
TH-101831,21/09/2024,motorcycle,Central,43,35 to 44,18000,85000,"44,600",45,1
TH-101832,13/02/2025,motorcycle,South,21,Under 25,13300,16000,"8,500",0,0
TH-101833,08/04/2025,auto,Bangkok,54,45 to 54,19500,70000,"22,500",0,0
TH-101834,05/06/2024,personal,North,21,Under 25,28300,97000,"36,000",0,0
TH-101835,03/09/2023,auto,Bangkok,43,35 to 44,9000,30000,"22,600",0,0
TH-101836,12/05/2025,motorcycle,Bangkok,21,Under 25,10000,35000,"32,100",113,1
TH-101837,19/10/2023,personal,Bangkok,23,Under 25,34700,63000,"49,300",26,0
TH-101838,13/12/2023,personal,Central,22,Under 25,,26000,"2,100",0,0
TH-101839,12/12/2023,home_improvement,Central,39,35 to 44,41800,89000,"68,700",0,0
TH-101840,19/11/2024,motorcycle,South,27,25 to 34,27700,102000,"88,700",0,0
TH-101841,06/01/2023,auto,Northeast,23,Under 25,22500,44000,"29,200",0,0
TH-101842,30/04/2023,motorcycle,Bangkok,53,45 to 54,10000,22000,"5,800",0,0
TH-101843,26/05/2024,auto,Northeast,31,25 to 34,20300,76000,"29,700",116,1
TH-101844,30/01/2023,motorcycle,Central,33,25 to 34,24000,47000,"32,500",0,0
TH-101845,03/06/2023,auto,Northeast,34,25 to 34,22600,53000,"26,500",0,0
TH-101846,26/03/2023,motorcycle,South,49,45 to 54,42300,141000,"97,500",0,0
TH-101847,06/03/2023,motorcycle,South,37,35 to 44,10200,21000,"16,300",140,1
TH-101848,09/05/2024,home_improvement,Central,32,25 to 34,22600,79000,"60,200",0,0
TH-101849,19/05/2024,personal,Bangkok,36,35 to 44,,222000,"130,300",0,0
TH-101850,30/10/2024,home_improvement,Bangkok,42,35 to 44,29100,129000,"93,900",0,0
TH-101851,21/05/2025,personal,Northeast,21,Under 25,9400,20000,"14,500",0,0
TH-101852,05/11/2024,auto,Northeast,34,25 to 34,25600,25000,"22,800",0,0
TH-101853,04/11/2023,home_improvement,Bangkok,40,35 to 44,9000,42000,"35,600",15,0
TH-101854,01/05/2024,personal,South,41,35 to 44,19100,38000,"15,400",0,0
TH-101855,31/08/2023,personal,Bangkok,24,Under 25,12100,20000,"9,900",9,0
TH-101856,11/10/2023,motorcycle,Central,43,35 to 44,,39000,,0,0
TH-101857,03/10/2023,personal,Bangkok,51,45 to 54,,159000,"50,000",0,0
TH-101858,10/06/2024,title_loan,Bangkok,40,35 to 44,9000,26000,"6,500",0,0
TH-101859,05/04/2024,motorcycle,North,49,45 to 54,26500,67000,"47,500",0,0
TH-101860,02/07/2024,auto,Bangkok,36,35 to 44,19200,37000,"29,300",0,0
TH-101861,04/03/2023,personal,Central,38,35 to 44,13100,30000,"24,600",0,0
TH-101862,09/10/2023,motorcycle,South,30,25 to 34,26500,65000,"29,800",0,0
TH-101863,01/08/2024,title_loan,Central,29,25 to 34,,99000,"65,800",0,0
TH-101864,26/03/2025,personal,Bangkok,40,35 to 44,26300,73000,"55,200",0,0
TH-101865,20/07/2023,personal,Bangkok,54,45 to 54,29500,55000,"9,100",0,0
TH-101866,14/05/2023,auto,South,29,25 to 34,,27000,"8,400",0,0
TH-101867,17/04/2023,personal,Bangkok,21,Under 25,33700,141000,"80,600",14,0
TH-101868,31/05/2025,personal,Central,48,45 to 54,29700,110000,,0,0
TH-101869,25/05/2023,home_improvement,Central,36,35 to 44,16700,47000,"38,700",0,0
TH-101870,09/01/2024,home_improvement,Bangkok,28,25 to 34,33600,45000,"29,400",0,0
TH-101871,17/04/2025,personal,North,40,35 to 44,43300,424000,"301,900",0,0
TH-101872,06/02/2025,personal,North,45,45 to 54,12800,32000,"13,200",0,0
TH-101873,07/12/2024,personal,Central,27,25 to 34,9400,21000,"17,400",0,0
TH-101874,31/07/2023,motorcycle,Central,35,35 to 44,24400,26000,"18,100",0,0
TH-101875,01/03/2024,personal,North,25,25 to 34,,48000,"21,900",0,0
TH-101876,24/02/2025,auto,Central,41,35 to 44,45300,186000,"107,200",0,0
TH-101877,09/07/2024,title_loan,Bangkok,38,35 to 44,15000,46000,"30,000",12,0
TH-101878,22/10/2024,motorcycle,South,27,25 to 34,9000,36000,"19,200",0,0
TH-101879,14/04/2025,motorcycle,Central,31,25 to 34,20700,19000,"9,000",0,0
TH-101880,17/10/2023,personal,Central,23,Under 25,,124000,"113,900",0,0
TH-101881,07/01/2024,home_improvement,North,22,Under 25,27800,80000,"58,700",0,0
TH-101882,31/03/2024,auto,South,41,35 to 44,26000,72000,"12,700",0,0
TH-101883,03/05/2024,motorcycle,Bangkok,23,Under 25,17200,22000,"11,000",0,0
TH-101884,25/06/2023,personal,Northeast,35,35 to 44,78300,283000,"152,300",0,0
TH-101885,20/04/2023,personal,Bangkok,32,25 to 34,17800,43000,"34,500",0,0
TH-101886,06/06/2024,motorcycle,South,36,35 to 44,11800,34000,"11,900",0,0
TH-101887,28/09/2024,motorcycle,Northeast,48,45 to 54,9000,22000,"18,200",0,0
TH-101888,03/06/2023,motorcycle,Bangkok,30,25 to 34,14500,46000,"43,500",0,0
TH-101889,18/11/2023,motorcycle,Northeast,23,Under 25,27200,58000,"52,200",0,0
TH-101890,10/12/2024,personal,Bangkok,31,25 to 34,26400,79000,"31,400",19,0
TH-101891,26/03/2023,personal,Central,54,45 to 54,24300,100000,"44,600",0,0
TH-101892,29/05/2024,personal,Central,32,25 to 34,28900,88000,"77,800",0,0
TH-101893,28/03/2025,home_improvement,Northeast,28,25 to 34,16700,24000,"15,900",0,0
TH-101894,09/01/2023,motorcycle,Central,29,25 to 34,,58000,"33,000",0,0
TH-101895,18/10/2024,auto,Bangkok,32,25 to 34,,74000,"51,500",0,0
TH-101896,16/04/2023,home_improvement,Central,41,35 to 44,30500,100000,"42,400",25,0
TH-101897,06/06/2023,home_improvement,North,40,35 to 44,25400,81000,"28,800",0,0
TH-101898,26/05/2023,home_improvement,Central,24,Under 25,15800,37000,"15,100",0,0
TH-101899,29/08/2024,motorcycle,Northeast,52,45 to 54,17400,36000,"18,800",0,0
TH-101900,09/04/2023,auto,Northeast,30,25 to 34,31100,44000,"23,900",0,0
TH-101901,15/05/2023,motorcycle,North,31,25 to 34,25500,82000,"38,500",0,0
TH-101902,06/11/2023,motorcycle,Northeast,37,35 to 44,27700,62000,"47,800",0,0
TH-101903,08/01/2024,motorcycle,Northeast,26,25 to 34,19100,55000,"31,200",0,0
TH-101904,04/07/2024,auto,Bangkok,39,35 to 44,13900,21000,"12,300",0,0
TH-101905,22/09/2023,motorcycle,North,40,35 to 44,11800,38000,"16,700",0,0
TH-101906,09/03/2024,personal,Bangkok,29,25 to 34,19800,56000,"26,900",0,0
TH-101907,11/03/2024,auto,Bangkok,30,25 to 34,33900,50000,"45,500",0,0
TH-101908,16/03/2023,motorcycle,Northeast,27,25 to 34,20500,131000,"65,500",0,0
TH-101909,09/02/2023,home_improvement,North,23,Under 25,31900,108000,"61,400",0,0
TH-101910,06/11/2023,motorcycle,Bangkok,51,45 to 54,11900,31000,"12,400",0,0
TH-101911,06/04/2023,motorcycle,Bangkok,50,45 to 54,13300,16000,"6,700",23,0
TH-101912,06/12/2024,motorcycle,Bangkok,49,45 to 54,,64000,"52,200",0,0
TH-101913,05/08/2024,title_loan,North,21,Under 25,44400,69000,,0,0
TH-101914,30/11/2024,motorcycle,Bangkok,33,25 to 34,45800,51000,"26,000",0,0
TH-101915,10/10/2023,motorcycle,Bangkok,51,45 to 54,27000,84000,"49,200",0,0
TH-101916,21/08/2024,personal,Central,25,25 to 34,33500,44000,"38,500",0,0
TH-101917,13/02/2024,motorcycle,Central,51,45 to 54,31300,62000,"18,900",0,0
TH-101918,05/08/2024,personal,Central,29,25 to 34,36700,50000,"32,800",0,0
TH-101919,02/09/2024,personal,Northeast,35,35 to 44,15800,31000,"5,300",17,0
TH-101920,11/11/2023,motorcycle,Bangkok,58,55 and over,21300,67000,"21,900",0,0
TH-101921,17/03/2023,motorcycle,Northeast,24,Under 25,26800,33000,"25,200",0,0
TH-101922,07/09/2023,home_improvement,Bangkok,36,35 to 44,30300,63000,"38,500",0,0
TH-101923,16/04/2025,motorcycle,South,45,45 to 54,17700,109000,"44,800",0,0
TH-101924,19/07/2023,title_loan,Bangkok,32,25 to 34,,66000,"29,700",78,1
TH-101925,14/03/2025,motorcycle,Bangkok,41,35 to 44,9400,56000,"33,900",82,1
TH-101926,08/10/2024,home_improvement,Bangkok,29,25 to 34,17400,35000,"4,900",0,0
TH-101927,13/10/2023,motorcycle,Central,25,25 to 34,35800,64000,"47,100",0,0
TH-101928,28/03/2025,title_loan,Bangkok,44,35 to 44,38100,95000,"28,800",0,0
TH-101929,04/02/2025,personal,Bangkok,35,35 to 44,14100,47000,,0,0
TH-101930,25/08/2024,auto,North,28,25 to 34,9000,39000,"12,200",1,0
TH-101931,12/05/2025,personal,North,25,25 to 34,20500,35000,"23,600",0,0
TH-101932,15/12/2023,personal,Northeast,43,35 to 44,25100,62000,"45,700",6,0
TH-101933,02/11/2023,motorcycle,Northeast,34,25 to 34,11000,17000,"6,400",0,0
TH-101934,01/12/2023,motorcycle,Bangkok,54,45 to 54,,62000,"15,100",0,0
TH-101935,04/05/2025,home_improvement,Bangkok,31,25 to 34,14700,21000,"13,400",0,0
TH-101936,31/12/2023,motorcycle,North,42,35 to 44,17100,55000,"43,800",0,0
TH-101937,28/01/2025,motorcycle,North,26,25 to 34,20100,32000,"13,700",0,0
TH-101938,25/12/2023,personal,Central,44,35 to 44,9000,26000,"24,200",10,0
TH-101939,20/02/2025,personal,Northeast,36,35 to 44,19200,37000,"22,300",0,0
TH-101940,14/01/2023,auto,Central,22,Under 25,19800,93000,"81,500",0,0
TH-101941,08/12/2023,motorcycle,Central,31,25 to 34,,55000,"30,700",126,1
TH-101942,12/12/2023,home_improvement,South,45,45 to 54,18000,59000,"25,200",0,0
TH-101943,01/10/2024,personal,Central,38,35 to 44,18000,67000,"42,900",9,0
TH-101944,05/01/2025,auto,Northeast,40,35 to 44,20100,63000,"18,000",0,0
TH-101945,10/05/2023,motorcycle,South,27,25 to 34,11700,36000,"15,900",22,0
TH-101946,09/03/2023,title_loan,Northeast,33,25 to 34,22400,72000,"32,300",0,0
TH-101947,16/10/2024,personal,Central,43,35 to 44,32200,119000,"63,300",0,0
TH-101948,05/05/2025,motorcycle,Central,30,25 to 34,31900,41000,"21,900",0,0
TH-101949,27/10/2023,home_improvement,South,53,45 to 54,12200,23000,"11,000",0,0
TH-101950,31/05/2024,personal,Bangkok,25,25 to 34,10200,19000,,0,0
TH-101951,17/01/2025,motorcycle,North,25,25 to 34,27000,37000,"22,500",0,0
TH-101952,10/12/2024,motorcycle,North,34,25 to 34,,47000,"23,000",41,1
TH-101953,04/02/2023,personal,Central,42,35 to 44,27600,25000,"13,000",28,0
TH-101954,07/09/2024,motorcycle,Bangkok,47,45 to 54,22700,48000,"35,400",0,0
TH-101955,08/06/2025,motorcycle,Bangkok,40,35 to 44,28600,165000,"140,600",0,0
TH-101956,28/07/2024,personal,Bangkok,44,35 to 44,16700,41000,"26,900",0,0
TH-101957,10/03/2023,home_improvement,Central,39,35 to 44,15000,41000,"25,500",0,0
TH-101958,26/05/2025,motorcycle,Northeast,30,25 to 34,12600,34000,,0,0
TH-101959,18/09/2023,home_improvement,South,41,35 to 44,10300,35000,"32,600",0,0
TH-101960,05/02/2025,motorcycle,Northeast,36,35 to 44,14900,39000,"18,900",0,0
TH-101961,19/10/2023,motorcycle,Central,32,25 to 34,27800,132000,"62,400",0,0
TH-101962,27/04/2024,motorcycle,North,40,35 to 44,,79000,"33,100",0,0
TH-101963,09/11/2023,title_loan,Northeast,49,45 to 54,13100,44000,"28,300",0,0
TH-101964,12/06/2024,motorcycle,North,54,45 to 54,17800,87000,"76,900",0,0
TH-101965,21/10/2024,motorcycle,North,24,Under 25,24000,76000,"48,800",5,0
TH-101966,27/10/2024,motorcycle,Central,49,45 to 54,15900,43000,"27,800",0,0
TH-101967,29/10/2023,title_loan,South,42,35 to 44,13500,50000,"27,600",0,0
TH-101968,28/07/2024,personal,South,34,25 to 34,11600,15000,"4,400",0,0
TH-101969,30/01/2023,personal,Central,29,25 to 34,25000,47000,"27,900",0,0
TH-101970,14/09/2024,personal,Bangkok,44,35 to 44,51400,121000,"40,500",0,0
TH-101971,14/09/2023,personal,Northeast,22,Under 25,,28000,"15,600",0,0
TH-101972,06/07/2024,motorcycle,North,38,35 to 44,33300,119000,"87,500",0,0
TH-101973,08/03/2023,motorcycle,Northeast,31,25 to 34,15800,34000,"23,100",6,0
TH-101974,16/02/2025,personal,Bangkok,38,35 to 44,17200,90000,"29,500",0,0
TH-101975,12/01/2024,home_improvement,Northeast,37,35 to 44,10000,42000,"17,800",0,0
TH-101976,16/06/2025,motorcycle,North,51,45 to 54,33200,93000,"51,400",0,0
TH-101977,24/03/2023,personal,North,40,35 to 44,46000,97000,"61,000",0,0
TH-101978,24/09/2024,motorcycle,Bangkok,34,25 to 34,17200,20000,"6,200",0,0
TH-101979,17/02/2025,motorcycle,Northeast,37,35 to 44,14500,38000,"18,300",0,0
TH-101980,13/07/2024,personal,Bangkok,35,35 to 44,24500,70000,"14,900",0,0
TH-101981,16/05/2023,personal,North,29,25 to 34,29700,62000,"42,000",0,0
TH-101982,10/05/2023,personal,North,54,45 to 54,17400,45000,"25,300",0,0
TH-101983,11/06/2025,motorcycle,North,34,25 to 34,21600,46000,"25,300",0,0
TH-101984,03/02/2023,home_improvement,North,39,35 to 44,12500,19000,"16,800",0,0
TH-101985,05/07/2023,motorcycle,North,35,35 to 44,18500,36000,"13,600",0,0
TH-101986,22/04/2023,title_loan,Northeast,30,25 to 34,45400,249000,"106,500",69,1
TH-101987,26/05/2025,motorcycle,North,35,35 to 44,44000,113000,"75,100",0,0
TH-101988,15/03/2023,personal,North,38,35 to 44,9000,28000,,0,0
TH-101989,10/02/2023,auto,Central,34,25 to 34,,15000,"8,800",0,0
TH-101990,17/07/2023,auto,Northeast,43,35 to 44,27000,75000,"65,700",0,0
TH-101991,12/06/2023,motorcycle,South,32,25 to 34,9000,17000,"14,500",0,0
TH-101992,22/01/2023,auto,Central,36,35 to 44,45800,156000,"115,300",0,0
TH-101993,11/09/2023,personal,Central,40,35 to 44,,17000,"4,400",0,0
TH-101994,01/08/2023,home_improvement,Northeast,24,Under 25,43400,118000,"102,900",0,0
TH-101995,22/07/2024,auto,Northeast,26,25 to 34,21600,116000,"85,900",0,0
TH-101996,03/08/2024,auto,South,29,25 to 34,13000,49000,"28,300",10,0
TH-101997,04/04/2025,auto,Bangkok,34,25 to 34,16500,27000,"14,200",0,0
TH-101998,30/11/2024,auto,Bangkok,30,25 to 34,,56000,"48,800",0,0
TH-101999,06/05/2025,personal,Central,44,35 to 44,43600,89000,"65,900",0,0
TH-102000,26/03/2024,auto,North,40,35 to 44,19400,49000,"40,300",0,0
TH-102001,17/04/2024,auto,Bangkok,22,Under 25,17600,64000,"53,200",104,1
TH-102002,23/02/2024,motorcycle,North,34,25 to 34,34500,60000,"34,000",0,0
TH-102003,02/06/2024,home_improvement,Central,45,45 to 54,15200,65000,"20,400",0,0
TH-102004,17/05/2025,auto,Northeast,44,35 to 44,9200,15000,"5,100",0,0
TH-102005,02/04/2023,title_loan,Bangkok,25,25 to 34,22400,68000,"15,100",0,0
TH-102006,11/12/2023,motorcycle,Bangkok,28,25 to 34,32900,171000,"145,000",21,0
TH-102007,27/05/2024,motorcycle,Central,43,35 to 44,9000,33000,"5,700",0,0
TH-102008,14/07/2023,motorcycle,North,26,25 to 34,59000,88000,"42,500",0,0
TH-102009,04/11/2023,personal,Northeast,45,45 to 54,16100,27000,"11,400",0,0
TH-102010,24/09/2024,auto,Northeast,38,35 to 44,19600,40000,"26,300",0,0
TH-102011,19/03/2024,auto,Central,24,Under 25,9000,28000,"16,400",0,0
TH-102012,27/02/2025,title_loan,North,29,25 to 34,22500,54000,"17,100",0,0
TH-102013,20/04/2024,personal,Bangkok,28,25 to 34,,414000,"173,100",81,1
TH-102014,23/07/2024,title_loan,Northeast,25,25 to 34,39600,57000,,0,0
TH-102015,02/07/2024,auto,Bangkok,25,25 to 34,17100,76000,"18,300",0,0
TH-102016,08/06/2023,motorcycle,North,29,25 to 34,19600,63000,"47,100",7,0
TH-102017,09/11/2023,auto,North,42,35 to 44,,114000,"59,800",0,0
TH-102018,26/12/2024,home_improvement,Bangkok,44,35 to 44,36200,42000,"22,200",0,0
TH-102019,26/11/2024,auto,South,39,35 to 44,21500,109000,"48,000",0,0
TH-102020,17/02/2024,personal,North,23,Under 25,13800,54000,"31,900",0,0
TH-102021,12/01/2025,auto,South,41,35 to 44,19000,52000,"22,400",0,0
TH-102022,21/06/2023,motorcycle,Bangkok,44,35 to 44,25900,101000,"45,900",166,1
TH-102023,18/03/2025,auto,Northeast,27,25 to 34,61500,100000,"49,700",20,0
TH-102024,10/02/2025,motorcycle,Bangkok,28,25 to 34,14800,17000,"3,100",0,0
TH-102025,12/12/2023,personal,Central,52,45 to 54,30300,94000,"55,800",0,0
TH-102026,30/06/2024,personal,Central,26,25 to 34,15300,39000,"22,000",10,0
TH-102027,25/03/2023,auto,Bangkok,38,35 to 44,58800,244000,"138,700",0,0
TH-102028,15/08/2024,motorcycle,Central,36,35 to 44,31200,48000,"34,700",0,0
TH-102029,25/07/2023,motorcycle,Bangkok,33,25 to 34,25600,62000,"22,700",0,0
TH-102030,25/09/2024,home_improvement,Central,34,25 to 34,14000,43000,"21,500",0,0
TH-102031,21/11/2024,motorcycle,South,47,45 to 54,9000,16000,"15,000",0,0
TH-102032,05/02/2023,personal,Central,32,25 to 34,57000,305000,"157,300",0,0
TH-102033,24/03/2025,auto,North,32,25 to 34,12000,17000,"14,200",38,1
TH-102034,19/01/2024,personal,Northeast,22,Under 25,22400,222000,"115,900",0,0
TH-102035,20/02/2023,motorcycle,North,40,35 to 44,28300,77000,"27,200",26,0
TH-102036,10/02/2025,title_loan,South,43,35 to 44,19900,112000,"20,000",0,0
TH-102037,17/10/2023,auto,Central,22,Under 25,9900,24000,"13,300",15,0
TH-102038,30/10/2024,auto,Bangkok,22,Under 25,75700,1074000,"734,400",142,1
TH-102039,12/04/2024,personal,Northeast,43,35 to 44,18800,50000,"25,400",11,0
TH-102040,26/04/2024,auto,Central,26,25 to 34,21100,76000,"8,800",0,0
TH-102041,20/03/2023,motorcycle,South,48,45 to 54,14700,19000,"14,000",0,0
TH-102042,18/03/2024,motorcycle,Bangkok,43,35 to 44,12900,49000,"22,000",15,0
TH-102043,18/04/2023,personal,Bangkok,53,45 to 54,,71000,"58,400",0,0
TH-102044,11/06/2023,motorcycle,South,37,35 to 44,20200,37000,"32,600",0,0
TH-102045,05/05/2024,home_improvement,Bangkok,42,35 to 44,23700,85000,"26,400",0,0
TH-102046,29/02/2024,auto,Central,30,25 to 34,15300,42000,"39,000",0,0
TH-102047,19/04/2025,auto,Central,31,25 to 34,13700,40000,"23,400",98,1
TH-102048,13/05/2025,personal,Bangkok,42,35 to 44,11200,22000,"10,400",86,1
TH-102049,09/09/2024,home_improvement,Bangkok,44,35 to 44,22700,60000,"51,000",0,0
TH-102050,05/03/2025,personal,North,30,25 to 34,18000,26000,"10,300",0,0
TH-102051,29/06/2023,home_improvement,Northeast,47,45 to 54,19400,51000,"20,600",0,0
TH-102052,17/10/2023,personal,South,33,25 to 34,23900,102000,"54,200",0,0
TH-102053,20/02/2025,personal,North,26,25 to 34,13300,15000,"10,000",0,0
TH-102054,28/08/2024,motorcycle,Central,33,25 to 34,32300,188000,"52,700",24,0
TH-102055,14/02/2023,personal,Bangkok,27,25 to 34,34600,59000,,0,0
TH-102056,05/08/2024,auto,South,28,25 to 34,15200,94000,"45,000",0,0
TH-102057,06/11/2024,personal,South,25,25 to 34,25100,99000,"42,900",0,0
TH-102058,17/11/2024,title_loan,Northeast,49,45 to 54,35800,51000,"29,400",0,0
TH-102059,18/04/2025,personal,Bangkok,33,25 to 34,68500,151000,"99,800",22,0
TH-102060,30/06/2023,home_improvement,Northeast,41,35 to 44,26400,76000,"23,900",0,0
TH-102061,30/08/2023,auto,Northeast,26,25 to 34,21900,59000,"33,400",0,0
TH-102062,27/12/2023,motorcycle,Central,40,35 to 44,9000,25000,"9,600",0,0
TH-102063,26/02/2025,personal,Central,42,35 to 44,29400,37000,"24,500",0,0
TH-102064,09/10/2023,motorcycle,Bangkok,44,35 to 44,13300,20000,,14,0
TH-102065,08/02/2023,auto,Bangkok,48,45 to 54,,91000,"78,700",0,0
TH-102066,29/01/2023,motorcycle,Central,26,25 to 34,39800,112000,"49,100",0,0
TH-102067,14/11/2023,motorcycle,Bangkok,44,35 to 44,15500,36000,"21,600",0,0
TH-102068,11/02/2025,personal,Bangkok,25,25 to 34,15800,39000,"14,800",0,0
TH-102069,25/01/2024,auto,Bangkok,25,25 to 34,,55000,"17,400",0,0
TH-102070,30/05/2024,motorcycle,North,21,Under 25,22000,119000,"78,500",0,0
TH-102071,01/06/2025,personal,North,36,35 to 44,25600,51000,"20,300",0,0
TH-102072,24/07/2024,personal,Bangkok,37,35 to 44,20000,63000,"59,000",0,0
TH-102073,21/09/2024,motorcycle,Bangkok,32,25 to 34,12900,34000,"15,400",0,0
TH-102074,23/09/2023,auto,Bangkok,22,Under 25,9000,70000,"61,700",0,0
TH-102075,27/03/2025,personal,Bangkok,26,25 to 34,13400,21000,"5,400",0,0
TH-102076,28/02/2023,motorcycle,South,48,45 to 54,32500,67000,,0,0
TH-102077,15/02/2024,motorcycle,Northeast,22,Under 25,21500,58000,"32,700",0,0
TH-102078,04/01/2025,auto,Central,38,35 to 44,9000,24000,"11,300",0,0
TH-102079,07/10/2023,home_improvement,Bangkok,44,35 to 44,13900,25000,"7,900",0,0
TH-102080,10/09/2023,auto,North,36,35 to 44,17800,17000,"8,400",4,0
TH-102081,01/03/2023,motorcycle,South,43,35 to 44,27900,59000,"39,500",0,0
TH-102082,15/09/2024,home_improvement,North,30,25 to 34,25700,43000,"19,900",0,0
TH-102083,04/09/2024,motorcycle,South,29,25 to 34,51600,214000,"112,300",0,0
TH-102084,28/04/2023,auto,Central,24,Under 25,16300,62000,"50,400",8,0
TH-102085,26/01/2024,auto,North,29,25 to 34,10500,25000,"12,900",0,0
TH-102086,07/02/2025,personal,South,30,25 to 34,9000,22000,"10,200",0,0
TH-102087,07/09/2023,personal,Bangkok,48,45 to 54,17700,39000,"30,300",0,0
TH-102088,25/04/2025,motorcycle,South,26,25 to 34,24000,54000,"45,700",0,0
TH-102089,09/08/2023,motorcycle,Bangkok,35,35 to 44,12900,29000,"14,900",0,0
TH-102090,08/07/2023,home_improvement,Bangkok,27,25 to 34,18000,38000,"26,800",0,0
TH-102091,29/12/2024,personal,Northeast,25,25 to 34,33600,192000,"124,000",12,0
TH-102092,15/06/2024,motorcycle,Northeast,47,45 to 54,9000,44000,"34,500",0,0
TH-102093,18/03/2024,auto,Bangkok,26,25 to 34,20000,47000,,0,0
TH-102094,03/04/2025,title_loan,Bangkok,26,25 to 34,24800,81000,"17,900",0,0
TH-102095,13/03/2024,home_improvement,Northeast,31,25 to 34,15100,46000,"17,300",0,0
TH-102096,23/09/2024,auto,Northeast,30,25 to 34,9200,30000,"10,300",0,0
TH-102097,05/04/2025,motorcycle,Bangkok,34,25 to 34,,67000,"27,300",0,0
TH-102098,14/02/2025,title_loan,Bangkok,47,45 to 54,27500,86000,"42,300",0,0
TH-102099,29/04/2023,personal,Bangkok,50,45 to 54,19700,59000,"50,800",0,0
TH-102100,04/02/2024,motorcycle,Central,54,45 to 54,28100,38000,"26,300",0,0
TH-102101,31/05/2024,personal,Bangkok,32,25 to 34,17600,20000,"11,700",0,0
TH-102102,10/11/2023,motorcycle,South,40,35 to 44,10900,82000,"16,400",0,0
TH-102103,31/10/2024,motorcycle,Northeast,28,25 to 34,38700,80000,"62,900",0,0
TH-102104,17/10/2024,auto,Northeast,54,45 to 54,21700,41000,"31,000",0,0
TH-102105,08/04/2024,personal,Bangkok,23,Under 25,18200,31000,"25,500",0,0
TH-102106,15/10/2023,auto,North,25,25 to 34,34000,42000,"8,900",21,0
TH-102107,24/05/2023,motorcycle,Bangkok,35,35 to 44,19400,36000,"19,100",0,0
TH-102108,13/02/2025,title_loan,Central,21,Under 25,34900,110000,"74,500",0,0
TH-102109,16/02/2024,motorcycle,Central,35,35 to 44,,26000,"4,800",0,0
TH-102110,10/06/2023,auto,South,29,25 to 34,9000,40000,"26,300",0,0
TH-102111,10/05/2023,home_improvement,Bangkok,33,25 to 34,12700,43000,"10,400",0,0
TH-102112,09/04/2024,home_improvement,Central,28,25 to 34,34900,54000,"43,200",0,0
TH-102113,20/11/2023,auto,Bangkok,21,Under 25,9000,19000,"3,700",0,0
TH-102114,04/04/2024,personal,Bangkok,29,25 to 34,25400,58000,"46,300",0,0
TH-102115,29/09/2023,title_loan,North,44,35 to 44,24700,39000,"20,500",0,0
TH-102116,23/06/2023,home_improvement,Central,27,25 to 34,43300,135000,"72,500",0,0
TH-102117,21/08/2024,auto,Northeast,24,Under 25,26100,73000,"32,800",0,0
TH-102118,25/02/2025,personal,Bangkok,22,Under 25,16500,37000,"8,100",0,0
TH-102119,05/02/2025,auto,Northeast,49,45 to 54,19700,49000,"42,200",0,0
TH-102120,23/06/2024,auto,South,44,35 to 44,11700,94000,"44,400",0,0
TH-102121,22/06/2023,personal,Central,51,45 to 54,30500,56000,"31,800",0,0
TH-102122,28/04/2025,motorcycle,Central,31,25 to 34,,161000,"38,900",0,0
TH-102123,24/01/2025,personal,Central,36,35 to 44,17400,48000,"41,400",21,0
TH-102124,25/09/2024,title_loan,Bangkok,24,Under 25,,61000,"51,000",0,0
TH-102125,03/01/2024,auto,South,27,25 to 34,15000,24000,"12,500",0,0
TH-102126,24/04/2024,motorcycle,Bangkok,21,Under 25,26300,128000,"51,300",0,0
TH-102127,17/09/2023,auto,Bangkok,32,25 to 34,18100,42000,"20,400",0,0
TH-102128,08/08/2024,motorcycle,North,34,25 to 34,,90000,"48,100",0,0
TH-102129,23/04/2023,home_improvement,South,52,45 to 54,9000,22000,"11,300",0,0
TH-102130,16/06/2023,personal,South,54,45 to 54,10300,25000,"15,800",25,0
TH-102131,08/07/2023,personal,Bangkok,52,45 to 54,14000,32000,"15,100",0,0
TH-102132,03/01/2023,motorcycle,Central,38,35 to 44,16100,52000,"27,400",0,0
TH-102133,03/05/2024,auto,North,24,Under 25,19300,48000,,0,0
TH-102134,02/09/2023,motorcycle,South,35,35 to 44,19900,46000,"29,800",0,0
TH-102135,04/11/2024,motorcycle,Bangkok,48,45 to 54,27400,96000,"28,900",0,0
TH-102136,20/07/2023,personal,Central,53,45 to 54,15900,82000,"44,400",67,1
TH-102137,14/07/2023,motorcycle,Bangkok,25,25 to 34,18500,83000,"56,700",0,0
TH-102138,06/01/2023,motorcycle,South,24,Under 25,9000,27000,"13,500",0,0
TH-102139,15/02/2025,auto,Northeast,28,25 to 34,20600,59000,"40,500",0,0
TH-102140,05/06/2023,motorcycle,Northeast,37,35 to 44,16300,48000,"29,000",0,0
TH-102141,28/01/2023,title_loan,North,32,25 to 34,13700,29000,"15,400",0,0
TH-102142,22/10/2024,auto,North,26,25 to 34,29500,55000,"23,300",0,0
TH-102143,19/02/2023,motorcycle,Bangkok,44,35 to 44,26900,61000,"49,300",6,0
TH-102144,21/12/2024,personal,Bangkok,47,45 to 54,13500,108000,"67,400",0,0
TH-102145,30/12/2024,auto,Central,31,25 to 34,11500,22000,"12,500",15,0
TH-102146,13/05/2025,auto,South,26,25 to 34,23800,104000,"33,100",30,0
TH-102147,24/04/2023,motorcycle,Bangkok,29,25 to 34,15200,36000,"19,300",0,0
TH-102148,19/10/2024,auto,Northeast,28,25 to 34,10400,34000,"28,500",0,0
TH-102149,10/03/2024,auto,Bangkok,35,35 to 44,10300,24000,"12,100",0,0
TH-102150,01/01/2025,motorcycle,South,36,35 to 44,15400,43000,,0,0
TH-102151,16/08/2023,personal,Central,21,Under 25,22800,53000,"33,400",0,0
TH-102152,23/12/2023,title_loan,North,36,35 to 44,17100,63000,"46,700",0,0
TH-102153,24/09/2023,auto,North,29,25 to 34,20400,56000,"32,300",48,1
TH-102154,15/07/2023,motorcycle,Northeast,30,25 to 34,12400,28000,"13,200",0,0
TH-102155,04/05/2023,motorcycle,Bangkok,21,Under 25,14400,42000,"26,700",0,0
TH-102156,20/11/2024,personal,Bangkok,39,35 to 44,37300,69000,"20,700",0,0
TH-102157,11/06/2025,personal,North,43,35 to 44,31900,84000,"34,000",0,0
TH-102158,15/01/2023,auto,Central,40,35 to 44,17700,28000,"16,300",0,0
TH-102159,09/08/2024,home_improvement,Bangkok,41,35 to 44,47700,305000,"199,700",74,1
TH-102160,20/07/2024,auto,Bangkok,46,45 to 54,34900,188000,"50,200",139,1
TH-102161,02/10/2023,home_improvement,South,22,Under 25,15800,28000,"11,400",0,0
TH-102162,23/04/2023,auto,North,26,25 to 34,18600,35000,,26,0
TH-102163,29/03/2024,motorcycle,South,29,25 to 34,14100,24000,"20,800",0,0
TH-102164,26/09/2024,motorcycle,Bangkok,43,35 to 44,43600,113000,"50,600",0,0
TH-102165,11/01/2025,auto,Bangkok,24,Under 25,12500,46000,"19,100",0,0
TH-102166,01/05/2023,personal,South,51,45 to 54,,57000,"34,600",0,0
TH-102167,02/10/2024,personal,Northeast,23,Under 25,20900,45000,"28,600",0,0
TH-102168,25/03/2025,auto,Central,53,45 to 54,19200,44000,"32,100",0,0
TH-102169,09/12/2023,title_loan,South,32,25 to 34,19200,65000,,0,0
TH-102170,25/02/2024,auto,Northeast,26,25 to 34,14700,31000,"27,500",8,0
TH-102171,09/04/2024,personal,Bangkok,24,Under 25,15300,41000,"5,400",0,0
TH-102172,10/08/2023,personal,Bangkok,31,25 to 34,,20000,"17,000",0,0
TH-102173,25/03/2025,title_loan,South,34,25 to 34,22800,57000,"47,800",0,0
TH-102174,28/02/2025,title_loan,Bangkok,22,Under 25,25800,58000,"40,300",0,0
TH-102175,28/12/2023,personal,Bangkok,50,45 to 54,11600,38000,"13,100",0,0
TH-102176,17/07/2023,personal,South,42,35 to 44,14900,28000,"23,100",0,0
TH-102177,20/03/2025,personal,Bangkok,31,25 to 34,43300,155000,"147,800",0,0
TH-102178,31/08/2023,motorcycle,Central,39,35 to 44,29000,90000,"52,800",0,0
TH-102179,05/01/2025,motorcycle,Central,38,35 to 44,13500,36000,"4,000",0,0
TH-102180,04/02/2025,auto,South,25,25 to 34,,85000,"63,700",0,0
TH-102181,14/10/2024,personal,Central,40,35 to 44,20600,48000,"27,000",113,1
TH-102182,20/11/2024,home_improvement,Bangkok,40,35 to 44,54500,219000,"50,600",0,0
TH-102183,11/06/2024,home_improvement,Bangkok,22,Under 25,13900,27000,"11,000",12,0
TH-102184,28/08/2024,personal,Bangkok,41,35 to 44,41000,230000,"134,700",0,0
TH-102185,03/05/2025,title_loan,Central,47,45 to 54,14800,36000,"24,100",0,0
TH-102186,10/05/2024,home_improvement,Bangkok,24,Under 25,11000,25000,"15,800",0,0
TH-102187,05/01/2023,auto,Bangkok,30,25 to 34,,31000,"12,600",0,0
TH-102188,19/06/2024,home_improvement,North,32,25 to 34,16400,55000,"43,400",0,0
TH-102189,13/10/2023,personal,North,36,35 to 44,14700,15000,"3,800",5,0
TH-102190,27/07/2024,motorcycle,Bangkok,40,35 to 44,24200,31000,"25,800",0,0
TH-102191,23/09/2023,auto,Northeast,25,25 to 34,15500,33000,"22,400",0,0
TH-102192,19/04/2023,auto,North,44,35 to 44,32200,112000,"16,300",0,0
TH-102193,30/06/2023,personal,Northeast,38,35 to 44,9000,53000,"28,500",142,1
TH-102194,13/03/2025,motorcycle,North,31,25 to 34,34300,53000,,0,0
TH-102195,25/03/2025,auto,Northeast,26,25 to 34,14300,44000,"13,200",0,0
TH-102196,04/08/2023,personal,Central,31,25 to 34,22400,39000,"22,500",0,0
TH-102197,09/09/2024,personal,North,53,45 to 54,13300,50000,"38,200",0,0
TH-102198,29/03/2025,title_loan,South,39,35 to 44,29000,107000,"67,900",0,0
TH-102199,19/12/2023,personal,North,54,45 to 54,24200,43000,"16,100",0,0
TH-102200,03/06/2025,personal,Central,47,45 to 54,41600,142000,"53,200",0,0
TH-102201,04/08/2024,auto,North,32,25 to 34,9000,25000,"7,400",72,1
TH-102202,08/06/2023,title_loan,Bangkok,28,25 to 34,30700,84000,"52,500",0,0
TH-102203,06/02/2024,motorcycle,North,28,25 to 34,13900,28000,"9,200",0,0
TH-102204,21/01/2024,personal,Central,28,25 to 34,10600,23000,"13,600",0,0
TH-102205,31/10/2024,personal,Bangkok,36,35 to 44,17100,49000,"35,900",0,0
TH-102206,14/08/2024,auto,Bangkok,24,Under 25,19500,66000,"20,600",36,1
TH-102207,05/07/2024,motorcycle,Bangkok,53,45 to 54,,18000,"14,200",0,0
TH-102208,27/05/2025,personal,Central,28,25 to 34,12800,21000,"12,800",0,0
TH-102209,21/08/2024,auto,Bangkok,27,25 to 34,16900,79000,"62,300",49,1
TH-102210,19/09/2024,home_improvement,Northeast,42,35 to 44,22400,90000,"59,800",0,0
TH-102211,11/06/2023,auto,Central,42,35 to 44,19800,47000,"13,100",0,0
TH-102212,09/04/2023,motorcycle,North,43,35 to 44,33300,120000,"113,700",26,0
TH-102213,19/02/2025,home_improvement,South,39,35 to 44,17400,59000,"45,700",0,0
TH-102214,11/10/2023,motorcycle,South,24,Under 25,33300,89000,"72,700",15,0
TH-102215,06/01/2025,motorcycle,Central,22,Under 25,14200,34000,"23,600",15,0
TH-102216,08/03/2023,home_improvement,Bangkok,25,25 to 34,16000,27000,"18,100",0,0
TH-102217,03/09/2024,auto,Northeast,24,Under 25,,68000,"23,000",0,0
TH-102218,18/01/2025,personal,North,44,35 to 44,30500,206000,"142,300",0,0
TH-102219,16/04/2024,motorcycle,Northeast,43,35 to 44,,16000,"15,100",0,0
TH-102220,27/03/2025,home_improvement,Bangkok,43,35 to 44,24600,59000,"44,500",0,0
TH-102221,18/06/2023,auto,North,26,25 to 34,37800,139000,,0,0
TH-102222,22/03/2023,motorcycle,Bangkok,25,25 to 34,9000,25000,"19,200",28,0
TH-102223,25/08/2023,motorcycle,North,35,35 to 44,48700,175000,"150,400",115,1
TH-102224,10/02/2025,personal,Bangkok,40,35 to 44,11900,75000,"28,500",0,0
TH-102225,06/03/2023,motorcycle,Bangkok,28,25 to 34,13800,45000,"16,500",0,0
TH-102226,30/03/2025,motorcycle,Northeast,45,45 to 54,20500,23000,"4,200",0,0
TH-102227,06/06/2024,personal,North,30,25 to 34,20900,53000,"50,500",0,0
TH-102228,22/01/2023,home_improvement,Bangkok,35,35 to 44,,189000,"55,900",0,0
TH-102229,12/10/2023,personal,Central,44,35 to 44,9000,30000,"26,900",9,0
TH-102230,12/03/2024,auto,North,29,25 to 34,16900,29000,"20,100",0,0
TH-102231,30/01/2023,auto,Bangkok,27,25 to 34,22700,34000,"23,300",0,0
TH-102232,16/08/2024,home_improvement,Central,51,45 to 54,,29000,"12,900",0,0
TH-102233,06/10/2023,auto,North,50,45 to 54,17600,45000,"20,300",0,0
TH-102234,25/07/2024,motorcycle,North,21,Under 25,24700,102000,"65,800",0,0
TH-102235,28/06/2023,home_improvement,South,25,25 to 34,23900,59000,"32,100",6,0
TH-102236,22/12/2024,home_improvement,Bangkok,36,35 to 44,15800,37000,"10,600",0,0
TH-102237,23/06/2024,motorcycle,Northeast,48,45 to 54,16500,57000,"32,400",0,0
TH-102238,15/10/2024,auto,Central,33,25 to 34,9000,18000,"13,600",0,0
TH-102239,29/09/2024,personal,South,24,Under 25,29900,87000,"66,500",0,0
TH-102240,20/08/2023,motorcycle,Central,31,25 to 34,26600,159000,"80,600",0,0
TH-102241,17/04/2023,personal,Northeast,37,35 to 44,23700,40000,"16,100",0,0
TH-102242,07/09/2024,home_improvement,Bangkok,38,35 to 44,31400,65000,"52,300",18,0
TH-102243,31/03/2025,motorcycle,Central,38,35 to 44,9400,27000,"8,400",0,0
TH-102244,02/06/2024,personal,Northeast,29,25 to 34,18100,84000,"65,000",0,0
TH-102245,14/01/2024,personal,North,40,35 to 44,13100,27000,"9,900",0,0
TH-102246,21/08/2024,motorcycle,Bangkok,24,Under 25,20300,28000,"10,200",128,1
TH-102247,23/07/2023,motorcycle,South,29,25 to 34,14100,36000,"19,300",52,1
TH-102248,18/04/2024,title_loan,Bangkok,33,25 to 34,33800,30000,"27,500",0,0
TH-102249,19/09/2023,personal,Bangkok,47,45 to 54,40900,106000,"44,400",0,0
TH-102250,12/09/2024,personal,Central,28,25 to 34,,47000,"12,800",28,0
TH-102251,05/01/2023,title_loan,South,46,45 to 54,13700,31000,"25,100",170,1
TH-102252,27/07/2023,home_improvement,Northeast,33,25 to 34,29700,191000,"141,400",0,0
TH-102253,08/07/2023,home_improvement,Bangkok,47,45 to 54,24800,104000,"67,500",0,0
TH-102254,01/12/2023,personal,North,26,25 to 34,20400,57000,"17,600",0,0
TH-102255,27/09/2023,motorcycle,South,32,25 to 34,9000,25000,"17,000",0,0
TH-102256,11/06/2025,motorcycle,Bangkok,53,45 to 54,16500,42000,"28,300",149,1
TH-102257,15/10/2024,motorcycle,Bangkok,38,35 to 44,25600,99000,"41,100",0,0
TH-102258,30/04/2024,auto,Central,31,25 to 34,24300,62000,"49,300",0,0
TH-102259,07/01/2023,motorcycle,Northeast,41,35 to 44,47000,249000,"110,500",0,0
TH-102260,01/07/2024,motorcycle,North,28,25 to 34,,23000,"10,500",0,0
TH-102261,24/01/2025,personal,Central,22,Under 25,22800,74000,"46,000",0,0
TH-102262,28/10/2024,title_loan,Central,37,35 to 44,17700,80000,"19,700",0,0
TH-102263,20/02/2023,personal,Northeast,28,25 to 34,9000,17000,"8,900",0,0
TH-102264,27/09/2024,motorcycle,Bangkok,38,35 to 44,28000,37000,"14,300",0,0
TH-102265,27/04/2025,motorcycle,Northeast,44,35 to 44,,20000,"12,800",0,0
TH-102266,10/11/2023,auto,South,53,45 to 54,21600,82000,"64,600",0,0
TH-102267,09/08/2023,home_improvement,Northeast,31,25 to 34,22800,53000,"35,800",0,0
TH-102268,01/05/2024,auto,Northeast,21,Under 25,38600,118000,"60,400",0,0
TH-102269,15/10/2023,home_improvement,South,25,25 to 34,18100,38000,"8,800",0,0
TH-102270,15/09/2023,motorcycle,Central,22,Under 25,22500,84000,"56,300",0,0
TH-102271,31/08/2023,home_improvement,South,52,45 to 54,36500,136000,,0,0
TH-102272,29/03/2023,personal,Northeast,40,35 to 44,46000,165000,"36,800",27,0
TH-102273,05/05/2023,personal,Central,33,25 to 34,9000,16000,"13,500",0,0
TH-102274,08/03/2025,auto,North,26,25 to 34,17900,47000,"5,400",0,0
TH-102275,21/10/2023,personal,Central,28,25 to 34,23400,42000,"35,700",0,0
TH-102276,07/06/2025,motorcycle,Northeast,51,45 to 54,24800,106000,"73,000",0,0
TH-102277,25/02/2023,personal,Bangkok,42,35 to 44,13800,37000,"22,600",0,0
TH-102278,08/05/2023,auto,Bangkok,29,25 to 34,18000,26000,"15,300",0,0
TH-102279,05/05/2025,home_improvement,North,27,25 to 34,,55000,"17,700",174,1
TH-102280,07/06/2025,motorcycle,Bangkok,29,25 to 34,40200,117000,"72,300",0,0
TH-102281,26/01/2024,title_loan,Bangkok,33,25 to 34,22100,24000,"9,900",0,0
TH-102282,08/09/2024,auto,North,26,25 to 34,13400,28000,"18,900",0,0
TH-102283,28/11/2023,personal,Northeast,21,Under 25,19200,55000,"35,300",0,0
TH-102284,31/01/2023,motorcycle,Bangkok,52,45 to 54,21800,73000,"32,600",0,0
TH-102285,24/07/2023,personal,Bangkok,32,25 to 34,23800,61000,"41,900",30,0
TH-102286,10/11/2023,motorcycle,Bangkok,52,45 to 54,22400,33000,"22,900",0,0
TH-102287,25/09/2023,personal,Bangkok,28,25 to 34,27300,102000,"63,200",0,0
TH-102288,12/11/2023,home_improvement,Central,27,25 to 34,9000,38000,"15,500",0,0
TH-102289,18/06/2023,motorcycle,Bangkok,35,35 to 44,17800,21000,"11,200",0,0
TH-102290,09/11/2023,home_improvement,South,44,35 to 44,21900,47000,"30,400",19,0
TH-102291,28/07/2023,home_improvement,South,25,25 to 34,12800,27000,"6,800",0,0
TH-102292,16/11/2024,motorcycle,Bangkok,48,45 to 54,23200,29000,"11,800",0,0
TH-102293,21/04/2024,auto,Central,22,Under 25,27500,56000,"36,400",16,0
TH-102294,15/04/2025,motorcycle,Bangkok,38,35 to 44,34800,39000,"17,400",0,0
TH-102295,15/07/2024,auto,Northeast,54,45 to 54,14900,33000,"22,800",0,0
TH-102296,20/06/2023,motorcycle,Northeast,42,35 to 44,15800,94000,"76,500",0,0
TH-102297,20/01/2023,motorcycle,North,26,25 to 34,,53000,"17,900",17,0
TH-102298,22/05/2023,title_loan,South,27,25 to 34,22300,79000,"9,800",0,0
TH-102299,01/05/2024,motorcycle,Central,28,25 to 34,33300,51000,"5,500",0,0
TH-102300,20/01/2024,motorcycle,Central,49,45 to 54,21400,95000,"57,600",0,0
TH-102301,23/02/2024,auto,Bangkok,29,25 to 34,14000,36000,"11,400",0,0
TH-102302,18/10/2023,auto,Central,30,25 to 34,22200,62000,"26,300",0,0
TH-102303,13/01/2025,auto,Central,31,25 to 34,33800,189000,"67,300",0,0
TH-102304,04/04/2024,motorcycle,Bangkok,31,25 to 34,9000,21000,"7,600",0,0
TH-102305,10/09/2024,auto,Bangkok,30,25 to 34,28200,72000,"53,100",14,0
TH-102306,22/11/2024,home_improvement,Bangkok,33,25 to 34,48200,137000,"92,100",0,0
TH-102307,17/02/2023,title_loan,Bangkok,23,Under 25,15500,26000,"21,600",0,0
TH-102308,06/05/2025,motorcycle,Central,31,25 to 34,24300,50000,"38,600",5,0
TH-102309,17/02/2025,personal,Central,47,45 to 54,29400,113000,"51,300",26,0
TH-102310,25/09/2024,motorcycle,North,31,25 to 34,10500,25000,"14,200",0,0
TH-102311,06/06/2025,personal,Northeast,32,25 to 34,33000,42000,"22,300",0,0
TH-102312,07/03/2025,motorcycle,Northeast,34,25 to 34,,108000,"47,000",0,0
TH-102313,25/11/2024,motorcycle,Bangkok,54,45 to 54,64500,206000,"109,800",0,0
TH-102314,24/09/2023,personal,Central,38,35 to 44,9000,36000,"19,800",0,0
TH-102315,31/03/2025,auto,Bangkok,36,35 to 44,16900,47000,"8,000",0,0
TH-102316,19/04/2024,motorcycle,North,35,35 to 44,37600,89000,"72,500",0,0
TH-102317,09/07/2024,motorcycle,Bangkok,40,35 to 44,12900,20000,"14,700",0,0
TH-102318,05/03/2023,motorcycle,Bangkok,24,Under 25,15300,33000,"22,600",0,0
TH-102319,28/09/2023,motorcycle,Northeast,52,45 to 54,,208000,"201,700",179,1
TH-102320,09/12/2024,personal,Bangkok,28,25 to 34,52800,90000,"70,200",0,0
TH-102321,10/09/2024,motorcycle,Bangkok,40,35 to 44,11600,24000,"8,200",0,0
TH-102322,28/04/2023,personal,North,30,25 to 34,16000,21000,"11,900",0,0
TH-102323,09/09/2024,auto,Bangkok,44,35 to 44,12700,55000,"27,000",0,0
TH-102324,26/01/2023,personal,Northeast,30,25 to 34,27900,54000,"35,000",0,0
TH-102325,18/03/2025,motorcycle,Bangkok,51,45 to 54,28600,176000,"89,100",0,0
TH-102326,17/12/2023,motorcycle,North,52,45 to 54,20100,49000,"42,100",0,0
TH-102327,29/10/2024,auto,Northeast,35,35 to 44,9400,27000,"24,200",0,0
TH-102328,19/03/2023,auto,Northeast,45,45 to 54,9000,41000,"21,200",0,0
TH-102329,31/05/2025,auto,Northeast,33,25 to 34,20600,54000,"46,700",0,0
TH-102330,02/04/2024,auto,South,26,25 to 34,14500,27000,"11,400",0,0
TH-102331,30/06/2023,home_improvement,Bangkok,37,35 to 44,31800,69000,"35,800",0,0
TH-102332,04/08/2024,motorcycle,Central,38,35 to 44,24600,57000,,0,0
TH-102333,27/01/2025,motorcycle,Bangkok,27,25 to 34,37500,63000,"38,400",0,0
TH-102334,26/01/2025,motorcycle,Bangkok,29,25 to 34,19800,124000,"89,700",0,0
TH-102335,15/12/2023,title_loan,Bangkok,45,45 to 54,19300,57000,"45,400",0,0
TH-102336,27/03/2023,motorcycle,North,38,35 to 44,31200,118000,"92,100",0,0
TH-102337,08/06/2024,personal,Bangkok,22,Under 25,29000,46000,,134,1
TH-102338,14/11/2023,personal,Bangkok,39,35 to 44,,25000,"2,500",4,0
TH-102339,17/02/2023,personal,Central,40,35 to 44,11600,51000,"43,000",0,0
TH-102340,12/07/2024,motorcycle,Central,50,45 to 54,51600,133000,"83,400",0,0
TH-102341,26/04/2024,home_improvement,Central,33,25 to 34,29700,84000,"35,600",0,0
TH-102342,25/06/2023,motorcycle,Central,32,25 to 34,,22000,"10,400",0,0
TH-102343,01/07/2023,personal,North,32,25 to 34,,49000,"25,100",0,0
TH-102344,19/08/2024,motorcycle,South,36,35 to 44,14100,30000,"19,100",23,0
TH-102345,11/08/2023,auto,North,43,35 to 44,21900,55000,"31,000",0,0
TH-102346,23/04/2024,motorcycle,North,21,Under 25,96800,85000,"57,100",0,0
TH-102347,10/01/2024,title_loan,Bangkok,24,Under 25,13200,31000,"18,200",0,0
TH-102348,01/09/2023,home_improvement,North,24,Under 25,26600,78000,"62,400",0,0
TH-102349,09/11/2024,motorcycle,Bangkok,54,45 to 54,20100,51000,"38,700",24,0
TH-102350,20/01/2023,personal,Central,22,Under 25,11300,22000,"7,400",0,0
TH-102351,17/10/2023,home_improvement,Bangkok,53,45 to 54,14600,29000,"6,200",0,0
TH-102352,13/01/2024,home_improvement,South,43,35 to 44,,32000,,0,0
TH-102353,12/04/2023,title_loan,South,41,35 to 44,9000,55000,"37,400",0,0
TH-102354,01/07/2023,motorcycle,North,45,45 to 54,10600,15000,"8,500",0,0
TH-102355,26/03/2024,auto,Bangkok,45,45 to 54,9000,20000,"5,800",0,0
TH-102356,06/04/2023,home_improvement,Bangkok,26,25 to 34,,25000,"16,500",0,0
TH-102357,07/01/2024,personal,Bangkok,33,25 to 34,14500,25000,"14,100",0,0
TH-102358,18/03/2025,home_improvement,Bangkok,53,45 to 54,38400,58000,"38,600",18,0
TH-102359,26/10/2023,personal,North,26,25 to 34,19000,83000,"53,200",0,0
TH-102360,11/10/2023,personal,Northeast,53,45 to 54,,48000,"31,000",0,0
TH-102361,10/01/2025,auto,Bangkok,44,35 to 44,25800,173000,"136,400",0,0
TH-102362,08/02/2023,home_improvement,Central,26,25 to 34,30300,136000,"107,000",27,0
TH-102363,20/03/2024,motorcycle,Bangkok,46,45 to 54,10000,42000,"30,200",0,0
TH-102364,21/08/2024,personal,Bangkok,31,25 to 34,9000,15000,"12,000",0,0
TH-102365,03/08/2024,motorcycle,Bangkok,48,45 to 54,22800,66000,"60,200",0,0
TH-102366,05/06/2025,title_loan,Bangkok,29,25 to 34,29600,66000,"56,500",0,0
TH-102367,23/06/2024,auto,Northeast,32,25 to 34,10800,53000,,0,0
TH-102368,23/11/2023,motorcycle,South,36,35 to 44,24300,47000,"42,200",5,0
TH-102369,08/02/2024,motorcycle,North,35,35 to 44,42400,70000,"27,600",0,0
TH-102370,21/10/2024,personal,Bangkok,54,45 to 54,18300,22000,"9,100",0,0
TH-102371,01/09/2024,home_improvement,Central,52,45 to 54,24200,67000,,0,0
TH-102372,04/06/2025,personal,Northeast,53,45 to 54,16400,88000,"65,400",0,0
TH-102373,03/06/2023,motorcycle,North,39,35 to 44,17000,27000,"18,100",0,0
TH-102374,25/07/2024,motorcycle,South,25,25 to 34,41400,136000,"52,600",16,0
TH-102375,04/09/2024,motorcycle,Bangkok,46,45 to 54,19000,30000,"20,400",0,0
TH-102376,26/11/2023,home_improvement,Central,32,25 to 34,9000,15000,"11,600",0,0
TH-102377,13/02/2024,motorcycle,South,32,25 to 34,13000,34000,"10,900",0,0
TH-102378,28/07/2024,personal,Bangkok,44,35 to 44,32900,53000,"24,500",0,0
TH-102379,09/12/2024,auto,South,43,35 to 44,36200,158000,"80,900",0,0
TH-102380,20/08/2023,motorcycle,Bangkok,31,25 to 34,9000,40000,"33,000",0,0
TH-102381,19/11/2024,personal,Northeast,52,45 to 54,,142000,"38,500",178,1
TH-102382,23/09/2023,title_loan,Central,43,35 to 44,23800,82000,"32,100",0,0
TH-102383,22/11/2024,motorcycle,North,25,25 to 34,11900,97000,"63,300",0,0
TH-102384,10/11/2023,personal,North,48,45 to 54,35100,105000,"63,500",0,0
TH-102385,24/05/2023,auto,North,31,25 to 34,19800,72000,"34,800",0,0
TH-102386,29/03/2024,home_improvement,Northeast,46,45 to 54,9000,33000,"23,100",0,0
TH-102387,12/02/2024,personal,Central,33,25 to 34,50500,226000,"90,200",0,0
TH-102388,16/12/2024,personal,North,49,45 to 54,15600,27000,"13,800",0,0
TH-102389,31/01/2025,motorcycle,North,25,25 to 34,13600,42000,"17,500",143,1
TH-102390,04/08/2024,title_loan,Northeast,34,25 to 34,12600,48000,"32,500",128,1
TH-102391,04/02/2025,title_loan,Bangkok,24,Under 25,20800,39000,"19,100",0,0
TH-102392,17/03/2023,personal,Central,39,35 to 44,,41000,"9,400",0,0
TH-102393,10/11/2023,home_improvement,Central,35,35 to 44,19300,24000,"17,900",0,0
TH-102394,23/07/2023,motorcycle,Central,39,35 to 44,32600,98000,"47,000",0,0
TH-102395,01/05/2025,personal,Bangkok,30,25 to 34,9000,20000,"9,500",19,0
TH-102396,30/06/2023,auto,South,49,45 to 54,22400,84000,"70,400",0,0
TH-102397,11/07/2024,personal,Central,28,25 to 34,,89000,"61,600",0,0
TH-102398,28/11/2023,home_improvement,Bangkok,47,45 to 54,24200,55000,,0,0
TH-102399,25/01/2024,auto,Bangkok,44,35 to 44,12200,113000,"55,000",134,1
TH-102400,01/10/2024,auto,Bangkok,40,35 to 44,32400,162000,"148,300",126,1
TH-102401,07/09/2024,motorcycle,Bangkok,44,35 to 44,37800,131000,"102,900",0,0
TH-102402,04/06/2024,motorcycle,Bangkok,25,25 to 34,18900,101000,"49,600",23,0
TH-102403,10/01/2024,personal,Central,52,45 to 54,9900,30000,"19,900",0,0
TH-102404,30/08/2024,title_loan,Bangkok,44,35 to 44,30300,55000,"21,500",0,0
TH-102405,07/08/2023,auto,North,22,Under 25,12200,16000,"11,500",0,0
TH-102406,04/01/2024,motorcycle,Central,39,35 to 44,14800,32000,"22,000",0,0
TH-102407,07/04/2023,motorcycle,North,39,35 to 44,13200,24000,"5,100",0,0
TH-102408,29/10/2023,personal,Central,35,35 to 44,23300,83000,"56,400",0,0
TH-102409,05/10/2024,home_improvement,Central,30,25 to 34,32100,108000,"20,900",19,0
TH-102410,21/10/2024,personal,South,38,35 to 44,10400,37000,"23,600",20,0
TH-102411,25/04/2025,personal,South,30,25 to 34,24200,47000,"40,200",0,0
TH-102412,23/04/2023,personal,North,36,35 to 44,13000,59000,"41,200",167,1
TH-102413,29/05/2024,auto,Bangkok,53,45 to 54,27800,44000,"29,300",0,0
TH-102414,26/04/2023,motorcycle,North,37,35 to 44,20200,49000,"27,100",12,0
TH-102415,03/11/2024,auto,Northeast,40,35 to 44,21500,46000,"31,200",117,1
TH-102416,26/08/2024,personal,North,24,Under 25,16900,34000,"25,000",0,0
TH-102417,11/09/2023,home_improvement,North,33,25 to 34,30000,114000,"77,000",0,0
TH-102418,02/10/2024,personal,Bangkok,36,35 to 44,16600,85000,"46,100",0,0
TH-102419,01/01/2024,personal,Bangkok,29,25 to 34,19000,75000,"42,400",0,0
TH-102420,22/11/2024,motorcycle,Bangkok,31,25 to 34,26100,36000,"8,500",0,0
TH-102421,08/03/2023,personal,North,53,45 to 54,22000,40000,"32,000",0,0
TH-102422,06/06/2023,motorcycle,Central,39,35 to 44,15700,22000,"10,600",10,0
TH-102423,18/05/2024,motorcycle,Northeast,24,Under 25,12500,74000,"53,100",0,0
TH-102424,04/03/2025,home_improvement,Northeast,51,45 to 54,10800,15000,,22,0
TH-102425,15/09/2023,auto,Bangkok,28,25 to 34,34600,233000,"24,100",0,0
TH-102426,16/04/2023,title_loan,Bangkok,45,45 to 54,22600,76000,"52,900",15,0
TH-102427,14/07/2023,auto,Bangkok,27,25 to 34,31300,57000,"26,700",23,0
TH-102428,11/08/2024,motorcycle,Northeast,23,Under 25,26500,35000,"16,900",0,0
TH-102429,30/03/2024,auto,Northeast,25,25 to 34,33200,119000,"90,100",0,0
TH-102430,07/07/2023,motorcycle,Bangkok,36,35 to 44,23300,33000,"31,700",0,0
TH-102431,14/04/2024,personal,Bangkok,60,55 and over,9000,16000,"9,300",0,0
TH-102432,05/01/2023,motorcycle,South,25,25 to 34,19700,50000,"40,300",0,0
TH-102433,01/06/2025,motorcycle,Central,31,25 to 34,61000,206000,,0,0
TH-102434,01/05/2024,title_loan,South,22,Under 25,19500,39000,"5,700",0,0
TH-102435,24/10/2023,personal,Central,30,25 to 34,17800,20000,"11,400",0,0
TH-102436,27/10/2024,personal,Bangkok,27,25 to 34,,48000,"45,000",19,0
TH-102437,26/04/2023,title_loan,Bangkok,23,Under 25,38800,128000,"112,600",0,0
TH-102438,28/06/2024,motorcycle,Northeast,54,45 to 54,18700,77000,"44,000",27,0
TH-102439,12/01/2025,personal,Central,35,35 to 44,12300,29000,"26,300",0,0
TH-102440,24/10/2024,personal,Bangkok,35,35 to 44,13300,31000,"25,200",0,0
TH-102441,28/05/2024,auto,Bangkok,36,35 to 44,19800,43000,"23,400",0,0
TH-102442,26/11/2023,auto,Bangkok,25,25 to 34,36200,114000,"54,800",0,0
TH-102443,01/02/2023,personal,North,42,35 to 44,21400,63000,"56,500",0,0
TH-102444,07/05/2023,personal,Bangkok,41,35 to 44,44000,97000,"37,200",0,0
TH-102445,04/06/2025,auto,Central,45,45 to 54,22200,54000,"36,500",0,0
TH-102446,29/12/2023,motorcycle,North,35,35 to 44,32500,79000,"24,600",0,0
TH-102447,11/07/2023,title_loan,Bangkok,35,35 to 44,20000,18000,"7,100",0,0
TH-102448,27/03/2024,title_loan,Central,34,25 to 34,53700,249000,"74,500",0,0
TH-102449,05/04/2025,motorcycle,Bangkok,30,25 to 34,14200,56000,"10,000",0,0
TH-102450,27/05/2025,personal,Northeast,42,35 to 44,11600,24000,"15,700",0,0
TH-102451,08/09/2023,motorcycle,Bangkok,51,45 to 54,22100,46000,,0,0
TH-102452,23/02/2024,motorcycle,Bangkok,42,35 to 44,72000,395000,"241,300",0,0
TH-102453,16/10/2024,home_improvement,North,41,35 to 44,,47000,"25,800",0,0
TH-102454,28/01/2025,auto,North,47,45 to 54,20600,87000,"68,900",0,0
TH-102455,01/03/2023,home_improvement,Bangkok,24,Under 25,29600,100000,"34,500",0,0
TH-102456,21/02/2024,home_improvement,Bangkok,30,25 to 34,12700,32000,"21,700",0,0
TH-102457,16/11/2024,motorcycle,Northeast,26,25 to 34,11600,56000,"36,900",0,0
TH-102458,07/04/2024,auto,South,33,25 to 34,36600,66000,"21,900",27,0
TH-102459,20/04/2024,auto,Bangkok,44,35 to 44,9000,27000,"12,400",0,0
TH-102460,31/05/2023,motorcycle,Bangkok,42,35 to 44,11900,33000,"20,800",0,0
TH-102461,15/05/2023,motorcycle,North,39,35 to 44,18500,71000,"52,100",0,0
TH-102462,10/12/2024,motorcycle,North,34,25 to 34,31500,85000,"42,300",0,0
TH-102463,17/02/2024,home_improvement,Bangkok,40,35 to 44,22300,93000,"56,300",0,0
TH-102464,01/03/2025,personal,Northeast,28,25 to 34,30900,70000,"61,200",0,0
TH-102465,12/08/2023,personal,Northeast,26,25 to 34,27800,129000,"48,300",0,0
TH-102466,04/01/2024,auto,Central,23,Under 25,18700,31000,"13,500",17,0
TH-102467,18/10/2023,title_loan,Northeast,24,Under 25,30100,119000,"55,700",0,0
TH-102468,29/03/2025,motorcycle,Northeast,43,35 to 44,11000,40000,"24,500",0,0
TH-102469,09/07/2023,home_improvement,Northeast,34,25 to 34,20700,25000,"11,500",0,0
TH-102470,07/02/2025,motorcycle,Northeast,38,35 to 44,25600,81000,"41,200",0,0
TH-102471,22/01/2025,auto,Northeast,34,25 to 34,27200,65000,"23,600",0,0
TH-102472,31/05/2023,motorcycle,South,35,35 to 44,20100,111000,"76,800",0,0
TH-102473,20/06/2023,title_loan,North,32,25 to 34,24700,55000,"36,400",0,0
TH-102474,01/04/2025,title_loan,Bangkok,32,25 to 34,24200,42000,"10,800",0,0
TH-102475,14/03/2025,auto,Northeast,37,35 to 44,30700,73000,"39,500",0,0
TH-102476,24/11/2023,auto,North,33,25 to 34,13400,52000,"29,000",0,0
TH-102477,13/09/2023,motorcycle,Central,50,45 to 54,24300,53000,"29,700",0,0
TH-102478,10/04/2023,title_loan,Northeast,39,35 to 44,9000,57000,"48,900",0,0
TH-102479,08/11/2024,auto,Bangkok,30,25 to 34,21200,54000,,0,0
TH-102480,19/04/2025,title_loan,North,44,35 to 44,22600,60000,"48,700",0,0
TH-102481,11/03/2023,home_improvement,North,30,25 to 34,47700,103000,"50,200",0,0
TH-102482,16/02/2024,motorcycle,South,27,25 to 34,33700,144000,"98,700",0,0
TH-102483,18/04/2025,motorcycle,Northeast,42,35 to 44,9100,15000,"5,400",0,0
TH-102484,29/06/2023,auto,South,46,45 to 54,13600,27000,"22,800",25,0
TH-102485,20/10/2023,title_loan,Bangkok,40,35 to 44,16100,35000,"28,300",0,0
TH-102486,18/07/2024,auto,South,29,25 to 34,,36000,"25,200",0,0
TH-102487,27/09/2023,motorcycle,Central,26,25 to 34,23600,25000,"14,500",0,0
TH-102488,15/09/2024,title_loan,Bangkok,46,45 to 54,23400,46000,"33,900",0,0
TH-102489,04/02/2024,motorcycle,South,23,Under 25,10500,35000,"24,000",0,0
TH-102490,18/10/2023,title_loan,Northeast,38,35 to 44,,34000,"32,000",0,0
TH-102491,16/03/2024,home_improvement,Bangkok,33,25 to 34,34200,66000,,0,0
TH-102492,25/12/2024,motorcycle,Central,35,35 to 44,10500,44000,"39,700",0,0
TH-102493,23/05/2025,motorcycle,Bangkok,29,25 to 34,25400,110000,"50,600",0,0
TH-102494,13/09/2024,personal,Central,21,Under 25,20900,70000,"28,400",0,0
TH-102495,29/11/2023,home_improvement,Bangkok,46,45 to 54,21900,57000,"34,300",4,0
TH-102496,20/03/2023,motorcycle,Bangkok,37,35 to 44,15800,65000,"39,700",0,0
TH-102497,27/10/2023,personal,Central,44,35 to 44,10500,18000,"13,000",0,0
TH-102498,10/06/2024,personal,Bangkok,33,25 to 34,14800,67000,"45,700",13,0
TH-102499,02/10/2024,motorcycle,Central,39,35 to 44,24500,105000,"51,100",14,0
TH-102500,24/10/2024,home_improvement,Northeast,38,35 to 44,17000,29000,"16,400",0,0
TH-102501,12/03/2024,home_improvement,South,38,35 to 44,,21000,"12,300",0,0
TH-102502,02/08/2023,motorcycle,Northeast,34,25 to 34,18800,56000,"44,600",0,0
TH-102503,17/03/2025,personal,Northeast,41,35 to 44,12400,24000,"12,800",0,0
TH-102504,19/04/2024,personal,South,51,45 to 54,16400,38000,"29,700",0,0
TH-102505,18/05/2025,auto,Central,36,35 to 44,9000,25000,"21,400",17,0
TH-102506,12/02/2025,motorcycle,Bangkok,35,35 to 44,18600,24000,"22,100",0,0
TH-102507,11/01/2023,personal,Central,41,35 to 44,12200,20000,"9,300",0,0
TH-102508,29/04/2025,motorcycle,Central,41,35 to 44,25300,42000,"28,700",0,0
TH-102509,17/04/2023,personal,Central,40,35 to 44,24000,73000,"52,000",0,0
TH-102510,12/01/2025,auto,North,31,25 to 34,43800,136000,"81,100",0,0
TH-102511,08/10/2023,personal,Bangkok,41,35 to 44,29100,101000,"68,400",0,0
TH-102512,12/02/2024,auto,Bangkok,35,35 to 44,38100,142000,"112,200",0,0
TH-102513,20/09/2023,personal,South,22,Under 25,18200,27000,"20,900",118,1
TH-102514,08/02/2023,personal,North,53,45 to 54,62500,135000,"22,200",0,0
TH-102515,29/11/2023,motorcycle,Bangkok,32,25 to 34,12800,18000,"14,000",0,0
TH-102516,14/01/2025,personal,South,43,35 to 44,35500,65000,"37,300",0,0
TH-102517,26/10/2023,home_improvement,Bangkok,43,35 to 44,16600,63000,"43,800",0,0
TH-102518,31/01/2025,motorcycle,Bangkok,37,35 to 44,27900,66000,"39,600",4,0
TH-102519,17/01/2025,motorcycle,Northeast,27,25 to 34,33400,115000,"96,500",0,0
TH-102520,26/02/2025,personal,Northeast,39,35 to 44,13400,18000,"10,100",0,0
TH-102521,20/11/2024,motorcycle,Bangkok,62,55 and over,41400,88000,"54,300",0,0
TH-102522,23/01/2024,auto,Northeast,37,35 to 44,31000,48000,"27,900",0,0
TH-102523,07/02/2023,home_improvement,Northeast,40,35 to 44,9000,15000,,0,0
TH-102524,01/05/2024,motorcycle,Central,45,45 to 54,17800,42000,"19,100",0,0
TH-102525,19/02/2024,personal,Bangkok,37,35 to 44,15200,27000,"20,200",13,0
TH-102526,05/01/2025,motorcycle,South,44,35 to 44,,38000,"21,400",21,0
TH-102527,14/02/2023,motorcycle,North,62,55 and over,21100,57000,"16,300",160,1
TH-102528,22/08/2024,personal,Bangkok,26,25 to 34,56000,46000,"28,900",0,0
TH-102529,31/12/2023,motorcycle,Central,32,25 to 34,9000,38000,"36,400",12,0
TH-102530,28/05/2024,personal,South,29,25 to 34,13600,15000,"10,100",0,0
TH-102531,29/08/2024,title_loan,Northeast,42,35 to 44,28700,53000,"35,400",0,0
TH-102532,02/06/2024,home_improvement,North,30,25 to 34,20000,29000,"19,900",0,0
TH-102533,21/08/2023,motorcycle,Central,21,Under 25,20300,85000,"68,900",0,0
TH-102534,24/08/2023,auto,Central,24,Under 25,14700,31000,"27,000",0,0
TH-102535,07/02/2025,personal,Bangkok,38,35 to 44,22400,121000,"96,500",0,0
TH-102536,13/09/2024,home_improvement,Bangkok,22,Under 25,30600,63000,"28,000",0,0
TH-102537,24/01/2025,motorcycle,Bangkok,40,35 to 44,20800,58000,"11,800",30,0
TH-102538,04/03/2025,personal,Central,54,45 to 54,27800,171000,"78,900",0,0
TH-102539,07/06/2024,auto,Central,34,25 to 34,9700,33000,"15,200",0,0
TH-102540,28/06/2024,motorcycle,Northeast,46,45 to 54,15400,70000,"29,100",0,0
TH-102541,21/07/2024,motorcycle,Bangkok,35,35 to 44,36400,122000,"68,000",0,0
TH-102542,12/10/2024,home_improvement,Central,22,Under 25,14100,42000,"14,800",0,0
TH-102543,02/05/2024,motorcycle,Bangkok,21,Under 25,,46000,"15,000",0,0
TH-102544,10/12/2023,personal,Bangkok,53,45 to 54,22100,28000,"18,000",0,0
TH-102545,27/01/2023,personal,Central,48,45 to 54,19300,37000,"17,300",0,0
TH-102546,21/08/2024,auto,South,41,35 to 44,25300,61000,"10,200",0,0
TH-102547,13/02/2023,motorcycle,Bangkok,36,35 to 44,12700,28000,"18,300",89,1
TH-102548,15/09/2023,motorcycle,Northeast,33,25 to 34,11600,45000,"29,800",0,0
TH-102549,14/06/2025,personal,Bangkok,32,25 to 34,9000,20000,"7,700",74,1
TH-102550,15/01/2023,motorcycle,Northeast,47,45 to 54,31600,120000,"103,900",0,0
TH-102551,30/05/2024,motorcycle,Bangkok,29,25 to 34,32500,142000,"10,200",0,0
TH-102552,27/09/2024,motorcycle,South,32,25 to 34,25400,67000,"40,800",0,0
TH-102553,16/01/2025,auto,Bangkok,26,25 to 34,18300,79000,"69,600",0,0
TH-102554,31/07/2023,home_improvement,South,27,25 to 34,16800,34000,"19,400",0,0
TH-102555,07/01/2023,auto,Northeast,43,35 to 44,10000,24000,"16,300",0,0
TH-102556,14/02/2024,title_loan,South,30,25 to 34,22300,22000,"10,900",29,0
TH-102557,30/04/2023,motorcycle,Bangkok,51,45 to 54,19400,15000,"9,300",0,0
TH-102558,17/04/2025,title_loan,Bangkok,33,25 to 34,,84000,"56,800",12,0
TH-102559,19/05/2024,home_improvement,Northeast,38,35 to 44,9000,15000,"7,100",0,0
TH-102560,24/02/2024,home_improvement,North,44,35 to 44,15400,43000,"22,500",0,0
TH-102561,14/06/2023,home_improvement,Bangkok,34,25 to 34,29200,61000,"27,600",0,0
TH-102562,14/01/2025,personal,North,51,45 to 54,24400,49000,"28,800",0,0
TH-102563,01/05/2023,auto,Central,22,Under 25,18800,77000,"44,400",0,0
TH-102564,26/05/2025,motorcycle,Central,35,35 to 44,17800,68000,"15,500",0,0
TH-102565,17/05/2024,personal,Northeast,38,35 to 44,13500,24000,"21,300",0,0
TH-102566,10/06/2025,motorcycle,Northeast,28,25 to 34,9200,17000,"14,100",0,0
TH-102567,06/03/2024,personal,Bangkok,42,35 to 44,37000,88000,"46,500",0,0
TH-102568,28/05/2025,auto,North,32,25 to 34,16600,27000,"7,700",78,1
TH-102569,01/01/2023,motorcycle,Bangkok,27,25 to 34,,76000,"36,000",21,0
TH-102570,20/04/2023,motorcycle,North,41,35 to 44,9000,62000,"27,000",83,1
TH-102571,17/06/2025,home_improvement,Northeast,25,25 to 34,20200,48000,"12,100",103,1
TH-102572,08/01/2025,personal,Bangkok,40,35 to 44,40400,83000,"72,000",0,0
TH-102573,01/07/2024,motorcycle,Northeast,37,35 to 44,19100,39000,"32,500",0,0
TH-102574,22/03/2023,home_improvement,Northeast,30,25 to 34,9000,20000,"10,200",6,0
TH-102575,25/08/2024,motorcycle,Bangkok,24,Under 25,16000,36000,"22,700",0,0
TH-102576,17/04/2023,personal,Central,35,35 to 44,12300,26000,"24,000",0,0
TH-102577,24/08/2023,personal,South,25,25 to 34,14100,76000,"67,900",0,0
TH-102578,02/09/2024,personal,Central,35,35 to 44,9000,18000,"5,600",0,0
TH-102579,16/09/2023,title_loan,Bangkok,53,45 to 54,16500,22000,"12,800",0,0
TH-102580,17/06/2025,personal,Northeast,41,35 to 44,37700,145000,"91,200",0,0
TH-102581,10/05/2024,auto,Bangkok,32,25 to 34,14000,63000,"28,200",0,0
TH-102582,30/05/2024,motorcycle,Bangkok,25,25 to 34,45400,102000,"70,500",0,0
TH-102583,25/05/2024,auto,North,24,Under 25,12700,41000,"33,200",0,0
TH-102584,28/12/2024,auto,Central,51,45 to 54,13200,21000,"11,500",0,0
TH-102585,12/06/2023,personal,Central,42,35 to 44,20200,20000,"8,200",0,0
TH-102586,29/09/2023,motorcycle,North,38,35 to 44,26300,96000,"88,500",1,0
TH-102587,01/10/2023,motorcycle,North,38,35 to 44,29700,78000,"53,700",0,0
TH-102588,18/06/2023,home_improvement,Central,38,35 to 44,19700,46000,"41,800",0,0
TH-102589,01/02/2024,motorcycle,Bangkok,38,35 to 44,16400,65000,"55,000",0,0
TH-102590,04/06/2024,personal,Northeast,39,35 to 44,17700,43000,"12,200",0,0
TH-102591,24/12/2024,auto,North,46,45 to 54,34200,123000,"88,600",0,0
TH-102592,13/05/2024,motorcycle,South,37,35 to 44,19300,49000,"17,900",0,0
TH-102593,01/02/2023,personal,Northeast,42,35 to 44,35500,47000,"14,800",0,0
TH-102594,25/08/2023,title_loan,South,34,25 to 34,30900,168000,"80,300",0,0
TH-102595,17/01/2025,personal,Bangkok,29,25 to 34,16700,49000,"35,600",0,0
TH-102596,08/04/2025,motorcycle,North,40,35 to 44,21800,22000,"8,500",10,0
TH-102597,13/01/2025,motorcycle,Northeast,38,35 to 44,9000,16000,"9,900",0,0
TH-102598,19/12/2023,motorcycle,North,26,25 to 34,21900,79000,"31,100",0,0
TH-102599,02/04/2025,title_loan,Northeast,28,25 to 34,27400,66000,"48,400",0,0
TH-102600,04/02/2024,auto,Northeast,29,25 to 34,10800,54000,"39,100",0,0
TH-102601,11/01/2025,personal,Central,39,35 to 44,13400,21000,"12,300",0,0
TH-102602,17/01/2025,personal,North,42,35 to 44,19500,48000,"27,600",40,1
TH-102603,11/03/2023,personal,North,39,35 to 44,24500,45000,"15,100",0,0
TH-102604,04/05/2024,motorcycle,Northeast,37,35 to 44,20700,85000,"42,700",94,1
TH-102605,30/08/2024,motorcycle,Bangkok,39,35 to 44,35900,126000,"48,400",0,0
TH-102606,07/07/2024,personal,Central,44,35 to 44,40700,166000,"148,000",19,0
TH-102607,26/05/2025,home_improvement,North,32,25 to 34,12100,42000,"37,600",0,0
TH-102608,17/05/2023,auto,South,49,45 to 54,24900,111000,"25,700",0,0
TH-102609,20/07/2024,personal,Bangkok,25,25 to 34,16900,34000,"24,300",0,0
TH-102610,29/10/2023,auto,Bangkok,27,25 to 34,,33000,"19,800",0,0
TH-102611,16/07/2023,home_improvement,Bangkok,23,Under 25,23700,82000,"48,900",0,0
TH-102612,06/01/2025,auto,Northeast,40,35 to 44,15800,114000,"70,600",0,0
TH-102613,17/02/2024,personal,South,31,25 to 34,29400,45000,"42,100",0,0
TH-102614,10/04/2024,motorcycle,Northeast,23,Under 25,9100,15000,"4,500",0,0
TH-102615,21/04/2025,personal,South,54,45 to 54,32000,77000,"32,100",0,0
TH-102616,08/12/2024,home_improvement,Central,34,25 to 34,17700,45000,"7,200",0,0
TH-102617,05/02/2023,motorcycle,Bangkok,29,25 to 34,16800,47000,"36,400",0,0
TH-102618,13/06/2025,personal,North,33,25 to 34,9400,19000,"11,200",0,0
TH-102619,14/08/2023,motorcycle,North,45,45 to 54,33500,62000,"52,300",0,0
TH-102620,24/06/2024,personal,Northeast,39,35 to 44,44800,220000,"128,300",0,0
TH-102621,18/01/2024,personal,Northeast,44,35 to 44,18400,34000,"10,400",0,0
TH-102622,11/05/2023,personal,Northeast,31,25 to 34,10600,24000,"16,900",0,0
TH-102623,04/06/2025,personal,North,36,35 to 44,9000,23000,"13,200",0,0
TH-102624,02/07/2023,motorcycle,Central,50,45 to 54,16000,36000,"15,500",0,0
TH-102625,22/08/2024,auto,North,37,35 to 44,10300,15000,"6,500",0,0
TH-102626,17/03/2025,home_improvement,North,21,Under 25,29700,48000,"43,600",0,0
TH-102627,14/06/2025,motorcycle,Bangkok,27,25 to 34,12400,20000,"10,300",0,0
TH-102628,10/05/2025,motorcycle,South,30,25 to 34,28200,52000,"37,500",0,0
TH-102629,04/09/2024,personal,Northeast,41,35 to 44,32400,155000,"113,900",0,0
TH-102630,24/03/2025,motorcycle,Central,36,35 to 44,57300,90000,"71,700",0,0
TH-102631,25/04/2025,auto,Northeast,36,35 to 44,16600,19000,"9,100",0,0
TH-102632,12/03/2025,title_loan,Central,31,25 to 34,29100,32000,"27,600",11,0
TH-102633,16/10/2023,auto,Bangkok,39,35 to 44,20200,62000,"42,900",0,0
TH-102634,02/06/2025,auto,Northeast,40,35 to 44,13800,15000,"5,400",0,0
TH-102635,28/07/2024,motorcycle,Central,43,35 to 44,15100,21000,"15,800",0,0
TH-102636,30/04/2024,personal,Bangkok,30,25 to 34,14900,40000,"28,400",0,0
TH-102637,23/01/2024,motorcycle,Bangkok,30,25 to 34,9000,22000,"12,400",0,0
TH-102638,11/03/2025,title_loan,North,29,25 to 34,19800,26000,"19,300",0,0
TH-102639,22/01/2025,motorcycle,Northeast,31,25 to 34,32700,140000,"96,300",0,0
TH-102640,18/04/2023,motorcycle,Northeast,32,25 to 34,22100,67000,,0,0
TH-102641,03/01/2024,motorcycle,Bangkok,43,35 to 44,58400,222000,"155,000",0,0
TH-102642,08/01/2023,title_loan,Central,42,35 to 44,,24000,"16,500",0,0
TH-102643,08/05/2025,motorcycle,Northeast,41,35 to 44,10600,22000,"11,900",0,0
TH-102644,01/06/2024,motorcycle,Bangkok,41,35 to 44,48500,54000,"26,500",0,0
TH-102645,11/06/2025,motorcycle,Northeast,21,Under 25,21300,57000,"48,400",0,0
TH-102646,27/11/2023,motorcycle,Bangkok,28,25 to 34,29400,95000,"45,500",0,0
TH-102647,22/10/2023,title_loan,South,27,25 to 34,16500,76000,"49,600",0,0
TH-102648,27/12/2024,auto,South,49,45 to 54,31200,162000,"102,000",0,0
TH-102649,04/05/2025,title_loan,Bangkok,28,25 to 34,23600,156000,"78,900",86,1
TH-102650,13/12/2024,auto,Northeast,32,25 to 34,9000,21000,"6,400",0,0
TH-102651,09/01/2023,home_improvement,Bangkok,29,25 to 34,13600,39000,"16,600",0,0
TH-102652,19/09/2024,motorcycle,Northeast,29,25 to 34,18100,71000,"41,900",143,1
TH-102653,01/01/2023,personal,Bangkok,36,35 to 44,30700,75000,"44,100",0,0
TH-102654,13/09/2024,motorcycle,Bangkok,37,35 to 44,9000,15000,"7,500",0,0
TH-102655,02/05/2025,auto,North,21,Under 25,19800,31000,"25,200",12,0
TH-102656,02/09/2023,personal,Northeast,36,35 to 44,25700,37000,"11,900",22,0
TH-102657,26/07/2023,title_loan,South,26,25 to 34,,46000,"30,400",0,0
TH-102658,19/03/2025,motorcycle,Northeast,30,25 to 34,24900,76000,"49,900",88,1
TH-102659,09/07/2024,motorcycle,Central,23,Under 25,20200,76000,"46,200",38,1
TH-102660,04/03/2023,auto,Central,48,45 to 54,47300,126000,"45,200",0,0
TH-102661,03/10/2023,motorcycle,Northeast,34,25 to 34,14000,58000,"31,100",0,0
TH-102662,12/07/2024,personal,Northeast,46,45 to 54,23200,68000,"32,000",0,0
TH-102663,17/07/2024,home_improvement,Central,40,35 to 44,9000,24000,"14,000",0,0
TH-102664,29/11/2023,motorcycle,Central,24,Under 25,24900,56000,"31,000",0,0
TH-102665,27/06/2024,auto,North,27,25 to 34,10400,37000,"13,500",0,0
TH-102666,07/11/2024,personal,Bangkok,44,35 to 44,9000,18000,"8,400",0,0
TH-102667,22/03/2025,title_loan,Bangkok,21,Under 25,24700,87000,"44,600",0,0
TH-102668,25/05/2025,auto,South,28,25 to 34,21100,52000,"45,400",0,0
TH-102669,29/03/2023,title_loan,North,37,35 to 44,36800,99000,"76,900",0,0
TH-102670,04/07/2024,auto,South,36,35 to 44,12000,31000,"23,700",0,0
TH-102671,04/08/2024,personal,Bangkok,21,Under 25,19100,32000,,0,0
TH-102672,07/02/2023,auto,Northeast,43,35 to 44,17500,15000,"9,500",0,0
TH-102673,12/12/2023,motorcycle,Northeast,34,25 to 34,,76000,"44,900",0,0
TH-102674,05/01/2023,motorcycle,Northeast,38,35 to 44,9000,43000,"12,100",0,0
TH-102675,12/05/2024,home_improvement,Bangkok,29,25 to 34,37800,37000,"13,600",0,0
TH-102676,12/04/2025,auto,Northeast,34,25 to 34,17800,36000,"19,200",0,0
TH-102677,17/03/2024,home_improvement,Bangkok,36,35 to 44,16900,27000,"12,700",0,0
TH-102678,03/08/2023,personal,Bangkok,40,35 to 44,20200,59000,"41,300",16,0
TH-102679,19/04/2025,motorcycle,Bangkok,30,25 to 34,27700,37000,"17,500",0,0
TH-102680,20/11/2024,home_improvement,Northeast,36,35 to 44,14700,26000,"8,100",0,0
TH-102681,16/08/2023,auto,South,36,35 to 44,42100,167000,"97,000",0,0
TH-102682,13/05/2023,motorcycle,Bangkok,28,25 to 34,16100,102000,"75,300",0,0
TH-102683,21/08/2024,auto,Bangkok,31,25 to 34,31300,129000,"88,300",8,0
TH-102684,25/08/2023,motorcycle,North,37,35 to 44,14700,52000,"28,500",13,0
TH-102685,15/01/2023,personal,Northeast,25,25 to 34,17100,21000,"13,300",0,0
TH-102686,20/10/2024,title_loan,Bangkok,36,35 to 44,38800,95000,"47,600",0,0
TH-102687,01/01/2024,personal,Northeast,33,25 to 34,20100,30000,"24,800",0,0
TH-102688,06/07/2024,auto,North,26,25 to 34,21100,56000,"18,800",0,0
TH-102689,14/12/2023,auto,South,21,Under 25,22300,46000,"45,300",0,0
TH-102690,10/04/2025,auto,Northeast,64,55 and over,,49000,"33,500",0,0
TH-102691,18/03/2023,motorcycle,Bangkok,33,25 to 34,12600,20000,"7,900",0,0
TH-102692,26/05/2025,title_loan,North,35,35 to 44,18000,41000,"11,700",0,0
TH-102693,02/02/2023,motorcycle,Bangkok,29,25 to 34,11000,59000,"26,500",65,1
TH-102694,27/03/2024,motorcycle,Bangkok,47,45 to 54,35200,50000,"9,600",5,0
TH-102695,27/02/2023,home_improvement,South,38,35 to 44,9000,25000,"16,600",23,0
TH-102696,20/04/2024,home_improvement,Bangkok,54,45 to 54,25400,103000,"82,400",0,0
TH-102697,03/11/2024,personal,Bangkok,25,25 to 34,25900,94000,"71,200",12,0
TH-102698,21/02/2023,motorcycle,Northeast,29,25 to 34,100100,351000,"157,500",0,0
TH-102699,30/04/2025,home_improvement,Northeast,24,Under 25,10300,25000,"9,300",0,0
TH-102700,02/01/2025,personal,Bangkok,23,Under 25,9000,32000,"6,800",15,0
TH-102701,19/05/2023,personal,Central,27,25 to 34,,25000,"22,300",0,0
TH-102702,07/04/2023,auto,Northeast,27,25 to 34,12600,29000,"17,300",13,0
TH-102703,14/02/2025,personal,Northeast,40,35 to 44,13100,32000,"23,200",0,0
TH-102704,22/04/2025,auto,North,31,25 to 34,9000,23000,"11,700",0,0
TH-102705,08/05/2025,motorcycle,South,45,45 to 54,33400,105000,"83,500",15,0
TH-102706,05/11/2023,motorcycle,Bangkok,32,25 to 34,12800,40000,"32,900",0,0
TH-102707,29/07/2023,personal,Central,29,25 to 34,13000,42000,"19,400",0,0
TH-102708,19/01/2023,motorcycle,Bangkok,33,25 to 34,34500,39000,"8,800",0,0
TH-102709,04/01/2023,personal,Bangkok,37,35 to 44,,108000,"43,400",0,0
TH-102710,03/10/2024,personal,Northeast,54,45 to 54,,55000,"37,500",0,0
TH-102711,02/02/2023,title_loan,Northeast,29,25 to 34,95800,317000,"236,000",0,0
TH-102712,29/07/2023,title_loan,South,25,25 to 34,15200,27000,"7,500",13,0
TH-102713,02/05/2023,motorcycle,Bangkok,46,45 to 54,11600,53000,"35,200",0,0
TH-102714,29/10/2023,title_loan,Northeast,50,45 to 54,12300,34000,"27,000",0,0
TH-102715,20/03/2023,personal,Bangkok,51,45 to 54,12000,22000,"20,000",0,0
TH-102716,13/06/2023,auto,Northeast,43,35 to 44,28900,72000,"41,100",5,0
TH-102717,11/04/2023,personal,South,43,35 to 44,91500,228000,"167,100",0,0
TH-102718,04/04/2023,motorcycle,Bangkok,41,35 to 44,14800,68000,"48,400",0,0
TH-102719,06/12/2024,motorcycle,North,23,Under 25,10700,50000,"37,200",0,0
TH-102720,10/08/2023,auto,Northeast,43,35 to 44,19800,38000,"16,700",0,0
TH-102721,15/12/2023,title_loan,Bangkok,35,35 to 44,18200,53000,"6,800",21,0
TH-102722,06/12/2023,motorcycle,Bangkok,47,45 to 54,32000,88000,"53,600",30,0
TH-102723,03/06/2024,personal,Northeast,32,25 to 34,23100,73000,"45,000",0,0
TH-102724,08/04/2024,personal,Bangkok,39,35 to 44,24200,52000,"37,200",0,0
TH-102725,15/01/2024,personal,Bangkok,45,45 to 54,11000,18000,"5,500",0,0
TH-102726,08/08/2024,motorcycle,South,25,25 to 34,23600,29000,"19,300",0,0
TH-102727,26/06/2024,personal,Northeast,29,25 to 34,25700,49000,"18,200",0,0
TH-102728,07/11/2024,home_improvement,North,44,35 to 44,21400,72000,"64,500",0,0
TH-102729,09/03/2025,home_improvement,Bangkok,32,25 to 34,18000,35000,"20,400",0,0
TH-102730,20/09/2024,title_loan,Central,29,25 to 34,23800,66000,"42,400",0,0
TH-102731,13/09/2024,auto,Central,31,25 to 34,13400,22000,"16,200",0,0
TH-102732,17/04/2024,home_improvement,North,51,45 to 54,39800,48000,"18,100",0,0
TH-102733,21/06/2023,motorcycle,Bangkok,31,25 to 34,47200,96000,"55,600",21,0
TH-102734,10/03/2024,personal,Bangkok,27,25 to 34,10600,49000,"32,200",119,1
TH-102735,22/07/2023,home_improvement,Central,31,25 to 34,13800,62000,"50,200",0,0
TH-102736,16/07/2023,auto,South,33,25 to 34,30800,194000,"59,700",12,0
TH-102737,05/02/2025,auto,Central,23,Under 25,10800,43000,"13,300",124,1
TH-102738,01/03/2025,motorcycle,Bangkok,45,45 to 54,22100,40000,"20,700",10,0
TH-102739,30/11/2023,personal,South,42,35 to 44,43900,152000,"123,200",0,0
TH-102740,17/10/2023,personal,Central,30,25 to 34,14100,35000,"27,700",0,0
TH-102741,08/09/2024,auto,Bangkok,22,Under 25,17000,53000,"34,100",162,1
TH-102742,10/03/2023,title_loan,Bangkok,41,35 to 44,19600,64000,"61,600",0,0
TH-102743,18/04/2025,auto,Northeast,37,35 to 44,9000,21000,,0,0
TH-102744,03/03/2025,auto,Northeast,41,35 to 44,20600,60000,"35,900",0,0
TH-102745,14/06/2025,home_improvement,Northeast,42,35 to 44,9000,29000,"23,000",0,0
TH-102746,16/05/2023,title_loan,Northeast,31,25 to 34,30900,70000,"26,400",0,0
TH-102747,12/12/2023,auto,North,25,25 to 34,57500,360000,"196,600",0,0
TH-102748,20/04/2024,auto,Bangkok,25,25 to 34,,25000,"13,000",0,0
TH-102749,14/06/2024,motorcycle,Bangkok,49,45 to 54,10800,46000,"22,100",0,0
TH-102750,09/03/2025,home_improvement,South,42,35 to 44,35700,71000,"36,300",0,0
TH-102751,04/01/2025,personal,Northeast,32,25 to 34,14300,133000,"126,300",164,1
TH-102752,13/10/2023,motorcycle,Central,51,45 to 54,33900,83000,"44,600",0,0
TH-102753,18/05/2025,personal,North,35,35 to 44,21800,76000,"32,100",0,0
TH-102754,19/12/2023,motorcycle,South,42,35 to 44,9000,16000,"10,100",0,0
TH-102755,12/01/2025,personal,Northeast,41,35 to 44,17300,44000,"24,200",0,0
TH-102756,08/08/2023,title_loan,Bangkok,31,25 to 34,21100,91000,"48,000",0,0
TH-102757,01/01/2023,auto,Central,24,Under 25,15800,72000,"65,500",0,0
TH-102758,29/12/2023,motorcycle,Bangkok,37,35 to 44,29300,35000,"14,400",0,0
TH-102759,06/10/2023,personal,North,43,35 to 44,18800,86000,"57,000",0,0
TH-102760,22/06/2024,personal,Central,25,25 to 34,29700,97000,"72,800",0,0
TH-102761,10/11/2024,home_improvement,Northeast,40,35 to 44,32100,107000,"68,300",3,0
TH-102762,24/07/2024,motorcycle,North,23,Under 25,17000,100000,"69,800",8,0
TH-102763,14/04/2025,home_improvement,Bangkok,27,25 to 34,27200,143000,"115,300",73,1
TH-102764,28/04/2023,personal,South,52,45 to 54,34700,30000,"21,300",0,0
TH-102765,16/08/2023,motorcycle,Bangkok,38,35 to 44,17900,44000,"26,200",0,0
TH-102766,23/11/2024,motorcycle,North,29,25 to 34,30300,113000,"88,800",29,0
TH-102767,22/12/2023,auto,Northeast,51,45 to 54,32800,127000,"100,300",0,0
TH-102768,24/12/2024,personal,Central,49,45 to 54,11600,95000,"71,000",10,0
TH-102769,15/05/2023,personal,Northeast,30,25 to 34,25200,65000,"25,300",8,0
TH-102770,23/01/2023,title_loan,Central,31,25 to 34,37600,80000,"47,000",0,0
TH-102771,05/01/2024,personal,Northeast,28,25 to 34,15600,52000,"43,300",0,0
TH-102772,01/02/2024,motorcycle,North,37,35 to 44,17700,34000,"26,100",0,0
TH-102773,16/03/2023,auto,Northeast,44,35 to 44,15000,18000,"11,400",0,0
TH-102774,02/03/2024,motorcycle,Northeast,32,25 to 34,12200,47000,"29,600",0,0
TH-102775,05/05/2025,personal,Central,44,35 to 44,39700,185000,"91,200",62,1
TH-102776,05/03/2024,title_loan,Bangkok,33,25 to 34,28900,54000,"38,600",0,0
TH-102777,03/06/2025,motorcycle,Central,34,25 to 34,30800,87000,"27,300",0,0
TH-102778,14/08/2024,auto,South,41,35 to 44,12900,16000,"12,000",0,0
TH-102779,05/10/2023,personal,South,23,Under 25,13300,46000,"29,900",0,0
TH-102780,17/12/2023,home_improvement,South,46,45 to 54,9000,20000,"16,900",0,0
TH-102781,15/04/2023,motorcycle,Bangkok,24,Under 25,39500,82000,"62,600",0,0
TH-102782,15/07/2023,personal,Northeast,30,25 to 34,50900,73000,"30,300",0,0
TH-102783,29/04/2025,home_improvement,North,33,25 to 34,33400,99000,"91,000",21,0
TH-102784,16/10/2024,motorcycle,South,42,35 to 44,13600,68000,"54,200",0,0
TH-102785,22/06/2023,auto,Central,52,45 to 54,16400,68000,"17,300",0,0
TH-102786,17/06/2024,auto,Central,44,35 to 44,23500,53000,"21,200",0,0
TH-102787,28/11/2024,home_improvement,North,28,25 to 34,42200,118000,"47,000",0,0
TH-102788,25/01/2024,personal,Bangkok,33,25 to 34,11500,24000,"11,400",26,0
TH-102789,08/06/2023,auto,Bangkok,22,Under 25,14600,33000,"28,000",0,0
TH-102790,30/03/2023,personal,Central,46,45 to 54,32200,71000,"19,200",0,0
TH-102791,23/04/2024,home_improvement,Northeast,24,Under 25,32200,181000,"126,100",98,1
TH-102792,25/08/2023,motorcycle,Central,42,35 to 44,16700,73000,"61,000",0,0
TH-102793,11/03/2025,personal,North,24,Under 25,9000,72000,"49,700",0,0
TH-102794,18/06/2025,auto,Central,30,25 to 34,29100,96000,"65,000",0,0
TH-102795,30/09/2023,auto,Bangkok,44,35 to 44,16900,119000,"84,100",21,0
TH-102796,30/01/2023,motorcycle,North,27,25 to 34,19500,36000,"29,300",0,0
TH-102797,03/11/2024,personal,South,45,45 to 54,14200,57000,"37,100",2,0
TH-102798,18/10/2024,personal,Northeast,41,35 to 44,15600,39000,"21,100",0,0
TH-102799,27/05/2025,title_loan,Northeast,33,25 to 34,,95000,"72,700",0,0
TH-102800,29/04/2023,personal,Bangkok,32,25 to 34,12000,28000,"17,800",0,0
TH-102801,24/06/2024,title_loan,South,34,25 to 34,20300,36000,"8,600",13,0
TH-102802,24/10/2023,motorcycle,Bangkok,33,25 to 34,,94000,"52,400",0,0
TH-102803,19/03/2023,home_improvement,Northeast,51,45 to 54,15100,39000,"21,300",7,0
TH-102804,09/10/2024,personal,Bangkok,26,25 to 34,24500,41000,"28,500",0,0
TH-102805,24/07/2023,personal,South,34,25 to 34,49900,221000,"209,800",85,1
TH-102806,23/11/2023,motorcycle,Bangkok,39,35 to 44,24900,90000,"38,000",0,0
TH-102807,29/01/2025,motorcycle,South,25,25 to 34,18800,35000,"15,000",1,0
TH-102808,17/07/2023,motorcycle,Bangkok,29,25 to 34,17100,76000,"66,000",0,0
TH-102809,13/11/2023,motorcycle,Bangkok,21,Under 25,71100,156000,"27,300",0,0
TH-102810,13/03/2024,auto,Central,39,35 to 44,23500,82000,"26,400",0,0
TH-102811,30/07/2024,auto,Bangkok,66,55 and over,15000,28000,"5,200",0,0
TH-102812,05/02/2023,personal,Bangkok,54,45 to 54,9000,15000,"7,000",0,0
TH-102813,11/06/2023,motorcycle,Northeast,33,25 to 34,9000,19000,"15,300",0,0
TH-102814,31/05/2025,motorcycle,Central,33,25 to 34,16900,57000,"45,700",0,0
TH-102815,25/01/2023,home_improvement,Bangkok,55,55 and over,11800,32000,"24,300",0,0
TH-102816,27/02/2025,motorcycle,Bangkok,39,35 to 44,9400,20000,"14,100",0,0
TH-102817,07/10/2024,auto,Bangkok,24,Under 25,19100,21000,"13,900",0,0
TH-102818,10/12/2024,motorcycle,Northeast,42,35 to 44,9000,42000,"24,700",0,0
TH-102819,02/02/2024,personal,North,46,45 to 54,22500,34000,"24,700",0,0
TH-102820,20/05/2023,home_improvement,Northeast,44,35 to 44,15700,65000,"36,400",29,0
TH-102821,17/10/2023,personal,South,59,55 and over,41300,88000,"63,100",0,0
TH-102822,06/08/2024,home_improvement,Bangkok,49,45 to 54,30200,179000,"120,100",8,0
TH-102823,04/10/2023,personal,North,43,35 to 44,24900,81000,"42,700",13,0
TH-102824,30/01/2023,motorcycle,South,48,45 to 54,17400,51000,"17,700",8,0
TH-102825,21/10/2023,motorcycle,Bangkok,29,25 to 34,17000,60000,"44,000",0,0
TH-102826,12/04/2023,home_improvement,Northeast,26,25 to 34,17300,93000,"40,800",0,0
TH-102827,06/07/2024,personal,Central,36,35 to 44,16400,50000,"25,400",0,0
TH-102828,27/08/2024,motorcycle,Bangkok,27,25 to 34,11600,28000,"11,000",12,0
TH-102829,11/04/2023,motorcycle,Bangkok,36,35 to 44,22700,45000,"4,400",0,0
TH-102830,17/10/2023,motorcycle,Bangkok,32,25 to 34,38900,124000,"87,900",0,0
TH-102831,23/08/2024,personal,Bangkok,42,35 to 44,30100,61000,,137,1
TH-102832,28/01/2024,motorcycle,Northeast,54,45 to 54,,93000,"51,300",0,0
TH-102833,09/06/2024,auto,Bangkok,34,25 to 34,13900,22000,"13,300",0,0
TH-102834,09/10/2023,motorcycle,Northeast,26,25 to 34,27200,65000,"49,100",0,0
TH-102835,02/11/2023,personal,South,25,25 to 34,16400,55000,"18,200",0,0
TH-102836,22/06/2024,motorcycle,Bangkok,40,35 to 44,,45000,"5,600",30,0
TH-102837,09/07/2024,home_improvement,North,40,35 to 44,15600,33000,"27,400",31,1
TH-102838,07/11/2024,motorcycle,Bangkok,68,55 and over,15500,47000,"21,300",88,1
TH-102839,14/10/2023,motorcycle,Central,50,45 to 54,10600,33000,"13,100",14,0
TH-102840,09/06/2025,motorcycle,North,32,25 to 34,9000,15000,"8,400",0,0
TH-102841,16/03/2024,auto,North,34,25 to 34,19800,60000,"36,500",0,0
TH-102842,22/12/2024,title_loan,Bangkok,21,Under 25,10100,26000,"17,400",0,0
TH-102843,21/06/2024,personal,Central,33,25 to 34,30400,37000,"17,500",0,0
TH-102844,08/08/2024,auto,Bangkok,42,35 to 44,35700,190000,"169,800",0,0
TH-102845,21/07/2024,auto,Bangkok,41,35 to 44,,62000,"49,200",16,0
TH-102846,25/05/2024,personal,South,54,45 to 54,17400,82000,"56,100",0,0
TH-102847,24/08/2024,home_improvement,Northeast,42,35 to 44,17400,87000,"24,200",0,0
TH-102848,12/02/2023,auto,Northeast,27,25 to 34,26000,40000,"27,800",30,0
TH-102849,17/06/2023,auto,Central,52,45 to 54,14800,45000,"34,300",0,0
TH-102850,01/08/2024,auto,North,54,45 to 54,9000,26000,,0,0
TH-102851,01/03/2025,home_improvement,Bangkok,50,45 to 54,35400,81000,"61,500",0,0
TH-102852,29/03/2025,title_loan,Bangkok,36,35 to 44,26500,73000,"62,700",0,0
TH-102853,17/08/2023,title_loan,Central,44,35 to 44,22100,83000,"72,100",0,0
TH-102854,22/05/2024,motorcycle,Northeast,33,25 to 34,22100,83000,"5,500",14,0
TH-102855,18/12/2023,personal,Central,27,25 to 34,15100,25000,"11,500",0,0
TH-102856,12/10/2024,home_improvement,North,23,Under 25,9000,22000,"10,600",36,1
TH-102857,28/10/2023,home_improvement,Central,28,25 to 34,9000,15000,"3,700",0,0
TH-102858,20/02/2023,motorcycle,Central,49,45 to 54,9800,17000,"7,800",0,0
TH-102859,06/05/2025,personal,South,23,Under 25,36800,81000,"39,200",0,0
TH-102860,21/08/2023,auto,South,28,25 to 34,17700,38000,"32,300",0,0
TH-102861,21/01/2024,motorcycle,Bangkok,23,Under 25,9000,15000,"10,700",0,0
TH-102862,03/05/2023,personal,North,49,45 to 54,26900,54000,"34,900",0,0
TH-102863,08/04/2024,motorcycle,Northeast,37,35 to 44,17200,51000,"30,000",0,0
TH-102864,20/02/2024,auto,Northeast,30,25 to 34,20100,56000,"35,700",0,0
TH-102865,14/12/2023,home_improvement,Bangkok,31,25 to 34,16700,69000,"49,900",0,0
TH-102866,22/09/2024,motorcycle,Bangkok,48,45 to 54,10800,30000,"28,400",0,0
TH-102867,16/05/2025,title_loan,North,33,25 to 34,30000,132000,"40,200",0,0
TH-102868,12/03/2024,motorcycle,Northeast,46,45 to 54,,28000,"21,600",0,0
TH-102869,27/03/2024,motorcycle,Central,40,35 to 44,15200,26000,"19,900",0,0
TH-102870,29/10/2023,motorcycle,South,34,25 to 34,9400,16000,"11,600",28,0
TH-102871,22/02/2023,motorcycle,North,31,25 to 34,13300,18000,"8,600",0,0
TH-102872,16/12/2024,motorcycle,Northeast,31,25 to 34,13700,15000,"8,200",0,0
TH-102873,06/03/2025,auto,Northeast,25,25 to 34,21900,187000,"148,000",0,0
TH-102874,14/09/2024,motorcycle,Bangkok,28,25 to 34,13400,40000,"12,200",0,0
TH-102875,16/03/2023,home_improvement,Bangkok,21,Under 25,9100,15000,"12,500",0,0
TH-102876,11/01/2025,motorcycle,North,28,25 to 34,25600,41000,"30,500",0,0
TH-102877,02/08/2023,motorcycle,Bangkok,43,35 to 44,19000,48000,"29,100",0,0
TH-102878,06/12/2024,motorcycle,North,23,Under 25,46400,71000,"65,700",0,0
TH-102879,19/04/2025,auto,Northeast,48,45 to 54,15100,37000,"27,000",5,0
TH-102880,21/06/2023,motorcycle,Bangkok,29,25 to 34,22400,32000,"7,800",0,0
TH-102881,13/02/2024,home_improvement,Northeast,36,35 to 44,38900,64000,"23,600",0,0
TH-102882,18/05/2023,title_loan,Bangkok,28,25 to 34,47100,238000,"195,600",0,0
TH-102883,04/10/2024,title_loan,Bangkok,21,Under 25,9000,42000,,0,0
TH-102884,10/08/2023,title_loan,Central,42,35 to 44,,43000,"11,100",0,0
TH-102885,03/08/2024,personal,Bangkok,33,25 to 34,25900,248000,"151,000",2,0
TH-102886,07/01/2024,personal,South,45,45 to 54,22500,87000,"66,300",0,0
TH-102887,06/06/2023,motorcycle,Central,44,35 to 44,48100,151000,"121,800",0,0
TH-102888,12/05/2025,personal,North,44,35 to 44,42500,85000,"22,800",0,0
TH-102889,06/12/2024,motorcycle,South,31,25 to 34,19800,77000,"69,600",0,0
TH-102890,10/01/2024,auto,Central,23,Under 25,14400,59000,"33,400",0,0
TH-102891,30/06/2024,motorcycle,Bangkok,28,25 to 34,27200,99000,"67,100",0,0
TH-102892,15/11/2023,auto,South,47,45 to 54,11500,32000,"20,300",0,0
TH-102893,09/07/2023,personal,Northeast,46,45 to 54,20200,82000,"17,900",0,0
TH-102894,05/12/2023,motorcycle,South,35,35 to 44,14100,29000,"10,000",0,0
TH-102895,27/08/2023,auto,Bangkok,24,Under 25,18300,46000,"31,900",153,1
TH-102896,15/03/2024,personal,Northeast,27,25 to 34,10300,33000,"10,000",0,0
TH-102897,09/01/2023,motorcycle,Bangkok,33,25 to 34,11600,45000,"41,300",0,0
TH-102898,14/04/2023,motorcycle,Central,27,25 to 34,9000,29000,"24,200",0,0
TH-102899,21/11/2023,personal,Northeast,21,Under 25,31700,128000,"32,800",23,0
TH-102900,12/06/2023,motorcycle,South,48,45 to 54,34400,75000,"25,900",0,0
TH-102901,05/02/2025,motorcycle,Bangkok,35,35 to 44,,43000,"35,900",0,0
TH-102902,28/08/2023,motorcycle,Northeast,24,Under 25,9000,19000,"6,300",0,0
TH-102903,18/07/2024,auto,Bangkok,28,25 to 34,34000,117000,"54,400",0,0
TH-102904,27/04/2024,personal,Bangkok,36,35 to 44,20100,55000,"24,700",27,0
TH-102905,07/10/2023,auto,North,21,Under 25,10200,48000,"33,600",0,0
TH-102906,24/07/2024,home_improvement,Northeast,31,25 to 34,9000,38000,"27,000",0,0
TH-102907,01/01/2025,home_improvement,North,38,35 to 44,9000,15000,"11,600",29,0
TH-102908,13/05/2023,motorcycle,North,39,35 to 44,10100,50000,"18,600",20,0
TH-102909,04/07/2024,home_improvement,Bangkok,32,25 to 34,25900,86000,"44,900",0,0
TH-102910,10/01/2024,motorcycle,Central,26,25 to 34,27000,45000,"30,200",0,0
TH-102911,09/04/2025,motorcycle,Northeast,35,35 to 44,12900,24000,"4,400",0,0
TH-102912,26/06/2024,motorcycle,Bangkok,29,25 to 34,9300,15000,"10,200",0,0
TH-102913,16/09/2023,personal,Bangkok,33,25 to 34,9800,28000,,0,0
TH-102914,08/06/2025,motorcycle,Northeast,33,25 to 34,23400,117000,"48,800",0,0
TH-102915,28/01/2023,personal,Central,47,45 to 54,14700,35000,"21,600",0,0
TH-102916,14/12/2023,motorcycle,Northeast,27,25 to 34,15300,88000,"41,000",0,0
TH-102917,17/05/2024,personal,North,32,25 to 34,38600,87000,"40,500",13,0
TH-102918,26/04/2023,personal,North,28,25 to 34,26700,85000,"41,800",0,0
TH-102919,17/06/2024,motorcycle,Central,38,35 to 44,16300,27000,"11,500",0,0
TH-102920,13/11/2023,motorcycle,Bangkok,27,25 to 34,9000,32000,"17,600",0,0
TH-102921,01/09/2024,personal,Northeast,28,25 to 34,17400,37000,"19,100",24,0
TH-102922,27/02/2025,auto,South,25,25 to 34,21800,62000,"49,000",0,0
TH-102923,14/04/2024,motorcycle,Northeast,43,35 to 44,32700,172000,"73,000",0,0
TH-102924,24/06/2024,personal,Northeast,30,25 to 34,42500,134000,"50,200",0,0
TH-102925,09/03/2023,personal,Bangkok,33,25 to 34,,77000,"37,300",88,1
TH-102926,24/05/2024,title_loan,Northeast,30,25 to 34,9600,20000,"6,000",0,0
TH-102927,31/07/2024,title_loan,Central,22,Under 25,13800,32000,"20,100",0,0
TH-102928,30/04/2023,home_improvement,Northeast,46,45 to 54,23200,60000,"53,400",0,0
TH-102929,23/03/2023,personal,Central,44,35 to 44,14900,27000,"14,300",23,0
TH-102930,08/01/2025,home_improvement,Bangkok,53,45 to 54,15500,32000,"22,500",0,0
TH-102931,24/04/2024,personal,Bangkok,40,35 to 44,9000,27000,"16,200",27,0
TH-102932,27/02/2023,auto,Northeast,50,45 to 54,9000,22000,,0,0
TH-102933,17/08/2023,title_loan,Bangkok,36,35 to 44,22600,89000,"58,700",0,0
TH-102934,13/05/2025,motorcycle,Central,40,35 to 44,76400,199000,"127,000",0,0
TH-102935,26/11/2023,auto,South,26,25 to 34,26500,50000,"8,200",0,0
TH-102936,14/02/2025,home_improvement,North,43,35 to 44,18900,50000,"37,900",0,0
TH-102937,21/04/2023,motorcycle,Central,35,35 to 44,10900,15000,"6,300",0,0
TH-102938,24/08/2023,personal,Bangkok,23,Under 25,38300,89000,"48,000",6,0
TH-102939,31/08/2023,motorcycle,North,25,25 to 34,12700,34000,"17,400",0,0
TH-102940,05/07/2023,motorcycle,Bangkok,30,25 to 34,9300,19000,"8,300",0,0
TH-102941,24/09/2024,personal,Northeast,28,25 to 34,13800,97000,"42,000",151,1
TH-102942,13/04/2023,auto,Central,25,25 to 34,20600,103000,"24,500",19,0
TH-102943,01/08/2023,motorcycle,Central,33,25 to 34,20900,70000,"52,300",0,0
TH-102944,19/11/2023,personal,Bangkok,54,45 to 54,12000,27000,"19,000",0,0
TH-102945,02/03/2023,motorcycle,Bangkok,37,35 to 44,,46000,"20,900",0,0
TH-102946,11/04/2025,personal,Bangkok,41,35 to 44,70900,245000,"89,700",0,0
TH-102947,18/05/2025,auto,Northeast,44,35 to 44,18400,54000,"13,700",0,0
TH-102948,14/07/2024,personal,North,50,45 to 54,9000,15000,"6,900",0,0
TH-102949,20/01/2024,home_improvement,Central,30,25 to 34,26700,46000,"14,800",0,0
TH-102950,12/11/2023,auto,South,52,45 to 54,13100,57000,"47,100",0,0
TH-102951,21/03/2025,motorcycle,North,24,Under 25,29300,51000,"37,300",0,0
TH-102952,01/09/2023,motorcycle,Bangkok,22,Under 25,15200,81000,"57,300",0,0
TH-102953,27/10/2023,personal,North,42,35 to 44,28600,49000,"29,000",0,0
TH-102954,15/06/2023,auto,North,22,Under 25,20700,55000,"36,900",0,0
TH-102955,21/11/2024,personal,Bangkok,38,35 to 44,23600,64000,"18,300",47,1
TH-102956,16/06/2023,motorcycle,Bangkok,40,35 to 44,47100,144000,"120,700",0,0
TH-102957,04/01/2025,motorcycle,Central,25,25 to 34,29400,58000,,0,0
TH-102958,18/05/2024,home_improvement,North,22,Under 25,13300,73000,"40,400",0,0
TH-102959,05/08/2023,motorcycle,South,21,Under 25,21700,24000,"10,600",0,0
TH-102960,29/11/2024,auto,North,32,25 to 34,13200,22000,"12,600",0,0
TH-102961,30/10/2024,motorcycle,Bangkok,21,Under 25,23100,30000,"18,200",0,0
TH-102962,05/05/2023,home_improvement,North,32,25 to 34,53200,141000,"73,500",0,0
TH-102963,21/01/2024,motorcycle,Bangkok,23,Under 25,13700,15000,"7,900",14,0
TH-102964,24/02/2025,home_improvement,North,37,35 to 44,21800,24000,"11,500",0,0
TH-102965,27/12/2024,auto,Central,51,45 to 54,11900,33000,"13,200",20,0
TH-102966,10/07/2023,motorcycle,Northeast,43,35 to 44,15500,21000,"10,000",7,0
TH-102967,07/08/2024,auto,Bangkok,36,35 to 44,,39000,"12,400",17,0
TH-102968,16/05/2023,motorcycle,Northeast,28,25 to 34,35500,223000,"201,900",145,1
TH-102969,04/03/2025,home_improvement,South,25,25 to 34,12300,22000,"17,900",0,0
TH-102970,05/02/2024,auto,Bangkok,38,35 to 44,26500,107000,"74,100",0,0
TH-102971,20/09/2023,personal,Central,50,45 to 54,,76000,"44,300",0,0
TH-102972,21/11/2024,personal,Central,42,35 to 44,22600,51000,"41,300",0,0
TH-102973,31/10/2024,auto,Northeast,28,25 to 34,75600,326000,"89,800",0,0
TH-102974,19/01/2024,home_improvement,North,49,45 to 54,20000,38000,"14,400",0,0
TH-102975,31/03/2025,home_improvement,Northeast,52,45 to 54,40000,141000,"100,900",0,0
TH-102976,12/11/2023,motorcycle,Bangkok,26,25 to 34,9000,26000,"18,500",0,0
TH-102977,22/05/2023,personal,Northeast,25,25 to 34,16400,41000,"12,200",0,0
TH-102978,23/02/2024,motorcycle,Bangkok,35,35 to 44,59300,217000,"90,100",0,0
TH-102979,07/03/2023,personal,Bangkok,33,25 to 34,22700,43000,"30,300",20,0
TH-102980,15/01/2023,motorcycle,North,44,35 to 44,14200,15000,"11,500",0,0
TH-102981,05/05/2023,personal,Bangkok,37,35 to 44,35400,52000,"40,300",0,0
TH-102982,10/02/2023,auto,Bangkok,22,Under 25,22900,70000,"52,100",8,0
TH-102983,11/07/2023,motorcycle,Bangkok,32,25 to 34,28400,56000,"45,200",0,0
TH-102984,10/12/2023,auto,North,29,25 to 34,9000,22000,"13,100",7,0
TH-102985,04/02/2024,auto,Central,24,Under 25,18200,70000,"35,200",0,0
TH-102986,09/03/2025,auto,Central,41,35 to 44,20300,55000,"19,800",0,0
TH-102987,09/03/2025,motorcycle,Bangkok,30,25 to 34,25200,39000,"14,700",0,0
TH-102988,10/02/2025,motorcycle,Bangkok,37,35 to 44,,35000,"17,500",0,0
TH-102989,13/12/2023,home_improvement,Bangkok,38,35 to 44,14000,48000,"38,300",0,0
TH-102990,02/02/2024,motorcycle,South,52,45 to 54,24700,66000,"43,400",0,0
TH-102991,28/07/2023,auto,Bangkok,32,25 to 34,16100,51000,"28,900",0,0
TH-102992,22/02/2023,home_improvement,Central,39,35 to 44,63900,313000,"203,400",0,0
TH-102993,09/01/2023,title_loan,Bangkok,53,45 to 54,,116000,"37,400",0,0
TH-102994,14/04/2025,personal,Bangkok,25,25 to 34,9000,21000,"3,300",23,0
TH-102995,01/12/2024,motorcycle,Central,29,25 to 34,29500,98000,"12,300",0,0
TH-102996,11/12/2024,motorcycle,Central,48,45 to 54,20900,36000,"31,100",0,0
TH-102997,23/05/2024,motorcycle,Bangkok,30,25 to 34,12400,39000,"16,500",0,0
TH-102998,20/05/2024,motorcycle,Central,39,35 to 44,13200,48000,"15,600",0,0
TH-102999,13/12/2024,personal,Bangkok,30,25 to 34,9000,44000,"31,900",0,0
TH-103000,27/03/2024,home_improvement,South,28,25 to 34,13500,32000,"11,100",0,0
TH-103001,20/02/2024,personal,South,42,35 to 44,36500,112000,"34,800",0,0
TH-103002,13/07/2023,home_improvement,South,31,25 to 34,14900,32000,"18,300",0,0
TH-103003,13/12/2023,motorcycle,Bangkok,37,35 to 44,19700,77000,"36,200",0,0
TH-103004,06/11/2023,title_loan,Bangkok,35,35 to 44,30600,81000,"52,300",0,0
TH-103005,03/03/2024,personal,Central,24,Under 25,28000,193000,"107,800",0,0
TH-103006,09/01/2023,home_improvement,Bangkok,26,25 to 34,9000,15000,"10,500",25,0
TH-103007,17/02/2024,motorcycle,North,51,45 to 54,19400,42000,"15,500",0,0
TH-103008,29/12/2023,auto,Central,47,45 to 54,18400,62000,"47,400",0,0
TH-103009,23/01/2025,personal,Central,38,35 to 44,54600,182000,"29,400",0,0
TH-103010,26/03/2025,title_loan,South,38,35 to 44,23700,47000,"14,700",0,0
TH-103011,14/03/2025,title_loan,Bangkok,35,35 to 44,19100,15000,"11,800",0,0
TH-103012,11/01/2025,motorcycle,Central,43,35 to 44,25500,45000,"32,500",0,0
TH-103013,11/06/2024,motorcycle,Northeast,32,25 to 34,10600,25000,"16,300",0,0
TH-103014,17/05/2024,motorcycle,Bangkok,40,35 to 44,17300,48000,"30,400",0,0
TH-103015,09/08/2023,motorcycle,Bangkok,30,25 to 34,20100,43000,"27,200",0,0
TH-103016,07/07/2024,home_improvement,Bangkok,22,Under 25,28400,47000,"30,200",0,0
TH-103017,03/03/2024,auto,Central,33,25 to 34,10900,36000,"29,200",0,0
TH-103018,17/03/2025,motorcycle,Central,34,25 to 34,22000,71000,"12,200",0,0
TH-103019,07/02/2024,personal,North,41,35 to 44,25300,87000,"53,200",0,0
TH-103020,15/12/2023,auto,South,33,25 to 34,59400,79000,"36,300",0,0
TH-103021,04/05/2025,motorcycle,Bangkok,32,25 to 34,16000,24000,"8,700",26,0
TH-103022,17/02/2023,auto,Central,38,35 to 44,18700,100000,"23,600",0,0
TH-103023,01/09/2024,title_loan,Central,28,25 to 34,11400,29000,"14,600",0,0
TH-103024,30/12/2024,personal,Bangkok,32,25 to 34,22800,59000,"14,200",0,0
TH-103025,10/03/2024,motorcycle,Northeast,34,25 to 34,34600,48000,"33,900",0,0
TH-103026,06/05/2023,personal,Central,31,25 to 34,16300,40000,"30,500",0,0
TH-103027,21/09/2024,personal,South,34,25 to 34,10400,31000,"20,200",0,0
TH-103028,17/02/2024,motorcycle,South,43,35 to 44,21300,42000,"28,000",0,0
TH-103029,25/08/2024,motorcycle,Bangkok,25,25 to 34,,70000,"20,900",0,0
TH-103030,03/10/2024,home_improvement,Bangkok,42,35 to 44,33800,101000,"35,800",0,0
TH-103031,20/10/2023,auto,South,44,35 to 44,19700,36000,"17,100",0,0
TH-103032,02/11/2024,personal,Northeast,56,55 and over,51500,142000,"74,900",166,1
TH-103033,03/11/2024,personal,Bangkok,51,45 to 54,34800,163000,"109,300",0,0
TH-103034,03/08/2023,personal,Bangkok,40,35 to 44,25900,44000,"21,800",0,0
TH-103035,19/11/2024,motorcycle,South,32,25 to 34,11800,31000,"22,800",0,0
TH-103036,03/09/2024,motorcycle,Northeast,44,35 to 44,59200,91000,"59,900",0,0
TH-103037,26/03/2024,motorcycle,Northeast,45,45 to 54,43800,152000,"138,100",0,0
TH-103038,25/03/2024,auto,Bangkok,29,25 to 34,19600,44000,"24,600",0,0
TH-103039,28/03/2025,motorcycle,Bangkok,51,45 to 54,18200,39000,"17,900",0,0
TH-103040,03/10/2023,personal,South,24,Under 25,79700,113000,"75,100",0,0
TH-103041,07/06/2023,motorcycle,South,34,25 to 34,17400,45000,"24,500",0,0
TH-103042,20/04/2023,home_improvement,Northeast,31,25 to 34,45500,98000,"49,400",0,0
TH-103043,24/11/2024,title_loan,Bangkok,22,Under 25,,32000,"9,000",0,0
TH-103044,06/04/2025,motorcycle,Central,64,55 and over,29300,58000,"21,400",8,0
TH-103045,28/04/2023,title_loan,Central,38,35 to 44,24400,34000,"33,300",0,0
TH-103046,03/03/2024,personal,South,27,25 to 34,43400,151000,"38,600",22,0
TH-103047,31/05/2025,title_loan,North,44,35 to 44,18700,33000,"25,500",0,0
TH-103048,17/02/2025,auto,Bangkok,44,35 to 44,10000,32000,"28,300",0,0
TH-103049,22/12/2023,motorcycle,North,52,45 to 54,22400,52000,"35,700",5,0
TH-103050,01/09/2024,title_loan,Northeast,34,25 to 34,13100,24000,"16,700",0,0
TH-103051,08/07/2023,personal,Bangkok,52,45 to 54,11000,54000,"27,800",0,0
TH-103052,21/01/2025,motorcycle,Northeast,29,25 to 34,23400,134000,"32,800",0,0
TH-103053,21/08/2023,motorcycle,Bangkok,49,45 to 54,26200,71000,"42,000",0,0
TH-103054,19/01/2023,auto,South,46,45 to 54,33500,132000,"75,100",0,0
TH-103055,23/09/2024,motorcycle,Central,26,25 to 34,14300,25000,"10,400",0,0
TH-103056,25/06/2024,motorcycle,North,28,25 to 34,20100,56000,"28,300",0,0
TH-103057,08/02/2025,motorcycle,North,27,25 to 34,19700,59000,"20,400",0,0
TH-103058,06/06/2023,motorcycle,Northeast,38,35 to 44,13800,53000,"17,100",0,0
TH-103059,13/02/2023,home_improvement,Bangkok,37,35 to 44,12700,38000,"17,000",2,0
TH-103060,24/06/2023,home_improvement,Central,42,35 to 44,11700,35000,"13,800",0,0
TH-103061,26/10/2024,title_loan,North,26,25 to 34,17700,20000,"14,400",0,0
TH-103062,16/11/2023,auto,South,31,25 to 34,17800,46000,"29,300",0,0
TH-103063,23/07/2023,personal,Central,39,35 to 44,10100,32000,"12,500",0,0
TH-103064,19/11/2024,auto,North,32,25 to 34,48300,57000,"30,500",0,0
TH-103065,11/04/2023,personal,Northeast,44,35 to 44,22400,46000,,0,0
TH-103066,20/01/2025,title_loan,South,48,45 to 54,10000,31000,"22,600",0,0
TH-103067,03/02/2024,personal,South,21,Under 25,,81000,,0,0
TH-103068,02/09/2024,motorcycle,North,46,45 to 54,9900,16000,"3,600",0,0
TH-103069,14/01/2024,personal,North,54,45 to 54,66300,333000,"193,500",0,0
TH-103070,27/05/2025,motorcycle,Central,53,45 to 54,25600,91000,"49,600",0,0
TH-103071,26/01/2023,motorcycle,North,23,Under 25,,36000,"25,900",0,0
TH-103072,07/06/2023,home_improvement,Northeast,42,35 to 44,19900,39000,,0,0
TH-103073,11/04/2023,auto,Central,49,45 to 54,37700,187000,"136,200",26,0
TH-103074,19/01/2024,home_improvement,Northeast,26,25 to 34,52000,95000,"49,600",0,0
TH-103075,25/11/2023,home_improvement,South,44,35 to 44,20200,76000,"56,800",0,0
TH-103076,28/12/2024,auto,Bangkok,36,35 to 44,22700,62000,"46,800",0,0
TH-103077,16/03/2025,motorcycle,Bangkok,46,45 to 54,,44000,"18,100",0,0
TH-103078,12/10/2024,title_loan,South,31,25 to 34,15900,52000,"34,100",0,0
TH-103079,09/02/2023,motorcycle,Central,32,25 to 34,23700,51000,"38,400",0,0
TH-103080,06/01/2024,auto,Central,35,35 to 44,18800,73000,"17,100",28,0
TH-103081,29/09/2024,personal,Central,24,Under 25,15900,45000,"31,000",7,0
TH-103082,10/10/2023,personal,North,43,35 to 44,27700,142000,,0,0
TH-103083,16/01/2023,auto,North,39,35 to 44,22700,123000,"110,800",0,0
TH-103084,01/07/2023,motorcycle,Central,38,35 to 44,19100,42000,"13,300",8,0
TH-103085,22/07/2024,motorcycle,Bangkok,38,35 to 44,34400,90000,"29,800",0,0
TH-103086,02/05/2025,auto,Northeast,30,25 to 34,20100,73000,"45,600",0,0
TH-103087,14/07/2023,personal,Northeast,41,35 to 44,15800,48000,"33,700",0,0
TH-103088,01/10/2024,home_improvement,Bangkok,43,35 to 44,57800,118000,"70,200",0,0
TH-103089,24/02/2024,motorcycle,South,34,25 to 34,19900,61000,"54,700",0,0
TH-103090,29/03/2025,home_improvement,Bangkok,33,25 to 34,11100,30000,"18,600",0,0
TH-103091,08/11/2024,personal,South,53,45 to 54,15400,26000,"8,700",0,0
TH-103092,13/08/2024,auto,Bangkok,35,35 to 44,22100,48000,"34,600",0,0
TH-103093,05/02/2023,motorcycle,Bangkok,26,25 to 34,13400,24000,"7,500",0,0
TH-103094,02/07/2024,personal,Central,35,35 to 44,24300,69000,"32,000",64,1
TH-103095,11/07/2023,motorcycle,South,26,25 to 34,19400,69000,"52,000",142,1
TH-103096,04/09/2024,title_loan,North,50,45 to 54,69200,145000,"27,300",0,0
TH-103097,30/04/2023,personal,Northeast,30,25 to 34,17000,21000,"10,000",0,0
TH-103098,25/02/2023,auto,North,28,25 to 34,27300,59000,"41,400",133,1
TH-103099,18/04/2024,motorcycle,Bangkok,43,35 to 44,13200,43000,"23,400",0,0
TH-103100,14/09/2023,personal,North,34,25 to 34,16400,56000,"19,200",0,0
TH-103101,04/04/2024,motorcycle,Bangkok,44,35 to 44,23300,43000,,0,0
TH-103102,03/07/2023,auto,South,44,35 to 44,14200,32000,"8,600",21,0
TH-103103,11/11/2024,personal,Bangkok,38,35 to 44,11000,36000,"11,400",0,0
TH-103104,14/06/2024,auto,Bangkok,49,45 to 54,28100,208000,"141,600",0,0
TH-103105,03/08/2024,motorcycle,Central,22,Under 25,9000,34000,"30,000",65,1
TH-103106,04/06/2024,home_improvement,Central,26,25 to 34,20100,75000,"64,200",25,0
TH-103107,17/11/2023,personal,Northeast,36,35 to 44,21200,33000,"12,500",0,0
TH-103108,23/01/2025,motorcycle,Central,29,25 to 34,9000,26000,"15,800",0,0
TH-103109,31/03/2023,motorcycle,Central,38,35 to 44,18600,46000,"6,100",28,0
TH-103110,05/03/2025,personal,South,29,25 to 34,13100,41000,"19,900",0,0
TH-103111,06/01/2023,motorcycle,Central,22,Under 25,22200,103000,"89,200",15,0
TH-103112,11/02/2025,auto,Central,30,25 to 34,23600,76000,"31,300",0,0
TH-103113,08/02/2025,personal,Bangkok,23,Under 25,25100,114000,"85,300",0,0
TH-103114,03/02/2023,motorcycle,Central,62,55 and over,11800,28000,"19,300",24,0
TH-103115,27/01/2023,personal,Bangkok,37,35 to 44,24800,59000,"21,900",0,0
TH-103116,07/03/2025,auto,South,34,25 to 34,28600,59000,"40,300",180,1
TH-103117,23/11/2023,motorcycle,Bangkok,28,25 to 34,49500,184000,,0,0
TH-103118,13/01/2025,personal,North,25,25 to 34,22100,62000,"17,600",12,0
TH-103119,28/02/2025,motorcycle,Bangkok,34,25 to 34,15000,70000,"37,200",0,0
TH-103120,14/04/2024,personal,Central,36,35 to 44,27800,39000,"14,200",5,0
TH-103121,20/05/2024,personal,North,31,25 to 34,35100,60000,"22,700",0,0
TH-103122,20/12/2024,motorcycle,North,23,Under 25,10800,35000,"18,000",0,0
TH-103123,25/02/2023,motorcycle,Bangkok,44,35 to 44,15800,35000,"21,800",0,0
TH-103124,10/03/2023,home_improvement,Central,37,35 to 44,39000,119000,"45,100",0,0
TH-103125,30/06/2023,home_improvement,Central,32,25 to 34,16200,93000,"36,800",0,0
TH-103126,21/11/2023,title_loan,Central,40,35 to 44,28300,72000,"45,400",0,0
TH-103127,07/11/2023,personal,South,38,35 to 44,16000,96000,"46,100",0,0
TH-103128,16/08/2023,personal,Central,34,25 to 34,,124000,"75,200",7,0
TH-103129,16/06/2024,auto,Bangkok,24,Under 25,15600,43000,"35,000",30,0
TH-103130,26/06/2024,motorcycle,Bangkok,40,35 to 44,14600,16000,"6,700",20,0
TH-103131,01/05/2024,home_improvement,Bangkok,27,25 to 34,20200,21000,"14,300",0,0
TH-103132,16/09/2023,motorcycle,Bangkok,41,35 to 44,67100,208000,"97,100",1,0
TH-103133,04/09/2024,personal,Central,29,25 to 34,9000,17000,"11,700",0,0
TH-103134,25/02/2025,home_improvement,Bangkok,21,Under 25,10400,16000,"9,400",0,0
TH-103135,30/03/2024,auto,Central,37,35 to 44,,33000,"25,900",0,0
TH-103136,25/09/2024,personal,North,36,35 to 44,29500,120000,"107,800",0,0
TH-103137,07/02/2024,title_loan,Northeast,22,Under 25,14100,42000,"37,500",120,1
TH-103138,08/02/2025,personal,Central,53,45 to 54,14900,27000,"13,500",0,0
TH-103139,21/12/2023,home_improvement,Bangkok,41,35 to 44,24900,200000,"125,200",149,1
TH-103140,02/11/2024,motorcycle,Bangkok,30,25 to 34,51800,110000,"17,000",0,0
TH-103141,06/05/2025,auto,Northeast,26,25 to 34,17900,68000,"49,400",0,0
TH-103142,26/06/2023,auto,Central,29,25 to 34,24500,63000,"45,200",0,0
TH-103143,01/10/2024,motorcycle,Central,37,35 to 44,23600,30000,"10,800",0,0
TH-103144,25/05/2024,personal,Central,35,35 to 44,15100,39000,"12,900",0,0
TH-103145,10/03/2025,motorcycle,South,39,35 to 44,13400,40000,"12,200",0,0
TH-103146,12/03/2024,auto,Bangkok,25,25 to 34,25800,72000,"63,300",0,0
TH-103147,27/12/2023,auto,Central,47,45 to 54,24900,63000,"26,400",22,0
TH-103148,28/02/2023,home_improvement,South,35,35 to 44,9000,17000,"6,200",4,0
TH-103149,11/04/2025,motorcycle,North,35,35 to 44,9000,15000,"9,200",0,0
TH-103150,19/01/2025,title_loan,Central,42,35 to 44,61400,152000,,0,0
TH-103151,25/04/2023,motorcycle,Bangkok,37,35 to 44,12200,27000,"20,900",0,0
TH-103152,23/11/2024,home_improvement,Bangkok,28,25 to 34,,45000,"28,000",0,0
TH-103153,25/05/2024,auto,Bangkok,65,55 and over,16000,60000,"31,600",0,0
TH-103154,02/08/2023,personal,Bangkok,30,25 to 34,15600,32000,"21,600",0,0
TH-103155,13/10/2024,title_loan,Bangkok,26,25 to 34,16100,35000,"25,800",0,0
TH-103156,15/09/2024,motorcycle,Central,24,Under 25,21900,104000,"71,800",0,0
TH-103157,02/02/2023,auto,North,35,35 to 44,40600,113000,"72,200",0,0
TH-103158,01/09/2023,personal,North,42,35 to 44,14400,15000,"9,600",0,0
TH-103159,27/11/2024,motorcycle,Central,43,35 to 44,35300,90000,"44,700",0,0
TH-103160,30/12/2023,motorcycle,Bangkok,38,35 to 44,44400,182000,"108,600",0,0
TH-103161,17/05/2024,motorcycle,South,35,35 to 44,19300,38000,"11,500",0,0
TH-103162,05/07/2024,auto,Central,40,35 to 44,12600,28000,"27,200",162,1
TH-103163,12/06/2023,motorcycle,Bangkok,46,45 to 54,48400,91000,"46,200",0,0
TH-103164,11/12/2023,motorcycle,South,28,25 to 34,15000,59000,"26,100",0,0
TH-103165,22/10/2024,auto,Northeast,30,25 to 34,15800,52000,"32,400",0,0
TH-103166,03/11/2024,home_improvement,Central,28,25 to 34,12900,18000,"7,000",0,0
TH-103167,22/02/2023,title_loan,Northeast,48,45 to 54,10800,28000,"15,100",0,0
TH-103168,26/05/2023,motorcycle,Central,29,25 to 34,21200,92000,"44,000",18,0
TH-103169,17/06/2023,personal,Bangkok,53,45 to 54,16500,95000,"33,900",0,0
TH-103170,12/03/2024,auto,North,38,35 to 44,9100,24000,"16,300",0,0
TH-103171,02/01/2024,personal,Bangkok,31,25 to 34,16200,35000,"18,300",0,0
TH-103172,01/01/2023,home_improvement,Bangkok,42,35 to 44,,134000,"93,100",0,0
TH-103173,14/12/2023,motorcycle,Bangkok,29,25 to 34,31300,138000,"106,600",0,0
TH-103174,08/07/2023,auto,Bangkok,53,45 to 54,36600,91000,"48,800",0,0
TH-103175,12/08/2023,auto,Northeast,22,Under 25,25200,47000,"30,200",0,0
TH-103176,16/07/2024,motorcycle,Bangkok,52,45 to 54,22700,57000,"41,500",0,0
TH-103177,21/05/2024,personal,Bangkok,23,Under 25,25400,66000,"31,300",0,0
TH-103178,25/03/2024,title_loan,Bangkok,28,25 to 34,,42000,"18,900",0,0
TH-103179,24/12/2024,personal,Central,29,25 to 34,32700,89000,"37,000",0,0
TH-103180,04/12/2023,motorcycle,Bangkok,26,25 to 34,9900,39000,"30,300",0,0
TH-103181,04/09/2024,home_improvement,North,25,25 to 34,27400,28000,"12,000",0,0
TH-103182,24/04/2023,title_loan,North,45,45 to 54,27700,52000,"23,200",0,0
TH-103183,20/12/2024,home_improvement,Bangkok,35,35 to 44,12800,59000,"39,800",0,0
TH-103184,26/01/2025,home_improvement,Bangkok,44,35 to 44,9000,15000,"11,200",0,0
TH-103185,07/08/2023,motorcycle,Bangkok,28,25 to 34,,49000,"26,800",0,0
TH-103186,20/12/2024,auto,Bangkok,23,Under 25,42600,103000,"74,500",0,0
TH-103187,19/01/2024,home_improvement,Bangkok,41,35 to 44,23700,167000,"115,500",17,0
TH-103188,17/02/2025,personal,Central,29,25 to 34,24400,39000,"11,900",0,0
TH-103189,09/02/2023,personal,North,39,35 to 44,18000,60000,"33,800",69,1
TH-103190,05/04/2023,auto,Bangkok,28,25 to 34,9900,24000,"18,200",0,0
TH-103191,21/05/2025,motorcycle,South,26,25 to 34,44400,53000,"9,600",0,0
TH-103192,23/03/2024,auto,Northeast,41,35 to 44,25700,84000,"50,900",0,0
TH-103193,31/05/2024,personal,Central,44,35 to 44,17500,56000,"22,400",0,0
TH-103194,26/07/2023,motorcycle,Bangkok,26,25 to 34,48300,128000,"68,100",0,0
TH-103195,16/06/2024,motorcycle,Northeast,34,25 to 34,14300,34000,"32,800",0,0
TH-103196,24/02/2023,title_loan,Bangkok,27,25 to 34,,30000,,0,0
TH-103197,19/03/2025,personal,North,51,45 to 54,26400,88000,"71,900",0,0
TH-103198,05/11/2023,home_improvement,Bangkok,25,25 to 34,36000,122000,"29,900",0,0
TH-103199,17/06/2024,personal,North,31,25 to 34,,166000,"76,200",0,0
TH-103200,06/06/2023,motorcycle,Bangkok,51,45 to 54,10600,39000,"22,000",0,0
TH-103201,17/08/2024,auto,North,21,Under 25,16900,55000,"7,300",12,0
TH-103202,25/03/2024,home_improvement,Bangkok,34,25 to 34,20800,33000,"22,900",11,0
TH-103203,14/10/2023,motorcycle,Bangkok,47,45 to 54,20900,125000,"59,800",0,0
TH-103204,21/01/2025,personal,Bangkok,29,25 to 34,11200,37000,"19,400",0,0
TH-103205,02/05/2024,motorcycle,Bangkok,39,35 to 44,9000,21000,"17,300",0,0
TH-103206,06/07/2023,home_improvement,Bangkok,65,55 and over,41500,117000,,0,0
TH-103207,16/04/2024,motorcycle,Central,40,35 to 44,35900,66000,"55,500",0,0
TH-103208,12/12/2024,personal,Northeast,27,25 to 34,18600,38000,"20,600",0,0
TH-103209,27/08/2024,motorcycle,Bangkok,50,45 to 54,11700,34000,"25,300",0,0
TH-103210,23/06/2024,motorcycle,Bangkok,30,25 to 34,26300,36000,"14,100",0,0
TH-103211,28/02/2025,motorcycle,Bangkok,22,Under 25,,63000,"59,000",23,0
TH-103212,17/11/2023,motorcycle,South,50,45 to 54,9800,28000,"22,600",0,0
TH-103213,24/04/2023,motorcycle,North,28,25 to 34,23000,57000,"50,100",0,0
TH-103214,29/12/2024,auto,Northeast,40,35 to 44,9000,22000,"21,100",22,0
TH-103215,25/03/2023,motorcycle,Bangkok,50,45 to 54,13000,38000,"29,900",0,0
TH-103216,06/10/2024,title_loan,Bangkok,30,25 to 34,13200,16000,"12,400",11,0
TH-103217,05/12/2023,auto,Northeast,39,35 to 44,21500,71000,"46,700",0,0
TH-103218,29/10/2024,auto,Bangkok,57,55 and over,17500,30000,"21,000",0,0
TH-103219,21/05/2025,title_loan,North,24,Under 25,11500,28000,"22,500",0,0
TH-103220,02/04/2025,title_loan,Northeast,24,Under 25,17000,51000,"22,400",179,1
TH-103221,03/04/2023,home_improvement,North,37,35 to 44,17600,22000,"18,100",0,0
TH-103222,11/09/2024,auto,Northeast,35,35 to 44,9700,58000,"44,100",0,0
TH-103223,30/01/2023,title_loan,South,25,25 to 34,24900,63000,"17,700",0,0
TH-103224,23/05/2025,motorcycle,Northeast,37,35 to 44,11500,17000,"9,900",0,0
TH-103225,08/05/2025,auto,Bangkok,39,35 to 44,23200,79000,"43,200",30,0
TH-103226,12/04/2023,auto,Bangkok,53,45 to 54,14200,56000,"34,800",1,0
TH-103227,13/03/2023,home_improvement,Central,27,25 to 34,11100,18000,"12,300",0,0
TH-103228,10/08/2024,home_improvement,Bangkok,30,25 to 34,12500,17000,"7,800",0,0
TH-103229,01/07/2023,home_improvement,Central,53,45 to 54,20300,65000,"55,600",0,0
TH-103230,16/04/2023,personal,Bangkok,42,35 to 44,9000,40000,"34,000",0,0
TH-103231,26/07/2023,motorcycle,North,27,25 to 34,41700,71000,"35,000",0,0
TH-103232,04/12/2024,auto,Bangkok,45,45 to 54,10900,20000,"7,500",0,0
TH-103233,16/01/2024,personal,Central,30,25 to 34,58200,365000,"37,400",0,0
TH-103234,12/04/2023,auto,Northeast,51,45 to 54,24300,43000,"34,200",0,0
TH-103235,22/10/2023,personal,Central,42,35 to 44,56900,189000,"63,300",0,0
TH-103236,12/04/2023,personal,Bangkok,22,Under 25,16600,68000,"56,400",40,1
TH-103237,16/01/2023,home_improvement,Central,44,35 to 44,42700,53000,"12,800",0,0
TH-103238,04/05/2024,motorcycle,Bangkok,27,25 to 34,10700,16000,"10,600",0,0
TH-103239,25/01/2023,motorcycle,Central,24,Under 25,24900,88000,"47,100",0,0
TH-103240,12/11/2023,auto,Northeast,52,45 to 54,20800,95000,"62,100",0,0
TH-103241,09/05/2024,personal,Bangkok,45,45 to 54,9100,32000,"22,400",0,0
TH-103242,29/01/2023,personal,Bangkok,27,25 to 34,9200,22000,"8,400",0,0
TH-103243,21/07/2024,home_improvement,Central,32,25 to 34,23300,54000,"34,300",0,0
TH-103244,17/09/2024,motorcycle,Bangkok,27,25 to 34,,64000,"38,900",3,0
TH-103245,15/03/2023,motorcycle,Bangkok,40,35 to 44,23300,51000,"38,200",28,0
TH-103246,11/02/2025,personal,Northeast,25,25 to 34,21700,48000,"43,500",6,0
TH-103247,01/12/2024,motorcycle,Northeast,31,25 to 34,19800,102000,"58,800",0,0
TH-103248,04/02/2025,personal,Bangkok,28,25 to 34,21700,66000,"25,400",0,0
TH-103249,02/10/2023,personal,North,22,Under 25,19100,60000,"47,300",67,1
TH-103250,14/02/2023,auto,North,33,25 to 34,19500,84000,"13,800",0,0
TH-103251,21/10/2024,personal,Bangkok,44,35 to 44,29800,84000,"50,900",0,0
TH-103252,04/05/2024,personal,Bangkok,46,45 to 54,9000,25000,"16,200",0,0
TH-103253,14/01/2025,auto,Bangkok,49,45 to 54,9600,23000,"10,700",8,0
TH-103254,12/10/2024,motorcycle,Bangkok,26,25 to 34,15500,43000,"22,800",22,0
TH-103255,23/04/2025,title_loan,Bangkok,29,25 to 34,34300,104000,"94,100",0,0
TH-103256,14/12/2023,home_improvement,Bangkok,37,35 to 44,29900,72000,"55,900",26,0
TH-103257,31/01/2024,personal,North,28,25 to 34,19500,61000,"21,400",0,0
TH-103258,12/08/2023,home_improvement,Bangkok,31,25 to 34,,41000,"21,800",0,0
TH-103259,22/12/2023,personal,Northeast,41,35 to 44,9000,31000,"18,900",0,0
TH-103260,05/03/2023,personal,Bangkok,25,25 to 34,17500,65000,"47,500",0,0
TH-103261,28/08/2023,motorcycle,Central,35,35 to 44,25700,32000,"5,900",0,0
TH-103262,25/07/2023,title_loan,Central,38,35 to 44,,72000,"56,000",0,0
TH-103263,02/05/2023,auto,Bangkok,41,35 to 44,15400,38000,"26,100",0,0
TH-103264,24/12/2024,motorcycle,Bangkok,42,35 to 44,11200,31000,"16,000",0,0
TH-103265,15/03/2023,personal,Bangkok,35,35 to 44,9000,15000,"13,700",0,0
TH-103266,12/01/2024,auto,South,46,45 to 54,23000,42000,"26,500",0,0
TH-103267,29/08/2023,motorcycle,Bangkok,24,Under 25,12200,24000,"23,100",7,0
TH-103268,09/08/2024,auto,North,49,45 to 54,58200,175000,"102,100",0,0
TH-103269,24/10/2023,auto,Bangkok,37,35 to 44,20600,86000,"39,900",0,0
TH-103270,03/12/2023,motorcycle,Northeast,28,25 to 34,,22000,"1,600",0,0
TH-103271,12/06/2023,auto,North,24,Under 25,20400,29000,"17,600",0,0
TH-103272,20/10/2024,title_loan,South,22,Under 25,18100,77000,"60,100",0,0
TH-103273,21/02/2023,home_improvement,Bangkok,39,35 to 44,11400,52000,"31,800",0,0
TH-103274,30/01/2024,personal,Northeast,29,25 to 34,18700,20000,"17,600",0,0
TH-103275,08/05/2025,motorcycle,Central,50,45 to 54,30700,57000,"20,400",0,0
TH-103276,22/04/2023,home_improvement,Bangkok,23,Under 25,,25000,"15,000",0,0
TH-103277,17/01/2024,motorcycle,North,25,25 to 34,32500,78000,"64,700",0,0
TH-103278,16/06/2025,auto,Central,23,Under 25,17300,29000,"16,000",99,1
TH-103279,16/08/2024,motorcycle,North,31,25 to 34,25500,63000,"46,300",0,0
TH-103280,08/05/2025,title_loan,North,47,45 to 54,16100,64000,"26,600",0,0
TH-103281,26/05/2025,motorcycle,North,25,25 to 34,12800,74000,"43,600",9,0
TH-103282,15/05/2025,motorcycle,Bangkok,43,35 to 44,25000,90000,"78,300",0,0
TH-103283,12/10/2024,motorcycle,Central,31,25 to 34,22800,96000,"48,600",0,0
TH-103284,16/12/2023,auto,Bangkok,34,25 to 34,18600,125000,"95,100",0,0
TH-103285,24/05/2025,motorcycle,Bangkok,48,45 to 54,24000,137000,"43,200",0,0
TH-103286,27/01/2025,auto,Bangkok,28,25 to 34,10800,49000,"43,300",0,0
TH-103287,20/03/2025,motorcycle,Northeast,29,25 to 34,37500,117000,"69,500",0,0
TH-103288,19/05/2023,home_improvement,Northeast,54,45 to 54,20900,98000,"74,000",0,0
TH-103289,15/02/2023,motorcycle,Northeast,47,45 to 54,17000,24000,"17,100",0,0
TH-103290,16/09/2023,home_improvement,Central,37,35 to 44,,69000,"18,000",0,0
TH-103291,26/01/2023,motorcycle,Central,22,Under 25,50700,359000,"184,700",0,0
TH-103292,02/10/2023,motorcycle,North,32,25 to 34,19300,52000,"34,600",155,1
TH-103293,29/04/2023,personal,North,40,35 to 44,16400,37000,,26,0
TH-103294,16/03/2023,personal,North,35,35 to 44,14600,30000,"23,900",0,0
TH-103295,06/01/2023,motorcycle,South,21,Under 25,26300,58000,"20,600",0,0
TH-103296,29/03/2024,auto,South,43,35 to 44,25800,74000,"44,800",0,0
TH-103297,20/02/2024,motorcycle,Bangkok,34,25 to 34,25700,35000,"16,200",0,0
TH-103298,01/08/2023,motorcycle,Bangkok,25,25 to 34,17800,32000,"20,100",0,0
TH-103299,14/12/2024,motorcycle,Bangkok,33,25 to 34,21500,57000,"38,900",0,0
TH-103300,08/04/2024,auto,Central,50,45 to 54,23100,29000,"5,000",0,0
TH-103301,01/01/2024,motorcycle,Bangkok,43,35 to 44,9000,42000,"22,300",0,0
TH-103302,29/04/2024,motorcycle,North,27,25 to 34,15900,37000,"27,900",0,0
TH-103303,29/07/2024,auto,Central,28,25 to 34,16800,107000,"68,400",0,0
TH-103304,25/01/2024,auto,Bangkok,22,Under 25,21600,68000,"58,600",0,0
TH-103305,02/01/2023,motorcycle,North,24,Under 25,41400,217000,"164,200",0,0
TH-103306,15/03/2023,home_improvement,Central,41,35 to 44,34900,141000,"127,600",95,1
TH-103307,04/05/2023,personal,Central,30,25 to 34,19600,53000,"30,900",5,0
TH-103308,13/06/2025,title_loan,Central,36,35 to 44,14000,33000,"27,300",13,0
TH-103309,31/12/2024,title_loan,North,44,35 to 44,21300,30000,"21,600",0,0
TH-103310,23/10/2024,motorcycle,Central,33,25 to 34,21100,58000,"24,800",0,0
TH-103311,24/02/2024,auto,Bangkok,26,25 to 34,33200,56000,"12,500",0,0
TH-103312,09/10/2024,auto,North,24,Under 25,34200,104000,"53,000",0,0
TH-103313,05/09/2024,auto,Bangkok,33,25 to 34,27900,80000,"31,800",0,0
TH-103314,11/02/2023,motorcycle,North,30,25 to 34,16300,166000,"111,900",0,0
TH-103315,26/04/2025,auto,Northeast,34,25 to 34,59100,194000,,0,0
TH-103316,04/02/2024,motorcycle,Bangkok,38,35 to 44,21500,36000,"10,100",0,0
TH-103317,13/05/2023,auto,Northeast,51,45 to 54,14200,33000,"27,800",0,0
TH-103318,23/02/2025,personal,South,40,35 to 44,46100,69000,"34,800",0,0
TH-103319,04/04/2024,motorcycle,Central,48,45 to 54,19800,57000,"31,400",16,0
TH-103320,02/04/2023,auto,Bangkok,45,45 to 54,40000,124000,"68,700",0,0
TH-103321,13/05/2025,motorcycle,Bangkok,35,35 to 44,20000,34000,"22,800",0,0
TH-103322,09/12/2024,personal,North,29,25 to 34,9000,28000,"11,100",0,0
TH-103323,09/12/2024,home_improvement,Bangkok,34,25 to 34,11900,24000,"7,800",0,0
TH-103324,02/03/2025,title_loan,Bangkok,50,45 to 54,35800,114000,"84,000",0,0
TH-103325,19/02/2023,personal,Central,42,35 to 44,41200,57000,"32,500",0,0
TH-103326,24/03/2025,auto,Central,23,Under 25,13900,19000,"11,200",0,0
TH-103327,13/12/2024,title_loan,South,49,45 to 54,15900,58000,"21,400",0,0
TH-103328,27/06/2024,motorcycle,South,46,45 to 54,22500,73000,"45,000",0,0
TH-103329,30/06/2023,home_improvement,Central,28,25 to 34,32800,79000,"31,200",0,0
TH-103330,06/02/2023,motorcycle,Central,27,25 to 34,,280000,"169,000",0,0
TH-103331,09/08/2023,home_improvement,North,22,Under 25,35600,128000,"61,400",0,0
TH-103332,13/05/2024,title_loan,Northeast,44,35 to 44,18400,29000,"8,200",21,0
TH-103333,01/12/2023,title_loan,Northeast,22,Under 25,13000,20000,"10,400",0,0
TH-103334,28/12/2023,title_loan,Northeast,34,25 to 34,30200,123000,"46,700",106,1
TH-103335,24/06/2024,personal,Northeast,42,35 to 44,12500,39000,"36,400",0,0
TH-103336,20/04/2025,auto,Northeast,26,25 to 34,33300,81000,"62,000",3,0
TH-103337,26/09/2023,title_loan,Bangkok,27,25 to 34,24000,25000,"9,000",0,0
TH-103338,10/06/2024,title_loan,Bangkok,25,25 to 34,41100,146000,"21,100",158,1
TH-103339,02/12/2023,motorcycle,North,50,45 to 54,20300,92000,"54,000",0,0
TH-103340,17/04/2024,home_improvement,North,36,35 to 44,22100,55000,"19,400",0,0
TH-103341,11/05/2023,motorcycle,South,43,35 to 44,,16000,"3,300",0,0
TH-103342,17/07/2023,home_improvement,Bangkok,24,Under 25,26000,122000,"45,500",24,0
TH-103343,29/08/2024,personal,South,29,25 to 34,27000,30000,"14,400",0,0
TH-103344,13/12/2024,motorcycle,Central,38,35 to 44,55300,129000,"105,100",0,0
TH-103345,30/05/2025,title_loan,Central,54,45 to 54,14300,22000,"6,700",0,0
TH-103346,05/08/2024,auto,Central,37,35 to 44,30800,75000,"18,400",0,0
TH-103347,21/11/2023,motorcycle,North,41,35 to 44,10600,31000,"8,600",0,0
TH-103348,13/07/2024,motorcycle,Central,38,35 to 44,21300,34000,"23,000",0,0
TH-103349,05/08/2024,motorcycle,South,22,Under 25,24500,90000,"79,700",0,0
TH-103350,10/09/2024,home_improvement,North,31,25 to 34,11700,20000,"6,000",0,0
TH-103351,04/11/2023,home_improvement,Bangkok,32,25 to 34,29600,106000,"95,400",0,0
TH-103352,07/05/2024,auto,Bangkok,29,25 to 34,11200,24000,"15,100",0,0
TH-103353,25/02/2023,title_loan,South,26,25 to 34,46900,121000,"97,000",0,0
TH-103354,19/11/2023,personal,South,40,35 to 44,11200,31000,"15,500",0,0
TH-103355,19/01/2024,motorcycle,Northeast,28,25 to 34,14300,26000,"19,600",0,0
TH-103356,09/04/2024,motorcycle,Bangkok,39,35 to 44,,27000,"15,200",0,0
TH-103357,24/06/2024,personal,North,34,25 to 34,12900,25000,"18,900",45,1
TH-103358,26/02/2024,personal,North,28,25 to 34,18700,32000,"24,100",0,0
TH-103359,14/05/2024,home_improvement,South,38,35 to 44,9700,36000,"19,700",0,0
TH-103360,11/08/2023,personal,Bangkok,37,35 to 44,22700,71000,"27,800",4,0
TH-103361,17/04/2023,motorcycle,Bangkok,24,Under 25,,92000,"25,700",5,0
TH-103362,06/01/2025,motorcycle,Bangkok,23,Under 25,14200,33000,"16,100",0,0
TH-103363,28/04/2025,auto,Bangkok,21,Under 25,12600,56000,"43,500",0,0
TH-103364,06/08/2024,motorcycle,Northeast,35,35 to 44,17600,46000,"23,200",0,0
TH-103365,17/08/2024,motorcycle,Bangkok,31,25 to 34,13300,37000,"18,800",119,1
TH-103366,01/09/2024,personal,Bangkok,43,35 to 44,14500,25000,"9,800",24,0
TH-103367,15/12/2024,motorcycle,Bangkok,21,Under 25,12000,38000,"21,400",0,0
TH-103368,28/05/2024,personal,South,46,45 to 54,28900,93000,"33,700",0,0
TH-103369,10/12/2023,home_improvement,Bangkok,51,45 to 54,28600,113000,"44,200",0,0
TH-103370,24/04/2025,personal,Central,27,25 to 34,,29000,"16,700",0,0
TH-103371,11/07/2024,auto,South,21,Under 25,37800,76000,"45,900",0,0
TH-103372,02/01/2025,motorcycle,Central,36,35 to 44,13100,51000,"27,100",0,0
TH-103373,27/05/2024,home_improvement,Northeast,43,35 to 44,48200,294000,"118,700",0,0
TH-103374,09/12/2023,home_improvement,Central,35,35 to 44,31300,65000,"43,000",0,0
TH-103375,23/03/2023,personal,Northeast,30,25 to 34,9000,29000,"27,800",0,0
TH-103376,28/10/2024,personal,Bangkok,25,25 to 34,10800,15000,"9,300",0,0
TH-103377,18/04/2025,title_loan,Central,22,Under 25,12000,32000,"18,700",0,0
TH-103378,17/01/2024,motorcycle,Central,39,35 to 44,12600,68000,"20,200",0,0
TH-103379,26/05/2024,auto,Bangkok,36,35 to 44,21700,28000,"22,600",0,0
TH-103380,29/04/2023,personal,Northeast,33,25 to 34,,37000,"23,400",0,0
TH-103381,17/12/2023,auto,Central,26,25 to 34,13400,35000,"12,900",22,0
TH-103382,20/01/2023,personal,Bangkok,51,45 to 54,39700,54000,"28,300",0,0
TH-103383,20/03/2023,personal,Bangkok,42,35 to 44,,49000,"43,100",0,0
TH-103384,03/06/2024,home_improvement,Bangkok,36,35 to 44,9000,17000,"7,800",0,0
TH-103385,04/07/2024,personal,North,27,25 to 34,15100,54000,"30,300",0,0
TH-103386,18/08/2024,home_improvement,North,26,25 to 34,20600,68000,"33,700",0,0
TH-103387,21/05/2024,home_improvement,North,24,Under 25,26900,63000,"26,700",74,1
TH-103388,21/11/2023,personal,Bangkok,28,25 to 34,,43000,"24,600",0,0
TH-103389,20/01/2024,personal,Central,39,35 to 44,,85000,"77,700",0,0
TH-103390,23/10/2024,personal,Central,26,25 to 34,34600,142000,"129,500",0,0
TH-103391,26/11/2024,auto,Bangkok,23,Under 25,26300,129000,"42,700",0,0
TH-103392,22/04/2023,title_loan,Bangkok,51,45 to 54,17100,39000,"21,400",21,0
TH-103393,23/08/2023,home_improvement,South,29,25 to 34,9500,15000,"6,300",0,0
TH-103394,11/02/2023,home_improvement,South,35,35 to 44,16000,128000,"99,600",64,1
TH-103395,03/12/2024,auto,North,25,25 to 34,17500,48000,"32,100",0,0
TH-103396,15/05/2023,auto,North,42,35 to 44,37600,87000,"22,500",0,0
TH-103397,06/10/2023,motorcycle,South,37,35 to 44,,48000,"35,600",0,0
TH-103398,13/04/2023,personal,North,46,45 to 54,,131000,"84,400",160,1
TH-103399,07/05/2023,auto,Northeast,31,25 to 34,10900,26000,"22,100",0,0
TH-103400,14/02/2025,title_loan,Bangkok,39,35 to 44,31200,334000,"172,000",0,0
TH-103401,26/05/2024,home_improvement,North,44,35 to 44,13500,72000,"57,600",0,0
TH-103402,01/03/2023,motorcycle,South,32,25 to 34,35000,92000,"41,800",0,0
TH-103403,16/07/2023,title_loan,Bangkok,38,35 to 44,24500,70000,"55,700",0,0
TH-103404,25/05/2025,home_improvement,Bangkok,32,25 to 34,16800,53000,"21,800",2,0
TH-103405,29/09/2024,personal,North,30,25 to 34,57000,146000,"82,800",0,0
TH-103406,23/10/2023,auto,North,52,45 to 54,20700,54000,"14,400",0,0
TH-103407,17/10/2023,personal,Central,42,35 to 44,21600,73000,"14,900",18,0
TH-103408,02/04/2023,motorcycle,Bangkok,44,35 to 44,23300,76000,"38,200",0,0
TH-103409,04/05/2023,auto,Bangkok,37,35 to 44,35600,250000,"59,400",0,0
TH-103410,19/06/2023,personal,North,22,Under 25,14600,69000,"29,100",0,0
TH-103411,30/12/2024,auto,Central,39,35 to 44,16000,21000,,0,0
TH-103412,04/08/2024,motorcycle,Bangkok,52,45 to 54,46800,50000,"30,600",0,0
TH-103413,19/05/2024,personal,Bangkok,29,25 to 34,36300,173000,"57,200",0,0
TH-103414,06/03/2025,title_loan,Northeast,28,25 to 34,41100,221000,"106,800",0,0
TH-103415,03/09/2023,personal,South,25,25 to 34,32200,146000,"117,800",0,0
TH-103416,02/11/2024,auto,Northeast,23,Under 25,11500,69000,"6,500",0,0
TH-103417,30/08/2023,personal,Central,30,25 to 34,36700,114000,,0,0
TH-103418,07/04/2024,auto,Bangkok,30,25 to 34,19100,132000,"63,600",54,1
TH-103419,15/04/2024,personal,Bangkok,54,45 to 54,14800,34000,"24,300",0,0
TH-103420,25/01/2024,personal,Bangkok,44,35 to 44,13600,21000,"16,800",8,0
TH-103421,19/12/2024,auto,South,34,25 to 34,23100,114000,"83,400",0,0
TH-103422,15/12/2023,personal,Bangkok,40,35 to 44,16600,79000,"50,300",0,0
TH-103423,15/08/2023,home_improvement,Central,33,25 to 34,40300,114000,"76,500",0,0
TH-103424,29/01/2023,auto,Northeast,32,25 to 34,16100,52000,"27,200",0,0
TH-103425,23/12/2023,auto,Northeast,28,25 to 34,46300,259000,"114,600",0,0
TH-103426,07/11/2023,auto,North,21,Under 25,53000,196000,"133,400",0,0
TH-103427,04/10/2023,home_improvement,Northeast,33,25 to 34,,78000,"44,000",0,0
TH-103428,11/04/2024,motorcycle,Central,32,25 to 34,33200,166000,"46,100",0,0
TH-103429,26/10/2024,auto,Northeast,50,45 to 54,,23000,"11,400",0,0
TH-103430,04/05/2023,title_loan,Bangkok,42,35 to 44,9000,25000,"19,100",0,0
TH-103431,05/06/2025,auto,South,28,25 to 34,9000,36000,"29,500",0,0
TH-103432,28/12/2023,motorcycle,Bangkok,42,35 to 44,14000,48000,"23,400",0,0
TH-103433,14/07/2023,auto,Central,48,45 to 54,14600,25000,"11,300",14,0
TH-103434,25/01/2025,motorcycle,Central,38,35 to 44,,39000,"27,600",0,0
TH-103435,04/01/2024,motorcycle,Northeast,27,25 to 34,15800,25000,"8,600",0,0
TH-103436,17/04/2024,personal,North,53,45 to 54,15800,54000,"48,800",0,0
TH-103437,27/08/2023,auto,Bangkok,39,35 to 44,11600,28000,"14,500",0,0
TH-103438,02/09/2024,personal,North,32,25 to 34,23200,70000,"41,200",0,0
TH-103439,31/12/2024,personal,Central,31,25 to 34,9000,15000,"7,500",2,0
TH-103440,06/06/2023,home_improvement,North,30,25 to 34,11200,21000,"16,700",0,0
TH-103441,08/07/2024,auto,North,39,35 to 44,17700,55000,"34,700",152,1
TH-103442,01/03/2024,motorcycle,Bangkok,39,35 to 44,24900,67000,"49,100",0,0
TH-103443,18/06/2023,title_loan,Bangkok,28,25 to 34,11400,21000,"14,000",0,0
TH-103444,24/01/2024,motorcycle,South,24,Under 25,18200,60000,"16,700",0,0
TH-103445,04/01/2023,motorcycle,Bangkok,28,25 to 34,11200,23000,"12,600",0,0
TH-103446,02/11/2023,home_improvement,Northeast,34,25 to 34,19300,34000,"25,800",0,0
TH-103447,29/07/2024,personal,Central,35,35 to 44,15100,45000,"31,500",0,0
TH-103448,15/07/2023,personal,North,33,25 to 34,39100,73000,"31,000",16,0
TH-103449,25/07/2024,motorcycle,Bangkok,36,35 to 44,19400,62000,"49,800",96,1
TH-103450,23/02/2025,title_loan,Central,31,25 to 34,22700,97000,"57,200",0,0
TH-103451,13/01/2023,home_improvement,Bangkok,50,45 to 54,18000,62000,"27,200",0,0
TH-103452,21/06/2024,motorcycle,Bangkok,29,25 to 34,,26000,"15,400",0,0
TH-103453,22/07/2023,motorcycle,Northeast,42,35 to 44,16200,31000,"21,500",0,0
TH-103454,27/02/2023,title_loan,North,22,Under 25,37600,99000,"70,800",0,0
TH-103455,22/07/2023,personal,Northeast,44,35 to 44,16700,57000,"31,400",26,0
TH-103456,13/06/2024,title_loan,North,35,35 to 44,18300,42000,"33,400",0,0
TH-103457,28/03/2025,personal,Northeast,21,Under 25,10100,15000,"4,200",0,0
TH-103458,03/02/2025,motorcycle,North,30,25 to 34,,48000,"31,800",0,0
TH-103459,07/02/2025,motorcycle,North,33,25 to 34,10000,15000,"5,300",0,0
TH-103460,02/03/2023,personal,Bangkok,40,35 to 44,16700,65000,,0,0
TH-103461,04/04/2024,auto,South,23,Under 25,28700,101000,"35,500",0,0
TH-103462,06/09/2023,motorcycle,Northeast,41,35 to 44,20700,48000,"22,300",105,1
TH-103463,03/04/2024,motorcycle,Northeast,22,Under 25,13500,34000,"20,300",0,0
TH-103464,22/06/2023,home_improvement,Northeast,33,25 to 34,15400,30000,"13,600",0,0
TH-103465,25/04/2023,home_improvement,Bangkok,49,45 to 54,19800,48000,"15,800",0,0
TH-103466,24/05/2025,personal,North,32,25 to 34,20600,91000,"52,500",0,0
TH-103467,20/10/2024,motorcycle,Bangkok,43,35 to 44,22300,37000,"26,800",0,0
TH-103468,10/06/2024,personal,North,21,Under 25,9300,31000,"25,400",0,0
TH-103469,24/11/2023,personal,South,49,45 to 54,12700,24000,"16,400",0,0
TH-103470,14/03/2023,motorcycle,Bangkok,30,25 to 34,12900,40000,"28,300",0,0
TH-103471,07/10/2023,personal,North,28,25 to 34,26800,123000,"25,700",0,0
TH-103472,25/07/2023,home_improvement,Northeast,50,45 to 54,,140000,"78,800",15,0
TH-103473,02/01/2024,auto,Bangkok,32,25 to 34,22400,85000,"43,800",137,1
TH-103474,14/05/2023,personal,Northeast,53,45 to 54,16100,63000,"32,100",0,0
TH-103475,08/07/2023,personal,Northeast,27,25 to 34,29100,33000,"21,100",0,0
TH-103476,09/12/2023,personal,Northeast,46,45 to 54,13000,29000,"11,000",20,0
TH-103477,30/09/2023,motorcycle,Central,28,25 to 34,20900,74000,"62,800",0,0
TH-103478,10/05/2023,auto,Bangkok,31,25 to 34,12400,28000,"8,300",0,0
TH-103479,04/04/2023,personal,North,23,Under 25,10100,26000,"10,500",0,0
TH-103480,25/01/2024,personal,Bangkok,40,35 to 44,22900,82000,"55,300",1,0
TH-103481,29/05/2024,auto,South,52,45 to 54,18600,77000,"40,200",0,0
TH-103482,01/08/2023,personal,Northeast,25,25 to 34,17700,56000,"27,100",0,0
TH-103483,11/05/2025,auto,Bangkok,46,45 to 54,21700,67000,"36,100",0,0
TH-103484,15/08/2024,personal,Bangkok,32,25 to 34,,62000,"9,500",0,0
TH-103485,08/03/2024,motorcycle,North,44,35 to 44,17100,59000,"11,500",0,0
TH-103486,24/09/2024,motorcycle,Central,41,35 to 44,28800,38000,"27,500",0,0
TH-103487,30/11/2023,auto,Bangkok,23,Under 25,14500,37000,"24,400",5,0
TH-103488,14/08/2024,auto,Central,24,Under 25,28500,30000,"23,600",6,0
TH-103489,28/12/2023,auto,Central,30,25 to 34,,34000,"21,100",0,0
TH-103490,23/11/2024,home_improvement,Bangkok,31,25 to 34,12500,36000,"22,500",0,0
TH-103491,22/06/2023,home_improvement,Central,51,45 to 54,14200,51000,"34,900",0,0
TH-103492,28/02/2025,auto,Central,41,35 to 44,,71000,"53,600",84,1
TH-103493,04/03/2025,personal,Central,37,35 to 44,26400,127000,"71,600",0,0
TH-103494,04/09/2024,auto,Bangkok,30,25 to 34,15900,50000,"34,200",0,0
TH-103495,07/09/2024,home_improvement,Bangkok,32,25 to 34,49200,64000,"27,400",2,0
TH-103496,10/03/2025,personal,North,29,25 to 34,38100,155000,"86,900",0,0
TH-103497,17/05/2023,home_improvement,Bangkok,26,25 to 34,46700,152000,"113,400",0,0
TH-103498,29/02/2024,personal,North,42,35 to 44,13500,69000,"47,100",0,0
TH-103499,30/11/2024,motorcycle,Bangkok,41,35 to 44,24200,66000,"53,500",13,0
TH-103500,08/06/2024,title_loan,Central,24,Under 25,18300,55000,"46,800",0,0
TH-103501,11/12/2023,personal,Central,49,45 to 54,13800,43000,"27,300",0,0
TH-103502,27/12/2024,personal,Bangkok,22,Under 25,9000,28000,"17,900",0,0
TH-103503,03/10/2023,personal,North,40,35 to 44,23700,76000,"30,900",0,0
TH-103504,09/12/2024,personal,North,37,35 to 44,9500,15000,"12,900",0,0
TH-103505,22/04/2023,motorcycle,Bangkok,39,35 to 44,28800,211000,"140,300",0,0
TH-103506,03/12/2024,personal,Bangkok,39,35 to 44,21600,98000,"50,300",0,0
TH-103507,03/05/2024,motorcycle,Central,29,25 to 34,20500,15000,"11,100",7,0
TH-103508,12/07/2023,motorcycle,Central,23,Under 25,14200,45000,"33,200",0,0
TH-103509,28/12/2024,auto,Bangkok,28,25 to 34,25800,76000,"69,800",0,0
TH-103510,19/01/2025,motorcycle,Northeast,33,25 to 34,25000,66000,"49,700",24,0
TH-103511,03/11/2024,personal,Northeast,27,25 to 34,27700,71000,"51,600",19,0
TH-103512,05/02/2025,auto,South,29,25 to 34,29100,54000,"45,900",0,0
TH-103513,24/03/2024,auto,Bangkok,28,25 to 34,16400,53000,"35,200",0,0
TH-103514,01/01/2023,title_loan,Bangkok,36,35 to 44,16100,30000,"20,300",0,0
TH-103515,03/02/2023,motorcycle,Bangkok,27,25 to 34,26600,79000,"53,200",0,0
TH-103516,29/10/2023,motorcycle,Central,36,35 to 44,10500,27000,"15,500",0,0
TH-103517,02/04/2023,motorcycle,Northeast,29,25 to 34,16400,27000,"18,900",0,0
TH-103518,25/09/2023,personal,North,37,35 to 44,47900,102000,,26,0
TH-103519,24/08/2023,home_improvement,Bangkok,24,Under 25,,81000,"53,800",164,1
TH-103520,11/09/2024,motorcycle,Bangkok,47,45 to 54,29400,133000,"73,800",0,0
TH-103521,24/04/2025,auto,Central,28,25 to 34,17500,33000,"12,400",0,0
TH-103522,15/03/2024,motorcycle,Central,42,35 to 44,21800,60000,"40,600",0,0
TH-103523,13/08/2023,auto,Bangkok,40,35 to 44,18000,52000,"37,400",0,0
TH-103524,07/10/2023,title_loan,Northeast,48,45 to 54,11800,73000,"57,900",0,0
TH-103525,16/03/2025,motorcycle,Northeast,47,45 to 54,9400,20000,"9,600",0,0
TH-103526,25/04/2023,auto,Bangkok,34,25 to 34,25100,40000,"12,600",0,0
TH-103527,17/07/2023,motorcycle,South,48,45 to 54,,82000,"42,900",0,0
TH-103528,07/04/2024,personal,Northeast,26,25 to 34,9000,23000,"13,700",0,0
TH-103529,07/07/2024,personal,Bangkok,37,35 to 44,12100,17000,"10,300",0,0
TH-103530,23/08/2024,auto,Northeast,22,Under 25,15200,15000,"11,200",0,0
TH-103531,30/08/2023,personal,Northeast,43,35 to 44,,38000,"31,300",7,0
TH-103532,16/05/2023,auto,Northeast,45,45 to 54,15300,42000,"12,600",0,0
TH-103533,15/05/2025,auto,Northeast,26,25 to 34,14400,74000,"25,200",15,0
TH-103534,28/05/2023,personal,North,22,Under 25,18700,22000,"15,300",0,0
TH-103535,24/01/2023,auto,Northeast,36,35 to 44,,41000,"30,500",0,0
TH-103536,20/05/2023,auto,North,43,35 to 44,15700,43000,"39,200",0,0
TH-103537,24/12/2024,motorcycle,South,52,45 to 54,15900,30000,"17,700",0,0
TH-103538,07/06/2024,motorcycle,North,38,35 to 44,16700,51000,"39,100",0,0
TH-103539,29/12/2023,personal,South,33,25 to 34,26100,58000,"38,900",0,0
TH-103540,13/06/2024,personal,Bangkok,40,35 to 44,,31000,"18,700",0,0
TH-103541,20/07/2024,motorcycle,North,39,35 to 44,64700,159000,"81,200",0,0
TH-103542,31/07/2024,home_improvement,Central,46,45 to 54,90200,282000,"239,200",0,0
TH-103543,27/03/2023,auto,South,21,Under 25,9000,19000,"11,900",0,0
TH-103544,09/08/2024,home_improvement,South,34,25 to 34,26700,45000,"12,600",0,0
TH-103545,22/02/2023,motorcycle,South,27,25 to 34,9500,30000,"9,600",0,0
TH-103546,11/05/2023,auto,Central,22,Under 25,31800,74000,"62,000",0,0
TH-103547,25/08/2023,home_improvement,Bangkok,51,45 to 54,19500,27000,"10,600",0,0
TH-103548,13/02/2023,motorcycle,North,35,35 to 44,26400,55000,"48,700",0,0
TH-103549,30/12/2023,personal,Bangkok,30,25 to 34,22800,45000,"25,100",0,0
TH-103550,29/08/2024,motorcycle,Central,41,35 to 44,15000,50000,"39,500",0,0
TH-103551,29/11/2024,motorcycle,Bangkok,30,25 to 34,16700,94000,"57,500",0,0
TH-103552,08/01/2025,home_improvement,Northeast,36,35 to 44,13800,33000,"13,800",122,1
TH-103553,17/01/2025,motorcycle,Central,39,35 to 44,9000,31000,"11,200",0,0
TH-103554,10/01/2024,home_improvement,Bangkok,44,35 to 44,31700,173000,"140,300",0,0
TH-103555,07/10/2024,motorcycle,Bangkok,32,25 to 34,32100,162000,"106,100",18,0
TH-103556,25/02/2023,motorcycle,Bangkok,22,Under 25,,79000,"51,100",0,0
TH-103557,11/05/2025,auto,Bangkok,21,Under 25,23200,49000,"37,800",0,0
TH-103558,02/01/2025,auto,Bangkok,23,Under 25,,36000,"24,500",0,0
TH-103559,20/11/2023,home_improvement,Central,30,25 to 34,25300,63000,"26,400",0,0
TH-103560,11/02/2023,auto,Bangkok,42,35 to 44,17900,29000,"19,700",0,0
TH-103561,04/10/2024,motorcycle,North,25,25 to 34,11200,32000,"20,700",1,0
TH-103562,05/11/2024,auto,Bangkok,23,Under 25,12000,20000,"15,000",0,0
TH-103563,18/10/2024,motorcycle,Bangkok,33,25 to 34,11500,50000,"21,400",123,1
TH-103564,18/01/2025,home_improvement,Bangkok,29,25 to 34,20700,88000,"28,600",156,1
TH-103565,31/08/2024,title_loan,North,42,35 to 44,26700,57000,"24,700",0,0
TH-103566,10/08/2024,home_improvement,Central,30,25 to 34,19400,103000,"94,200",0,0
TH-103567,23/10/2023,motorcycle,Bangkok,27,25 to 34,27300,83000,"69,700",0,0
TH-103568,10/04/2025,motorcycle,North,53,45 to 54,20200,30000,"26,700",0,0
TH-103569,24/01/2023,personal,Bangkok,32,25 to 34,15300,69000,"37,800",0,0
TH-103570,22/11/2023,home_improvement,Central,37,35 to 44,20100,63000,"21,300",159,1
TH-103571,08/09/2024,motorcycle,North,54,45 to 54,11800,31000,"18,900",0,0
TH-103572,11/05/2023,auto,South,29,25 to 34,9700,28000,"26,500",0,0
TH-103573,04/09/2024,motorcycle,North,31,25 to 34,,33000,"30,000",0,0
TH-103574,11/05/2023,auto,Bangkok,43,35 to 44,12100,32000,"14,800",0,0
TH-103575,16/10/2024,personal,North,36,35 to 44,16700,68000,"55,100",0,0
TH-103576,06/01/2025,motorcycle,Bangkok,32,25 to 34,23000,72000,"41,800",0,0
TH-103577,25/03/2025,personal,Northeast,32,25 to 34,18700,59000,"29,600",4,0
TH-103578,10/02/2025,personal,South,25,25 to 34,35800,59000,"38,100",0,0
TH-103579,08/01/2025,title_loan,South,28,25 to 34,26000,107000,"80,400",0,0
TH-103580,18/01/2024,auto,Northeast,28,25 to 34,,114000,"78,700",0,0
TH-103581,17/04/2025,title_loan,Bangkok,41,35 to 44,20600,68000,"42,300",0,0
TH-103582,09/11/2023,personal,Central,33,25 to 34,26500,62000,"24,500",20,0
TH-103583,11/09/2023,personal,Central,53,45 to 54,22500,86000,"56,900",0,0
TH-103584,19/07/2024,title_loan,Bangkok,36,35 to 44,33200,86000,"41,100",0,0
TH-103585,25/07/2024,title_loan,Bangkok,29,25 to 34,19700,33000,"17,700",0,0
TH-103586,03/09/2023,title_loan,Bangkok,40,35 to 44,10400,24000,"16,400",0,0
TH-103587,01/08/2024,auto,South,23,Under 25,72800,88000,"51,600",0,0
TH-103588,31/05/2025,personal,Central,26,25 to 34,14000,34000,"29,800",0,0
TH-103589,24/07/2023,motorcycle,Bangkok,35,35 to 44,32600,71000,"57,100",0,0
TH-103590,07/12/2023,auto,Central,28,25 to 34,25200,98000,"45,700",0,0
TH-103591,11/07/2023,home_improvement,Bangkok,35,35 to 44,29300,69000,"46,200",19,0
TH-103592,09/10/2024,auto,Northeast,42,35 to 44,11600,30000,"18,300",14,0
TH-103593,05/02/2024,auto,Northeast,33,25 to 34,29200,67000,"38,300",0,0
TH-103594,18/12/2024,home_improvement,Bangkok,42,35 to 44,20200,80000,"46,300",0,0
TH-103595,28/02/2025,motorcycle,Northeast,31,25 to 34,10000,39000,"28,200",0,0
TH-103596,03/09/2024,motorcycle,Bangkok,51,45 to 54,22200,57000,"46,800",0,0
TH-103597,02/06/2024,motorcycle,Northeast,37,35 to 44,13900,15000,"8,500",0,0
TH-103598,06/01/2025,home_improvement,South,35,35 to 44,19000,52000,"35,900",0,0
TH-103599,25/04/2025,home_improvement,Bangkok,24,Under 25,15700,52000,"36,300",0,0
TH-103600,20/11/2023,motorcycle,Northeast,31,25 to 34,10100,18000,"11,800",0,0
TH-103601,26/07/2024,motorcycle,Northeast,42,35 to 44,15600,34000,"17,200",0,0
TH-103602,25/01/2023,motorcycle,Bangkok,42,35 to 44,11500,15000,"2,700",0,0
TH-103603,19/05/2025,motorcycle,South,42,35 to 44,28300,115000,"59,500",30,0
TH-103604,04/05/2023,motorcycle,Bangkok,23,Under 25,19400,67000,"46,000",19,0
TH-103605,26/06/2023,personal,Bangkok,22,Under 25,15300,23000,"20,400",0,0
TH-103606,11/11/2023,motorcycle,Northeast,52,45 to 54,,91000,"55,100",0,0
TH-103607,20/06/2024,personal,North,39,35 to 44,9000,23000,"10,300",0,0
TH-103608,16/05/2023,auto,North,44,35 to 44,15800,35000,"21,900",0,0
TH-103609,11/11/2023,personal,Bangkok,37,35 to 44,29200,37000,"25,800",0,0
TH-103610,24/01/2024,home_improvement,Bangkok,23,Under 25,,138000,"95,100",0,0
TH-103611,06/06/2024,personal,Central,26,25 to 34,9000,16000,"10,200",0,0
TH-103612,03/09/2024,motorcycle,South,43,35 to 44,33800,105000,"43,300",0,0
TH-103613,23/03/2025,motorcycle,Bangkok,41,35 to 44,15900,45000,"31,000",0,0
TH-103614,24/09/2023,motorcycle,North,44,35 to 44,16400,34000,"14,100",8,0
TH-103615,18/11/2023,home_improvement,Bangkok,43,35 to 44,27800,149000,"53,500",0,0
TH-103616,11/04/2023,auto,North,40,35 to 44,,63000,"26,600",0,0
TH-103617,17/10/2023,auto,Bangkok,31,25 to 34,24100,117000,"100,500",0,0
TH-103618,06/10/2024,personal,North,39,35 to 44,11800,26000,"10,500",0,0
TH-103619,04/11/2024,personal,Bangkok,29,25 to 34,14000,73000,"49,200",18,0
TH-103620,20/07/2024,personal,Central,37,35 to 44,19000,61000,"53,200",0,0
TH-103621,19/04/2023,personal,Bangkok,29,25 to 34,23000,53000,,0,0
TH-103622,04/05/2024,motorcycle,Bangkok,25,25 to 34,12700,37000,"20,000",0,0
TH-103623,29/01/2023,motorcycle,North,29,25 to 34,9000,15000,"8,900",30,0
TH-103624,23/05/2025,motorcycle,Northeast,47,45 to 54,41800,189000,,0,0
TH-103625,15/05/2023,title_loan,North,26,25 to 34,26000,66000,"45,300",10,0
TH-103626,13/07/2023,auto,Central,25,25 to 34,9000,23000,"18,800",0,0
TH-103627,18/10/2023,auto,South,44,35 to 44,23300,97000,"32,300",0,0
TH-103628,25/01/2023,motorcycle,Bangkok,46,45 to 54,52800,209000,"103,400",0,0
TH-103629,31/03/2023,motorcycle,Northeast,48,45 to 54,16700,33000,"28,700",0,0
TH-103630,30/08/2023,auto,Central,27,25 to 34,12800,30000,"23,000",0,0
TH-103631,04/06/2025,home_improvement,Northeast,23,Under 25,,82000,"44,300",0,0
TH-103632,24/05/2024,auto,Central,48,45 to 54,40500,61000,"34,000",0,0
TH-103633,15/04/2023,auto,Northeast,22,Under 25,23700,70000,"41,700",0,0
TH-103634,13/05/2023,home_improvement,Northeast,34,25 to 34,15900,105000,"57,400",0,0
TH-103635,23/03/2024,personal,Central,38,35 to 44,36200,80000,"46,100",0,0
TH-103636,28/02/2023,personal,South,49,45 to 54,,35000,"20,400",0,0
TH-103637,27/03/2024,auto,North,27,25 to 34,27700,39000,"23,000",0,0
TH-103638,11/06/2025,personal,Bangkok,42,35 to 44,24300,53000,"40,900",0,0
TH-103639,19/09/2024,auto,Bangkok,25,25 to 34,24400,59000,"23,200",0,0
TH-103640,08/10/2024,motorcycle,North,49,45 to 54,,93000,"62,300",0,0
TH-103641,07/04/2025,motorcycle,Central,45,45 to 54,,31000,"19,400",24,0
TH-103642,03/05/2025,title_loan,Central,49,45 to 54,16900,15000,"5,000",0,0
TH-103643,16/10/2024,personal,South,23,Under 25,28700,36000,"30,400",0,0
TH-103644,01/11/2023,motorcycle,Northeast,48,45 to 54,28100,34000,"31,500",0,0
TH-103645,06/09/2024,motorcycle,North,37,35 to 44,39500,38000,"21,100",30,0
TH-103646,24/01/2025,home_improvement,North,41,35 to 44,25300,54000,"32,300",0,0
TH-103647,21/06/2024,home_improvement,South,42,35 to 44,37700,190000,"118,900",0,0
TH-103648,26/08/2024,motorcycle,South,43,35 to 44,9000,15000,"12,500",25,0
TH-103649,30/05/2024,motorcycle,Bangkok,32,25 to 34,50100,159000,"43,700",0,0
TH-103650,02/05/2023,motorcycle,Northeast,40,35 to 44,9000,18000,"12,100",0,0
TH-103651,11/01/2024,motorcycle,Bangkok,45,45 to 54,,17000,"14,900",0,0
TH-103652,11/04/2025,personal,Northeast,34,25 to 34,25900,40000,"23,400",0,0
TH-103653,09/04/2024,personal,South,41,35 to 44,16200,48000,"24,500",0,0
TH-103654,02/02/2023,title_loan,Bangkok,47,45 to 54,11700,58000,"47,600",0,0
TH-103655,30/04/2025,auto,Bangkok,41,35 to 44,19900,46000,"23,500",23,0
TH-103656,16/08/2023,motorcycle,Northeast,23,Under 25,9000,26000,"11,600",0,0
TH-103657,16/06/2025,title_loan,Central,31,25 to 34,38600,114000,"60,600",0,0
TH-103658,12/12/2023,motorcycle,South,21,Under 25,10300,20000,"2,700",0,0
TH-103659,03/07/2023,motorcycle,Bangkok,36,35 to 44,58400,256000,"165,600",5,0
TH-103660,16/03/2025,personal,Central,52,45 to 54,24800,58000,"30,700",0,0
TH-103661,27/01/2023,auto,South,43,35 to 44,37900,82000,"72,000",0,0
TH-103662,03/03/2025,auto,North,26,25 to 34,28600,42000,"27,000",0,0
TH-103663,26/02/2025,motorcycle,Bangkok,32,25 to 34,15100,37000,"23,700",0,0
TH-103664,10/10/2024,home_improvement,North,42,35 to 44,28100,55000,"25,500",0,0
TH-103665,22/09/2024,home_improvement,Northeast,39,35 to 44,11300,15000,"9,900",27,0
TH-103666,13/09/2024,motorcycle,Central,68,55 and over,,32000,"26,100",0,0
TH-103667,07/05/2025,auto,Bangkok,53,45 to 54,46400,88000,"50,800",0,0
TH-103668,28/06/2024,motorcycle,North,24,Under 25,16300,45000,"29,300",0,0
TH-103669,28/01/2023,title_loan,North,31,25 to 34,14400,38000,"24,000",0,0
TH-103670,07/04/2025,motorcycle,North,51,45 to 54,15500,57000,"38,400",0,0
TH-103671,01/01/2023,personal,North,53,45 to 54,20900,39000,"36,700",22,0
TH-103672,29/07/2024,title_loan,Bangkok,31,25 to 34,32900,125000,"69,900",129,1
TH-103673,09/02/2023,auto,Bangkok,22,Under 25,12000,17000,"13,300",0,0
TH-103674,04/04/2025,motorcycle,North,54,45 to 54,19300,38000,"19,800",0,0
TH-103675,03/11/2024,home_improvement,North,34,25 to 34,17500,39000,"25,500",0,0
TH-103676,24/02/2025,motorcycle,Bangkok,36,35 to 44,9000,37000,"18,800",147,1
TH-103677,03/08/2024,motorcycle,North,30,25 to 34,33400,69000,"51,000",0,0
TH-103678,07/05/2024,auto,Central,28,25 to 34,20300,104000,"32,800",0,0
TH-103679,05/11/2023,title_loan,North,42,35 to 44,10500,24000,"13,000",0,0
TH-103680,01/05/2025,motorcycle,Central,27,25 to 34,18900,27000,"20,500",0,0
TH-103681,03/10/2024,personal,Northeast,44,35 to 44,59400,107000,"66,000",0,0
TH-103682,22/07/2023,auto,Central,32,25 to 34,17200,30000,"21,200",0,0
TH-103683,09/02/2023,home_improvement,Bangkok,28,25 to 34,9000,15000,"10,900",0,0
TH-103684,21/03/2023,personal,South,29,25 to 34,39000,178000,"113,000",0,0
TH-103685,14/01/2024,personal,Northeast,27,25 to 34,15800,35000,"13,600",0,0
TH-103686,07/05/2025,auto,South,34,25 to 34,107600,168000,"59,500",0,0
TH-103687,21/04/2025,title_loan,North,24,Under 25,21000,35000,"23,500",19,0
TH-103688,09/04/2025,personal,Northeast,39,35 to 44,37100,113000,"58,900",14,0
TH-103689,25/05/2025,auto,Bangkok,27,25 to 34,37500,66000,"54,700",0,0
TH-103690,07/02/2024,personal,Northeast,39,35 to 44,19900,43000,"34,100",0,0
TH-103691,15/08/2024,home_improvement,Northeast,34,25 to 34,20500,127000,"58,300",0,0
TH-103692,08/12/2024,personal,Bangkok,25,25 to 34,9300,27000,"10,900",0,0
TH-103693,22/04/2025,motorcycle,South,29,25 to 34,14800,38000,"15,100",0,0
TH-103694,22/05/2023,auto,South,26,25 to 34,17100,23000,"10,800",23,0
TH-103695,19/11/2023,motorcycle,Bangkok,52,45 to 54,,239000,"135,000",56,1
TH-103696,22/11/2023,personal,North,38,35 to 44,9100,21000,"16,500",0,0
TH-103697,28/07/2023,home_improvement,Central,31,25 to 34,12600,18000,"15,300",0,0
TH-103698,20/04/2023,personal,Bangkok,29,25 to 34,17200,92000,"60,200",15,0
TH-103699,02/08/2024,home_improvement,Central,48,45 to 54,14100,39000,"24,600",28,0
TH-103700,15/01/2025,personal,Northeast,36,35 to 44,11700,39000,"18,000",26,0
TH-103701,26/12/2024,home_improvement,South,42,35 to 44,20300,60000,,0,0
TH-103702,30/01/2024,auto,Bangkok,27,25 to 34,21000,58000,,0,0
TH-103703,05/12/2023,motorcycle,Central,36,35 to 44,9000,55000,"25,200",0,0
TH-103704,28/07/2023,auto,North,28,25 to 34,13300,26000,"21,600",0,0
TH-103705,27/10/2024,personal,Central,42,35 to 44,14000,29000,"20,900",0,0
TH-103706,03/12/2023,personal,Bangkok,32,25 to 34,17500,15000,"7,200",0,0
TH-103707,23/07/2024,auto,Bangkok,21,Under 25,,50000,"20,700",0,0
TH-103708,24/10/2023,personal,South,29,25 to 34,23100,27000,"8,400",0,0
TH-103709,11/10/2023,motorcycle,Northeast,31,25 to 34,21700,64000,"19,000",0,0
TH-103710,01/05/2024,personal,North,37,35 to 44,36000,120000,"95,100",0,0
TH-103711,07/07/2023,personal,South,29,25 to 34,23200,47000,,0,0
TH-103712,25/10/2023,title_loan,South,27,25 to 34,22500,33000,"11,900",0,0
TH-103713,18/04/2024,auto,Bangkok,21,Under 25,11400,34000,"24,100",13,0
TH-103714,12/08/2024,motorcycle,Northeast,29,25 to 34,22500,125000,"109,300",0,0
TH-103715,12/10/2024,home_improvement,North,21,Under 25,26200,143000,"60,900",0,0
TH-103716,28/12/2024,home_improvement,Bangkok,33,25 to 34,28500,83000,"71,900",107,1
TH-103717,28/07/2024,personal,North,32,25 to 34,10800,34000,"10,800",0,0
TH-103718,24/12/2023,motorcycle,Bangkok,30,25 to 34,42600,100000,"47,600",0,0
TH-103719,08/05/2024,home_improvement,Northeast,32,25 to 34,,26000,"5,300",0,0
TH-103720,13/03/2023,title_loan,Bangkok,41,35 to 44,,81000,"65,600",74,1
TH-103721,26/05/2023,auto,Northeast,43,35 to 44,28600,99000,"74,200",0,0
TH-103722,30/08/2024,personal,South,53,45 to 54,38000,62000,"39,600",0,0
TH-103723,08/09/2023,personal,Bangkok,39,35 to 44,26700,58000,"50,900",0,0
TH-103724,19/05/2023,personal,Bangkok,22,Under 25,40500,196000,"82,700",0,0
TH-103725,23/11/2024,auto,Central,49,45 to 54,11400,42000,"34,400",0,0
TH-103726,14/09/2023,motorcycle,Bangkok,44,35 to 44,20200,108000,"75,600",0,0
TH-103727,25/09/2024,home_improvement,Northeast,50,45 to 54,9000,18000,"6,000",0,0
TH-103728,22/01/2024,home_improvement,Bangkok,33,25 to 34,14600,35000,"14,300",0,0
TH-103729,05/06/2024,auto,Bangkok,43,35 to 44,13000,51000,"42,200",0,0
TH-103730,08/05/2025,personal,Northeast,21,Under 25,10600,27000,"16,000",0,0
TH-103731,20/11/2023,motorcycle,South,35,35 to 44,38400,91000,"11,300",0,0
TH-103732,27/01/2023,motorcycle,North,27,25 to 34,9800,37000,"14,700",120,1
TH-103733,29/05/2025,personal,South,40,35 to 44,27500,109000,"55,700",0,0
TH-103734,12/07/2024,personal,Central,34,25 to 34,9900,29000,"22,000",13,0
TH-103735,26/08/2024,motorcycle,Bangkok,40,35 to 44,18700,53000,"29,600",0,0
TH-103736,31/03/2024,home_improvement,Bangkok,67,55 and over,43100,46000,"30,500",0,0
TH-103737,20/07/2023,auto,Bangkok,54,45 to 54,15300,75000,"28,800",0,0
TH-103738,12/08/2023,home_improvement,Northeast,36,35 to 44,30500,112000,"45,300",0,0
TH-103739,04/09/2023,auto,Central,43,35 to 44,13300,41000,"18,900",51,1
TH-103740,29/05/2024,personal,Northeast,45,45 to 54,35200,97000,"71,100",0,0
TH-103741,23/01/2024,motorcycle,Northeast,22,Under 25,16000,38000,"10,600",0,0
TH-103742,15/03/2023,auto,Bangkok,45,45 to 54,21100,31000,"8,200",0,0
TH-103743,24/03/2023,motorcycle,Bangkok,27,25 to 34,20900,124000,"78,900",115,1
TH-103744,19/01/2023,personal,Northeast,24,Under 25,18000,40000,"19,600",0,0
TH-103745,03/03/2024,title_loan,Northeast,43,35 to 44,,89000,"55,200",0,0
TH-103746,06/01/2025,motorcycle,Northeast,22,Under 25,40300,164000,"61,500",0,0
TH-103747,08/01/2024,title_loan,Northeast,31,25 to 34,23400,44000,"29,100",0,0
TH-103748,06/08/2024,personal,Central,50,45 to 54,13700,19000,"13,300",0,0
TH-103749,28/05/2023,auto,Bangkok,29,25 to 34,58600,224000,"144,800",0,0
TH-103750,20/03/2025,auto,Bangkok,21,Under 25,15400,53000,"45,500",0,0
TH-103751,07/05/2023,personal,Northeast,30,25 to 34,30800,144000,"53,500",0,0
TH-103752,02/06/2023,personal,Northeast,21,Under 25,9100,55000,"36,000",29,0
TH-103753,07/11/2024,personal,Central,29,25 to 34,25400,57000,,27,0
TH-103754,31/01/2024,personal,Central,38,35 to 44,14500,35000,"24,300",0,0
TH-103755,11/11/2023,motorcycle,Bangkok,25,25 to 34,,115000,"45,300",36,1
TH-103756,15/12/2023,motorcycle,Northeast,28,25 to 34,86800,191000,"162,300",13,0
TH-103757,30/08/2023,auto,Northeast,41,35 to 44,16800,88000,"35,600",0,0
TH-103758,05/06/2024,personal,North,29,25 to 34,17000,28000,"11,500",0,0
TH-103759,18/02/2023,home_improvement,Central,48,45 to 54,19200,29000,"24,500",0,0
TH-103760,10/02/2024,home_improvement,Bangkok,27,25 to 34,10600,25000,"11,300",0,0
TH-103761,01/03/2024,motorcycle,Northeast,35,35 to 44,10700,41000,"25,500",0,0
TH-103762,03/08/2023,personal,Bangkok,43,35 to 44,17700,25000,"21,100",0,0
TH-103763,13/02/2025,home_improvement,Bangkok,23,Under 25,14200,41000,"19,200",0,0
TH-103764,19/03/2024,title_loan,Bangkok,25,25 to 34,30100,71000,"39,200",0,0
TH-103765,10/05/2025,personal,Central,34,25 to 34,22800,43000,"38,900",0,0
TH-103766,06/06/2023,auto,Central,31,25 to 34,19000,34000,"6,100",0,0
TH-103767,21/10/2024,motorcycle,Central,47,45 to 54,14100,52000,"25,900",0,0
TH-103768,16/10/2023,motorcycle,South,30,25 to 34,18800,54000,"34,100",0,0
TH-103769,07/03/2025,personal,Central,43,35 to 44,56600,74000,"57,400",0,0
TH-103770,22/08/2024,personal,North,24,Under 25,17300,21000,"5,600",0,0
TH-103771,17/01/2023,personal,Central,27,25 to 34,20000,81000,"64,000",0,0
TH-103772,07/05/2025,auto,Bangkok,26,25 to 34,20300,63000,"45,900",0,0
TH-103773,24/12/2024,auto,Central,26,25 to 34,14700,56000,"21,700",0,0
TH-103774,27/02/2025,motorcycle,Bangkok,47,45 to 54,35000,125000,"98,200",0,0
TH-103775,25/12/2024,motorcycle,Bangkok,66,55 and over,9400,26000,"12,600",0,0
TH-103776,28/02/2025,title_loan,South,30,25 to 34,16300,42000,"27,700",0,0
TH-103777,31/05/2023,auto,South,35,35 to 44,9000,23000,"11,900",0,0
TH-103778,10/08/2023,personal,Central,36,35 to 44,21600,44000,"26,200",0,0
TH-103779,07/04/2023,auto,Bangkok,32,25 to 34,16400,57000,"28,300",107,1
TH-103780,05/02/2023,personal,Bangkok,41,35 to 44,18000,60000,"20,700",0,0
TH-103781,07/04/2025,motorcycle,Northeast,38,35 to 44,108300,364000,"217,000",0,0
TH-103782,27/08/2024,auto,Bangkok,27,25 to 34,34000,51000,"17,300",0,0
TH-103783,08/03/2024,motorcycle,Bangkok,37,35 to 44,,22000,"17,600",0,0
TH-103784,24/04/2023,motorcycle,Northeast,49,45 to 54,28200,51000,"29,600",12,0
TH-103785,20/02/2025,motorcycle,Central,51,45 to 54,,22000,"16,800",0,0
TH-103786,06/11/2024,title_loan,Bangkok,28,25 to 34,13900,71000,"50,200",0,0
TH-103787,25/01/2023,personal,South,37,35 to 44,18700,45000,"25,300",0,0
TH-103788,20/03/2025,personal,Northeast,22,Under 25,53100,263000,"86,800",0,0
TH-103789,27/08/2023,title_loan,Central,25,25 to 34,26300,105000,"53,900",0,0
TH-103790,02/03/2023,motorcycle,North,33,25 to 34,31000,75000,"54,300",0,0
TH-103791,03/03/2023,motorcycle,Bangkok,30,25 to 34,13400,25000,"18,600",2,0
TH-103792,14/04/2025,personal,Bangkok,41,35 to 44,23400,133000,"89,000",14,0
TH-103793,01/06/2024,personal,South,55,55 and over,34700,99000,"78,200",0,0
TH-103794,03/09/2023,auto,Central,39,35 to 44,20900,82000,"71,800",17,0
TH-103795,09/06/2023,motorcycle,Northeast,39,35 to 44,36900,201000,"109,900",0,0
TH-103796,27/07/2023,personal,Bangkok,32,25 to 34,44800,147000,"105,400",13,0
TH-103797,10/04/2024,auto,Northeast,25,25 to 34,,47000,"20,600",0,0
TH-103798,11/03/2024,personal,Bangkok,36,35 to 44,38400,90000,"39,400",0,0
TH-103799,13/07/2023,motorcycle,South,26,25 to 34,20200,48000,"36,600",0,0
TH-103800,24/03/2023,personal,Central,54,45 to 54,36000,154000,"126,200",0,0
TH-103801,03/03/2023,motorcycle,Bangkok,39,35 to 44,20700,61000,"44,400",27,0
TH-103802,17/11/2024,home_improvement,Central,32,25 to 34,14900,39000,"19,500",4,0
TH-103803,18/08/2024,personal,North,25,25 to 34,16800,41000,"15,200",0,0
TH-103804,21/02/2023,title_loan,Bangkok,34,25 to 34,10600,24000,"20,000",5,0
TH-103805,05/06/2023,motorcycle,Northeast,25,25 to 34,9500,20000,"10,300",0,0
TH-103806,24/03/2025,personal,Central,40,35 to 44,34900,80000,"28,300",0,0
TH-103807,19/03/2023,home_improvement,Northeast,38,35 to 44,13800,47000,"7,100",0,0
TH-103808,11/04/2024,title_loan,Central,43,35 to 44,12600,38000,"11,600",0,0
TH-103809,14/03/2024,personal,Northeast,26,25 to 34,9000,44000,"16,500",0,0
TH-103810,07/04/2024,motorcycle,Bangkok,31,25 to 34,13500,33000,"14,200",0,0
TH-103811,19/09/2024,motorcycle,North,21,Under 25,19700,51000,"19,300",0,0
TH-103812,15/03/2025,motorcycle,North,38,35 to 44,27700,61000,"18,200",109,1
TH-103813,11/09/2024,home_improvement,Central,29,25 to 34,28900,80000,"46,500",0,0
TH-103814,10/12/2023,personal,Bangkok,31,25 to 34,40600,155000,"132,900",20,0
TH-103815,05/03/2025,personal,North,44,35 to 44,20700,50000,"31,100",0,0
TH-103816,27/03/2024,motorcycle,Bangkok,25,25 to 34,18000,54000,"42,100",0,0
TH-103817,28/06/2023,home_improvement,Bangkok,48,45 to 54,29900,65000,"53,500",0,0
TH-103818,10/06/2025,personal,Northeast,41,35 to 44,,116000,"99,100",0,0
TH-103819,25/08/2023,home_improvement,Northeast,40,35 to 44,17600,45000,"42,200",0,0
TH-103820,20/09/2024,personal,Central,40,35 to 44,36500,139000,"77,700",0,0
TH-103821,19/01/2024,motorcycle,Northeast,33,25 to 34,14700,45000,"7,100",0,0
TH-103822,16/11/2023,motorcycle,Bangkok,34,25 to 34,28600,39000,"28,300",0,0
TH-103823,27/07/2024,motorcycle,Bangkok,49,45 to 54,45100,74000,"35,300",0,0
TH-103824,11/05/2023,personal,Northeast,29,25 to 34,9000,20000,"5,600",0,0
TH-103825,03/09/2024,motorcycle,Bangkok,36,35 to 44,46500,153000,"55,300",0,0
TH-103826,29/09/2024,personal,Central,34,25 to 34,16600,53000,"21,000",0,0
TH-103827,29/11/2023,home_improvement,Northeast,50,45 to 54,19800,27000,"18,700",24,0
TH-103828,06/05/2024,personal,Northeast,22,Under 25,24100,83000,"43,700",0,0
TH-103829,27/06/2023,home_improvement,Bangkok,27,25 to 34,22200,35000,"15,700",0,0
TH-103830,28/03/2024,auto,Bangkok,45,45 to 54,15000,29000,"25,200",0,0
TH-103831,05/09/2024,home_improvement,North,31,25 to 34,13300,32000,"7,800",86,1
TH-103832,21/03/2025,motorcycle,Northeast,35,35 to 44,15900,50000,"18,800",0,0
TH-103833,01/04/2025,auto,Central,43,35 to 44,10700,19000,"15,300",0,0
TH-103834,05/09/2023,motorcycle,Central,53,45 to 54,,64000,"39,900",0,0
TH-103835,16/05/2024,motorcycle,Bangkok,44,35 to 44,29100,49000,"29,300",0,0
TH-103836,30/11/2024,auto,North,44,35 to 44,24000,42000,"15,500",0,0
TH-103837,10/08/2023,home_improvement,North,22,Under 25,17300,90000,"85,100",0,0
TH-103838,09/05/2023,auto,Bangkok,28,25 to 34,16000,44000,"21,500",0,0
TH-103839,09/10/2024,auto,Bangkok,40,35 to 44,,82000,"65,300",0,0
TH-103840,14/09/2023,home_improvement,Bangkok,33,25 to 34,40600,77000,"52,800",0,0
TH-103841,08/05/2023,title_loan,Bangkok,25,25 to 34,19100,42000,"27,100",0,0
TH-103842,05/01/2023,auto,Northeast,27,25 to 34,33600,127000,"93,200",102,1
TH-103843,16/03/2025,motorcycle,North,37,35 to 44,16700,75000,,0,0
TH-103844,18/03/2023,auto,Central,38,35 to 44,26000,163000,"143,400",31,1
TH-103845,13/02/2025,personal,Bangkok,25,25 to 34,10500,15000,"9,900",0,0
TH-103846,21/12/2023,home_improvement,North,39,35 to 44,10800,55000,"22,200",162,1
TH-103847,19/11/2023,auto,Central,25,25 to 34,12200,15000,"11,000",0,0
TH-103848,04/09/2023,personal,Central,43,35 to 44,18700,36000,"18,100",18,0
TH-103849,13/06/2023,personal,Bangkok,32,25 to 34,35200,226000,"121,500",0,0
TH-103850,01/10/2023,motorcycle,Bangkok,37,35 to 44,24100,33000,"9,200",0,0
TH-103851,07/06/2023,motorcycle,Bangkok,48,45 to 54,12300,22000,"14,400",20,0
TH-103852,06/04/2024,motorcycle,Northeast,26,25 to 34,37200,104000,"79,100",0,0
TH-103853,10/03/2024,motorcycle,Central,28,25 to 34,19100,36000,"15,800",8,0
TH-103854,27/07/2024,title_loan,Central,36,35 to 44,30800,58000,"35,600",0,0
TH-103855,29/10/2024,personal,Northeast,31,25 to 34,26200,118000,"88,000",0,0
TH-103856,09/05/2025,personal,Central,30,25 to 34,38600,68000,"48,100",0,0
TH-103857,30/09/2024,personal,South,53,45 to 54,17000,130000,"57,200",0,0
TH-103858,14/01/2023,auto,South,43,35 to 44,,55000,"23,000",19,0
TH-103859,09/01/2025,motorcycle,Northeast,42,35 to 44,23500,54000,"31,500",0,0
TH-103860,06/03/2023,auto,Northeast,29,25 to 34,16900,41000,"25,700",0,0
TH-103861,20/05/2025,auto,Northeast,30,25 to 34,13400,33000,"11,400",0,0
TH-103862,06/09/2023,personal,Central,39,35 to 44,,29000,"15,200",0,0
TH-103863,18/08/2023,title_loan,Central,43,35 to 44,18200,28000,"8,300",0,0
TH-103864,21/03/2023,auto,Central,38,35 to 44,18100,92000,"43,400",0,0
TH-103865,17/10/2024,auto,North,26,25 to 34,13300,38000,"17,200",0,0
TH-103866,22/05/2025,title_loan,Bangkok,51,45 to 54,17000,35000,"13,600",0,0
TH-103867,01/11/2024,personal,South,27,25 to 34,17000,55000,"43,800",0,0
TH-103868,11/04/2023,motorcycle,Central,39,35 to 44,23200,34000,"24,600",0,0
TH-103869,06/03/2023,auto,Northeast,39,35 to 44,44400,162000,"103,300",0,0
TH-103870,23/03/2025,personal,Bangkok,34,25 to 34,32600,139000,"85,300",0,0
TH-103871,20/07/2023,motorcycle,Northeast,37,35 to 44,44700,105000,"57,800",0,0
TH-103872,29/11/2024,personal,Bangkok,29,25 to 34,23100,67000,"33,900",0,0
TH-103873,13/04/2024,motorcycle,Northeast,34,25 to 34,13600,28000,"19,700",0,0
TH-103874,21/12/2024,personal,Bangkok,25,25 to 34,15400,58000,"35,300",0,0
TH-103875,17/03/2023,personal,Bangkok,31,25 to 34,26100,39000,"17,600",0,0
TH-103876,21/12/2024,personal,Northeast,21,Under 25,42400,161000,"123,700",0,0
TH-103877,21/04/2025,home_improvement,North,28,25 to 34,25700,172000,"150,600",0,0
TH-103878,22/02/2025,auto,Bangkok,27,25 to 34,26800,134000,"77,700",89,1
TH-103879,22/04/2024,auto,South,41,35 to 44,61900,282000,"140,500",0,0
TH-103880,24/10/2023,motorcycle,Central,43,35 to 44,9800,26000,"4,700",0,0
TH-103881,02/05/2024,title_loan,North,25,25 to 34,18600,61000,"37,500",84,1
TH-103882,29/07/2023,motorcycle,North,38,35 to 44,11600,67000,"46,900",0,0
TH-103883,24/03/2024,motorcycle,Bangkok,30,25 to 34,33200,89000,"61,300",10,0
TH-103884,24/04/2025,motorcycle,Northeast,22,Under 25,18400,48000,,0,0
TH-103885,28/11/2024,motorcycle,Bangkok,29,25 to 34,21900,85000,"47,000",27,0
TH-103886,15/05/2024,home_improvement,Bangkok,26,25 to 34,12400,15000,"13,000",0,0
TH-103887,14/03/2023,personal,Bangkok,25,25 to 34,23200,70000,"50,300",0,0
TH-103888,08/06/2024,auto,Bangkok,22,Under 25,14000,44000,"29,500",0,0
TH-103889,31/01/2023,motorcycle,Bangkok,53,45 to 54,32800,46000,"18,700",0,0
TH-103890,27/11/2024,motorcycle,South,26,25 to 34,15000,23000,"15,600",0,0
TH-103891,07/05/2024,motorcycle,Bangkok,38,35 to 44,15600,62000,"34,400",0,0
TH-103892,17/02/2024,personal,Bangkok,27,25 to 34,30400,215000,"124,900",0,0
TH-103893,08/05/2023,title_loan,North,23,Under 25,23100,62000,"19,900",111,1
TH-103894,08/08/2023,motorcycle,Central,39,35 to 44,41700,73000,,57,1
TH-103895,15/04/2023,personal,Central,26,25 to 34,9000,47000,"37,300",0,0
TH-103896,17/01/2025,auto,Bangkok,22,Under 25,20900,69000,"8,200",0,0
TH-103897,12/09/2023,home_improvement,Northeast,30,25 to 34,12400,16000,"13,100",0,0
TH-103898,13/06/2024,motorcycle,Northeast,22,Under 25,,27000,"17,300",0,0
TH-103899,22/01/2024,auto,Central,27,25 to 34,69400,152000,"116,900",0,0
TH-103900,22/05/2024,motorcycle,Central,41,35 to 44,13400,69000,"35,500",0,0
TH-103901,22/04/2024,home_improvement,Bangkok,38,35 to 44,17000,86000,"32,000",14,0
TH-103902,25/08/2024,auto,Northeast,33,25 to 34,15000,25000,"10,500",0,0
TH-103903,20/01/2024,motorcycle,South,38,35 to 44,26600,75000,"26,900",0,0
TH-103904,19/05/2025,personal,Bangkok,51,45 to 54,18700,25000,"14,400",0,0
TH-103905,13/03/2025,personal,Bangkok,34,25 to 34,13100,23000,"17,400",0,0
TH-103906,26/06/2023,auto,Northeast,22,Under 25,,63000,"41,200",0,0
TH-103907,24/01/2025,motorcycle,Central,39,35 to 44,36600,68000,"52,400",0,0
TH-103908,14/03/2025,auto,Northeast,44,35 to 44,11600,31000,"16,600",0,0
TH-103909,06/03/2023,auto,Northeast,33,25 to 34,35500,32000,"5,100",0,0
TH-103910,05/01/2024,auto,Northeast,44,35 to 44,15700,41000,"20,700",0,0
TH-103911,30/05/2025,title_loan,Central,47,45 to 54,26000,98000,"28,300",0,0
TH-103912,23/07/2024,motorcycle,Bangkok,34,25 to 34,14500,37000,"20,900",0,0
TH-103913,21/10/2024,personal,South,34,25 to 34,11200,30000,"20,200",0,0
TH-103914,11/11/2024,personal,Bangkok,31,25 to 34,36900,150000,"47,600",0,0
TH-103915,16/03/2023,auto,Central,28,25 to 34,29300,129000,"90,600",0,0
TH-103916,23/10/2024,motorcycle,Central,26,25 to 34,25800,51000,"42,700",0,0
TH-103917,21/06/2024,personal,Bangkok,35,35 to 44,38100,145000,"81,100",0,0
TH-103918,09/02/2025,motorcycle,North,23,Under 25,18100,77000,"69,500",28,0
TH-103919,06/08/2024,auto,North,54,45 to 54,36200,117000,"94,400",0,0
TH-103920,04/09/2023,auto,Northeast,26,25 to 34,30300,86000,"21,300",0,0
TH-103921,30/10/2023,auto,Bangkok,33,25 to 34,,17000,"9,700",0,0
TH-103922,09/06/2023,personal,Central,25,25 to 34,27500,77000,"46,600",0,0
TH-103923,19/10/2024,personal,North,30,25 to 34,12500,18000,"7,400",0,0
TH-103924,15/12/2023,personal,Northeast,22,Under 25,27000,49000,"14,600",0,0
TH-103925,13/09/2023,motorcycle,Bangkok,24,Under 25,16200,44000,"17,400",0,0
TH-103926,11/10/2023,auto,North,21,Under 25,13800,36000,"3,200",0,0
TH-103927,26/09/2024,personal,North,27,25 to 34,9000,15000,"7,500",0,0
TH-103928,18/06/2024,motorcycle,Central,26,25 to 34,13500,22000,"14,400",0,0
TH-103929,04/05/2025,motorcycle,Northeast,40,35 to 44,15900,84000,"59,700",0,0
TH-103930,08/08/2023,auto,Central,29,25 to 34,9000,15000,"11,100",0,0
TH-103931,04/10/2024,auto,Bangkok,42,35 to 44,17500,65000,"30,400",0,0
TH-103932,24/08/2023,auto,North,21,Under 25,27400,26000,"16,100",0,0
TH-103933,25/02/2024,personal,Central,23,Under 25,34000,36000,"29,300",0,0
TH-103934,20/08/2024,home_improvement,North,36,35 to 44,32100,72000,"58,400",0,0
TH-103935,09/12/2024,title_loan,Bangkok,44,35 to 44,34600,131000,"80,100",0,0
TH-103936,01/08/2023,personal,Bangkok,43,35 to 44,29500,64000,"50,000",0,0
TH-103937,10/06/2025,motorcycle,South,21,Under 25,29800,105000,"83,800",0,0
TH-103938,06/04/2024,auto,Bangkok,34,25 to 34,38200,197000,"107,600",0,0
TH-103939,22/09/2023,motorcycle,Bangkok,44,35 to 44,31400,83000,"78,000",0,0
TH-103940,16/12/2023,auto,North,46,45 to 54,14400,43000,"30,600",0,0
TH-103941,21/11/2023,motorcycle,Northeast,21,Under 25,,32000,"15,300",0,0
TH-103942,21/12/2023,title_loan,Northeast,40,35 to 44,17300,27000,"11,400",13,0
TH-103943,12/02/2023,auto,Central,42,35 to 44,29600,43000,"23,500",0,0
TH-103944,06/11/2024,motorcycle,Central,49,45 to 54,14900,28000,"3,300",0,0
TH-103945,07/12/2024,motorcycle,North,31,25 to 34,40700,160000,"82,000",0,0
TH-103946,07/05/2024,personal,Bangkok,21,Under 25,29400,78000,"23,600",0,0
TH-103947,19/01/2025,personal,Bangkok,46,45 to 54,38500,120000,"20,000",23,0
TH-103948,28/10/2024,personal,Bangkok,41,35 to 44,25500,61000,"53,200",0,0
TH-103949,09/06/2023,personal,South,22,Under 25,,30000,"16,000",45,1
TH-103950,03/06/2023,personal,Bangkok,31,25 to 34,11300,15000,"7,000",0,0
TH-103951,10/06/2023,motorcycle,Central,29,25 to 34,23300,74000,"49,600",0,0
TH-103952,05/05/2025,home_improvement,North,49,45 to 54,13700,49000,"29,800",0,0
TH-103953,03/04/2023,auto,Bangkok,45,45 to 54,56200,245000,"216,700",0,0
TH-103954,12/05/2024,motorcycle,Northeast,47,45 to 54,23300,65000,"55,400",21,0
TH-103955,14/10/2023,personal,South,28,25 to 34,21100,40000,"29,700",0,0
TH-103956,17/05/2024,title_loan,Northeast,33,25 to 34,24900,41000,"30,700",0,0
TH-103957,24/07/2023,auto,Central,51,45 to 54,,157000,"108,500",0,0
TH-103958,29/04/2025,personal,Central,26,25 to 34,32200,146000,"37,100",142,1
TH-103959,21/03/2025,auto,Bangkok,42,35 to 44,16100,43000,"29,800",11,0
TH-103960,29/04/2025,auto,Northeast,42,35 to 44,11700,53000,"21,100",0,0
TH-103961,15/10/2023,personal,Central,25,25 to 34,14900,29000,"9,500",0,0
TH-103962,01/05/2023,home_improvement,North,33,25 to 34,17400,56000,"33,600",0,0
TH-103963,02/02/2025,personal,Bangkok,30,25 to 34,12800,23000,"12,800",0,0
TH-103964,16/05/2023,motorcycle,Central,26,25 to 34,16800,71000,"34,100",150,1
TH-103965,02/06/2025,auto,Central,54,45 to 54,72700,368000,"348,100",0,0
TH-103966,06/08/2024,motorcycle,Bangkok,39,35 to 44,16600,41000,"13,500",0,0
TH-103967,02/03/2024,personal,North,46,45 to 54,40400,88000,"14,100",0,0
TH-103968,02/12/2023,personal,Northeast,51,45 to 54,18500,25000,"15,600",0,0
TH-103969,09/12/2023,motorcycle,Northeast,21,Under 25,39800,121000,"58,500",3,0
TH-103970,14/04/2025,title_loan,Bangkok,33,25 to 34,14400,30000,"16,600",0,0
TH-103971,27/03/2025,personal,Northeast,34,25 to 34,11100,18000,"9,600",27,0
TH-103972,25/05/2023,title_loan,Central,31,25 to 34,12300,75000,"17,000",0,0
TH-103973,19/09/2024,motorcycle,North,21,Under 25,30000,148000,"136,000",0,0
TH-103974,09/07/2024,motorcycle,Central,30,25 to 34,9400,33000,"15,300",0,0
TH-103975,24/03/2023,home_improvement,Central,39,35 to 44,20100,67000,"56,800",0,0
TH-103976,16/03/2025,personal,North,42,35 to 44,9000,24000,"19,200",0,0
TH-103977,07/09/2024,personal,Bangkok,21,Under 25,16200,29000,"17,700",0,0
TH-103978,05/02/2023,title_loan,Bangkok,33,25 to 34,17600,46000,"41,700",0,0
TH-103979,20/12/2023,title_loan,South,25,25 to 34,14800,78000,"58,900",0,0
TH-103980,06/03/2025,auto,South,25,25 to 34,13200,35000,"15,400",0,0
TH-103981,05/04/2024,personal,North,32,25 to 34,18400,44000,"2,800",0,0
TH-103982,24/04/2024,home_improvement,Central,50,45 to 54,22600,53000,"37,900",8,0
TH-103983,03/06/2025,auto,North,37,35 to 44,30100,115000,"52,500",0,0
TH-103984,02/01/2024,home_improvement,Bangkok,39,35 to 44,18900,72000,"51,100",0,0
TH-103985,16/02/2024,auto,Central,68,55 and over,22200,38000,"7,600",0,0
TH-103986,09/02/2025,personal,South,54,45 to 54,66000,165000,"149,300",0,0
TH-103987,23/01/2024,home_improvement,Central,26,25 to 34,19200,49000,"31,900",4,0
TH-103988,01/06/2025,auto,Northeast,33,25 to 34,61700,194000,"76,000",0,0
TH-103989,01/08/2023,personal,Bangkok,28,25 to 34,26800,69000,"32,100",0,0
TH-103990,14/01/2023,personal,Central,27,25 to 34,16100,42000,"6,700",0,0
TH-103991,18/03/2024,motorcycle,North,40,35 to 44,31700,56000,"50,100",0,0
TH-103992,02/07/2024,motorcycle,Central,53,45 to 54,12200,23000,"11,400",0,0
TH-103993,07/04/2025,home_improvement,North,40,35 to 44,14400,42000,"22,700",0,0
TH-103994,20/03/2024,auto,Bangkok,33,25 to 34,,51000,"30,700",0,0
TH-103995,04/06/2023,personal,Bangkok,44,35 to 44,26000,76000,"32,800",0,0
TH-103996,17/10/2023,personal,North,57,55 and over,37900,128000,"114,300",122,1
TH-103997,27/05/2023,motorcycle,Northeast,50,45 to 54,21400,23000,"11,900",0,0
TH-103998,10/11/2024,personal,North,34,25 to 34,10900,27000,"6,500",0,0
TH-103999,25/02/2024,motorcycle,Bangkok,30,25 to 34,37700,57000,"18,200",0,0
TH-104000,28/10/2023,title_loan,North,44,35 to 44,9700,15000,"4,100",0,0
TH-104001,27/01/2023,motorcycle,Bangkok,35,35 to 44,14800,19000,"7,000",0,0
TH-104002,19/08/2023,auto,Bangkok,45,45 to 54,17900,38000,"27,800",0,0
TH-104003,11/11/2024,title_loan,North,32,25 to 34,11800,32000,"13,500",14,0
TH-104004,27/05/2023,home_improvement,South,30,25 to 34,15500,29000,"16,300",22,0
TH-104005,05/10/2023,motorcycle,Bangkok,68,55 and over,13700,28000,"9,700",0,0
TH-104006,10/03/2025,auto,South,24,Under 25,27000,86000,"69,200",0,0
TH-104007,29/02/2024,motorcycle,Bangkok,32,25 to 34,28900,115000,"87,300",0,0
TH-104008,02/03/2023,auto,Northeast,37,35 to 44,34300,86000,"50,600",23,0
TH-104009,14/08/2023,personal,Northeast,29,25 to 34,50700,260000,"163,300",0,0
TH-104010,18/08/2023,personal,North,53,45 to 54,20800,27000,"19,500",0,0
TH-104011,17/06/2025,motorcycle,South,51,45 to 54,16200,55000,"52,800",0,0
TH-104012,28/09/2023,title_loan,Bangkok,52,45 to 54,10100,44000,"28,500",0,0
TH-104013,28/01/2024,personal,Northeast,25,25 to 34,9000,76000,,172,1
TH-104014,04/06/2024,auto,Bangkok,26,25 to 34,15200,38000,"27,500",0,0
TH-104015,01/12/2023,personal,Bangkok,24,Under 25,12100,56000,"26,600",0,0
TH-104016,19/04/2023,auto,Bangkok,48,45 to 54,59000,47000,"19,000",29,0
TH-104017,12/06/2023,motorcycle,Central,46,45 to 54,9000,24000,"6,800",0,0
TH-104018,19/08/2023,motorcycle,South,34,25 to 34,29800,38000,"14,700",0,0
TH-104019,25/10/2023,motorcycle,Central,25,25 to 34,22800,73000,"26,800",0,0
TH-104020,26/01/2024,motorcycle,Northeast,48,45 to 54,20500,111000,"91,700",0,0
TH-104021,04/02/2023,motorcycle,Central,44,35 to 44,15900,24000,"23,200",21,0
TH-104022,13/02/2025,home_improvement,Northeast,65,55 and over,18600,47000,"29,400",0,0
TH-104023,16/01/2025,home_improvement,Central,30,25 to 34,19200,77000,"40,900",0,0
TH-104024,22/12/2024,personal,North,24,Under 25,9000,15000,"7,100",7,0
TH-104025,05/08/2023,auto,Central,30,25 to 34,20100,83000,"21,600",0,0
TH-104026,27/04/2023,motorcycle,Bangkok,24,Under 25,10900,32000,"24,600",0,0
TH-104027,14/02/2023,auto,South,25,25 to 34,,58000,"33,400",0,0
TH-104028,25/05/2024,auto,Northeast,28,25 to 34,14600,42000,"21,800",10,0
TH-104029,31/03/2024,personal,South,35,35 to 44,25700,81000,"36,000",0,0
TH-104030,30/12/2024,personal,Northeast,23,Under 25,22100,100000,,73,1
TH-104031,28/02/2023,auto,Bangkok,21,Under 25,,22000,"9,100",0,0
TH-104032,25/09/2023,title_loan,Bangkok,25,25 to 34,,29000,"12,700",0,0
TH-104033,08/02/2024,home_improvement,South,49,45 to 54,15100,15000,"9,700",0,0
TH-104034,22/03/2023,personal,Bangkok,40,35 to 44,19500,47000,"40,600",0,0
TH-104035,06/12/2023,home_improvement,Bangkok,29,25 to 34,19100,33000,,0,0
TH-104036,07/05/2025,title_loan,North,25,25 to 34,15000,23000,"14,900",0,0
TH-104037,07/02/2023,auto,Central,33,25 to 34,10300,27000,"13,200",5,0
TH-104038,14/11/2024,personal,Bangkok,24,Under 25,14700,92000,"70,200",19,0
TH-104039,12/01/2025,motorcycle,Central,38,35 to 44,32200,98000,"52,400",0,0
TH-104040,28/05/2025,motorcycle,North,45,45 to 54,17300,48000,"31,600",0,0
TH-104041,24/02/2024,home_improvement,Central,36,35 to 44,17200,94000,"74,900",0,0
TH-104042,14/09/2024,title_loan,North,29,25 to 34,9000,23000,"13,500",0,0
TH-104043,30/08/2024,home_improvement,North,36,35 to 44,18800,44000,"29,800",15,0
TH-104044,08/09/2023,motorcycle,South,29,25 to 34,63000,87000,"61,100",0,0
TH-104045,02/11/2023,motorcycle,Central,29,25 to 34,23800,47000,"35,500",0,0
TH-104046,12/12/2024,title_loan,Northeast,37,35 to 44,18200,138000,"123,200",16,0
TH-104047,08/02/2024,motorcycle,Central,33,25 to 34,24200,37000,"20,100",0,0
TH-104048,16/09/2024,home_improvement,Northeast,35,35 to 44,,52000,"44,300",0,0
TH-104049,17/12/2023,personal,North,41,35 to 44,18200,74000,"51,400",0,0
TH-104050,12/04/2024,auto,South,22,Under 25,9400,34000,"16,000",0,0
TH-104051,31/10/2024,personal,Northeast,43,35 to 44,19000,78000,"61,700",174,1
TH-104052,17/10/2023,title_loan,Bangkok,29,25 to 34,12700,37000,"23,000",0,0
TH-104053,02/03/2025,motorcycle,South,21,Under 25,,39000,"19,600",0,0
TH-104054,22/07/2023,title_loan,Bangkok,36,35 to 44,49000,266000,"178,500",0,0
TH-104055,18/10/2023,title_loan,Bangkok,28,25 to 34,31200,38000,"28,400",0,0
TH-104056,03/01/2024,title_loan,Central,27,25 to 34,31900,75000,"30,100",8,0
TH-104057,17/04/2023,personal,Bangkok,37,35 to 44,21500,73000,"45,500",40,1
TH-104058,10/06/2024,motorcycle,Central,46,45 to 54,18700,57000,"46,400",0,0
TH-104059,07/01/2023,home_improvement,Bangkok,46,45 to 54,37800,90000,"62,900",0,0
TH-104060,24/01/2024,home_improvement,Northeast,24,Under 25,29500,162000,"91,500",0,0
TH-104061,27/04/2025,motorcycle,Bangkok,22,Under 25,32600,50000,"21,600",0,0
TH-104062,16/04/2025,personal,Central,27,25 to 34,24500,50000,"20,900",0,0
TH-104063,10/12/2023,motorcycle,Northeast,39,35 to 44,27700,59000,"48,900",0,0
TH-104064,14/08/2023,auto,Central,26,25 to 34,9000,20000,"12,100",0,0
TH-104065,02/04/2025,personal,Bangkok,51,45 to 54,23900,59000,"15,100",0,0
TH-104066,01/03/2024,auto,Central,24,Under 25,12300,37000,"22,000",0,0
TH-104067,27/02/2024,motorcycle,Central,21,Under 25,11800,19000,"9,000",0,0
TH-104068,11/03/2023,motorcycle,Central,37,35 to 44,29900,101000,"32,700",0,0
TH-104069,01/05/2024,motorcycle,Central,23,Under 25,20500,61000,"28,300",0,0
TH-104070,04/08/2023,personal,Northeast,25,25 to 34,9200,18000,"15,000",0,0
TH-104071,07/11/2024,personal,North,33,25 to 34,19400,59000,"47,800",0,0
TH-104072,23/08/2023,title_loan,North,43,35 to 44,13400,38000,"16,100",0,0
TH-104073,28/12/2024,motorcycle,North,33,25 to 34,47500,218000,"193,900",0,0
TH-104074,25/04/2025,motorcycle,North,31,25 to 34,18300,38000,"30,900",0,0
TH-104075,07/11/2023,motorcycle,Northeast,27,25 to 34,21300,29000,"11,500",0,0
TH-104076,05/03/2024,home_improvement,Central,43,35 to 44,18200,36000,"26,300",0,0
TH-104077,09/01/2025,motorcycle,Central,50,45 to 54,12600,21000,"14,500",0,0
TH-104078,28/05/2024,personal,Bangkok,45,45 to 54,11000,65000,"24,300",0,0
TH-104079,02/08/2024,auto,North,30,25 to 34,19100,96000,"66,200",0,0
TH-104080,06/10/2024,home_improvement,North,34,25 to 34,20400,55000,"42,300",0,0
TH-104081,03/03/2023,personal,Central,45,45 to 54,26400,37000,"27,700",0,0
TH-104082,24/08/2024,personal,Northeast,21,Under 25,17800,142000,"94,700",19,0
TH-104083,22/03/2025,motorcycle,South,23,Under 25,9100,43000,"27,000",0,0
TH-104084,03/03/2024,home_improvement,Northeast,35,35 to 44,9700,20000,"8,900",15,0
TH-104085,29/10/2023,auto,Bangkok,39,35 to 44,31200,104000,"82,100",0,0
TH-104086,11/04/2024,motorcycle,Northeast,41,35 to 44,14700,46000,"30,800",4,0
TH-104087,02/03/2024,title_loan,South,27,25 to 34,14700,47000,"27,400",0,0
TH-104088,29/07/2023,personal,South,45,45 to 54,84500,407000,"230,600",0,0
TH-104089,09/02/2024,title_loan,Northeast,39,35 to 44,19500,45000,"30,900",0,0
TH-104090,13/01/2025,motorcycle,North,21,Under 25,9000,32000,"24,100",0,0
TH-104091,10/02/2024,home_improvement,Northeast,24,Under 25,15800,59000,"6,000",0,0
TH-104092,11/06/2024,home_improvement,Northeast,21,Under 25,31400,145000,"14,700",0,0
TH-104093,16/03/2025,personal,Northeast,28,25 to 34,26200,59000,"28,900",0,0
TH-104094,11/05/2025,motorcycle,North,68,55 and over,42000,83000,"35,000",0,0
TH-104095,19/04/2024,personal,Bangkok,27,25 to 34,18100,250000,"199,000",156,1
TH-104096,04/10/2023,motorcycle,Northeast,34,25 to 34,9600,27000,"12,100",0,0
TH-104097,16/10/2024,motorcycle,North,24,Under 25,26200,75000,"40,700",14,0
TH-104098,11/06/2024,auto,Northeast,26,25 to 34,29100,67000,"49,500",0,0
TH-104099,16/09/2023,motorcycle,Northeast,23,Under 25,20000,40000,"32,100",0,0
TH-104100,27/11/2023,motorcycle,Central,38,35 to 44,15300,45000,"23,300",0,0
TH-104101,18/10/2024,personal,North,22,Under 25,27700,60000,"28,400",0,0
TH-104102,30/01/2024,title_loan,Central,38,35 to 44,44600,198000,"93,800",0,0
TH-104103,16/01/2024,auto,Bangkok,43,35 to 44,20600,37000,"24,100",0,0
TH-104104,21/02/2023,home_improvement,South,37,35 to 44,20500,79000,"26,600",15,0
TH-104105,02/02/2024,motorcycle,North,48,45 to 54,29200,134000,"49,500",0,0
TH-104106,04/12/2023,auto,Bangkok,37,35 to 44,54500,210000,"112,800",0,0
TH-104107,15/04/2024,motorcycle,Central,35,35 to 44,23500,92000,"53,800",0,0
TH-104108,01/06/2024,home_improvement,Central,34,25 to 34,12800,21000,"10,500",0,0
TH-104109,04/07/2024,personal,Bangkok,33,25 to 34,,15000,"10,400",0,0
TH-104110,27/06/2023,personal,South,46,45 to 54,11000,22000,"12,900",85,1
TH-104111,18/11/2023,personal,Northeast,27,25 to 34,56200,329000,"193,000",0,0
TH-104112,30/08/2023,personal,Central,25,25 to 34,12200,50000,"39,600",0,0
TH-104113,08/12/2023,auto,Bangkok,24,Under 25,9000,18000,"11,000",14,0
TH-104114,05/04/2024,motorcycle,Bangkok,34,25 to 34,9400,44000,"23,600",0,0
TH-104115,10/01/2025,personal,North,49,45 to 54,23400,126000,"17,800",0,0
TH-104116,31/10/2023,personal,South,52,45 to 54,,28000,"12,600",0,0
TH-104117,03/12/2023,personal,Central,31,25 to 34,,74000,"39,100",0,0
TH-104118,02/04/2025,personal,North,27,25 to 34,11100,16000,"5,000",0,0
TH-104119,18/12/2024,motorcycle,Northeast,37,35 to 44,14800,57000,"29,700",0,0
TH-104120,22/02/2024,motorcycle,Central,49,45 to 54,30800,47000,"37,500",0,0
TH-104121,10/07/2023,personal,Bangkok,21,Under 25,24400,79000,"39,100",0,0
TH-104122,09/05/2023,personal,Northeast,35,35 to 44,,51000,"41,900",0,0
TH-104123,24/07/2023,title_loan,Central,27,25 to 34,57500,93000,"42,000",0,0
TH-104124,10/08/2023,home_improvement,Bangkok,38,35 to 44,41100,129000,"109,900",0,0
TH-104125,19/01/2025,personal,Central,26,25 to 34,11500,37000,"23,300",0,0
TH-104126,27/02/2024,motorcycle,Central,44,35 to 44,22600,38000,"13,700",0,0
TH-104127,13/03/2024,home_improvement,Central,25,25 to 34,21000,65000,"30,700",0,0
TH-104128,29/04/2023,motorcycle,Bangkok,46,45 to 54,33000,98000,"76,300",0,0
TH-104129,27/11/2023,personal,Northeast,36,35 to 44,16000,48000,"28,200",0,0
TH-104130,07/08/2023,home_improvement,Central,35,35 to 44,33700,86000,"60,400",10,0
TH-104131,24/09/2023,personal,Bangkok,21,Under 25,,124000,"76,800",14,0
TH-104132,01/04/2024,home_improvement,Northeast,41,35 to 44,12500,83000,"38,000",0,0
TH-104133,29/11/2023,motorcycle,Bangkok,38,35 to 44,18000,60000,"18,200",0,0
TH-104134,24/02/2025,motorcycle,Northeast,46,45 to 54,60500,174000,"135,400",0,0
TH-104135,09/07/2024,home_improvement,Central,37,35 to 44,,31000,"26,600",0,0
TH-104136,04/01/2023,auto,Central,47,45 to 54,43100,135000,"39,800",0,0
TH-104137,11/12/2024,title_loan,Bangkok,50,45 to 54,15800,33000,"12,800",0,0
TH-104138,27/03/2024,auto,Northeast,34,25 to 34,15800,45000,"30,000",0,0
TH-104139,11/10/2024,motorcycle,North,40,35 to 44,21100,36000,"22,100",0,0
TH-104140,04/04/2023,home_improvement,Northeast,35,35 to 44,18100,26000,"15,800",0,0
TH-104141,20/08/2024,auto,Bangkok,34,25 to 34,21600,41000,"31,000",0,0
TH-104142,01/08/2023,personal,Northeast,48,45 to 54,25100,74000,"60,700",0,0
TH-104143,04/04/2025,personal,Bangkok,50,45 to 54,32400,130000,"63,200",0,0
TH-104144,31/01/2023,title_loan,Bangkok,41,35 to 44,24800,78000,"45,000",9,0
TH-104145,14/03/2024,motorcycle,South,37,35 to 44,25700,51000,"9,800",0,0
TH-104146,23/12/2023,motorcycle,Northeast,23,Under 25,38900,142000,"117,700",0,0
TH-104147,12/11/2024,motorcycle,Northeast,29,25 to 34,11000,33000,"23,100",0,0
TH-104148,29/04/2023,personal,Central,23,Under 25,32300,36000,"16,200",0,0
TH-104149,27/01/2025,title_loan,Bangkok,49,45 to 54,31500,137000,"46,700",0,0
TH-104150,11/03/2025,motorcycle,Central,31,25 to 34,39600,174000,"106,900",0,0
TH-104151,28/12/2023,motorcycle,Northeast,23,Under 25,21600,134000,"66,800",92,1
TH-104152,17/05/2025,motorcycle,Central,29,25 to 34,17000,73000,"13,800",0,0
TH-104153,23/02/2024,personal,Central,38,35 to 44,19900,29000,"5,500",0,0
TH-104154,16/06/2023,personal,Central,39,35 to 44,9000,40000,"31,500",0,0
TH-104155,20/04/2025,home_improvement,Central,39,35 to 44,22300,29000,"17,700",0,0
TH-104156,18/07/2024,motorcycle,Central,42,35 to 44,30800,101000,"99,100",0,0
TH-104157,01/06/2024,home_improvement,Bangkok,32,25 to 34,,27000,"14,700",0,0
TH-104158,12/07/2023,home_improvement,Central,31,25 to 34,25000,88000,"63,700",0,0
TH-104159,03/05/2025,motorcycle,Central,37,35 to 44,15500,71000,"43,800",0,0
TH-104160,07/02/2023,motorcycle,Bangkok,52,45 to 54,24500,82000,"45,600",0,0
TH-104161,13/11/2023,personal,Bangkok,47,45 to 54,20800,23000,"17,100",10,0
TH-104162,08/07/2023,motorcycle,Northeast,39,35 to 44,,73000,"48,700",0,0
TH-104163,02/06/2024,motorcycle,Central,27,25 to 34,25500,44000,,0,0
TH-104164,11/08/2024,motorcycle,Central,47,45 to 54,25500,70000,"24,000",15,0
TH-104165,03/10/2023,auto,South,29,25 to 34,14700,42000,"20,100",0,0
TH-104166,17/11/2023,personal,Bangkok,45,45 to 54,28600,93000,"55,600",0,0
TH-104167,10/11/2023,home_improvement,Bangkok,26,25 to 34,27100,36000,"12,100",7,0
TH-104168,07/02/2023,motorcycle,Bangkok,29,25 to 34,15900,44000,"27,000",0,0
TH-104169,23/03/2023,personal,Bangkok,34,25 to 34,16300,45000,"15,400",0,0
TH-104170,30/03/2024,auto,Bangkok,42,35 to 44,35200,111000,"84,700",0,0
TH-104171,14/03/2025,motorcycle,Central,34,25 to 34,29300,63000,"50,400",0,0
TH-104172,08/03/2023,motorcycle,Bangkok,48,45 to 54,17600,31000,"17,600",0,0
TH-104173,30/06/2023,auto,Northeast,50,45 to 54,23700,58000,"34,800",0,0
TH-104174,10/06/2023,motorcycle,South,25,25 to 34,17600,31000,"13,100",7,0
TH-104175,08/08/2024,motorcycle,Central,23,Under 25,10200,23000,"13,900",0,0
TH-104176,11/06/2023,personal,North,39,35 to 44,15100,22000,"14,500",0,0
TH-104177,27/09/2024,title_loan,Northeast,40,35 to 44,34600,110000,"66,600",0,0
TH-104178,17/10/2024,personal,Central,26,25 to 34,12000,34000,"24,100",176,1
TH-104179,27/10/2024,home_improvement,North,25,25 to 34,10100,42000,"13,700",74,1
TH-104180,23/05/2023,auto,Northeast,35,35 to 44,9000,18000,"5,900",4,0
TH-104181,01/05/2025,personal,Bangkok,38,35 to 44,27100,36000,"22,500",0,0
TH-104182,05/01/2023,personal,North,29,25 to 34,31800,135000,"80,800",150,1
TH-104183,05/04/2024,auto,Northeast,27,25 to 34,10100,27000,"19,300",0,0
TH-104184,15/05/2025,motorcycle,Bangkok,34,25 to 34,13600,32000,"12,800",0,0
TH-104185,11/03/2024,title_loan,Bangkok,34,25 to 34,15000,122000,"101,500",91,1
TH-104186,31/05/2025,personal,Bangkok,31,25 to 34,11000,31000,"9,300",0,0
TH-104187,11/08/2023,home_improvement,Northeast,22,Under 25,9000,19000,"12,700",0,0
TH-104188,04/07/2024,personal,Bangkok,29,25 to 34,27000,55000,"39,100",0,0
TH-104189,28/10/2023,auto,Bangkok,28,25 to 34,,22000,"9,300",0,0
TH-104190,23/03/2025,motorcycle,Central,43,35 to 44,17700,41000,"29,400",0,0
TH-104191,13/12/2023,motorcycle,Central,25,25 to 34,10800,25000,"13,300",0,0
TH-104192,24/03/2024,title_loan,Northeast,46,45 to 54,26700,49000,"27,000",0,0
TH-104193,04/01/2023,motorcycle,Bangkok,52,45 to 54,66300,198000,"125,500",0,0
TH-104194,25/12/2024,auto,North,32,25 to 34,9700,25000,"17,300",0,0
TH-104195,21/02/2025,personal,South,22,Under 25,19400,44000,"13,200",0,0
TH-104196,31/08/2023,personal,Central,47,45 to 54,55900,208000,"70,300",0,0
TH-104197,21/09/2024,auto,Bangkok,39,35 to 44,25700,97000,"51,100",0,0
TH-104198,24/05/2024,personal,Bangkok,39,35 to 44,,69000,"31,600",3,0
TH-104199,28/07/2024,home_improvement,Bangkok,44,35 to 44,11600,28000,"7,200",1,0
TH-104200,27/05/2025,motorcycle,North,31,25 to 34,9000,49000,"19,300",0,0
TH-104201,05/02/2025,personal,Central,26,25 to 34,14500,31000,"8,600",0,0
TH-104202,28/05/2025,personal,North,39,35 to 44,22400,78000,"57,600",0,0
TH-104203,28/01/2023,home_improvement,Northeast,35,35 to 44,12500,15000,"10,700",0,0
TH-104204,10/11/2024,title_loan,South,40,35 to 44,12400,103000,"68,500",46,1
TH-104205,15/10/2023,home_improvement,Northeast,42,35 to 44,12600,31000,"8,900",0,0
TH-104206,24/02/2025,motorcycle,North,41,35 to 44,,84000,"67,600",0,0
TH-104207,11/09/2023,auto,Bangkok,30,25 to 34,,99000,"59,700",0,0
TH-104208,23/03/2025,personal,Bangkok,36,35 to 44,,37000,"16,800",0,0
TH-104209,07/11/2023,motorcycle,Northeast,28,25 to 34,18300,95000,"60,200",0,0
TH-104210,01/06/2023,motorcycle,Bangkok,35,35 to 44,47800,93000,"72,000",1,0
TH-104211,26/07/2024,personal,Central,35,35 to 44,21600,74000,"68,100",0,0
TH-104212,01/03/2025,auto,Bangkok,53,45 to 54,26500,42000,"24,100",2,0
TH-104213,03/11/2024,title_loan,Northeast,35,35 to 44,22100,136000,"118,300",0,0
TH-104214,29/06/2024,home_improvement,South,34,25 to 34,22200,38000,"14,000",16,0
TH-104215,12/01/2024,motorcycle,Central,25,25 to 34,72100,156000,"98,000",0,0
TH-104216,19/04/2025,motorcycle,Bangkok,26,25 to 34,39400,121000,"117,100",0,0
TH-104217,25/04/2025,home_improvement,South,38,35 to 44,79600,234000,"146,900",0,0
TH-104218,07/05/2025,personal,Northeast,31,25 to 34,14900,24000,"20,400",0,0
TH-104219,21/12/2023,auto,Northeast,34,25 to 34,16300,40000,"15,900",49,1
TH-104220,31/03/2023,motorcycle,Bangkok,54,45 to 54,20800,81000,,44,1
TH-104221,15/07/2023,home_improvement,Bangkok,30,25 to 34,,30000,"20,800",0,0
TH-104222,10/10/2023,home_improvement,Northeast,61,55 and over,21100,112000,"37,700",0,0
TH-104223,19/07/2024,home_improvement,Bangkok,24,Under 25,11000,18000,"9,300",0,0
TH-104224,06/07/2024,home_improvement,Central,49,45 to 54,53600,160000,"98,100",0,0
TH-104225,24/04/2024,motorcycle,North,41,35 to 44,23100,89000,"54,800",0,0
TH-104226,13/01/2023,home_improvement,North,42,35 to 44,,38000,"30,800",0,0
TH-104227,27/06/2023,motorcycle,Bangkok,38,35 to 44,12900,43000,"19,400",0,0
TH-104228,17/03/2024,personal,Central,27,25 to 34,,41000,"19,400",0,0
TH-104229,09/01/2023,home_improvement,Central,37,35 to 44,,54000,"39,900",0,0
TH-104230,01/01/2024,home_improvement,Central,29,25 to 34,59400,184000,"106,000",0,0
TH-104231,02/05/2023,motorcycle,Central,26,25 to 34,10200,25000,"6,200",0,0
TH-104232,25/05/2023,title_loan,Bangkok,31,25 to 34,14800,38000,"13,500",0,0
TH-104233,20/11/2023,motorcycle,Northeast,44,35 to 44,26100,93000,"41,800",14,0
TH-104234,05/07/2023,auto,Northeast,31,25 to 34,19000,54000,"18,400",0,0
TH-104235,09/09/2024,auto,Northeast,54,45 to 54,9900,30000,"19,400",0,0
TH-104236,06/03/2023,auto,North,27,25 to 34,30800,149000,"63,400",0,0
TH-104237,16/11/2023,motorcycle,Central,40,35 to 44,24600,41000,"27,200",0,0
TH-104238,12/12/2023,home_improvement,Central,54,45 to 54,18800,38000,"32,300",0,0
TH-104239,21/09/2024,motorcycle,Northeast,38,35 to 44,25200,59000,"44,300",0,0
TH-104240,26/11/2024,motorcycle,Bangkok,31,25 to 34,50600,120000,,0,0
TH-104241,21/10/2023,personal,Northeast,51,45 to 54,27900,48000,"28,400",0,0
TH-104242,04/05/2024,motorcycle,South,47,45 to 54,12800,64000,"46,000",0,0
TH-104243,08/08/2023,auto,Central,35,35 to 44,15900,43000,"2,700",0,0
TH-104244,16/02/2024,motorcycle,Central,36,35 to 44,15900,36000,"7,500",0,0
TH-104245,26/04/2024,personal,South,29,25 to 34,33000,53000,"23,000",0,0
TH-104246,22/06/2023,auto,Northeast,25,25 to 34,26900,96000,"46,800",0,0
TH-104247,20/09/2024,home_improvement,Northeast,42,35 to 44,14500,24000,"18,600",28,0
TH-104248,04/09/2023,personal,Northeast,32,25 to 34,36900,97000,"62,800",25,0
TH-104249,23/02/2023,motorcycle,North,24,Under 25,9000,25000,"22,100",0,0
TH-104250,11/07/2023,motorcycle,North,47,45 to 54,,20000,"11,700",0,0
TH-104251,02/09/2023,personal,Bangkok,34,25 to 34,33900,55000,"28,200",0,0
TH-104252,09/02/2023,personal,Central,31,25 to 34,20500,99000,"68,800",0,0
TH-104253,09/03/2024,motorcycle,North,54,45 to 54,10300,20000,"7,300",0,0
TH-104254,12/09/2023,title_loan,Bangkok,42,35 to 44,34300,107000,"35,900",0,0
TH-104255,05/12/2024,auto,Central,25,25 to 34,13800,21000,"5,400",0,0
TH-104256,21/08/2024,motorcycle,Central,29,25 to 34,22100,30000,"17,700",0,0
TH-104257,09/04/2023,auto,Bangkok,28,25 to 34,39300,104000,"81,800",0,0
TH-104258,12/02/2025,motorcycle,Bangkok,42,35 to 44,29800,83000,"53,000",0,0
TH-104259,15/04/2024,motorcycle,Bangkok,27,25 to 34,16300,30000,"14,400",0,0
TH-104260,04/04/2023,personal,North,36,35 to 44,13800,39000,"15,500",0,0
TH-104261,10/11/2023,home_improvement,Northeast,45,45 to 54,10600,30000,"10,500",0,0
TH-104262,25/04/2023,motorcycle,Central,28,25 to 34,11100,18000,"9,200",0,0
TH-104263,16/01/2025,home_improvement,Central,40,35 to 44,28000,78000,"36,200",0,0
TH-104264,15/10/2024,personal,Northeast,28,25 to 34,,25000,"21,200",0,0
TH-104265,29/01/2024,auto,Bangkok,30,25 to 34,25900,49000,"39,400",0,0
TH-104266,15/12/2024,auto,Central,35,35 to 44,14000,18000,"7,100",0,0
TH-104267,09/08/2024,personal,Bangkok,41,35 to 44,9700,20000,"13,400",0,0
TH-104268,19/03/2023,motorcycle,North,30,25 to 34,9000,39000,"29,700",0,0
TH-104269,17/11/2024,motorcycle,Bangkok,24,Under 25,14200,65000,"20,400",178,1
TH-104270,30/03/2025,personal,North,21,Under 25,12200,15000,"7,600",12,0
TH-104271,20/09/2024,title_loan,Bangkok,32,25 to 34,62900,182000,"161,900",0,0
TH-104272,18/09/2024,home_improvement,Central,40,35 to 44,18900,47000,"25,300",0,0
TH-104273,04/05/2024,title_loan,South,33,25 to 34,11700,36000,"22,700",0,0
TH-104274,20/07/2024,motorcycle,North,52,45 to 54,20200,101000,"70,300",0,0
TH-104275,29/03/2023,title_loan,Bangkok,38,35 to 44,38600,130000,"35,300",0,0
TH-104276,27/10/2024,auto,Bangkok,27,25 to 34,,43000,"6,200",0,0
TH-104277,09/02/2024,title_loan,Northeast,30,25 to 34,29300,40000,"28,900",0,0
TH-104278,24/06/2024,auto,Bangkok,38,35 to 44,,63000,"38,100",0,0
TH-104279,14/04/2025,motorcycle,Central,25,25 to 34,13100,19000,"17,400",4,0
TH-104280,30/07/2024,auto,Bangkok,38,35 to 44,12100,19000,"7,600",0,0
TH-104281,12/03/2023,motorcycle,South,22,Under 25,16100,25000,"19,400",0,0
TH-104282,02/06/2025,personal,Bangkok,50,45 to 54,12400,39000,"20,000",0,0
TH-104283,25/02/2024,personal,Northeast,38,35 to 44,22600,35000,"21,900",0,0
TH-104284,09/09/2023,motorcycle,Bangkok,30,25 to 34,9700,26000,"13,400",0,0
TH-104285,12/02/2024,personal,South,39,35 to 44,30200,96000,"55,900",0,0
TH-104286,01/08/2023,auto,Bangkok,34,25 to 34,18200,78000,"36,800",0,0
TH-104287,03/05/2023,personal,North,27,25 to 34,30800,32000,"17,600",0,0
TH-104288,11/02/2023,motorcycle,South,32,25 to 34,16700,67000,,0,0
TH-104289,03/12/2023,motorcycle,Central,28,25 to 34,17400,46000,"18,900",0,0
TH-104290,08/03/2024,motorcycle,North,36,35 to 44,24500,98000,"26,200",0,0
TH-104291,09/10/2023,auto,North,36,35 to 44,16800,36000,"16,100",0,0
TH-104292,21/02/2023,title_loan,Central,39,35 to 44,20400,75000,"49,700",22,0
TH-104293,19/05/2023,auto,Bangkok,51,45 to 54,9100,15000,"4,800",0,0
TH-104294,14/11/2023,personal,North,41,35 to 44,12400,18000,"14,400",26,0
TH-104295,08/01/2025,auto,Central,44,35 to 44,28600,122000,"96,900",34,1
TH-104296,29/07/2023,personal,Central,43,35 to 44,27800,77000,"20,000",0,0
TH-104297,04/03/2025,home_improvement,Bangkok,54,45 to 54,27600,34000,"16,300",0,0
TH-104298,11/07/2024,auto,Central,44,35 to 44,9000,15000,"9,200",0,0
TH-104299,16/08/2023,personal,Central,48,45 to 54,12100,18000,"8,100",0,0
TH-104300,14/10/2024,motorcycle,Central,29,25 to 34,12800,50000,"31,900",28,0
TH-104301,10/05/2024,title_loan,Central,31,25 to 34,13700,26000,"8,800",29,0
TH-104302,26/02/2024,auto,South,33,25 to 34,11100,34000,"15,900",0,0
TH-104303,23/05/2024,personal,Northeast,25,25 to 34,35400,154000,"71,900",19,0
TH-104304,27/08/2023,title_loan,Bangkok,26,25 to 34,37500,60000,"50,000",6,0
TH-104305,05/12/2024,home_improvement,North,50,45 to 54,14300,51000,"16,900",0,0
TH-104306,05/01/2023,motorcycle,Bangkok,49,45 to 54,19700,43000,"20,400",7,0
TH-104307,05/07/2024,home_improvement,North,30,25 to 34,13700,32000,"26,800",0,0
TH-104308,26/06/2024,title_loan,Bangkok,25,25 to 34,16000,32000,"18,600",0,0
TH-104309,04/06/2024,motorcycle,Bangkok,26,25 to 34,18900,34000,"24,800",0,0
TH-104310,12/05/2024,motorcycle,Bangkok,48,45 to 54,15800,83000,"52,300",0,0
TH-104311,28/01/2025,auto,Central,21,Under 25,40400,137000,"53,100",142,1
TH-104312,18/07/2023,motorcycle,Northeast,41,35 to 44,53200,121000,"20,400",0,0
TH-104313,05/03/2023,auto,Central,37,35 to 44,17300,29000,"19,800",99,1
TH-104314,10/03/2025,home_improvement,Northeast,44,35 to 44,,76000,"33,800",0,0
TH-104315,26/07/2024,motorcycle,North,32,25 to 34,24000,62000,"14,000",0,0
TH-104316,17/05/2023,home_improvement,Northeast,30,25 to 34,18800,66000,"42,600",0,0
TH-104317,09/01/2024,motorcycle,North,31,25 to 34,31100,123000,"80,400",0,0
TH-104318,27/04/2024,auto,South,54,45 to 54,18500,40000,"26,600",0,0
TH-104319,08/02/2025,auto,Central,53,45 to 54,55800,134000,"64,900",0,0
TH-104320,11/02/2025,title_loan,Central,53,45 to 54,31000,54000,"46,000",0,0
TH-104321,25/12/2023,motorcycle,Central,42,35 to 44,39800,110000,"73,600",0,0
TH-104322,04/05/2024,auto,Central,25,25 to 34,14200,19000,"16,600",0,0
TH-104323,16/07/2024,personal,South,34,25 to 34,55200,176000,"80,400",0,0
TH-104324,03/09/2024,personal,Central,33,25 to 34,16000,61000,"45,000",0,0
TH-104325,28/02/2024,personal,Bangkok,31,25 to 34,22200,39000,"26,900",0,0
TH-104326,16/07/2024,motorcycle,Northeast,34,25 to 34,81600,192000,"150,400",0,0
TH-104327,22/09/2024,title_loan,North,29,25 to 34,,38000,"17,300",0,0
TH-104328,11/02/2023,auto,Northeast,29,25 to 34,9000,23000,"12,000",0,0
TH-104329,22/11/2023,auto,Northeast,44,35 to 44,19500,44000,"30,000",0,0
TH-104330,30/12/2023,motorcycle,Central,37,35 to 44,25700,55000,"12,400",0,0
TH-104331,11/10/2024,personal,Northeast,33,25 to 34,14500,42000,"27,000",0,0
TH-104332,26/10/2024,auto,Northeast,51,45 to 54,29400,101000,"12,900",0,0
TH-104333,10/04/2023,motorcycle,Bangkok,32,25 to 34,12200,73000,"27,300",0,0
TH-104334,03/03/2025,motorcycle,South,33,25 to 34,34000,106000,"40,000",0,0
TH-104335,08/11/2024,motorcycle,Bangkok,39,35 to 44,24500,50000,"42,000",0,0
TH-104336,17/08/2023,home_improvement,Bangkok,25,25 to 34,9000,33000,"16,400",0,0
TH-104337,14/09/2024,personal,Bangkok,34,25 to 34,9000,24000,"19,900",0,0
TH-104338,08/05/2023,title_loan,Central,33,25 to 34,,135000,"90,000",0,0
TH-104339,05/12/2023,personal,Bangkok,29,25 to 34,17500,29000,"23,700",0,0
TH-104340,11/07/2024,motorcycle,Central,29,25 to 34,21300,63000,"25,600",23,0
TH-104341,22/07/2024,motorcycle,Central,33,25 to 34,15200,51000,"13,300",0,0
TH-104342,27/08/2024,personal,Northeast,43,35 to 44,11800,54000,"40,600",0,0
TH-104343,14/05/2024,motorcycle,North,42,35 to 44,25000,65000,"24,500",0,0
TH-104344,23/09/2024,personal,North,35,35 to 44,,80000,"74,400",143,1
TH-104345,09/01/2023,auto,Central,39,35 to 44,25700,56000,"20,700",0,0
TH-104346,31/08/2024,title_loan,Bangkok,38,35 to 44,11200,15000,"8,000",22,0
TH-104347,02/06/2025,title_loan,Central,30,25 to 34,,40000,"26,500",0,0
TH-104348,19/11/2023,motorcycle,Bangkok,22,Under 25,23300,45000,"29,600",66,1
TH-104349,15/02/2023,title_loan,Bangkok,21,Under 25,39200,130000,"80,200",0,0
TH-104350,30/11/2024,motorcycle,Central,22,Under 25,76000,358000,"161,000",21,0
TH-104351,22/08/2023,motorcycle,North,27,25 to 34,12500,28000,"26,700",22,0
TH-104352,03/08/2023,motorcycle,South,26,25 to 34,,43000,"20,000",0,0
TH-104353,24/01/2024,motorcycle,Bangkok,23,Under 25,21000,49000,"35,000",0,0
TH-104354,20/01/2024,motorcycle,South,49,45 to 54,,94000,"62,400",0,0
TH-104355,26/06/2024,auto,North,28,25 to 34,24200,58000,"46,100",0,0
TH-104356,07/05/2023,personal,Bangkok,39,35 to 44,26400,119000,"55,400",0,0
TH-104357,06/05/2025,auto,Central,36,35 to 44,27000,82000,"46,200",0,0
TH-104358,18/11/2023,motorcycle,Central,28,25 to 34,19500,55000,"26,000",0,0
TH-104359,26/07/2024,motorcycle,Bangkok,38,35 to 44,17900,72000,"36,200",0,0
TH-104360,23/02/2024,title_loan,Bangkok,29,25 to 34,13700,55000,,0,0
TH-104361,25/10/2023,title_loan,Bangkok,50,45 to 54,,90000,"74,800",0,0
TH-104362,14/06/2025,motorcycle,Northeast,35,35 to 44,22700,38000,"35,300",0,0
TH-104363,02/01/2024,home_improvement,Central,41,35 to 44,23300,153000,"22,500",10,0
TH-104364,01/02/2023,personal,Central,42,35 to 44,23900,42000,"19,000",0,0
TH-104365,21/05/2023,title_loan,Northeast,51,45 to 54,9000,18000,"10,400",0,0
TH-104366,01/04/2025,auto,Bangkok,56,55 and over,10300,21000,"5,800",119,1
TH-104367,19/12/2023,motorcycle,Central,30,25 to 34,26300,58000,"42,400",0,0
TH-104368,24/08/2024,title_loan,Central,35,35 to 44,9000,15000,"9,800",0,0
TH-104369,26/11/2023,motorcycle,Bangkok,51,45 to 54,10000,28000,"27,100",8,0
TH-104370,02/08/2024,home_improvement,North,30,25 to 34,11200,20000,"6,700",0,0
TH-104371,12/06/2025,title_loan,Northeast,27,25 to 34,16800,38000,"13,100",0,0
TH-104372,18/12/2023,motorcycle,Bangkok,24,Under 25,25500,98000,"61,700",0,0
TH-104373,08/07/2023,motorcycle,Bangkok,38,35 to 44,25000,38000,"24,600",15,0
TH-104374,24/01/2024,motorcycle,Northeast,42,35 to 44,20900,57000,"17,300",35,1
TH-104375,07/03/2023,motorcycle,Northeast,35,35 to 44,33800,56000,"37,800",0,0
TH-104376,17/02/2023,home_improvement,Northeast,28,25 to 34,59700,96000,"67,100",0,0
TH-104377,11/11/2023,motorcycle,Northeast,49,45 to 54,16700,45000,,0,0
TH-104378,17/02/2024,motorcycle,North,46,45 to 54,35300,76000,"33,500",0,0
TH-104379,08/05/2025,personal,Northeast,32,25 to 34,27500,44000,"13,400",0,0
TH-104380,11/12/2023,title_loan,Bangkok,21,Under 25,17600,33000,"6,500",0,0
TH-104381,13/04/2024,home_improvement,Central,54,45 to 54,37700,107000,"79,600",0,0
TH-104382,23/10/2023,personal,Northeast,43,35 to 44,50300,191000,"65,000",0,0
TH-104383,06/08/2024,personal,North,31,25 to 34,25700,97000,"70,900",0,0
TH-104384,12/05/2025,auto,Bangkok,35,35 to 44,12400,30000,"13,300",0,0
TH-104385,04/12/2024,auto,Central,30,25 to 34,14100,31000,"18,500",0,0
TH-104386,21/10/2023,motorcycle,North,28,25 to 34,13000,32000,"8,800",0,0
TH-104387,13/03/2025,personal,Bangkok,41,35 to 44,,19000,"3,200",0,0
TH-104388,09/03/2023,motorcycle,North,53,45 to 54,20300,24000,"18,200",0,0
TH-104389,13/02/2025,personal,North,45,45 to 54,43700,143000,"114,600",0,0
TH-104390,27/03/2024,personal,Northeast,53,45 to 54,20900,23000,"15,900",116,1
TH-104391,28/12/2023,motorcycle,South,39,35 to 44,10400,16000,"12,400",0,0
TH-104392,27/07/2024,auto,South,25,25 to 34,23400,69000,"18,200",0,0
TH-104393,16/12/2023,motorcycle,North,31,25 to 34,21200,50000,"32,100",0,0
TH-104394,09/03/2023,auto,North,31,25 to 34,62800,144000,"59,500",0,0
TH-104395,07/06/2023,motorcycle,Central,41,35 to 44,24500,101000,"80,300",0,0
TH-104396,22/07/2024,personal,North,40,35 to 44,22800,74000,"20,800",0,0
TH-104397,01/04/2023,title_loan,Bangkok,28,25 to 34,23800,48000,"20,200",0,0
TH-104398,15/04/2023,motorcycle,Central,28,25 to 34,,45000,"38,500",0,0
TH-104399,19/06/2023,personal,Bangkok,26,25 to 34,30800,66000,"57,600",0,0
TH-104400,02/01/2023,motorcycle,Bangkok,42,35 to 44,,48000,"7,600",0,0
TH-104401,05/01/2025,motorcycle,Central,26,25 to 34,23500,30000,"22,600",0,0
TH-104402,10/02/2025,personal,Central,35,35 to 44,30500,83000,"61,100",0,0
TH-104403,16/04/2023,personal,South,23,Under 25,17300,45000,"31,300",0,0
TH-104404,14/04/2025,home_improvement,Bangkok,25,25 to 34,31700,54000,"28,100",0,0
TH-104405,31/10/2023,motorcycle,Northeast,34,25 to 34,31300,48000,"19,900",0,0
TH-104406,15/01/2023,home_improvement,Bangkok,22,Under 25,34100,87000,"49,000",19,0
TH-104407,08/01/2023,personal,North,31,25 to 34,18100,29000,"15,400",0,0
TH-104408,07/09/2023,auto,Central,24,Under 25,15900,103000,"35,800",0,0
TH-104409,26/04/2023,auto,Bangkok,35,35 to 44,43200,70000,"23,000",0,0
TH-104410,21/02/2023,auto,North,42,35 to 44,22200,58000,"31,600",0,0
TH-104411,24/12/2023,personal,Bangkok,53,45 to 54,31000,222000,"82,600",0,0
TH-104412,12/02/2023,auto,South,33,25 to 34,17200,42000,"25,300",0,0
TH-104413,11/11/2023,auto,Bangkok,40,35 to 44,14700,42000,"17,900",27,0
TH-104414,13/04/2023,personal,Central,28,25 to 34,15400,53000,"42,700",0,0
TH-104415,14/02/2025,home_improvement,Bangkok,23,Under 25,40800,67000,"45,700",0,0
TH-104416,28/08/2024,motorcycle,Bangkok,24,Under 25,22300,45000,"19,300",0,0
TH-104417,16/01/2024,personal,South,40,35 to 44,16700,75000,"20,200",0,0
TH-104418,11/10/2024,personal,Bangkok,48,45 to 54,39000,62000,"39,400",0,0
TH-104419,28/06/2024,personal,Bangkok,23,Under 25,76800,151000,,0,0
TH-104420,20/09/2023,personal,Bangkok,32,25 to 34,9700,47000,"45,100",0,0
TH-104421,16/05/2024,auto,South,51,45 to 54,,35000,"17,300",0,0
TH-104422,08/06/2023,personal,Northeast,40,35 to 44,14500,30000,"16,500",0,0
TH-104423,12/12/2023,personal,North,32,25 to 34,18500,59000,"48,300",0,0
TH-104424,21/04/2025,auto,South,47,45 to 54,,20000,"5,100",0,0
TH-104425,12/07/2023,personal,Central,43,35 to 44,9000,20000,"9,200",0,0
TH-104426,12/09/2024,title_loan,Northeast,28,25 to 34,17400,20000,"15,000",0,0
TH-104427,23/08/2024,home_improvement,Bangkok,25,25 to 34,,25000,"21,300",0,0
TH-104428,20/10/2023,auto,Bangkok,24,Under 25,15600,53000,"22,100",22,0
TH-104429,23/11/2024,home_improvement,Northeast,25,25 to 34,22300,54000,,0,0
TH-104430,10/01/2025,motorcycle,Central,28,25 to 34,9700,24000,"14,100",0,0
TH-104431,18/07/2023,motorcycle,Central,38,35 to 44,27700,55000,"9,200",0,0
TH-104432,25/10/2024,personal,North,45,45 to 54,11000,26000,"7,500",0,0
TH-104433,07/04/2025,motorcycle,Central,43,35 to 44,22900,108000,"53,200",0,0
TH-104434,23/05/2023,motorcycle,Bangkok,33,25 to 34,16600,34000,"14,500",0,0
TH-104435,08/10/2024,auto,Central,54,45 to 54,21100,51000,"27,500",0,0
TH-104436,09/08/2023,home_improvement,Bangkok,33,25 to 34,,22000,"8,100",0,0
TH-104437,22/02/2024,auto,Northeast,48,45 to 54,,62000,"40,500",148,1
TH-104438,22/10/2024,auto,Central,35,35 to 44,38900,103000,"54,600",0,0
TH-104439,03/01/2025,personal,Central,21,Under 25,35300,87000,,0,0
TH-104440,11/05/2024,personal,Bangkok,43,35 to 44,12500,56000,"49,300",0,0
TH-104441,13/07/2023,motorcycle,North,22,Under 25,,28000,"24,300",0,0
TH-104442,05/01/2025,auto,Central,29,25 to 34,,58000,"24,500",0,0
TH-104443,02/05/2025,motorcycle,Bangkok,40,35 to 44,22000,85000,"64,900",0,0
TH-104444,19/01/2024,personal,North,37,35 to 44,61100,83000,"41,700",0,0
TH-104445,19/07/2024,motorcycle,North,22,Under 25,14300,37000,"15,100",18,0
TH-104446,18/10/2023,personal,South,35,35 to 44,31900,98000,,0,0
TH-104447,15/08/2024,home_improvement,Bangkok,35,35 to 44,14400,31000,"11,500",0,0
TH-104448,10/02/2023,personal,Northeast,36,35 to 44,27300,87000,"52,800",0,0
TH-104449,21/02/2023,motorcycle,North,22,Under 25,12300,17000,"6,500",0,0
TH-104450,13/04/2023,home_improvement,North,25,25 to 34,9000,29000,"19,300",0,0
TH-104451,14/04/2024,home_improvement,Northeast,51,45 to 54,,82000,"51,100",0,0
TH-104452,09/12/2024,home_improvement,South,22,Under 25,,73000,"50,100",0,0
TH-104453,19/01/2024,personal,North,28,25 to 34,23000,74000,"36,600",0,0
TH-104454,29/11/2023,auto,Bangkok,43,35 to 44,21100,50000,"32,900",9,0
TH-104455,01/12/2023,motorcycle,Northeast,38,35 to 44,15000,30000,"6,800",0,0
TH-104456,25/10/2024,personal,North,32,25 to 34,,297000,"243,200",0,0
TH-104457,25/04/2025,motorcycle,Bangkok,21,Under 25,24200,62000,"37,800",0,0
TH-104458,29/04/2025,home_improvement,South,49,45 to 54,25100,38000,"24,400",0,0
TH-104459,05/01/2023,motorcycle,Bangkok,38,35 to 44,14800,54000,"36,100",0,0
TH-104460,28/09/2023,home_improvement,North,23,Under 25,35000,141000,"68,200",0,0
TH-104461,31/01/2023,personal,Bangkok,35,35 to 44,,59000,,0,0
TH-104462,22/09/2024,motorcycle,Bangkok,26,25 to 34,9000,15000,"10,900",0,0
TH-104463,23/12/2024,motorcycle,Bangkok,31,25 to 34,,55000,"26,700",0,0
TH-104464,11/02/2025,home_improvement,South,34,25 to 34,15800,24000,"21,600",0,0
TH-104465,28/05/2023,auto,Bangkok,33,25 to 34,52000,109000,"52,100",0,0
TH-104466,09/02/2023,motorcycle,Northeast,35,35 to 44,44600,195000,,0,0
TH-104467,27/11/2023,auto,Bangkok,52,45 to 54,9200,30000,"13,700",0,0
TH-104468,23/01/2023,title_loan,Bangkok,49,45 to 54,29500,55000,"35,600",0,0
TH-104469,08/04/2024,personal,Northeast,33,25 to 34,26100,39000,"5,100",0,0
TH-104470,10/02/2025,home_improvement,North,22,Under 25,14500,33000,"20,300",0,0
TH-104471,08/03/2023,motorcycle,North,29,25 to 34,10900,18000,"12,100",0,0
TH-104472,15/04/2023,motorcycle,Bangkok,37,35 to 44,28600,118000,"36,500",0,0
TH-104473,25/03/2023,auto,Bangkok,22,Under 25,22000,42000,"17,700",0,0
TH-104474,14/06/2025,personal,North,30,25 to 34,13400,58000,"30,300",23,0
TH-104475,01/06/2024,home_improvement,Northeast,24,Under 25,,64000,"27,600",88,1
TH-104476,10/03/2023,motorcycle,Bangkok,30,25 to 34,12700,20000,"8,200",0,0
TH-104477,08/01/2023,motorcycle,Bangkok,49,45 to 54,22500,97000,"63,800",4,0
TH-104478,27/04/2025,personal,Northeast,36,35 to 44,11500,26000,"18,700",0,0
TH-104479,18/02/2025,motorcycle,North,29,25 to 34,16600,80000,"50,100",0,0
TH-104480,11/07/2023,personal,North,31,25 to 34,28500,135000,"101,800",35,1
TH-104481,03/02/2025,home_improvement,Northeast,37,35 to 44,12300,57000,"7,000",0,0
TH-104482,07/01/2024,motorcycle,North,21,Under 25,25300,48000,"30,500",0,0
TH-104483,28/04/2024,personal,Bangkok,38,35 to 44,20800,40000,"22,400",0,0
TH-104484,26/04/2025,personal,Bangkok,44,35 to 44,49000,186000,"89,100",0,0
TH-104485,03/12/2024,auto,North,48,45 to 54,35600,63000,"34,600",0,0
TH-104486,08/04/2024,auto,Northeast,37,35 to 44,9000,16000,"7,000",0,0
TH-104487,29/08/2024,auto,North,28,25 to 34,30700,65000,"35,900",0,0
TH-104488,17/04/2023,home_improvement,Central,31,25 to 34,,104000,"63,100",0,0
TH-104489,18/08/2023,auto,Central,37,35 to 44,50900,40000,"30,700",0,0
TH-104490,09/12/2024,auto,Bangkok,22,Under 25,17600,73000,"55,900",105,1
TH-104491,14/02/2024,personal,Bangkok,30,25 to 34,14100,59000,"22,900",0,0
TH-104492,29/06/2024,personal,Bangkok,21,Under 25,32500,53000,"48,500",19,0
TH-104493,01/10/2024,personal,Bangkok,46,45 to 54,13600,20000,"10,200",0,0
TH-104494,04/12/2023,motorcycle,Bangkok,26,25 to 34,38100,57000,"19,400",0,0
TH-104495,16/01/2025,title_loan,South,33,25 to 34,,75000,"66,200",0,0
TH-104496,04/04/2024,motorcycle,Central,37,35 to 44,9000,15000,"9,300",0,0
TH-104497,24/09/2024,personal,North,21,Under 25,43400,104000,"9,100",52,1
TH-104498,05/05/2023,personal,Central,48,45 to 54,16300,28000,"17,700",0,0
TH-104499,25/07/2023,auto,Central,28,25 to 34,27500,66000,"50,600",0,0
TH-104500,23/04/2023,personal,Northeast,27,25 to 34,18200,90000,"69,000",0,0
TH-104501,22/03/2024,auto,South,31,25 to 34,9000,29000,"4,200",18,0
TH-104502,22/01/2023,motorcycle,Central,43,35 to 44,27200,53000,"38,600",0,0
TH-104503,05/03/2024,home_improvement,Bangkok,25,25 to 34,18800,82000,"73,700",0,0
TH-104504,26/08/2023,motorcycle,North,35,35 to 44,30500,80000,"47,900",0,0
TH-104505,29/07/2023,auto,Northeast,54,45 to 54,38200,176000,"91,800",0,0
TH-104506,19/04/2023,personal,North,21,Under 25,9900,15000,"9,000",0,0
TH-104507,12/04/2024,motorcycle,North,23,Under 25,42300,192000,"106,000",125,1
TH-104508,06/06/2024,motorcycle,Bangkok,21,Under 25,11200,18000,"5,700",0,0
TH-104509,28/11/2023,auto,North,40,35 to 44,14200,51000,"19,600",0,0
TH-104510,25/11/2024,personal,South,44,35 to 44,,62000,"50,600",0,0
TH-104511,26/11/2023,title_loan,Central,22,Under 25,9600,15000,"12,100",0,0
TH-104512,15/02/2023,motorcycle,Bangkok,43,35 to 44,25800,49000,"36,000",33,1
TH-104513,26/08/2024,auto,North,25,25 to 34,66700,166000,"89,300",0,0
TH-104514,15/02/2024,auto,Bangkok,50,45 to 54,,70000,,0,0
TH-104515,07/08/2024,title_loan,North,27,25 to 34,,61000,"47,700",0,0
TH-104516,17/03/2025,auto,Bangkok,38,35 to 44,29200,131000,"102,000",2,0
TH-104517,07/11/2024,motorcycle,Northeast,39,35 to 44,15700,33000,"18,000",0,0
TH-104518,09/06/2024,auto,North,27,25 to 34,,46000,"22,300",0,0
TH-104519,12/10/2023,auto,Northeast,24,Under 25,20700,37000,"18,600",0,0
TH-104520,07/01/2023,auto,Northeast,24,Under 25,31600,91000,"57,000",0,0
TH-104521,07/05/2023,personal,Bangkok,21,Under 25,17700,20000,"9,000",0,0
TH-104522,01/04/2023,home_improvement,North,32,25 to 34,13000,20000,"14,400",0,0
TH-104523,21/01/2024,auto,Northeast,27,25 to 34,29100,45000,"35,100",0,0
TH-104524,24/10/2024,home_improvement,Bangkok,53,45 to 54,12300,44000,"34,600",0,0
TH-104525,13/01/2024,auto,Bangkok,39,35 to 44,,90000,"25,200",14,0
TH-104526,25/08/2024,title_loan,Central,37,35 to 44,9800,25000,"16,400",0,0
TH-104527,26/02/2023,motorcycle,Bangkok,32,25 to 34,26200,72000,"66,400",0,0
TH-104528,05/01/2023,motorcycle,South,48,45 to 54,21000,37000,"20,700",0,0
TH-104529,24/10/2024,auto,Bangkok,21,Under 25,52600,80000,"28,300",0,0
TH-104530,19/04/2024,motorcycle,South,27,25 to 34,21100,19000,"14,100",0,0
TH-104531,04/10/2023,personal,North,29,25 to 34,,66000,"59,600",0,0
TH-104532,29/06/2024,motorcycle,North,51,45 to 54,16200,38000,"20,500",0,0
TH-104533,15/09/2023,motorcycle,Central,29,25 to 34,,123000,"57,100",12,0
TH-104534,31/10/2023,motorcycle,Bangkok,46,45 to 54,59600,158000,"73,500",115,1
TH-104535,22/04/2023,motorcycle,Bangkok,24,Under 25,20500,42000,"25,600",0,0
TH-104536,07/08/2023,home_improvement,Northeast,29,25 to 34,13500,76000,"43,800",0,0
TH-104537,11/12/2023,motorcycle,Central,32,25 to 34,9000,28000,"24,300",0,0
TH-104538,04/11/2023,home_improvement,Northeast,26,25 to 34,25100,52000,"17,400",0,0
TH-104539,26/08/2023,motorcycle,South,34,25 to 34,21200,121000,"69,800",0,0
TH-104540,24/01/2024,motorcycle,North,44,35 to 44,18500,46000,"28,700",0,0
TH-104541,15/04/2023,motorcycle,North,29,25 to 34,20500,68000,"57,100",0,0
TH-104542,28/02/2025,auto,North,39,35 to 44,32200,195000,"119,700",0,0
TH-104543,27/09/2023,home_improvement,Central,50,45 to 54,23100,51000,"3,100",0,0
TH-104544,27/05/2025,home_improvement,Bangkok,24,Under 25,17800,31000,"8,700",0,0
TH-104545,08/01/2024,motorcycle,Bangkok,30,25 to 34,23300,127000,"82,900",0,0
TH-104546,09/03/2025,motorcycle,Bangkok,42,35 to 44,24400,72000,"43,800",0,0
TH-104547,21/07/2024,auto,Northeast,23,Under 25,,66000,"43,400",0,0
TH-104548,26/06/2023,motorcycle,Northeast,28,25 to 34,36500,145000,"57,800",40,1
TH-104549,21/06/2024,motorcycle,North,52,45 to 54,74600,298000,"245,800",0,0
TH-104550,18/02/2023,title_loan,North,44,35 to 44,25400,20000,"2,700",0,0
TH-104551,16/07/2023,personal,Bangkok,25,25 to 34,77000,281000,"186,400",15,0
TH-104552,03/04/2023,motorcycle,Northeast,47,45 to 54,27100,38000,"34,100",0,0
TH-104553,14/06/2024,motorcycle,Central,43,35 to 44,31700,94000,"75,500",4,0
TH-104554,19/03/2024,home_improvement,Northeast,45,45 to 54,15500,77000,"62,900",0,0
TH-104555,05/07/2023,motorcycle,South,27,25 to 34,16700,86000,,73,1
TH-104556,26/01/2025,motorcycle,Bangkok,39,35 to 44,13900,27000,"22,200",0,0
TH-104557,02/05/2025,motorcycle,Northeast,22,Under 25,34700,64000,"31,000",24,0
TH-104558,05/10/2023,motorcycle,Bangkok,35,35 to 44,9000,22000,"10,100",0,0
TH-104559,22/09/2024,personal,South,22,Under 25,33900,111000,"57,700",0,0
TH-104560,03/03/2024,auto,Northeast,39,35 to 44,24400,34000,"32,400",0,0
TH-104561,24/09/2024,auto,Bangkok,33,25 to 34,21100,55000,"26,100",0,0
TH-104562,14/02/2024,personal,Northeast,54,45 to 54,23200,31000,"22,000",0,0
TH-104563,11/10/2024,motorcycle,South,27,25 to 34,23400,44000,"30,000",0,0
TH-104564,03/08/2024,personal,Bangkok,37,35 to 44,11600,18000,"9,300",0,0
TH-104565,28/04/2023,personal,Northeast,49,45 to 54,9000,37000,"16,800",0,0
TH-104566,19/04/2023,personal,North,39,35 to 44,25200,51000,"36,000",0,0
TH-104567,04/10/2024,personal,Bangkok,58,55 and over,9000,29000,"28,200",0,0
TH-104568,31/01/2024,auto,Central,28,25 to 34,20500,64000,"34,300",16,0
TH-104569,15/09/2023,personal,Northeast,44,35 to 44,9600,25000,"18,800",0,0
TH-104570,28/10/2024,home_improvement,Northeast,22,Under 25,18600,18000,"12,800",0,0
TH-104571,01/11/2024,auto,North,33,25 to 34,,51000,"15,900",0,0
TH-104572,23/01/2024,personal,Northeast,44,35 to 44,27400,56000,"16,800",0,0
TH-104573,02/05/2023,auto,Bangkok,29,25 to 34,40100,76000,"64,600",0,0
TH-104574,26/03/2025,motorcycle,Bangkok,45,45 to 54,24800,125000,"103,100",0,0
TH-104575,29/01/2024,motorcycle,South,33,25 to 34,52900,400000,"354,000",39,1
TH-104576,22/05/2024,auto,Bangkok,23,Under 25,14500,25000,"18,700",0,0
TH-104577,04/08/2023,auto,North,39,35 to 44,11600,24000,"13,000",0,0
TH-104578,28/08/2024,personal,Central,44,35 to 44,28100,97000,"35,500",135,1
TH-104579,07/04/2024,motorcycle,Central,36,35 to 44,13800,22000,"6,900",0,0
TH-104580,01/04/2024,motorcycle,Central,32,25 to 34,35400,57000,"35,900",8,0
TH-104581,26/11/2023,home_improvement,Northeast,25,25 to 34,17300,37000,"22,100",29,0
TH-104582,25/03/2025,personal,Northeast,23,Under 25,29300,76000,"25,000",61,1
TH-104583,10/02/2024,home_improvement,Northeast,54,45 to 54,40000,100000,"57,100",0,0
TH-104584,15/11/2023,personal,Central,53,45 to 54,12100,59000,"31,000",0,0
TH-104585,17/10/2023,personal,Central,32,25 to 34,21600,60000,"45,400",0,0
TH-104586,18/02/2023,auto,South,35,35 to 44,14600,53000,"44,700",0,0
TH-104587,25/06/2024,motorcycle,Central,44,35 to 44,11000,39000,"24,700",0,0
TH-104588,19/10/2024,personal,Bangkok,35,35 to 44,15400,47000,"19,800",0,0
TH-104589,03/09/2023,motorcycle,South,40,35 to 44,13000,34000,"16,200",0,0
TH-104590,24/04/2025,motorcycle,Central,31,25 to 34,10900,19000,"13,000",27,0
TH-104591,22/09/2024,personal,South,43,35 to 44,12400,37000,"17,600",0,0
TH-104592,21/08/2023,motorcycle,Bangkok,30,25 to 34,39700,143000,"42,200",0,0
TH-104593,20/12/2023,auto,Bangkok,27,25 to 34,19400,41000,"6,900",12,0
TH-104594,09/05/2023,home_improvement,Central,25,25 to 34,13600,46000,"13,900",0,0
TH-104595,04/11/2023,title_loan,Northeast,30,25 to 34,20400,32000,"27,700",0,0
TH-104596,09/09/2023,home_improvement,North,30,25 to 34,12300,55000,"42,200",154,1
TH-104597,29/01/2024,personal,Northeast,32,25 to 34,12600,23000,"4,800",0,0
TH-104598,30/08/2024,motorcycle,South,43,35 to 44,12500,47000,"30,400",0,0
TH-104599,06/01/2024,motorcycle,Bangkok,43,35 to 44,9000,62000,"29,200",0,0
TH-104600,06/11/2023,personal,Bangkok,39,35 to 44,13400,45000,"23,000",20,0
TH-104601,28/06/2024,motorcycle,Bangkok,23,Under 25,23900,86000,"59,300",0,0
TH-104602,14/01/2023,auto,Central,25,25 to 34,11800,45000,"13,600",0,0
TH-104603,07/02/2024,personal,Northeast,29,25 to 34,20700,38000,"24,700",0,0
TH-104604,15/09/2024,personal,North,26,25 to 34,33700,62000,"45,700",8,0
TH-104605,07/05/2024,personal,Bangkok,33,25 to 34,14000,32000,,0,0
TH-104606,11/06/2024,personal,North,28,25 to 34,10700,44000,"33,900",19,0
TH-104607,20/06/2023,motorcycle,South,25,25 to 34,14500,77000,"33,900",0,0
TH-104608,26/07/2023,personal,Central,27,25 to 34,,18000,"5,400",16,0
TH-104609,20/02/2023,personal,Bangkok,51,45 to 54,47600,291000,"201,000",0,0
TH-104610,16/08/2023,motorcycle,Northeast,21,Under 25,,82000,"60,600",0,0
TH-104611,13/11/2024,home_improvement,Bangkok,21,Under 25,10600,64000,"13,700",0,0
TH-104612,03/09/2023,personal,Bangkok,44,35 to 44,21200,47000,"22,500",0,0
TH-104613,06/07/2024,personal,Central,24,Under 25,,64000,"32,800",0,0
TH-104614,13/02/2024,home_improvement,Bangkok,51,45 to 54,30000,93000,"60,100",0,0
TH-104615,19/06/2023,motorcycle,Bangkok,27,25 to 34,26000,51000,"42,000",0,0
TH-104616,26/06/2024,personal,South,54,45 to 54,35300,138000,"74,300",0,0
TH-104617,27/01/2023,title_loan,Bangkok,33,25 to 34,31000,57000,"53,200",0,0
TH-104618,16/03/2024,auto,Bangkok,22,Under 25,22100,26000,"21,300",0,0
TH-104619,07/06/2024,title_loan,North,44,35 to 44,12800,66000,"41,300",0,0
TH-104620,13/03/2023,personal,Central,25,25 to 34,29700,53000,"33,700",0,0
TH-104621,21/01/2023,title_loan,Bangkok,22,Under 25,13900,49000,"24,300",0,0
TH-104622,16/06/2023,personal,Bangkok,24,Under 25,16200,50000,"37,200",0,0
TH-104623,11/06/2024,motorcycle,Northeast,28,25 to 34,17600,54000,"17,000",0,0
TH-104624,15/11/2024,auto,Central,24,Under 25,16700,51000,"32,800",0,0
TH-104625,26/03/2025,motorcycle,South,33,25 to 34,17700,68000,"17,100",22,0
TH-104626,29/08/2023,motorcycle,Bangkok,46,45 to 54,,68000,"23,400",11,0
TH-104627,15/03/2025,auto,Bangkok,35,35 to 44,11500,22000,"14,500",0,0
TH-104628,06/04/2024,home_improvement,North,33,25 to 34,46100,178000,"99,100",0,0
TH-104629,13/11/2024,home_improvement,Northeast,27,25 to 34,21800,130000,"101,400",39,1
TH-104630,08/02/2025,title_loan,North,53,45 to 54,,56000,"33,000",0,0
TH-104631,31/07/2024,auto,Bangkok,42,35 to 44,26600,66000,"61,300",0,0
TH-104632,06/03/2023,home_improvement,Northeast,52,45 to 54,22100,34000,"24,400",0,0
TH-104633,26/04/2025,motorcycle,South,26,25 to 34,24800,38000,"7,600",0,0
TH-104634,15/04/2023,title_loan,Bangkok,30,25 to 34,32100,181000,"58,500",0,0
TH-104635,08/04/2024,auto,Bangkok,44,35 to 44,40900,91000,"54,200",0,0
TH-104636,14/03/2023,personal,North,38,35 to 44,42900,109000,"60,500",0,0
TH-104637,21/09/2024,title_loan,South,23,Under 25,27700,24000,"19,600",0,0
TH-104638,03/06/2024,personal,Central,21,Under 25,13700,20000,"14,600",0,0
TH-104639,25/04/2023,motorcycle,Bangkok,23,Under 25,10400,25000,"15,100",14,0
TH-104640,31/12/2023,title_loan,Northeast,38,35 to 44,18000,34000,"14,700",0,0
TH-104641,09/02/2023,personal,South,43,35 to 44,11400,64000,"55,000",0,0
TH-104642,26/07/2023,personal,Bangkok,38,35 to 44,16800,49000,"24,500",0,0
TH-104643,22/02/2025,home_improvement,North,32,25 to 34,11700,33000,"16,200",4,0
TH-104644,04/09/2023,motorcycle,Bangkok,32,25 to 34,13900,18000,"4,300",0,0
TH-104645,07/01/2025,home_improvement,Bangkok,22,Under 25,37000,64000,"47,400",0,0
TH-104646,19/10/2023,title_loan,Bangkok,31,25 to 34,72200,165000,"88,900",0,0
TH-104647,01/05/2023,motorcycle,Central,21,Under 25,14200,22000,"12,800",0,0
TH-104648,14/11/2024,auto,Bangkok,51,45 to 54,19900,79000,"27,800",0,0
TH-104649,09/01/2024,auto,North,38,35 to 44,13100,24000,,0,0
TH-104650,24/01/2025,motorcycle,North,24,Under 25,20700,24000,"21,700",0,0
TH-104651,20/06/2024,personal,South,45,45 to 54,39200,112000,"42,600",0,0
TH-104652,08/05/2023,personal,South,54,45 to 54,25600,37000,"28,700",0,0
TH-104653,25/01/2025,auto,Bangkok,54,45 to 54,38200,160000,"31,200",13,0
TH-104654,20/03/2024,auto,Bangkok,33,25 to 34,,67000,"65,600",0,0
TH-104655,25/03/2024,auto,North,41,35 to 44,27600,115000,"97,800",0,0
TH-104656,24/07/2024,motorcycle,Central,48,45 to 54,,153000,"141,100",0,0
TH-104657,15/04/2025,personal,Bangkok,54,45 to 54,21700,64000,"55,500",0,0
TH-104658,18/06/2025,motorcycle,Bangkok,23,Under 25,24200,38000,"7,100",0,0
TH-104659,28/12/2023,motorcycle,North,36,35 to 44,10700,26000,"13,900",0,0
TH-104660,18/02/2024,auto,Northeast,30,25 to 34,34700,63000,"46,700",0,0
TH-104661,29/04/2024,personal,South,42,35 to 44,,18000,"13,700",0,0
TH-104662,04/05/2024,home_improvement,Bangkok,43,35 to 44,42900,70000,"27,500",0,0
TH-104663,05/01/2023,home_improvement,Northeast,38,35 to 44,11700,55000,"23,100",11,0
TH-104664,08/04/2025,auto,North,30,25 to 34,20900,28000,"18,400",5,0
TH-104665,02/02/2025,auto,South,43,35 to 44,22000,101000,"55,900",0,0
TH-104666,29/07/2023,personal,South,34,25 to 34,23700,95000,"40,700",0,0
TH-104667,11/05/2025,auto,Bangkok,49,45 to 54,20400,109000,"79,800",0,0
TH-104668,27/06/2023,personal,Bangkok,25,25 to 34,9000,20000,"10,200",0,0
TH-104669,07/07/2023,home_improvement,Northeast,23,Under 25,10800,40000,"26,700",0,0
TH-104670,04/11/2023,personal,South,52,45 to 54,23400,126000,"60,400",0,0
TH-104671,11/11/2023,motorcycle,North,54,45 to 54,30000,65000,"39,400",0,0
TH-104672,02/01/2025,home_improvement,Northeast,30,25 to 34,18800,75000,"53,600",0,0
TH-104673,11/07/2024,auto,Northeast,33,25 to 34,11800,91000,"69,800",62,1
TH-104674,11/09/2024,auto,Northeast,33,25 to 34,28500,75000,"24,100",0,0
TH-104675,27/11/2023,motorcycle,Bangkok,26,25 to 34,33500,139000,"96,900",0,0
TH-104676,09/12/2024,motorcycle,South,25,25 to 34,104700,419000,"225,400",0,0
TH-104677,13/02/2024,home_improvement,South,44,35 to 44,15800,42000,"25,300",0,0
TH-104678,29/02/2024,home_improvement,Northeast,30,25 to 34,,46000,"28,300",0,0
TH-104679,28/03/2024,personal,Central,24,Under 25,51700,74000,"59,300",0,0
TH-104680,07/06/2025,home_improvement,Bangkok,35,35 to 44,,105000,"37,000",0,0
TH-104681,24/04/2024,personal,Bangkok,33,25 to 34,20800,59000,"31,600",0,0
TH-104682,03/07/2023,personal,South,46,45 to 54,31500,164000,"100,000",0,0
TH-104683,17/09/2023,title_loan,Central,21,Under 25,44400,112000,"62,000",0,0
TH-104684,23/12/2023,personal,Bangkok,34,25 to 34,13600,51000,"34,100",0,0
TH-104685,24/03/2024,home_improvement,North,31,25 to 34,13500,23000,"17,400",0,0
TH-104686,28/10/2024,motorcycle,Central,29,25 to 34,13100,25000,"15,000",118,1
TH-104687,07/04/2023,personal,Central,36,35 to 44,9000,18000,"14,200",0,0
TH-104688,31/01/2025,auto,Bangkok,50,45 to 54,47500,106000,"88,800",0,0
TH-104689,30/07/2024,auto,Bangkok,50,45 to 54,35500,82000,"43,500",8,0
TH-104690,12/01/2025,personal,Bangkok,34,25 to 34,19400,35000,"12,000",0,0
TH-104691,05/06/2024,motorcycle,Bangkok,37,35 to 44,14100,147000,"128,400",105,1
TH-104692,31/08/2024,home_improvement,Central,29,25 to 34,9500,18000,"7,300",0,0
TH-104693,10/11/2023,motorcycle,Northeast,33,25 to 34,32200,123000,"75,300",0,0
TH-104694,03/06/2023,personal,Bangkok,26,25 to 34,28600,109000,"92,500",0,0
TH-104695,03/11/2023,motorcycle,Northeast,39,35 to 44,,34000,"15,000",0,0
TH-104696,08/01/2024,auto,Bangkok,48,45 to 54,36700,248000,"99,400",0,0
TH-104697,10/06/2024,personal,Central,33,25 to 34,9000,33000,"14,400",0,0
TH-104698,08/10/2024,title_loan,Bangkok,32,25 to 34,17500,33000,"30,200",0,0
TH-104699,05/04/2025,motorcycle,South,34,25 to 34,11300,39000,"34,600",0,0
TH-104700,24/09/2024,motorcycle,Northeast,41,35 to 44,34800,72000,"61,700",0,0
TH-104701,31/01/2024,motorcycle,North,36,35 to 44,28500,111000,"83,200",0,0
TH-104702,17/02/2024,personal,Bangkok,24,Under 25,25500,78000,"41,800",0,0
TH-104703,29/04/2025,auto,Bangkok,45,45 to 54,23700,79000,"75,900",0,0
TH-104704,06/06/2023,motorcycle,Bangkok,28,25 to 34,18300,103000,"52,700",0,0
TH-104705,13/03/2025,home_improvement,Central,51,45 to 54,76000,216000,"81,700",0,0
TH-104706,20/04/2023,personal,North,38,35 to 44,21900,69000,"60,200",0,0
TH-104707,05/02/2024,personal,Central,42,35 to 44,15200,27000,"5,600",0,0
TH-104708,08/03/2023,home_improvement,Bangkok,46,45 to 54,23300,57000,"12,600",13,0
TH-104709,02/05/2025,auto,Northeast,30,25 to 34,,79000,"58,000",0,0
TH-104710,05/05/2023,motorcycle,North,39,35 to 44,22600,129000,"89,100",0,0
TH-104711,07/05/2025,auto,Northeast,29,25 to 34,13700,34000,"2,900",0,0
TH-104712,28/04/2025,home_improvement,North,45,45 to 54,14300,15000,"13,100",0,0
TH-104713,21/03/2024,personal,Northeast,30,25 to 34,9200,38000,"20,900",75,1
TH-104714,17/09/2023,motorcycle,Central,40,35 to 44,75400,98000,"13,300",25,0
TH-104715,03/05/2024,auto,North,37,35 to 44,,89000,"29,400",0,0
TH-104716,04/06/2025,motorcycle,Northeast,68,55 and over,9000,15000,"10,700",0,0
TH-104717,17/10/2024,motorcycle,Bangkok,41,35 to 44,10700,29000,"7,000",0,0
TH-104718,08/04/2025,motorcycle,Bangkok,25,25 to 34,17200,51000,"27,300",0,0
TH-104719,21/07/2024,auto,North,22,Under 25,33600,52000,"20,600",0,0
TH-104720,20/11/2023,personal,Bangkok,28,25 to 34,11600,17000,"11,900",0,0
TH-104721,03/01/2025,motorcycle,Northeast,31,25 to 34,23000,25000,"19,800",0,0
TH-104722,15/10/2023,auto,Bangkok,47,45 to 54,9800,26000,"16,100",0,0
TH-104723,15/07/2024,personal,Central,37,35 to 44,19900,45000,"23,500",0,0
TH-104724,29/09/2024,motorcycle,Central,29,25 to 34,12600,35000,"29,200",0,0
TH-104725,25/02/2025,home_improvement,North,43,35 to 44,11600,21000,"4,600",0,0
TH-104726,07/02/2025,motorcycle,South,21,Under 25,17000,61000,"43,300",0,0
TH-104727,31/03/2023,personal,Central,35,35 to 44,33600,51000,"7,900",0,0
TH-104728,22/12/2023,title_loan,Bangkok,39,35 to 44,16900,35000,"29,000",0,0
TH-104729,25/06/2024,personal,Bangkok,52,45 to 54,24700,65000,"42,900",0,0
TH-104730,29/05/2023,title_loan,Bangkok,21,Under 25,9500,27000,"23,000",0,0
TH-104731,04/10/2023,auto,Bangkok,29,25 to 34,15400,45000,"39,500",26,0
TH-104732,20/01/2023,motorcycle,Bangkok,41,35 to 44,26500,111000,"82,800",0,0
TH-104733,14/06/2023,title_loan,North,22,Under 25,35700,104000,"75,600",0,0
TH-104734,04/12/2024,personal,Bangkok,53,45 to 54,12900,51000,"38,900",0,0
TH-104735,18/02/2025,motorcycle,Northeast,37,35 to 44,26200,41000,"9,700",0,0
TH-104736,11/06/2025,auto,Bangkok,36,35 to 44,41300,122000,"63,700",0,0
TH-104737,20/10/2023,personal,Bangkok,23,Under 25,15900,35000,"29,300",0,0
TH-104738,30/01/2024,home_improvement,South,26,25 to 34,24700,38000,"21,600",0,0
TH-104739,02/12/2024,auto,North,46,45 to 54,12400,48000,"38,500",0,0
TH-104740,01/06/2023,home_improvement,Northeast,31,25 to 34,21900,74000,"51,500",0,0
TH-104741,17/07/2024,motorcycle,North,26,25 to 34,21600,24000,"11,600",27,0
TH-104742,14/11/2024,personal,Central,41,35 to 44,22900,39000,"23,400",0,0
TH-104743,26/09/2023,motorcycle,Northeast,44,35 to 44,19000,58000,"37,900",0,0
TH-104744,14/09/2023,title_loan,Bangkok,25,25 to 34,12700,31000,"23,000",0,0
TH-104745,01/11/2023,motorcycle,North,32,25 to 34,30900,68000,"17,800",0,0
TH-104746,07/01/2025,personal,North,45,45 to 54,9500,23000,"13,700",0,0
TH-104747,08/08/2023,title_loan,Bangkok,22,Under 25,20900,58000,"31,100",0,0
TH-104748,24/07/2023,home_improvement,Bangkok,25,25 to 34,21500,62000,"43,800",0,0
TH-104749,12/02/2025,title_loan,Bangkok,39,35 to 44,47400,156000,"121,300",0,0
TH-104750,12/10/2024,title_loan,Central,29,25 to 34,35400,56000,"14,100",0,0
TH-104751,10/04/2025,personal,South,22,Under 25,,31000,"22,100",0,0
TH-104752,01/12/2024,personal,Bangkok,40,35 to 44,16300,30000,"12,300",0,0
TH-104753,12/06/2025,title_loan,Northeast,34,25 to 34,19900,25000,"8,400",0,0
TH-104754,05/10/2023,personal,Bangkok,49,45 to 54,47600,203000,"113,700",0,0
TH-104755,26/10/2024,home_improvement,Bangkok,50,45 to 54,9000,15000,"11,000",0,0
TH-104756,02/11/2024,motorcycle,Bangkok,33,25 to 34,9000,35000,"20,500",0,0
TH-104757,08/08/2024,personal,North,34,25 to 34,21400,43000,"24,300",0,0
TH-104758,24/07/2023,motorcycle,South,40,35 to 44,,61000,"36,300",0,0
TH-104759,17/07/2024,personal,Central,39,35 to 44,18000,48000,"41,200",0,0
TH-104760,01/05/2025,personal,Northeast,52,45 to 54,24000,70000,"40,100",30,0
TH-104761,26/11/2024,personal,Central,44,35 to 44,9000,24000,"13,700",0,0
TH-104762,30/01/2024,title_loan,Central,38,35 to 44,20300,36000,"28,200",0,0
TH-104763,30/05/2025,personal,Bangkok,23,Under 25,20100,44000,"29,500",0,0
TH-104764,20/02/2023,motorcycle,Bangkok,23,Under 25,37200,62000,"30,400",6,0
TH-104765,23/03/2025,personal,South,31,25 to 34,12700,27000,"9,800",0,0
TH-104766,19/09/2023,auto,Central,53,45 to 54,37700,155000,"92,200",0,0
TH-104767,05/12/2024,title_loan,Bangkok,33,25 to 34,13200,17000,"4,200",0,0
TH-104768,03/05/2024,motorcycle,Northeast,40,35 to 44,26700,76000,"58,400",0,0
TH-104769,26/02/2025,personal,North,26,25 to 34,15600,52000,"16,500",0,0
TH-104770,24/03/2024,auto,North,43,35 to 44,19500,64000,"35,300",0,0
TH-104771,23/04/2023,home_improvement,Bangkok,29,25 to 34,30600,55000,,0,0
TH-104772,08/10/2023,personal,Bangkok,34,25 to 34,28500,202000,"137,800",30,0
TH-104773,01/01/2023,auto,Central,29,25 to 34,18200,59000,"26,300",0,0
TH-104774,12/01/2023,motorcycle,North,29,25 to 34,12700,38000,"27,000",0,0
TH-104775,26/03/2025,auto,Central,39,35 to 44,,15000,"13,500",0,0
TH-104776,30/07/2024,personal,Central,50,45 to 54,15800,21000,"12,500",0,0
TH-104777,16/03/2023,motorcycle,Northeast,32,25 to 34,10800,26000,"19,200",0,0
TH-104778,03/09/2023,motorcycle,Northeast,50,45 to 54,13700,29000,"16,000",0,0
TH-104779,05/05/2023,auto,Bangkok,36,35 to 44,16100,37000,"9,900",0,0
TH-104780,07/06/2023,title_loan,Bangkok,43,35 to 44,12800,31000,"22,300",0,0
TH-104781,09/03/2023,personal,Northeast,41,35 to 44,9700,15000,"12,400",0,0
TH-104782,27/09/2023,auto,Northeast,31,25 to 34,53100,293000,"71,000",16,0
TH-104783,07/03/2023,personal,Bangkok,29,25 to 34,10100,21000,"7,600",0,0
TH-104784,20/03/2023,home_improvement,Bangkok,41,35 to 44,20900,29000,"18,100",0,0
TH-104785,30/01/2024,auto,South,43,35 to 44,19300,86000,"76,700",0,0
TH-104786,11/12/2023,motorcycle,Northeast,24,Under 25,,63000,"45,100",0,0
TH-104787,21/05/2024,auto,South,67,55 and over,16300,26000,"14,300",0,0
TH-104788,20/07/2024,personal,South,22,Under 25,22600,93000,"17,500",172,1
TH-104789,27/06/2023,title_loan,Bangkok,29,25 to 34,17400,28000,"15,000",0,0
TH-104790,14/04/2025,home_improvement,Central,35,35 to 44,9000,23000,"9,100",3,0
TH-104791,06/12/2024,personal,South,42,35 to 44,26400,97000,,0,0
TH-104792,06/02/2023,home_improvement,Bangkok,49,45 to 54,54200,345000,"173,100",0,0
TH-104793,12/09/2024,personal,Bangkok,39,35 to 44,39600,168000,"104,900",24,0
TH-104794,24/02/2024,title_loan,South,29,25 to 34,15500,19000,"10,000",0,0
TH-104795,13/10/2024,personal,Northeast,30,25 to 34,19700,39000,"13,500",18,0
TH-104796,27/01/2025,home_improvement,Bangkok,36,35 to 44,20800,108000,"56,700",25,0
TH-104797,26/03/2024,personal,Northeast,37,35 to 44,14500,22000,"9,900",0,0
TH-104798,21/08/2024,motorcycle,Northeast,30,25 to 34,27900,54000,"34,700",0,0
TH-104799,03/02/2023,home_improvement,Bangkok,37,35 to 44,35100,232000,"188,900",0,0
TH-104800,17/11/2024,personal,Northeast,46,45 to 54,46700,116000,"93,900",0,0
TH-104801,20/12/2024,home_improvement,Bangkok,40,35 to 44,,28000,"17,600",0,0
TH-104802,14/09/2023,motorcycle,North,40,35 to 44,,43000,"16,600",0,0
TH-104803,21/02/2023,personal,Northeast,33,25 to 34,15300,27000,"15,200",0,0
TH-104804,19/07/2024,personal,North,28,25 to 34,17600,41000,,0,0
TH-104805,24/01/2025,home_improvement,Bangkok,40,35 to 44,19500,39000,"34,100",0,0
TH-104806,15/10/2023,motorcycle,Northeast,23,Under 25,11600,42000,,0,0
TH-104807,19/09/2024,personal,South,23,Under 25,22500,33000,"30,600",0,0
TH-104808,08/07/2023,motorcycle,Bangkok,54,45 to 54,14400,35000,"25,500",0,0
TH-104809,15/07/2024,home_improvement,South,50,45 to 54,31500,113000,"48,600",0,0
TH-104810,15/01/2025,title_loan,North,25,25 to 34,29200,54000,"13,200",0,0
TH-104811,14/02/2023,motorcycle,North,44,35 to 44,20400,49000,"16,700",0,0
TH-104812,05/02/2025,auto,Northeast,24,Under 25,13200,41000,"26,400",0,0
TH-104813,02/01/2025,personal,Northeast,54,45 to 54,9900,15000,"7,700",0,0
TH-104814,29/07/2024,title_loan,Bangkok,24,Under 25,38400,87000,"50,600",0,0
TH-104815,05/06/2023,auto,Northeast,26,25 to 34,9000,31000,"22,600",51,1
TH-104816,31/01/2023,personal,Bangkok,36,35 to 44,25500,28000,"16,100",0,0
TH-104817,03/01/2023,motorcycle,Central,37,35 to 44,12000,36000,"19,800",0,0
TH-104818,09/07/2023,auto,Bangkok,27,25 to 34,32100,106000,"52,400",0,0
TH-104819,10/10/2023,personal,North,47,45 to 54,30600,41000,"23,700",0,0
TH-104820,27/04/2023,title_loan,Bangkok,30,25 to 34,,57000,"21,900",149,1
TH-104821,05/03/2023,auto,Northeast,43,35 to 44,15900,26000,"16,500",0,0
TH-104822,19/09/2024,title_loan,Central,40,35 to 44,25200,76000,"24,400",23,0
TH-104823,02/03/2025,home_improvement,South,40,35 to 44,28300,97000,"40,000",0,0
TH-104824,09/04/2024,auto,South,54,45 to 54,20400,42000,"11,200",0,0
TH-104825,17/04/2025,motorcycle,Northeast,22,Under 25,20000,47000,"30,200",0,0
TH-104826,06/01/2024,auto,South,26,25 to 34,18600,55000,"48,000",9,0
TH-104827,03/06/2023,motorcycle,Central,43,35 to 44,17900,37000,"14,700",0,0
TH-104828,03/05/2025,personal,Bangkok,22,Under 25,32800,52000,"39,000",0,0
TH-104829,30/05/2023,personal,North,47,45 to 54,11800,37000,"31,500",0,0
TH-104830,01/04/2023,home_improvement,Central,42,35 to 44,21000,38000,"10,300",0,0
TH-104831,23/09/2023,personal,Northeast,26,25 to 34,23600,77000,"33,000",0,0
TH-104832,21/07/2023,home_improvement,North,23,Under 25,25800,39000,"15,800",0,0
TH-104833,07/05/2025,title_loan,Central,53,45 to 54,80100,193000,"171,500",12,0
TH-104834,24/02/2023,home_improvement,Bangkok,30,25 to 34,34000,115000,"18,400",0,0
TH-104835,23/04/2023,motorcycle,Central,34,25 to 34,18200,55000,"27,800",0,0
TH-104836,04/05/2024,home_improvement,North,29,25 to 34,24100,35000,"32,500",0,0
TH-104837,13/12/2024,personal,Northeast,25,25 to 34,23200,60000,"42,100",0,0
TH-104838,06/04/2025,auto,Northeast,25,25 to 34,,43000,"32,600",0,0
TH-104839,11/09/2023,motorcycle,Bangkok,48,45 to 54,9000,21000,"9,900",0,0
TH-104840,14/03/2024,personal,Bangkok,32,25 to 34,46800,269000,"187,900",57,1
TH-104841,25/01/2025,personal,Bangkok,36,35 to 44,9000,26000,"12,500",6,0
TH-104842,10/01/2023,personal,South,42,35 to 44,34900,130000,"61,700",0,0
TH-104843,27/09/2023,home_improvement,Bangkok,33,25 to 34,,306000,"297,200",0,0
TH-104844,13/04/2025,title_loan,Central,28,25 to 34,11100,42000,"29,500",0,0
TH-104845,11/05/2023,motorcycle,Central,52,45 to 54,32700,143000,"101,200",0,0
TH-104846,15/10/2023,home_improvement,Bangkok,28,25 to 34,39000,92000,"58,200",0,0
TH-104847,02/11/2024,auto,Northeast,54,45 to 54,24700,26000,"4,300",0,0
TH-104848,19/02/2023,motorcycle,Bangkok,43,35 to 44,25500,95000,"70,000",0,0
TH-104849,10/06/2024,motorcycle,Central,44,35 to 44,48400,153000,"144,900",0,0
TH-104850,03/06/2023,personal,South,40,35 to 44,12300,29000,"23,700",0,0
TH-104851,17/09/2023,title_loan,Central,31,25 to 34,9000,29000,"26,000",0,0
TH-104852,11/04/2023,home_improvement,Bangkok,35,35 to 44,,56000,"36,000",6,0
TH-104853,05/10/2024,motorcycle,Bangkok,46,45 to 54,27500,69000,"29,000",0,0
TH-104854,06/12/2024,personal,South,34,25 to 34,9000,37000,"17,100",0,0
TH-104855,16/07/2024,home_improvement,North,37,35 to 44,16700,43000,"26,700",147,1
TH-104856,28/11/2024,motorcycle,South,32,25 to 34,46600,111000,"18,100",8,0
TH-104857,10/12/2024,personal,Northeast,47,45 to 54,17300,183000,"47,600",0,0
TH-104858,08/11/2023,auto,Central,48,45 to 54,15500,23000,"9,200",0,0
TH-104859,20/03/2024,personal,Central,38,35 to 44,25500,70000,"36,400",24,0
TH-104860,18/06/2024,motorcycle,South,29,25 to 34,21100,30000,"14,700",0,0
TH-104861,15/04/2025,motorcycle,Bangkok,43,35 to 44,55600,128000,"33,000",0,0
TH-104862,17/03/2025,personal,Central,32,25 to 34,45400,113000,"110,400",0,0
TH-104863,22/10/2023,auto,North,38,35 to 44,15500,47000,"22,100",0,0
TH-104864,28/10/2024,personal,Central,24,Under 25,10300,53000,"50,800",0,0
TH-104865,06/07/2023,motorcycle,North,42,35 to 44,16700,36000,"22,700",7,0
TH-104866,08/10/2024,personal,Bangkok,42,35 to 44,24500,89000,,0,0
TH-104867,15/05/2023,personal,South,32,25 to 34,18100,27000,"13,600",0,0
TH-104868,21/10/2023,personal,Northeast,30,25 to 34,,32000,"23,000",0,0
TH-104869,30/03/2023,motorcycle,Northeast,53,45 to 54,,50000,"6,900",0,0
TH-104870,07/03/2025,auto,Central,31,25 to 34,15200,24000,"21,900",0,0
TH-104871,03/10/2023,auto,North,41,35 to 44,27400,68000,"31,000",0,0
TH-104872,24/04/2025,title_loan,Bangkok,43,35 to 44,9000,46000,"26,800",0,0
TH-104873,17/12/2023,auto,Bangkok,25,25 to 34,24600,34000,"26,100",0,0
TH-104874,28/06/2024,motorcycle,North,45,45 to 54,9000,19000,"5,000",0,0
TH-104875,23/01/2025,auto,North,25,25 to 34,21700,45000,"29,100",0,0
TH-104876,29/04/2025,personal,Central,27,25 to 34,,21000,"11,400",0,0
TH-104877,06/08/2023,title_loan,South,41,35 to 44,11200,75000,"54,300",0,0
TH-104878,07/12/2024,motorcycle,South,31,25 to 34,15300,53000,"41,800",0,0
TH-104879,03/11/2024,motorcycle,Bangkok,31,25 to 34,22900,36000,"29,200",0,0
TH-104880,30/05/2025,motorcycle,Bangkok,29,25 to 34,12500,42000,"24,000",0,0
TH-104881,27/09/2023,motorcycle,Northeast,44,35 to 44,19800,69000,"45,900",8,0
TH-104882,14/02/2023,motorcycle,Bangkok,39,35 to 44,18600,32000,"27,300",0,0
TH-104883,27/09/2024,personal,Central,51,45 to 54,14800,33000,"18,300",0,0
TH-104884,10/10/2023,motorcycle,Central,40,35 to 44,22200,124000,"100,900",0,0
TH-104885,22/03/2024,auto,South,31,25 to 34,28400,89000,"33,800",71,1
TH-104886,31/10/2023,personal,Central,39,35 to 44,39200,143000,"74,100",23,0
TH-104887,26/06/2023,personal,Bangkok,39,35 to 44,16100,58000,"37,800",0,0
TH-104888,25/11/2024,motorcycle,Northeast,22,Under 25,9000,45000,"24,700",0,0
TH-104889,24/02/2023,auto,North,28,25 to 34,52500,161000,"60,300",0,0
TH-104890,04/06/2023,home_improvement,Bangkok,38,35 to 44,25500,81000,"48,000",111,1
TH-104891,06/06/2025,title_loan,Central,27,25 to 34,,78000,"34,300",162,1
TH-104892,23/06/2023,personal,Bangkok,32,25 to 34,34600,91000,"62,900",0,0
TH-104893,11/11/2023,title_loan,Northeast,54,45 to 54,16200,43000,,0,0
TH-104894,04/05/2023,motorcycle,Bangkok,30,25 to 34,12000,58000,"51,200",119,1
TH-104895,02/06/2024,title_loan,Central,54,45 to 54,24000,52000,,0,0
TH-104896,12/04/2025,auto,Northeast,23,Under 25,44400,62000,"31,200",0,0
TH-104897,18/05/2023,motorcycle,Bangkok,32,25 to 34,18600,22000,"11,800",0,0
TH-104898,09/02/2025,personal,Bangkok,29,25 to 34,,17000,"5,900",0,0
TH-104899,03/09/2024,title_loan,Northeast,26,25 to 34,29600,75000,"52,300",0,0
TH-104900,23/02/2024,home_improvement,Northeast,37,35 to 44,30200,84000,"34,100",0,0
TH-104901,22/08/2024,personal,South,23,Under 25,21800,74000,"24,700",12,0
TH-104902,13/10/2023,home_improvement,Bangkok,30,25 to 34,24900,64000,"23,200",0,0
TH-104903,23/07/2023,auto,North,32,25 to 34,19900,38000,"18,200",0,0
TH-104904,24/01/2023,personal,Northeast,35,35 to 44,19400,47000,"25,800",0,0
TH-104905,19/01/2025,personal,Northeast,34,25 to 34,,51000,"24,000",72,1
TH-104906,10/10/2023,home_improvement,Bangkok,38,35 to 44,34800,164000,"100,200",0,0
TH-104907,06/03/2025,auto,North,41,35 to 44,34200,129000,"113,000",0,0
TH-104908,01/02/2024,motorcycle,North,38,35 to 44,14700,43000,"24,700",0,0
TH-104909,04/12/2023,motorcycle,Central,30,25 to 34,16800,68000,"28,000",0,0
TH-104910,22/01/2024,auto,Central,24,Under 25,9200,26000,"18,000",0,0
TH-104911,12/10/2023,personal,Northeast,40,35 to 44,28200,75000,"15,200",0,0
TH-104912,22/10/2024,auto,South,24,Under 25,,107000,"67,700",86,1
TH-104913,12/07/2024,motorcycle,North,23,Under 25,15600,38000,"28,500",0,0
TH-104914,05/12/2024,motorcycle,South,47,45 to 54,37200,69000,"49,900",0,0
TH-104915,15/04/2025,auto,Central,42,35 to 44,35300,115000,"47,200",0,0
TH-104916,28/05/2023,motorcycle,Bangkok,37,35 to 44,15900,33000,"13,700",0,0
TH-104917,22/05/2023,personal,Bangkok,39,35 to 44,29600,52000,"8,400",8,0
TH-104918,21/06/2024,personal,Northeast,48,45 to 54,34900,85000,"31,900",0,0
TH-104919,03/07/2023,motorcycle,Bangkok,39,35 to 44,29900,97000,"57,900",6,0
TH-104920,16/09/2024,personal,Northeast,26,25 to 34,20400,72000,"42,500",38,1
TH-104921,11/02/2025,personal,Bangkok,22,Under 25,16200,57000,"34,800",0,0
TH-104922,06/12/2024,personal,North,22,Under 25,12500,49000,"45,600",0,0
TH-104923,01/04/2023,home_improvement,Northeast,34,25 to 34,10600,38000,"31,900",0,0
TH-104924,30/11/2023,personal,North,28,25 to 34,11900,21000,"10,500",0,0
TH-104925,07/07/2024,title_loan,Central,41,35 to 44,14900,36000,"13,200",0,0
TH-104926,26/01/2025,home_improvement,Central,34,25 to 34,9000,22000,"17,700",0,0
TH-104927,15/06/2024,home_improvement,North,36,35 to 44,16600,35000,"23,000",0,0
TH-104928,01/02/2024,auto,Northeast,28,25 to 34,73000,144000,"115,300",15,0
TH-104929,17/03/2024,personal,Bangkok,23,Under 25,12200,42000,"34,400",0,0
TH-104930,15/11/2023,motorcycle,Bangkok,52,45 to 54,12300,87000,"38,600",0,0
TH-104931,19/01/2023,motorcycle,Bangkok,37,35 to 44,,58000,"45,700",0,0
TH-104932,18/05/2023,motorcycle,Central,25,25 to 34,26000,59000,"29,200",13,0
TH-104933,24/02/2025,motorcycle,Central,44,35 to 44,22400,43000,"19,900",0,0
TH-104934,24/02/2024,motorcycle,South,35,35 to 44,27400,87000,"26,200",151,1
TH-104935,28/02/2025,personal,Central,35,35 to 44,9000,34000,"13,900",0,0
TH-104936,03/01/2024,motorcycle,North,34,25 to 34,13800,29000,"19,900",0,0
TH-104937,16/07/2024,auto,North,41,35 to 44,20400,33000,"26,900",0,0
TH-104938,27/01/2023,auto,Bangkok,48,45 to 54,17800,43000,"35,800",0,0
TH-104939,21/04/2023,home_improvement,Bangkok,25,25 to 34,12000,46000,"24,100",0,0
TH-104940,12/05/2023,motorcycle,Central,34,25 to 34,37500,46000,"12,400",0,0
TH-104941,10/09/2024,personal,Bangkok,40,35 to 44,16300,30000,"17,800",0,0
TH-104942,30/07/2024,personal,Northeast,28,25 to 34,26300,55000,"41,200",15,0
TH-104943,12/11/2024,motorcycle,Bangkok,36,35 to 44,17600,28000,"12,700",0,0
TH-104944,19/04/2024,auto,Bangkok,44,35 to 44,38000,91000,"47,800",20,0
TH-104945,09/06/2023,title_loan,Bangkok,31,25 to 34,19300,59000,"37,000",0,0
TH-104946,07/05/2023,title_loan,Central,29,25 to 34,52500,248000,"173,600",17,0
TH-104947,08/08/2024,auto,Bangkok,28,25 to 34,19200,56000,"32,400",0,0
TH-104948,02/04/2023,motorcycle,Bangkok,21,Under 25,,45000,"39,700",0,0
TH-104949,25/01/2024,motorcycle,Bangkok,45,45 to 54,24100,92000,"34,900",0,0
TH-104950,29/09/2024,personal,North,32,25 to 34,17000,58000,"37,900",125,1
TH-104951,11/03/2023,motorcycle,Northeast,43,35 to 44,13600,28000,"13,900",0,0
TH-104952,20/12/2023,auto,Northeast,52,45 to 54,9400,24000,"11,900",0,0
TH-104953,29/02/2024,motorcycle,Bangkok,21,Under 25,14600,62000,"34,500",0,0
TH-104954,07/10/2024,title_loan,Northeast,33,25 to 34,22300,55000,"18,900",0,0
TH-104955,25/01/2024,personal,Northeast,42,35 to 44,10200,17000,"14,000",0,0
TH-104956,25/01/2025,motorcycle,Bangkok,30,25 to 34,56000,125000,"65,800",0,0
TH-104957,25/02/2024,auto,North,28,25 to 34,21700,74000,"42,200",0,0
TH-104958,11/07/2024,personal,Northeast,26,25 to 34,18700,58000,"30,100",0,0
TH-104959,30/05/2025,personal,Central,51,45 to 54,28200,59000,"50,500",0,0
TH-104960,10/08/2023,auto,Northeast,41,35 to 44,,69000,"24,800",0,0
TH-104961,30/05/2024,auto,South,37,35 to 44,25700,67000,"22,600",0,0
TH-104962,30/07/2023,title_loan,Bangkok,31,25 to 34,9000,39000,"16,900",0,0
TH-104963,17/04/2023,personal,Bangkok,27,25 to 34,26500,42000,"27,500",0,0
TH-104964,15/07/2024,personal,Northeast,44,35 to 44,19200,118000,"46,400",0,0
TH-104965,07/03/2025,personal,Bangkok,22,Under 25,9000,15000,"9,400",2,0
TH-104966,11/01/2023,auto,Northeast,25,25 to 34,9000,19000,"7,200",158,1
TH-104967,13/05/2025,personal,Central,28,25 to 34,14500,25000,"11,100",0,0
TH-104968,14/07/2023,motorcycle,Northeast,44,35 to 44,15800,39000,"14,500",0,0
TH-104969,03/10/2024,motorcycle,Bangkok,40,35 to 44,16700,47000,"26,300",144,1
TH-104970,18/03/2023,personal,Central,22,Under 25,24600,49000,"47,800",0,0
TH-104971,15/08/2023,motorcycle,Bangkok,28,25 to 34,37200,45000,"27,400",0,0
TH-104972,13/03/2024,motorcycle,Central,57,55 and over,26000,65000,"25,800",0,0
TH-104973,11/12/2024,motorcycle,Bangkok,25,25 to 34,16500,52000,"49,100",46,1
TH-104974,13/06/2025,auto,Central,64,55 and over,12000,24000,"10,800",0,0
TH-104975,14/08/2023,home_improvement,North,29,25 to 34,45600,80000,"68,600",0,0
TH-104976,14/07/2023,motorcycle,Bangkok,38,35 to 44,48500,162000,"121,000",0,0
TH-104977,20/02/2023,title_loan,Northeast,32,25 to 34,19300,48000,"28,500",0,0
TH-104978,26/06/2024,auto,Central,29,25 to 34,23800,35000,"17,500",0,0
TH-104979,18/04/2025,title_loan,North,36,35 to 44,10700,19000,"10,400",0,0
TH-104980,09/08/2024,motorcycle,North,35,35 to 44,29700,84000,"42,500",0,0
TH-104981,17/12/2024,home_improvement,Northeast,41,35 to 44,29800,55000,"31,000",2,0
TH-104982,21/03/2025,personal,Northeast,39,35 to 44,9700,22000,"15,400",10,0
TH-104983,01/01/2024,personal,South,26,25 to 34,17300,45000,"33,500",0,0
TH-104984,06/10/2024,personal,Central,29,25 to 34,10200,17000,"10,200",124,1
TH-104985,21/12/2023,home_improvement,South,23,Under 25,35700,67000,"48,100",59,1
TH-104986,12/01/2023,title_loan,South,38,35 to 44,33700,96000,"67,900",0,0
TH-104987,05/10/2023,motorcycle,Bangkok,40,35 to 44,20700,59000,"46,700",0,0
TH-104988,20/05/2023,motorcycle,North,28,25 to 34,14700,54000,"27,100",0,0
TH-104989,19/07/2024,personal,Northeast,27,25 to 34,40500,97000,"50,200",0,0
TH-104990,11/05/2023,home_improvement,Bangkok,38,35 to 44,16200,26000,"10,700",0,0
TH-104991,29/05/2025,motorcycle,Northeast,34,25 to 34,18500,92000,"76,800",0,0
TH-104992,25/10/2023,motorcycle,South,25,25 to 34,17500,39000,"20,800",0,0
TH-104993,08/08/2023,motorcycle,Northeast,38,35 to 44,16100,32000,"20,100",0,0
TH-104994,10/04/2025,motorcycle,Bangkok,33,25 to 34,12000,15000,"12,000",0,0
TH-104995,05/03/2023,personal,North,33,25 to 34,21900,105000,"78,900",0,0
TH-104996,28/01/2023,home_improvement,Northeast,49,45 to 54,16300,37000,"14,300",0,0
TH-104997,05/07/2024,motorcycle,North,23,Under 25,50000,138000,"60,000",0,0
TH-104998,04/08/2023,motorcycle,Bangkok,42,35 to 44,16300,29000,"20,400",0,0
TH-104999,13/03/2025,motorcycle,Northeast,45,45 to 54,27200,80000,"46,900",0,0
TH-105000,19/04/2023,auto,Bangkok,43,35 to 44,26000,78000,"41,700",0,0
